Unnamed: 0,id,text,score,predicted_label,true_label
4537,JS1778157,"Yep ... it's about 𝒔𝒐𝒎𝒆𝒐𝒏𝒆'𝒔 mental health.  Many people are saying so, believe me.",0.0003971706901211,0,0
5363,JS864089,I second Jeremy Sand post...Boo hoo your in need of mental health help badly!,0.7340242862701416,1,1
5188,JS649,"This is what a serious mental illness looks like, these paramilitaries/militias/”sovereign citizens”, a sociopathic paranoic delusional criminal hysteria, contagious to a degree, armed and very dangerous.",0.9830880761146544,1,1
4672,JS658740,"Hey I'm not the one trying to silence the press, take lunches from hungry kids, force Christianity into the public schools, eliminate government ethics, shove Pebble down Bristol Bay's throats so a bunch South Africans and Texans can get richer, hand over yet more oil to EXXON with no return to the state, eliminate the EPA, kill baby wolves and bears in their dens, charge America $11 million a month for travel and golfing, strip civil rights from legal immigrants to our Nation, make peaceful protest illegal, vilify the disabled, force seniors into poverty, destroy social security and arm the mentally ill. But we discuss it over coffee.",0.9171333909034728,1,0
5438,JS791487,Just how retarded are you? You don't think our intelligence knows about this?,0.9896991848945618,1,1
5341,JS682808,He is delusional and needs mental health help.,0.268400639295578,0,1
5144,JS23187,"She'd be receiving a disability check for acute mental disorders,if she wasn't a politician",0.0533610321581363,0,1
5368,JS1021563,"Sure. It was a white guy, so deffo. mental illness.",0.8167612552642822,1,1
4820,JS918840,"Canadian health agencies are already screening beluga meat for presence of the cat-vectored pathogen Toxoplasma gondii before releasing it for consumption.  It causes egregious birth-defects including stillbirth, blindness, hydrocephaly, microcephaly and mental debilitation.  But will they make white folks keep their cats inside, or incinerate their cats' feces to destroy these pathogens?  Not a chance.  The old world is dead, but it would be too ""inconvenient"" for white folks to stop killing it.",0.9538299441337584,1,0
5435,JS612647,she's a retard,0.9549406170845032,1,1
5366,JS1561039,Because he is mentally incapacitated.,0.1767176836729049,0,1
4623,JS130870,Clearly those frightened by lawful exercise of a right for no logical same reason are mentally ill and need to seek help,0.5808658003807068,1,0
4530,JS1496590,"I foresee no problems with a government-run healthcare system, in light of this article. 

Grandma's got a busted hip? She's still required to do her exercise. Little Johnny on the autism scale? Still needs to run his 10 miles this week...",0.0051552071236073,0,0
5345,JS1304258,"It's not a lifestyle, it's a mental illness.",0.0520721636712551,0,1
4692,JS1402726,"Since 45% of the homeless in Eugene either have a mental illness or have chronic alcohol/substance abuse issues, how can you be sure that the 5% increase isn't just more methamphetamine or heroin usage or more people going crazy?
5% of 1,529 is only 76 people. Maybe half of them just got into drugs and the other half just lost contact with reality.",0.2006893903017044,0,0
5354,JS143726,It's becoming readily obvious that Donald Trump is mentally ill.  That's a sad situation.  It's not like Trump just came down with this affliction.  It was abundantly apparent during the primary.  So how is it that so many republican voters came to select this guy as their voice when they had so many other alternatives?  What does that say about them?  They need to do some honest reflection on that.,0.4761035144329071,1,1
5549,JS711145,my god you nut jobs are clearly in need of serious mental help,0.9454227089881896,1,1
4587,JS1001796,"Actually, it is significantly more complex than what you post.  Medical experts are not in agreement over the issue of gender dysphoria and it has been considered a severe mental health condition.  It is not an ""identity"" issue and is only considered a valid medical condition in those very rare cases of ""XXY"" chromosomes.  The military has incredibly strict medical requirements for recruits, especially officers, or others who must meet Personnel Reliability Program (PRP) requirements.
Do you really want people with a severe mental health problem working with the most powerful weapons on the planet?",0.03146593272686,0,0
4779,JS1169438,"There are points in your comment that are wrong.  Charlie Gard is terminal even with the US intervention. There is no 'saving' Charlie.  Insurance companies make these decisions all the time and it's very much financially oriented.  The question that is asked and answered boils down to this one:  Is it cheaper for to pay for a funeral or continued treatment?  If you don't think this is the case, talk to someone who actually works in health insurance. As to your comment concerning the young,  this is precisely why insurance companies do not want to deal with certain pre existing conditions or the mentally ill.  There is no funeral in sight and decades of costs.",0.0063898861408233,0,0
5300,JS884714,Mr. Trump is obviously - really obviously - profoundly mentally ill.  This entire administration is a disgrace.,0.7280585765838623,1,1
4902,JS149551,"Excellent and well needed commentary by Kennedy.

 There is no need to disparage 20% of the US's population who experience mental health crisis. 

Crazy or insane is never uttered with compassion.",0.0678977668285369,0,0
4891,JS70062,"This shameless editor did not miss this point. This shameless editor never addresses the issues, and forever deflects from the facts through pathological lies pawned off as fact. It is their defining character. they have a mental illness called liberalism.",0.96120947599411,1,0
4841,JS712769,Remember the experts who told us vaccines work and do not cause autism?  Remember the experts who told us smoking is unhealthy?  Remember the experts who figured out how to split the atom?,0.0102299051359295,0,0
5229,JS886807,Liberalism is progressing from a mental disorder to anarchy.,0.2555340230464935,0,1
5176,JS1645629,Donald Trump is mentally ill.,0.4325877428054809,0,1
5292,JS995695,Mary Kay was and is mentally ill.  She is in no way admirable for what she did.  It is all so predictable.  This man cheated on her many times I am told and she is a ridiculous figure. Both of them are.,0.8241373300552368,1,1
4733,JS1664825,This isn't the first time Shaw and  Tomljenovic have been involved in questionable vaccine research. These two are convinced there is a link between vaccines and Autism and they aren't afraid of falsifying data to prove it.,0.1110975742340087,0,0
5473,JS1395227,DONALD TRUMP = MENTALLY ILL.,0.7962139844894409,1,1
5286,JS1674243,"Trump is a sociopath.  His sycophants make up every excuse imaginable to wave away his mental illness, but it's on display for the entire world to see.

Worst President Ever.  He needs to be removed from office as soon as possible.",0.835744321346283,1,1
4801,JS1583646,"Jim Jones was not mentally ill?   Wow, you surely must not have been around 40 years ago, when all of this was happening, to make such a bogus statement.   Many mental health professionals have studied the life of Jim Jones, and found that he suffered from severe personality disorders.    They discovered all kinds of disturbing things about his childhood:  How he stabbed a cat to death, obsessed about death and killing ( despite no one in his family having died ), how he studied the lives of Hitler and Stalin, expressing admiration for them, and how he shunned other children, and instead spent so much time in church, obsessing about his special relationship with God.  And this was all when he was just a young boy.

To claim that Jim Jones was not a sociopath is absolutely ridiculous.  He was a sociopath of the worst kind.

.",0.0764836743474006,0,0
4695,JS447576,"So, manic, depressive, manic, depressive,.. over and over. Bipolar disorder responds well to medication that doesn't turn you into a zombie, but the trick is that when manic they feel like superman, and some bipolars don't want to give that up. two weeks of Depakote and Risperdal brings them back to Earth, but do they want to stay there? That's where ""choice"" comes in. It's got to be tougher than kicking tobacco.",0.0055104834027588,0,0
5175,JS1309525,"The ACLU defends things that are indefensible and safety risks, like fighting public camping bans. They talk from a idealistic piety that has no roots in reality, that's partly why they get blamed. Those of us living with the results of ACLU's selective high-mindedness get frustrated with stupid, impractical non-sense advocated by the ACLU. As far as innocent until proven guilty, there are degrees of potential guilt and commenting on someone's obvious guilt isn't some violation of sacred ideals. The guy CONFESSED for God's sake and had blood all over his shirt. I don't know if he was out of his mind, I suspect so, but Denver essentially enables homelessness without addressing things like addiction. Addiction that is often the root cause for mental illnesses often displayed by the homeless. See, killing people on the installment plan sometimes has collateral damage, like this poor guy, stabbed to death by a homeless animal.",0.7570092082023621,1,1
5168,JS909452,"Kc, your comment is an insult to mental midgets.",0.8835115432739258,1,1
4972,JS542001,Just out of curiosity ... does 'MP' stand for mental patient?,0.0433628894388675,0,0
5177,JS791487,Just how retarded are you? You don't think our intelligence knows about this?,0.989549160003662,1,1
4832,JS1140978,"McCayla is 9, has ""autism"" but functions at level of 5 or 6 years old? This is mental retardation, not autism. An autistic child can be highly intelligent and, though social skills are impaired, may actually function several years OLDER than their bio age.",0.7758175730705261,1,0
4770,JS302126,"""If there is one mental vice, indeed, which sets off the American people from all other folks who walk the earth ... it is that of assuming that every human act must be either right or wrong, and that ninety-nine percent of them are wrong.""  H.L. Mencken",0.1138259321451187,0,0
5428,JS993595,He obviously is mentally ill.,0.7112963199615479,1,1
5429,JS737058,"This guy has some mental problem, better do a mental evaluation before let him go.",0.4741428792476654,1,1
4520,JS1598552,"We can't rewind to Sunday afternoon, but we sure as heck can begin the process of preventing another horror by common sense restrictions on weapons.  Gun shows, online purchases and private sales of guns do not require background checks. A person's name can be on a no-fly list but still pass a gun background check.  Restrictions have been reduced on mentally ill people acquiring weapons.  Semi-automatic weapons can be modified to fully automatic operation.  This week, a bill legalizing silencers is scheduled to be addressed by the House.  If politicians weren't in the pocket of the NRA, we all wouldn't be held hostage by the gun lobby.  A huge majority of Americans want to at least effect common-sense measures...yet McConnell says nope.  The White House says ""now is not the time.""  When is the time...after the next tragedy with more lives lost? 
NOW is the time!",0.0116007626056671,0,0
4646,JS147257,"So sad, mental health problems.",0.0015921625308692,0,0
4652,JS1783908,"The president was right when he proclaimed it was a mental health issue.
His, and all those poor souls whom wave the banner of utter supidity.",0.7440816760063171,1,0
4882,JS859939,"It is the mark of a civilized society that it takes care of those who are unable to take care of themselves. This includes the 10% of society that is unable to function in a work environment, whether it is because of severe mental disability, mental illness, physical challenges, personality disorders,  ageing, or yes, even the lack of drive or initiative, which is often linked to depression. 
I agree with the guaranteed income. The problem is that it does cost more, despite what the most ardent proponents say, and there is no estimate of the cost to taxpayers were this to be extended Province-wide.  This government funds everything through debt and waste, and we are paying so much interest on the debt that if interest rates ever rise, Wynne will have bankrupted the Province. Contemplation of a guaranteed income at this stage is nothing more than an election bribe. Particularly aimed at those in the GTA who just can't see that her ""balanced budget"" is a criminal fraud.",0.5547944903373718,1,0
4725,JS544734,"Hate is winning, and that's about as un-Christian as it gets.  What do these guys think happens to unloved unwanted children? It's being doomed to a life of suffering and high risk for physical and mental illness, addictions and crime. Availability of abortion lessens this risk.

Trump Pence and cronies should focus on the rights of children already in existence, and on stewardship of the world for their future. So far they’re failing on both counts and their ideology bodes ill for what’s next. Soon we’ll see proposals for bigger jail budget plus harsher punitive measures for young offenders. … Force them to be born into terrible circumstances, deprive them of support, then jail them. 

Is this really how Americans think?",0.7327103614807129,1,0
4540,JS482607,"I definitely agree that too many people get sent home with a pat on the head and told to take care of themselves. We pay medical professionals to take care of us when we are physically or mentally vulnerable. Someone both mentally/physically impaired due to the illness they are seeing their doctor about treating (meningitis) gets turned away only to become much more seriously I'll and infects others exponential (others who may later die). Thats not acceptable medical care. Next time it could be your someone. In my opinion, that's why these cases deserve to be heard in court.",0.0012149468529969,0,0
5299,JS666519,It's easily explained.  Trump is profoundly mentally ill.,0.5729401707649231,1,1
4790,JS378455,"edc: The Salem Hospital is 82 patients short of full capacity.  Check the recent RG article regarding the question of the closure and you will see that.  The Salem facility is built for 620 patients.  It currently has 538 and is funded for 594.  This means if the JCHospital is closed all the patients have a bed in Salem.  It does require that the funding for 26 ""extra"" patients (above the current Salem ""funding capacity"" would have to be transferred from the JC budget.  Your assessment shows an unfortunate lack of understanding of community-based facilities and services.  If you wish to take a few ""cheap shots"" at Cahoots, I suggest you visit with the EPD and ask them how they feel about the community crisis intervention services provided by Cahoots.  Mental health services need to be provided at all levels of need, not just locked-ward institutions.  I'd be more than happy to visit with you regarding these issues.  Give me a call and let's have that discussion...regards, Gary",0.0004557525680866,0,0
4908,JS172089,"Toxoplasma gondii becomes a permanent lifetime parasite in your mind, making you blind, or even killing you when your immune system becomes compromised by disease or chemo and immunosuppressive therapies. It can last over 18 months in any soils or waters and not even washing your hands or garden vegetables in bleach nor hydrochloric-acid will destroy the oocysts. During dry-spells of weather (or inside low-humidity homes) when the oocysts become dessicated you can even contract T. gondii by just inhaling the air wherever any cats have defecated and the oocysts have become airborne/aerosolized. Contrary to your self-deceptive myths, a cat can become reinfected many times during its life and spread millions of oocysts each time. It’s now also linked to the cause of autism, epilepsy, schizophrenia, IED, memory-loss, and brain cancers; as well as increasing the suicide rate in women almost 2-fold even though they’ve never suffered from any mental or emotional health issues previously.",0.6077480912208557,1,0
5496,JS95521,Self medication of mental illness is tragically discriminated and extremely common by ALL classes. Labeling people as high or drunk without proof is tragically stupid. Yes some may smell of alcohol/marijuana/meth but not all homeless people are addicts. The very worst and deadly of addictions is odorless and advertised by doctors. Many homeless have severe mental health issues with life long abusive behavioral problems or recent tragedies in life. This is a great idea and I hope it's open to all library members!!,0.2319710552692413,0,1
4710,JS1679310,"Another suicide. When is the City going to put fences on the dang bridges! The City Council should be sued for not putting fences on the bridges!  How many more people are we gonna loose before we put up fences on the bridges! City Council should be ashamed for bit putting up. Fences on the bridges!  If we had fences maybe someone would have pulled him down from the fence and saved his person's life.  Ya I know this sounds ludicrous because he didn't use the bridges to jump to his death. Point being the bridges are the tool used to commit suicide, we need to fix the issues that lead a person to choose a tool to commit suicide.  Mental Healthcare needs to be more readily available! These people need help,  not fences!",0.1503258049488067,0,0
4854,JS1601398,Why does anyone want guns in the hands the mentally ill?,0.0760063529014587,0,0
4847,JS446927,"What Mr Quilter is saying, in a nutshell, is that liberalism is a mental disorder.",0.601604163646698,1,0
5491,JS1466631,"I am all for inviting ISIS to make a house call to abusers, rapists and pedophiles.

Yes, Tumpkin sounds like a bad dude.

She sounds certifiably crazy too.

Not victim shaming.

She sounds like in need of mental health care, like something is not right.",0.5868520140647888,1,1
5116,JS1246649,"No one cares? Having family who live in the twin cities, I can assure you, everyone in the state is affected by this killing. The police in the twin cities area have some well trained, yet unqualified personal who are too frightened to do their job. You would have to be a fool to not see this coming. The police are out of control and we all deserve it. We demand more, and leave them dealing aggressively with the mentally ill and poverty. Those are the people who no one cares about.",0.8677793741226196,1,1
5373,JS1616693,Always:  As you know  the powers to be in this state and country have turned their backs on the Mentally Ill FOREVER.  I agree with you that there are  many MENTALLY ILL that have outsmarted the system and belong in PRISON.  What's that tell you about the SYSTEM and its so called ADMINISTRATORS............Homer Simpson could teach them a thing or two........................,0.7855516672134399,1,1
5357,JS381149,"Like every thumper, he's a smug, self-absorbed jerk.  Go crawl under a rock, Grisham.  Another example of the close link between extreme religiosity and mental illness.",0.9275376796722412,1,1
5348,JS143726,It's becoming readily obvious that Donald Trump is mentally ill.  That's a sad situation.  It's not like Trump just came down with this affliction.  It was abundantly apparent during the primary.  So how is it that so many republican voters came to select this guy as their voice when they had so many other alternatives?  What does that say about them?  They need to do some honest reflection on that.,0.4761035144329071,1,1
4851,JS535375,"In most cases, we are not talking about three months.  More like 12-18.

I cringe everytime I see these campaigns about mental health awareness in the media as a GP.  The system is so broken.  There is no counseling or psychiatric care for the sick people we already have, just blind guessing with pills.",0.0048840986564755,0,0
5355,JS1783186,"How ironic is it that a lying, coldhearted, narcissistic sociopath, Donald Trump, is telling America that this church tragedy is a 'mental health' issue, not a 'gun issue?' 

A sociopathic idiot is trying to 'reassure us.'",0.9006348252296448,1,1
5301,JS551027,Liberalism is a serious mental illness.,0.8358539938926697,1,1
4691,JS388182,"So they engineer mice to lack a specific amount of a protein and then assume the behavior of these mice is akin to autism, seriously! The human brain is not complex, the human brain is no more complex than the Linksys router I use at home, all the brain does is relay information. Have these researchers did post mortems on an equal number of people who were not autistic or better still checked the levels in a similar number of living people who are not autistic. Bet they would find a similar sample with the same lower level of this nSR100 protein.",0.9354886412620544,1,0
4824,JS1493536,"Because you accused her of avoiding a public school by attending a school for kids with disabilities. 

""flanked by school officials at a private autism center in Denver....DeVos spoke Wednesday after touring the Firefly Autism center...The Denver-based autism center was chosen because of its role in the landmark Supreme Court case that involved a south suburban Denver family,"" states the story. 

So autism is not a special-needs category? Maybe we should start this exchange of information and opinion over.",0.0104526011273264,0,0
5162,JS786935,Sad to say most republicans are mentally ill.  The Donald is just a bit more.  lol,0.9257014989852904,1,1
5387,JS1581654,You really are a sick sob.  I'm guessing you're inbred.  But I agree that your sister isn't very good.I'm betting you're too mentally insufficient to get what I'm saying.,0.994380533695221,1,1
5539,JS1305334,"I stopped reading the Globe regularly after the ""unfounded series""....pure feminist one-sided propagandist garbage. Though I'd check in today to see if anything's changed....nope, not even a little bit.
We get articles like today because they are written from within an echo chamber.
What' annoying is someone who's so obviously biased....trying to convince me that she's not. 
It's kinda like being crazy or mentally ill....You don't actually realize that you are.",0.5915299654006958,1,1
4817,JS901259,"no its not, no disconnection they just do not like trump that's what this is all about these T.V. show host  have a lot of problems because of there mental disorders.",0.0540499240159988,0,0
5304,JS456942,"Mentally ill as a shrub war surviving vet. Delusional, violent and threatening in front of the FBI. Allowed to keep and fly with his semi auto second amendment medication. Certainly also allowed to vote for the greatest delusion of all and help keep that Hillary monster away from us.",0.9851791262626648,1,1
4938,JS1635434,"If she was disabled i.e. mentally handicapped, okay that tends to be handled differently as it should be.  But nothing indicates this.",0.1735416501760482,0,0
4599,JS1775942,"Did I say anything even resembling what you referenced?  Do you enjoy making things up? 

What I believe is that, at the LEAST, the ban on firearm purchases by those with serious mental health issues should be reinstated.  Also, ALL firearm sales, including those at gun shows, should be subject to registration and background checks.  And, in light of what happened in las vegas, bump stocks and all similar devices should be banned.",0.0101735759526491,0,0
4886,JS130870,Clearly those frightened by lawful exercise of a right for no logical same reason are mentally ill and need to seek help,0.5797127485275269,1,0
4517,JS511816,"And what about the issue of light pollution that is getting more rampant by the day?  People suffer
from more and more mental illness which is no surprise when cities are overl-it and there's little
darkness for melatonin production.  Residential houses seem all to be built with tens and tens of
lights under the rafters to lit up the facades spilling light all over neighbourhoods.  
Someone is clearly making money out of this.",0.0312165450304746,0,0
5189,JS750074,He is a scary maniac with a psychopath attitude.,0.1984001994132995,0,1
5170,JS1621333,But the players are God's Chosen Ones in their own Spoiled Rotten Minds. I'm not sure what mental illness classification this comes under.,0.5832700133323669,1,1
5074,JS35842,"Especially we need help for those mentally ill who think they need  a gun all the time. Just in case they run into a labrador retriever, for example.",0.2880744338035583,0,1
5493,JS638610,"Poor you John, that would defame our President as mentally ill.  You are a sad individual.",0.8369008898735046,1,1
5194,JS138157,"Trump is a sociopath, do we really want someone with mental health issues running the country, I dont and I am a republican!!!",0.5248326659202576,1,1
4836,JS1244426,"It matters because homeless vets are symptomatic of a broken VA,it matters because there are programd that specifically target vets that are proven to work, but finding and outreaching to vets remains a challenge, it matters because far from being someone who ""doesn't take steps to stop being a public burden"" many homeless vets suffer from PTSD and related disorders which inhibit their ability to care. For themselves and directly contribute to their homelessness, substance abuse, and mental illness.  Yes for vets the help is here, but many disabled vets have a hard time accessing help, and many more are outside of the VA system.",0.0076076155528426,0,0
5047,JS1177182,"Some day atheists will provide evidence that their 'no-god' doesn't exist. Until then, it just seems like another ""mentally ill"" club with ""insane premises"" to me.",0.98105788230896,1,1
5225,JS497792,Donald Trump is seriously mentally ill?  I did not realize he was posting all/day everyday on ADN.,0.5070198178291321,1,1
4835,JS823420,"This article saddens me.

The ""Addiction"" section addresses ""teenagers"" and those in ""school"". The ""The developing brain"" section also deals with ""teenagers"", and fully admits, ""The adult brain appears capable of recovering from chronic pot use in a few weeks."" The proposed legislation deals with limiting access to underaged people.

The ""Mental Illness"" section says, ""The drug’s relationship to depression and anxiety is still up in the air; the science has not established a causal relationship between the two."" IOW, even the ""causal relationship"" is nebulous.

The ""Driving while high"" section's 'concerns' are also addressed in the proposed legislation using heightened enforcement.

The ""Your lungs on pot"" section utterly ignores that close to half of usage is vaporizing (where there is no combustion), not smoking. And about half of the remaining usage is edibles.

Sorry, but this article deals with ""substance abuse"", not merely 'use'.

No wonder there's so much confusion.",7.214507786557078e-05,0,0
5148,JS1681309,You are the one projecting. Totalitarianism is inherent to both liberalism and fascism. Essential for both to succeed. Yes. He is a LIBERAL. Complete with the mental illness.,0.7285410165786743,1,1
4644,JS635293,"Fear comes from opinion pieces such as this and not factual news. Death squads? I see you have partaken in the new cannibis legalization. Does anyone stop and think that eventually, that when the government is offering free medical or free anything, that there will be a point that they will be the ones who determines who lives or who dies or who lives where or gets what. It'll get to the point where they will euthanize people, like an animal, based on the type of illness or physical/mental retardation and their ability to be productive members of society. Sometimes science fiction becomes science fact. As to rounding up Hispanics and the anti-muslim ban, it's about detaining people who are here illegally and countries that have state supported terrorism. It wasn't 8, white, buddhist males that flew planes into the twin towers nor detonated two IEDs at the Boston Marathon.",0.994286835193634,1,0
4917,JS1212030,Not sure if mental illness is in play here. He made his decision on what direction he wanted to go. It doesn't take mental illness to go to the dark side. Look at how many people joined or altered their beliefs in ISIS. All or none do not have mental illness. They chose who to honor.,0.655066728591919,1,0
5460,JS462591,"Wow, 208 comments on this article, yet, i only had to read the first or top 3 of them to see that alot of people out there seem to think the NRA is at fault, no............it goes back to the old cliche, guns dont kill people, stupid people with guns kill people, and sure, this person may have had mental health issues, not taking away from that at all, but for people to sit there and say the NRA had anything to do with this, really?      thats just ludicrous, if there is a finger to be pointed here, it should be pointed at the FBI locally and the APD, i mean really?   so wait, if i come to you and say im hearing voices in my head telling me to watch (im not gonna further there agenda, but im sure most of you know what i talkin about) and they say, oh, its ok, well hold you for a couple of days, and by the way, heres your gun back, really? is it that easy?",0.2431704401969909,0,1
4978,JS739410,"Political correctness dictates you do not insult people for their ""psychotic disorder""
You do not insult the sick
Do you mock people with mental illness?
shame",0.1294029653072357,0,0
5545,JS616364,"I only wish Donald understood what a great opportunity he squandered by being mentally ill..This is like Monty python stuff it's almost to funny to laugh at, but I can't help it for the tears...",0.5187766551971436,1,1
4833,JS1496590,"I foresee no problems with a government-run healthcare system, in light of this article. 

Grandma's got a busted hip? She's still required to do her exercise. Little Johnny on the autism scale? Still needs to run his 10 miles this week...",0.0051552071236073,0,0
5307,JS1027550,Islamic terrorism is a mental health issue. . plain and simple,0.9645846486091614,1,1
5056,JS1456404,"The malignant narcissist and mentally deranged sociopath managed to get himself out of military service by whining about a ""bone spur"", so why should he change his cowardly ways now.",0.8260484337806702,1,1
5255,JS1399499,"Thankfully, more and more people are openly questioning Trump's sanity and fitness for office.

He is obviously - very obviously - profoundly impaired and mentally ill.",0.3811281025409698,0,1
4828,JS1535775,"""the mentally deranged U.S. dotard.""
This is also misquoted, but you'll see every outlet run with it and not one of them read the statement.",0.3883282542228699,0,0
4553,JS1266759,"If he is mentally ill, he should be in a mental health facility, not a prison.",0.1426077783107757,0,0
4624,JS391854,"In all sincerity, and if you haven't already, then perhaps you should engage with these communities or read up on the research related to helping them (the upsides of strategies that include harm reduction are well documented in many places and offer more insight than the kneejerk quips from others here who like to armchair quarterback this topic). Also, it's not JUST about getting them off drugs. It's also about reducing costs associated with this population: even simple care and monitoring can reduce both policing and health care costs.

I have volunteered in the DTES and it opened my eyes to many things. One essential thing that very few seem to grasp is that a huge proportion of people in that community have significant mental health issues that existed long before they had drug habits. Pretending this is just a story about ""woe-is-me"" hard-luck types or party people who choose to be addicts is just very lazy thinking.",0.0119373351335525,0,0
5320,JS31773,"If a dog is in its own yard and you shoot it, you need to be charged.  Since when can you just start firing off guns?  Mellerstig has mental problems.  He needs some jail and then some therapy.",0.346739649772644,0,1
4521,JS714271,"if this is awareness month then a big discussion about the gaping lack of help for the mentally ill or those with other hidden disabilities needs work, desperately. it's much easier dealing with a physical handicap.. help with a prosthesis, wheelchair, cane, etc.  but that one person who is kind of a pain to be around, that is different or weird  - that alienates people due to whatever..how do you help them? how do you prevent john and jane doe from disrespecting the disabled person with intentional slights, snide remarks.etc?  my sister has a personality disorder and anxiety. being in public -  very agitated, it's very stressful for her - we  try to get her to engage with  people -. i've watched her work up her nerve to try to converse with someone out and about and the reactions she gets are amazing - they would never literally turn their back on , or ignore a blind person who stumbles. 
 the fix must be education...it's won't be easy. not cut and dried and that's the real problem.",0.2332571893930435,0,0
4565,JS1804851,"Every time there are testimonies, like this, I am so profoundly grateful. I used to work in mental health and addictions, & I saw the impact on the level of stigma associated with mental illness when Michael Wilson went public about having lost a family member to mental illness. It was profound. 

We desperately need someone--several someones--of Wilson's profile to ""come out"" about addiction. It's profoundly stigmatized--including by many members of the medical community who have had little to no education, training, or experience with people with substance use problems. 

No-one believes any more that mental illness is a moral failing, or a choice. But addiction? We're still in the dark ages in terms of our understandings--& are we ever judgemental. Comments on MSM articles often employ language that qualifies under the Criminal Code as hate language. 

So the more people who raise their hands and say ""my family too--& it could have been different"", the better we'll all be. Thank-you",0.0011206447379663,0,0
4911,JS1405064,Why do we not want the mentally handicapped and insane folks to procreate ?,0.956599235534668,1,0
4751,JS271731,"Thanks, Officer Briggs for taking on a very difficult and energy draining problem. So many comment that mental health changes are needed. I'm so glad your work has been to make the necessary changes.",0.0002350983704673,0,0
5478,JS1491148,You have a serious mental problem if you find this funny burde.... whatever.,0.9679116010665894,1,1
5031,JS459852,"I suppose that you think that the story about the kidnapping & torture of the mentally handicapped white kid in Chicago was ""fake news"" as well, antoine111?

Or do you believe that it happened, but the criminals who perpetrated this horrific crime were ""Trump supporters""?

What Hillary did is a matter of record. 

Here's some ""fake news"" from Reuters regarding the House Of Saud:

http://www.reuters.com/article/us-saudi-security-idUSKBN0UG03B20160102

The Clinton Foundation STILL accepted their ""donations"".

Trump may or may not ""sell ANYTHING for his own personal gain"".

Time will tell.

Hillary DID ""sell anything"" for her own personal gain.

Over, and over and over...",0.3065479099750519,0,0
5331,JS507533,Liberalism is a mental disorder.,0.6742792129516602,1,1
5025,JS1282739,"Why in the HELL, do the FDA have so much power on the so called war on drugs, I have been on Opana er for over 4 or 5 years, and have NEVER TAKEN against the way it was prescribed, now I go to get my monthly prescription and was told that I was being weaned off because it's being taken off the market, I am in excruciating pain, where my vagina BURNS constantly, with extreme pressure from the debilitating disease interstitial cystitis, I have the most severe form of this disease, I live in tears, without  somehelp, like opana, I have no life, and nor does my family, I have an autistic son and other responsibilities, but these addicts are becoming the heroes, don't punish the law abiding, need the medications patients because of these good for nothing but getting a high bastards, there are truly people suffering in pain and with pain.",0.8877432346343994,1,0
5482,JS1235902,"Wow!
Your progressive psychosis has become extreme!
Please seek immediate medical help.",0.0768424794077873,0,1
4932,JS1787020,"Actually, the parents called the priest in. Priests have to respond to parents' requests. They do not just bust down doors & demand to pray for people. It was the parents who should have taken this kid in to a Psychiatrist. Not for counseling. He was probably exhibiting signs of schizophrenia (which occur usually for the first time around age 18). It was most likely schizophrenia, not the LSD, that caused his strange visions. 
There needs to be better education about mental illness so parents can make good decisions.",0.0020642133895307,0,0
5243,JS1491148,You have a serious mental problem if you find this funny burde.... whatever.,0.9673790335655212,1,1
4958,JS80981,"you've got a lot yet to learn along your budding journalism career and will no doubt be shocked to discover the realities I barely mentioned to which you've countered, it's in fact far more involved / complicated, tragic and insidious. The frustrating part is it's all avoidable but our officials are in a different world about all this, to say the least, we certainly need lots of good people running for office to overcome these constant barriers. Our officials are the problem.
To say that ''most of the chronically homeless have severe mental health or drug addiction issues'' is well known to be a falsehood, they're just easier to notice, most homeless are merely unable to make it financially to get a home and sustain it.
Can you share info on 'permanent housing'? AFAIK there is little to none and Housing First hit the wall in finding homes for their clients a long time ago, they're struggling, if you can provide any locations available that would certainly benefit the many hopefuls.",0.1115280240774154,0,0
4768,JS1562137,"Right, cruelty to animals is a characteristic of some serial killers.  So is being able to fool neighbors and co-workers into believing that they are ""nice guys.""

There's also the possibility that he recently contracted some sort of mental illness.  That could result from a chemical imbalance, bump on the head, or perhaps latent schizophrenia.  Things happen.",0.0087365834042429,0,0
5223,JS1062525,Only Republicans should be authorized to conceal carry. Democrats are all mentally ill.,0.992368757724762,1,1
5314,JS611894,"Buyer is mentally retarded.
Realtor is morally retarded.",0.9704439640045166,1,1
4906,JS170259,"I see that you know it all about all mentally ill people.  You should visit the State Hospital or better yet, go visit the assertive community treatment centers.  Not all people are alike.  With millions of people in the world, I'm sure you have all the answer.  Yes, others can do sarcasm, too.    Thank you also for chastising others, a fine example of what you tell others not to do.  Well done!!",0.1847854256629943,0,0
5197,JS1576383,"Ward 1: Take a step back from the PIPE. Get some fresh air. YOUR statement of, "" They are only used for murdering people"", is 100% INCORRECT. Guns are used for Hunting, target practice, collecting and selling for profit, security.

And, YOU stated, ""There is no legitimate reason for people to own Assault rifles, or even handguns"". I can give you a lot of reasons. CRIMINALS, CRIMINALS, CRIMINALS, CRIMINALS, MENTALLY ILL, MENTALLY ILL, I could keep going but to save space here...............",0.066376082599163,0,1
5024,JS1117387,"Narcotic Medication has many health related side effects and it's documented as so - such as chronic liver failure, brain damage, kidney failure (results in lifelong dialysis), impairment and mental illness (onset from prolonged drug use)/",0.002037318656221,0,0
4625,JS459840,"So the NRA released him from the mental health institution on the grounds that he was good to go? The NRA doesn't want crazies owning guns. The only people seemingly concerned about sharing their mental health records are liberals.. don't ask me why, but they would rather change the Constitution before that happens.",0.5280590057373047,1,0
5138,JS7865,"that's true, and why I qualified this social disease as LIBERAL DEMENTIA.  This isn't about trash talking liberals, it is a fact that these people have a mental illness that is incapable of grasping simple facts.",0.8872387409210205,1,1
4584,JS1279407,"Wow.  An incredible opportunity for two groups of peoples right here, right now!

First group: The aboriginals.  Don't want others to interfere in land rights?  We (non-aboriginal people) hear you.  We feel you.  We will step aside.

Second group: the interfering non-aboriginals.  Step back, step away, let the aboriginal peoples figure out what to do, how to do it.  Not even ""If they can"", either.  No conditions.  Let 'em sink or swim.  Start this ""rights"" thing really rolling.  They have the present right to deliver their own healthcare.  The future right to determine what that healthcare is (so, quick, now--before they change their minds--call back all those mental-illness specialists speeding their way up to those fair-flung northern communities.). Step back from the maligned and beleaguered Murdered and Missing Inquiry.  Step away, federal government!  Aboriginals want to own it--let 'em.

Where does these ""rights"" advances lead?  Inevitably to ""fund it yourselves.""

I like it!",0.1358485221862793,0,0
4994,JS841477,"So you think that the NDP closed mental hospitals and Lieberals open others? That the NDP abandoned the mentally ill? Think again.
The BC Mental Health services tells a much different story. 
http://www.bcmhsus.ca/history
And so does the inclusions bc web site. Please take the time to read the history all the way from the 1950s to the 1990s. Speaking about Glendale and Woodlands, ""In the fall of 1981 the Provincial Cabinet announced that the institutions of Woodlands, Glendale and Tranquille would be phased out within the following ten years."" This is in the 1980 link.
http://www.inclusionbc.org/about-us/history
The Self-Advocate site also gives an interesting picture
http://selfadvocatenet.com/remembering-institutions/
An effort was made to switching from large mental institutions to community based care. The Socreds started it, then NDP made it happen, and then Gordon Campbell destroyed it by repeatedly cutting funding to mental health care services.
More to come.",0.0196762904524803,0,0
4657,JS1024841,"Absolutely agree.  The annulment issue doesn't get to the heart of what ails us.  We focus on marriages that fall apart due to failings of one or both spouses.  I see a lot of that in my mental health career, but many other problems rarely get any air time.  Some Catholic married couples have canonically valid marriages, but after 30, 40, 50 years, relationships have grown resentful, strained and superficial.  They stay married for whatever reason but instead of ""the joy of love"" it is an endurance contest.  Some clergy hold immature ideas of what marriage is like-my husband and I help with the marriage prep weekend and we have to give ""Father"" advice to stop encouraging unrealistic ideas.  We want to label certain behaviors as ""unselfish"" or ""kind,"" but conflict avoidance and running from emotional discomfort is the true motivation.  Real self giving and mutual love involves painful but rewarding self-examination and vulnerability, and a lot of us never want to go there.",0.1309138387441635,0,0
5465,JS162864,correct. Kaaihue seems to have some mental issues. Ed Case didn't. That makes his anti-Hindu bigotry worse,0.5125095248222351,1,1
4900,JS470025,"Horwitz is not an unbiased advocate. He and his organization is associated with the Bloomberg radicals, and Brady. These radicals do nothing to enhance mental health, they are firearm confiscation organizations only. Previous firearm confiscation issues from mentally disturbed persons either temporarily or adjudicated required a court order to release one or many firearms. Has that been altered or changed?",0.1716853678226471,0,0
5527,JS791487,Just how retarded are you? You don't think our intelligence knows about this?,0.989549160003662,1,1
5480,JS1748621,"""The link with mental illness is that the mere possession of these guns makes people mentally ill.""

I'm sure our military and police appreciate your suggestion that they are mentally ill?",0.3857341408729553,0,1
5274,JS989493,"Just another example of the mentally ill population that inhabit downtown , a useless bag of kukae that take out its frustrations on something beautiful to highlight a wasted life.",0.9998551607131958,1,1
4575,JS513346,"My French husband and I brought his French mother here from France.  80 years old  She had to have private insurance - very expensive - plus show that she was financially independent.  After 4 years she was going to possibly be granted Canadian residency.  She would have to pay Canadian taxes.  She had early dementia.  Her application was not considered.  She had to go back to France because private insurance does not cover dementia or mental illness and at 10,000 or more a month it was impossible.  Lets just say moving to Canada is not that simple - especially for an 80 year old.  They are usually at the bottom of the list.",0.0331198833882808,0,0
4528,JS1769479,You mean an illegal executive order that deprived people of the right to buy guns with NO ADJUDICATION OF MENTAL HEALTH.,0.0731595531105995,0,0
5271,JS1008950,The mentally challenged sociopath has a head to match his empty suit. Make America Great Again. Get rid of this national disgrace!,0.8931779861450195,1,1
5433,JS1396993,That Donald Trump is likely mentally ill.,0.0950041785836219,0,1
4568,JS639407,"Support keeping the Junction City Psychiatric Hospital open. Keep this a hospital and place of treatment and recovery for those suffering from mental illness, a brain disorder. Please don't abandon our loved ones to the streets, the jails and the morgue. There have been too many lives lost already this year in Oregon due to the lack of psychiatric beds. Oppose the plan to turn this hospital into a prison. https://www.change.org/p/kate-brown-stop-kate-brown-from-turning-her-back-on-oregon-s-mental-health-crisis/w?source_location=petition_show",0.0012994020944461,0,0
4831,JS1275926,Schizophrenic.,0.0006803484284318,0,0
5254,JS551027,Liberalism is a serious mental illness.,0.8362903594970703,1,1
4631,JS183915,"I think your comment stigmatizes people with mental illness. There are plenty of people living with mental illness who manage their condition, hold jobs, have families, go to school, etc. Please don't generalize.",0.0063626510091125,0,0
5377,JS1534604,"He's not a sociopath, he's a psychopath.",0.0271250326186418,0,1
5516,JS143726,It's becoming readily obvious that Donald Trump is mentally ill.  That's a sad situation.  It's not like Trump just came down with this affliction.  It was abundantly apparent during the primary.  So how is it that so many republican voters came to select this guy as their voice when they had so many other alternatives?  What does that say about them?  They need to do some honest reflection on that.,0.4761035144329071,1,1
4633,JS477860,"Something just seems very fishy with all of this.   I am going out on the conspiracy limb here but if readers have time on there hands and an are in an investigative mood, please do a search on the Internet of MKUltra - a CIA program that began in early 50's and was blown wide open in the 70's.   We have a long time family friend, now in her 80's, who was a victim of this program.  It was astounding.  I am likely so off base here but the creepy vibes I have gotten from reading the detailed accounts of the Santiago scenario are a bit unsettling.  Still, increased attention and action must be given to domestic violence and mental illness and I don't intend to distract from that.",0.0093237655237317,0,0
5513,JS1429766,And you're obviously mentally ill!,0.9220068454742432,1,1
4842,JS96421,"There was a 911 call of a disturbance in that area a part of the story you apparently overlooked 

A person doesn't get to just hang out in public creating a disturbance without being contacted by officers and had he stopped being a problem said officer would have left him be but you also seemed to have missed the part where it took 4 officers to subdue him after he sprayed the officer and indication that there is some severe mental health implications",0.0017058256780728,0,0
5236,JS717786,She's mentally ill.  Period.,0.7452046275138855,1,1
5270,JS1569816,"Hey ""demiwolf"", why do you think the death of my parents is funny? What's wrong with you? Are you sick, mentally disabled, or just a creep? I've never seen you post a single thing. Can you write? Did you laugh when your parents died? You're one sick puppy, ""demiwolf"".",0.9966092109680176,1,1
5434,JS29685,By god it is important we now mandate every employer become your parents taking care of every one of your needs in life including wiping your butt for you. Liberalism is a mental illness.,0.986167013645172,1,1
4926,JS428372,"Have you already forgotten George W. Bush's legacy?

That would be The Great Recession, with the highest levels of unemployment in over 20 years, and thousands of mentally ill veterans living under bridges.

Stephen J. Remington",0.0931000486016273,0,0
5050,JS1305334,"I stopped reading the Globe regularly after the ""unfounded series""....pure feminist one-sided propagandist garbage. Though I'd check in today to see if anything's changed....nope, not even a little bit.
We get articles like today because they are written from within an echo chamber.
What' annoying is someone who's so obviously biased....trying to convince me that she's not. 
It's kinda like being crazy or mentally ill....You don't actually realize that you are.",0.5907154083251953,1,1
4897,JS638806,"Drug dealers? Society can not be a victim - only an individual can be a victim.

Revenge, retribution are these really necessary?  Only violent people need to be real concern, most should be sent to a mental hospital and not a cage in a  prison.",0.6226845979690552,1,0
4547,JS1089912,"The issue is not segregation itself. The issue is that the mentally ill do NOT belong in prison. The wholesale closure of secure facilities for the mentally ill has created this problem and the same gang responsible for that error are not capable of resolving the problem and the mentally ill will continue, by default,  to end up in correctional institutions which are the least able to deal with their issues.",0.5762737393379211,1,0
4606,JS302418,"Don't some of those groups share common members?    For instance what percent of the chronic homeless  are also mentally ill, addicted, or all three?  
The Chronic Homeless seems the key value related to Lynn's comment.   The other groups may be more a subset of causes, or symptons  of homelessness.    

Thanks for showing the numbers.    It's great to have facts, but part of what the conversation is about is the level of compassion, concern for crime, sense of justice, even rational analysis that would drive using city resources to treat the homeless.   

 Too often we assume 'the city' mean city government, which is an error.    City goverment is a group of activist interested in the work.  That does't mean they reflect the attitude of the community.   With very low voting totals for city elections it's pretty hard to claim city governance is representitive of the entire community.   Same would be true if the city was run primarily by conservatives.",0.0240836981683969,0,0
4640,JS1342405,"If it is OK to pretend that your boy body is a girl body (or the other way around) and we are all supposed to go along with it, why not pretend that your fat body is a Barbie-body?  Or a better question is, at what point does your body dysphoria become a mental illness?  We treat people who have anorexia rather than ""support them"" by helping them to lose another 10 lbs.  Shouldn't we be happy with the bodies we have and not be so easily influenced by external forces?",0.1858144253492355,0,0
4592,JS1266324,Nailed it. Don't need the mentally deranged in the military.,0.9478162527084352,1,0
5310,JS1369649,"So many people are spun up on this.  Let me help you.  2% of our population has an IQ under 70.  http://www.i3mindware.com/what-is-an-iq-test-and-iq-score.  This is referred to as ""Mild Mental Retardation"", http://www.assessmentpsychology.com/iqclassifications.htm.

We also have a country that allows free speech for everyone, not just smart people.

Of our roughly 6M people at the bottom end of the IQ curve a small portion get sucked into crazy ideology.   So this group wants to have a march and everyone gets upset, what did you expect.  If these same people had a rally and there was no media and no counter protesters they would get hungry and move on to the next thing.  Ignoring dumb people is way more effective than getting mad and attracting more dumb people.  The media is the bigger winner.  

The fact is white american males have killed more nazi's than anyone (WW2), it's silly to think there is some kind of mainstream reassurance.",0.8336106538772583,1,1
4797,JS107991,"Yo...was he ""mis-treated"" don't know but the lawsuit process will sort that out. This suit should be directed to the Governor's Office. Sue the State! Jails were not built nor meant for the mentally ill, mentally disturbed and yet City, County and State Prisions IS where MANY are at this moment. The State(s) closed down the State Hospital with the intention of better serving the mentally ill in their home/local communities. Well we all know that didn't happen and they are now left to the streets or jail if to aggressive or at risk to harm self or others. In the short run this man might be compensated depending on the results of the suit..., the contract with the firm who was responsibe has been severed and yet the County and it's taxpayers remain at risk to be faced with ""patients"" who should be in a hospital are ""dumped"" in the local jail. Last I checked a jail and a hospital were not one in the same. The State knows it failed, cities are struggling and yet they do NOTHING!",0.2494635134935379,0,0
5231,JS93965,"Liberalism is a mental illness, sad that Shannyn has lost so much of her life and happiness to it.",0.7671820521354675,1,1
4634,JS956496,"Maybe, but in many cases substance abuse is actually self medication for existing mental illness.",0.0004651733906939,0,0
5462,JS736987,"Why are you so quick to say these kids have mental health issues? Just because something heinous is premeditated doesn't mean they're mentally ill. 
For someone like him ($$$) people will always be quick to justify, or give ""excuses for"" his actions instead of accept he was just stupid and selfish. 
So malice, absolutely. Mental instability? Not in the slightest. You disrespect those suffering from mental illness when you use it as pity card for these boys. Neither of us know for sure, but if any of them were mentally ill, that would have been a part of his defense....but it wasn't.",0.4418947696685791,1,1
5412,JS682808,He is delusional and needs mental health help.,0.2860629260540008,0,1
5019,JS17375,"He has a post on his Facebook saying that the government is spraying chemicals on Eugene from high altitude aircraft.   He also is a 911 conspiracy believer.   And all the rap and heavy metal music on his page is filled with obscenities and talk of violence.  One describes putting a gun into a person's mouth and blowing their brains out.

I think that EugeneRider is probably right.   The poor guy has mental issues and needs medical help.",0.2903866767883301,0,0
5179,JS1751291,Thanks for your superiority complex. There's not a lot you can do legally or medically  for a mentally ill adult.,0.8293640613555908,1,1
5004,JS1129815,"There is no doubt that solitary is cruel and can have devastating effects on those who suffer it -- particularly the mentally ill.

But without a substantial investment in mental health services, as well as a viable alternative to protect both corrections staff and other prisoners, it may be a necessary evil for the time being.

The mental health system has failed the populace at large, not just inmates.  There are neither enough beds nor enough effective programs.  And should the rights of a violent inmate trump those of the ones s/he threatens?

A better alternative may be to increase the level of human contact without allowing direct physical contact -- i.e., cells with bars rather than walls for a good part of the day, and more opportunities for exercise and fresh air.",0.0010647543240338,0,0
5029,JS289516,"Odds are good the guy was an addict or mentally ill and his actions had absolutely nothing to do with ""national leaders"".  But since we have absolutely no concrete details on the incident or the perp why don't we just shut our fat yaps on the conjecture and blame-casting.  OK?",0.7465284466743469,1,0
5082,JS1221085,"Only the most uninformed, lobotomized fool and greater fools are buying right now. The cult of real estate is still strong in our pathetic, ridiculous little nation of debt beavers. With any luck, the coming correction (hoping for crash) will teach the mentally ill cultists a lesson they won't soon forget.",0.9915939569473268,1,1
5500,JS750074,He is a scary maniac with a psychopath attitude.,0.204898253083229,0,1
4648,JS157911,"There you go again, creating a psychological profile from the  rather narrow window of what I post. So maybe you suffer from an allergy called jumping to conclusions...maybe...but I don't really know. You may also suffer from numerous other mental disorders, as I might, but I don't really know about you other than the little window you present in your posts. In your defense of Hillary Clinton, are you able to refrain from attacking those who don't think about her as you do? Could we just leave it as not seeing eye-to-eye? As to the specifics of my letter printed in the Register-Guard, the Clinton's combined income after being ousted from the governor's mansion was $36,000 equal to $161,000 in today's dollars in Arkansas no less where I suspect the cost of living was relatively less than in other parts of the country. In my opinion, that's not struggling...unless you are totally incapable of managing personal finances.",0.4790357649326324,1,0
4793,JS1641579,"If a Democrat did this, there would be hell to pay, with screams of lock them up!
This poster child for mental health should have no power of the pen. He needs to be stifled.",0.5605014562606812,1,0
5276,JS1676807,"Trump is resisting this, primarily because he's a profoundly mentally ill sociopath.  Hopefully, Congress acts quickly with a veto-proof majority.",0.5014822483062744,1,1
5120,JS479854,"Your assumption is that he indeed is mentally ill.  Perhaps he is.  But perhaps he is just a common criminal, seeking notoriety and ill-deserved sympathy.  Perhaps he is just a pathetic excuse for a human being.",0.6265000700950623,1,1
5293,JS1265949,The mentally warped bigot and pathological liar strikes again. He just can't get over himself.,0.9512099027633668,1,1
4955,JS302303,"When I think of all the homeless people, chronic inebriates, drug addicts, and religious followers I get very sad at the amount of people who are mentally ill.  According to Richard Dawkins it's a byproduct of us evolving too fast.  I hope this guy gets some help and someone tells him that planned parenthood is the #1 preventor of abortions.",0.404304563999176,0,0
5136,JS269267,Raymond Justice is a mental screw up who can do that,0.833655595779419,1,1
4850,JS1513557,Getting A 'Cognoscopy' Is the first step everyone should take who is concerned with Alzheimer's and Dementia.,0.0001312556414632,0,0
5390,JS24942,liberalism is a mental disorder,0.2274680286645889,0,1
4597,JS901259,"no its not, no disconnection they just do not like trump that's what this is all about these T.V. show host  have a lot of problems because of there mental disorders.",0.0540499202907085,0,0
5023,JS1035991,Horrible unfortunate product of interaction of two very sick people. Very disturbing but difficult to prosecute or correct via the legal system. Mental illness can be complicated.,0.1221837401390075,0,0
5166,JS1321566,"Google, your comment is sick.  You need to seek professional help for your mental disorder.",0.8397175669670105,1,1
5476,JS85571,"How would you feel if your loved ones died caged up, afraid, Ill, begging for help only to fall upon deaf ears? Inhumane, holocaust conditions, where is your compassion, these people have people that love them, oh, would you not go after money, l would bet my life you would, you are the ones with mental issues n l would hope to God you would rethink your sick uncaring thoughts! May God be with those seeking true justice!",0.9150655269622804,1,1
4570,JS1783010,"During the baseball season, Roberto Osuna missed time due to anxiety issues.

The poster who goes by username Laugher mocked him on several occasions, the opportunity to use someone's personal distress to make jokes not to be missed.

Mental health issues are no different from any other sort of ailment; wouldn't make fun of someone for having diabetes, broken bones, cancer.  If we allow the Laughers of the world to just continue to ridicule and taunt people with mental health issues, people will continue to hide their ailments and thus not get treatment, that's not good, especially given recent events....",0.0379473455250263,0,0
5002,JS289798,"I care not a whit whether the shooter was an addict or mentally ill, Another Commenter for Hire.

That he ambushed a peace officer is all I need to know, or understand.

And, what if he was somehow influenced by the rhetoric of the radical left, stating over and again that the police are the enemy?

I peruse the sites of the leftist ideology, just to see what they are saying, and the war against cops is very prevalent, across the board.

And you may be indeed correct within your own assumption that this was a singular incident, but you may very well be wrong as well, as the war upon cops has come unto fruition under the leftist leadership of not only Obama and his underlings within the White house, but under the leaders of the major leftist led cities as well.

It is the far leftist ideology that is violent, whence they do not get what they want, or have been somehow promised, and believe that anarchy is the answer, rather than mediation, or resetting the status quo. 

Have a great day",0.2167518585920334,0,0
4605,JS623331,"Typical lies and slander from the Liberal fakestream media.  The USSR used exactly the same attack to smear dissidents, calling them ""mentally ill.""  And now Liberals are using the same tricks. The apple never falls far from the tree.",0.817531943321228,1,0
5289,JS1792156,"So they elected somebody with gender identity disorder, in other words somebody with a mental disorder to be mayor.  I am sorry for that town.",0.9838955402374268,1,1
4586,JS548390,"Voice - my heart goes out to you. I suffered from depression in varying degrees starting in public school which in my case was from the 1960s on when there was absolutely no discussion of mental illness. In my mid 30s I had a major breakdown which was triggered by stress & unhappiness at work. My doctor put me on Prozac, I found a fantastic therapist & through the love & support of several close friends became mentally healthy. Please don't give up on CBT - perhaps find another therapist. There is a light at the end of the tunnel!",0.0017354144947603,0,0
5221,JS509043,you need serious mental help,0.175001710653305,0,1
5244,JS289980,you are quite possibly the stupidest person this website has ever seen. do we have any mental health professionals who can analyze her comments? quite the case study.,0.9794219732284546,1,1
5119,JS147212,"Yes, she is a broken down old foreign money bag lady who has severe mental and physical problems that has no chance  of being president.  Trump will eat here alive in the debates if she gets that far as America is fed up with the Dragon lady.",0.9476750493049622,1,1
5044,JS419102,If God exists he's incredibly psychotic and schizophrenic...,0.9042227268218994,1,1
5105,JS1198713,Liberalism is a mental disorder.,0.6742792129516602,1,1
4622,JS1393921,"Emily Jashinsky-- I agree with you 100%. Unfortunate is an understatement - it should be considered a criminal and perverse act. The teacher should be fired IMMEDIATELY for trying to indoctrinate young children with progressive nonsense by discussing a subject matter that is controversial (and no, one can not choose their gender, your DNA chooses it for you -- gender dysphoria is a mental illness that affects .005% of the population) and blatantly inappropriate for elementary-school aged kids. Parents would be remiss not to demand for her immediate dismissal. Immediate. And the principal who hired her (or rather ""it"") should be fired as well.",0.1910320073366165,0,0
4698,JS795324,"Yes, nice edits after you posted this! I like the new version better by the way. More thought out; I see you toned down the insults just a little so your comment wouldn't be rejected yet again.

That's really funny because you strayed from the ""trappings of the conversation"" long ago when you veered off into insults and statements derogatory towards mentally disabled people.",0.2588259577751159,0,0
4660,JS340728,"""The facility opened in mid-2015, after years of difficult negotiations in the Legislature over funding. With its big payroll, it has been an economic boon.
The bulk of Brown’s proposed savings from closing the facility would come from wages and benefits. "" Most of us who work in mental health or who have a family member diagnosed with a mental illness (I'm both) did NOT want this hospital built (read: http://www.mentalhealthportland.org/oregon-state-hospital-budget-and-opponents-throw-up-obstacles/

I firmly believe this hospital was all about the money and nothing about delivering appropriate mental health services to Oregonians. Now, back to square one: we need to fund upstream and invest in community-based services.",0.0027192921843379,0,0
5502,JS1662643,"He's not just a liar, he's a really bad liar. His mental state appears to be deteriorating; he just can't think before speaking.",0.1418496668338775,0,1
4794,JS50455,"Instead of helping students with this mental disorder get treatment, the UO appears to actually be encouraging their dysfunction.  Hopefully the university will not show up in any such tally next year....but only if the school takes progressive steps to end this unfortunate trend.",0.3670730590820312,0,0
5451,JS1681266,"You are the one who is not reading. This is what he says now about the ""extremist far right"":

“I want to do some damage to the people who are propagating this kind of rubbish,” he said. “I want to hurt them, I want show what it’s like to actually live a lie and be on the receiving end of this sort of propaganda. I want to actually hurt them.”

He's STILL bitter and LIBERAL and mentally ill.",0.5263932943344116,1,1
4856,JS1592632,"maybe the most important problem is espinda, he seems uncaring about prisoners with mental problems.  but many people who commit crimes, especially over and over again, is not mentally stable; hence it is easy to estimate that maybe 80-90 percent of inmates have some degree of mental illness.  the key is to identify those with the most severest condition and get them help first, as the system cannot treat everyone at one time.  regardless of the problems, we need better control and attention to this issue, with the current administration it is readily apparent that it is not.",0.0190327651798725,0,0
5133,JS121347,"The truck driver was a madman but not a terrorist.  ISIS is lying just like our politicians.
From the Dailymail:  He added: 'My brother is not a terrorist.' 
His father also insisted that Bouhlel was mentally ill and not a radicalised soldier as claimed today by ISIS.
Mohamed Mondher Lahouaiej Bouhlel, whose son killed at least 84 people on Bastille Day, told how he suffered from severe depression in an interview with French TV BMF.
'From 2002 to 2004 he had problems that led to a nervous breakdown.
'He'd get angry and shout and broke everything in front of him. He was violent and very ill. We took him to the doctor and he was put on drugs.",0.2409299612045288,0,1
4756,JS1672182,"I am 100% disabled veteran and the Eugene VA clinic has been a complete mess. I was on a narcotic medication and they had a doctor review my case who had never seen me before, then without any warning they changed the dose on me and the only way I found out was on the bottle. That was the second time. The first time they raised it without notice and I was driving after taking it without seeing the bottle and almost wrecked with my children in the car because I became very high.  Every time I go I get a new doc who I have to explain everything about my injuries every time. In fact, it takes a toll on my mental health to relive it every time I see a doctor. I went to the advocate and I was told"" I have not been on the job long enough to help you sorry sir"" now tell me how that is great care when I was shoved aside???",0.0093951327726244,0,0
5420,JS1395969,"But it is never his own fault.  It is the FAKE media!  :-)  

Trump is a classless and mentally ill individual.  Sigh.",0.8387883901596069,1,1
4846,JS247828,"And we have had eight years of Bill Clinton and now Obama to set things right, how has that worked out, I didn't see any improvement whatsoever in advancements for the chronically mentally ill. 

  Presidents are simply the front men for those that truly run this country, and if anyone thinks that they see the average citizen as anything but numbers on a ledger they are kidding themselves.",0.2159832119941711,0,0
5090,JS185414,"yep, liberals love criminals. its a mental health issue.",0.9562767744064332,1,1
5072,JS460762,Most States you lose your right to own a gun for being admitted into a mental health facility.  It should never have been returned.  I would imagine that many of those families will try to sue our department on the grounds of sheer stupidity.,0.1697203665971756,0,1
5055,JS1712951,"Why are you so caught up in the word “sport”?
I have never heard a hunter say, “I love the sport of hunting.”
They say, “I love hunting.”

You can call hunting murder if you want.
I guess you are a vegetarian, good for you!

It does not bother me at all that you think I am a sociopath. 
Again you have your terms messed up.

See us dumb hunters are not very bright, but calling us sociopaths is not exactly Rhodes Scholar territory either.
Now check me if I am wrong but, a sociopath has an extreme disregard for people. 

I think you need a different term as killing people is not the point of hunting. 
Again, check me if I am wrong, I am going by freshman sociology from 30 years ago, but you may want to go with ‘Psychopath.’ A psychopath is basically a sociopath but with a mental disorder. Perhaps with some violent or aggressive behavior.

Is that what you were going for or did you want to slant more towards cruelty to animals?
Let me know!",0.1104504540562629,0,1
5153,JS549784,Trump is obviously mentally ill and is unfit to be President.,0.8449387550354004,1,1
4945,JS1007374,"Firearms themselves are not the issue. 

This is.  

[...] mental health treatment can often prevent gun violence
http://www.apa.org/pubs/info/reports/gun-violence-prevention.aspx

Firearm Deaths:
* 21,175 suicides
* 11,208 homicides

Last stats available were in 2013.

.",0.0013262066058814,0,0
5385,JS630584,The left is mental illness.,0.9945279955863952,1,1
4645,JS1297354,"And yet, they complain when the city tries to do something about homelessness.  There is so-much mental illness.",0.8029444813728333,1,0
5035,JS1590083,If we could find ways to block porn sites it would go a long way towards improving mental health.,0.0035373247228562,0,0
5010,JS1242036,"“Single studies like this need to be interpreted with great caution. Risk does not mean an inevitable outcome. Furthermore, an association does not necessarily mean cause. An association may reflect a causal link between autism and severe depression or the association may reflect a causal link between the medication and autism.

The global evidence is increasingly showing that the risk of untreated depression or anxiety perinatally on the foetus and infant, are likely to outweigh the risks of antidepressants on offspring outcomes. Balancing the risks is an important part of the decision to treat with antidepressants or not. This decision needs to be individualized and made collaboratively, as part of the consultation between the woman and her practitioner.” Dr Simone Honikman, Perinatal Mental Health Project (PMHP)",2.9777202144032344e-05,0,0
4781,JS728330,"Not even close, Sparky!

""Woodrow Wilson and Dwight Eisenhower; both Presidents were in office for two terms like Obama. ""That title falls to Woodrow Wilson, who reportedly played about 1,200 rounds during his presidency. Dwight Eisenhower is the runner-up at 800, according to his memorial commission.""

Actually researching (all of 1.23 secs according to google) is sooo difficult, I understand, for the mentally challenged.",0.7663267254829407,1,0
5012,JS462540,"The mental health care if you want to call it mental health care has been going down the tubes for decades , now we are paying for it literally with human lives, does anybody know if there is away to prevent people with mental health issues from getting a firearm, 
This isn't the first shooter with mental health issues, 
It's a pretty long list,",0.0551191270351409,0,0
4702,JS1404745,"IRT Andrew Thomas, neither he nor others who are having mental breakdowns over Confederate statues and monuments gave a rat’s azz or second thought about them until someone planted the idea in their heads that the statues and monuments are somehow evil.  If they were capable of thinking for themselves and forming their own opinions, they would not have needed to be told by the media or anyone else. The outrage they now are expressing is contrived rather than genuine.",0.6199355125427246,1,0
4595,JS1070188,"Don't hold your breathe Terry, they'll just say he's deranged and had nothing to do with Liberalism, which we know is also a mental disorder. So I guess that just makes him a different kind of crazy.",0.6745603680610657,1,0
4996,JS1180974,"---The whole process described above is what NAMI considers “criminalization of the mentally ill”

There are two flaws in the above language: Mental illnesses are not criminalized. (Or 20% of Americans would be.)Though it has become a popular phrase, it is patently false. 

""The"" mentally ill ha also become a popular phrase, and is a false as ""the"" Blacks, once equally popular. It s wise to avoid employing it.",0.0015472369268536,0,0
4949,JS1755133,So you admit to being a moron that thinks guns and knives get up all on their own and attack people?    Great.   Hey DP you guys want to recommend the police check this guy out with a wellness check.... a 72 hour mental health hold would be appropriate to investigate whether or not his delusions make him a threat to himself or others.,0.7526184320449829,1,0
5470,JS592387,"""Liberalism is a mental illness""...This type of hyper-partisan, illogical response is what truly exemplifies mental illness.",0.2096219211816787,0,1
4678,JS1659602,"Yes, to the homeless, you can camp, but this is where. Safe zones are common sense. We all have to follow rules! Mentally ill really are not capable of treatment decisions, so a place must be provided.",0.2868768274784088,0,0
5408,JS92403,Trump is mentally unstable.,0.4915639758110046,1,1
5106,JS138157,"Trump is a sociopath, do we really want someone with mental health issues running the country, I dont and I am a republican!!!",0.5278915762901306,1,1
5151,JS588713,"'



Attempting to demean others by equating them with the mentally ill is truly asinine behavior,

…but then again, ……people who engage in asinine behavior usually make asinine comments.",0.395052045583725,0,1
5113,JS23187,"She'd be receiving a disability check for acute mental disorders,if she wasn't a politician",0.0530158430337905,0,1
4896,JS368216,"You prove my points, that you don't know anything about schizophrenia or schizophrenics you think the terrifying mental disorder is ""their fault"", and you think they can, and should, ""just shape up"". ""A criminal is a criminal"" is linguistically correct but meaningless - it leads nowhere. Schizophrenics need a stable non-threatening environment, the right drugs on a regular schedule, and regular monitoring and therapy. Even with that, those with severe schizophrenia may hurt themselves or others. That hits close to home when your good friend, a normal person with a good future, is stabbed to death by a severe schizophrenic who heard the voice of god telling him to kill; or when your schizophrenic in-law kills herself because the devil rapes her repeatedly. I suspect you ignore that part of life. None of those mentally ill people are ""gaming the system"" or will ever ""just shape up"".  Larson definitely doesn't belong in prison, where he would be victimized and deteriorate further.",0.740082859992981,1,0
4909,JS1772084,"Finally, finally, we get a true look at the jail's population.  The usual picture presented is that the jail houses horrible monsters who are a threat to all.  It would appear that the reality is somewhat different.  I wonder how the RG got the guts to present a truer picture of the ""warehousing"" of mentally ill people who are of little threat that comprises the real population in the jail.  Sure there are the rapists and murderers who need to be locked up, but what percentage of the jail population?  Maybe the RG will have the audacity to actually tell us periodically how many are in the jail for various ""crimes.""  To get a true picture of the failed system, a listing of charges leveled against inmates along with ultimate charges convicted of would be useful.  I expect the charges to sound horrible while the conviction result to be drastically less impressive.  We pretty much guarantee that those in the jail will return with the background checks that stand in the way of employment.",0.7724972367286682,1,0
5518,JS504635,"It's easy for you to boast about how you would mutilate my genitals if you could, since you are hiding behind and alias. But in reality, you would find it very hard to accomplish your disgusting threat. I think you are a coward and a mentally sick person with no moral compass.",0.9251019358634948,1,1
4764,JS1775531,Well here is one for you the right and the NRA wanted gun purchases to be run against the database with those who are mentally ill.  Obama disagreed with it.,0.1143141463398933,0,0
5084,JS1299758,"Both labels sound like psychiatric diagnoses, but actually they’re not. According to Heinz Kohut and other theorists, narcissism is a quality everyone has to a greater or lesser degree.""
""Renowned psychopathy researcher Robert Hare notes that “psychopathy is dimensional (i.e., more or less), not categorical (i.e., either or).” 
""DSM-IV doesn’t include a diagnosis called “psychopathy” or “sociopathy.” Instead, there is antisocial personality disorder, which overlaps with psychopathy but is not the same thing.""
""Third, the label adds power to our verbal disapproval. We have a long history of abusing psychiatric labels in the service of putting others down. Consider “idiot,” “moron,” and “imbecile,” all originally coined as official categories describing low IQ. Or “cretin,” 
""Psychology Today"" Dr. Steven Reidbord M.D.",0.0820205956697464,0,1
5495,JS208467,The man has serious mental health issues.  There's no 'practicing' that out of him.,0.0208072531968355,0,1
5059,JS989493,"Just another example of the mentally ill population that inhabit downtown , a useless bag of kukae that take out its frustrations on something beautiful to highlight a wasted life.",0.9998658895492554,1,1
5287,JS107573,"Neighbor98, 
You sound like an escaped lunatic from the local mental ward.  You only have two choices this election year.  And Libertarian Space Cadets and fringe Green's Party Candidates are not among the sane choices.  Calling Trump a psychopath is typical from the liberal loon.  I bet your a Commie loving Bernie supporter, right?  As for raping a 13 yr old girl, what a pile of horsesh&t!  And getting the source from the Huffington liberal lunatic Post is even more hilarious.  The Huffington Post is what I use to pick up dog crap on the ground with before I toss it into the garbage.  I was wrong your not a lunatic, you're an embarrassment!",0.9566965103149414,1,1
4888,JS1633402,"Hi, Vote4Me.  Obviously you're a newcomer to these pages. Of the shooter in Las Vegas, one commenter on one of the initial stories said the man was ""over the edge,"" and ""went bonkers."" The investigation had hardly begun when he--and others--were convinced the shooter was mentally ill.",0.0038699111901223,0,0
4544,JS170259,"I see that you know it all about all mentally ill people.  You should visit the State Hospital or better yet, go visit the assertive community treatment centers.  Not all people are alike.  With millions of people in the world, I'm sure you have all the answer.  Yes, others can do sarcasm, too.    Thank you also for chastising others, a fine example of what you tell others not to do.  Well done!!",0.1844124644994735,0,0
5560,JS1309525,"The ACLU defends things that are indefensible and safety risks, like fighting public camping bans. They talk from a idealistic piety that has no roots in reality, that's partly why they get blamed. Those of us living with the results of ACLU's selective high-mindedness get frustrated with stupid, impractical non-sense advocated by the ACLU. As far as innocent until proven guilty, there are degrees of potential guilt and commenting on someone's obvious guilt isn't some violation of sacred ideals. The guy CONFESSED for God's sake and had blood all over his shirt. I don't know if he was out of his mind, I suspect so, but Denver essentially enables homelessness without addressing things like addiction. Addiction that is often the root cause for mental illnesses often displayed by the homeless. See, killing people on the installment plan sometimes has collateral damage, like this poor guy, stabbed to death by a homeless animal.",0.7580996155738831,1,1
4572,JS961660,"LAX security at LAX airport! Airport name is kind of self explanatory this time around! LOL
Let's hope the airport staff learned from this as this could have ended up as a real 911 repeat.
Anyone wondering around on a tarmac should immediately be arrested, held in jail and immediately placed on the NO FLY list until cleared after a thorough interrogation and full background check. And if someone is truly that drunk or mentally ill to the extent that they end up on the tarmac then they're probably not fit to fly and aren't deemed mentally sane and stable enough to be trusted even if they're not a foreign terrorist.",0.7945629358291626,1,0
5319,JS92511,Liberalism is a mental disorder.  Where's nurse Ratched when you need her?,0.9444589614868164,1,1
5425,JS665525,"Seven in 10 families have two income earners. Versus 2/10 in the past And we have rising addiction and crime, mental illness, and family union issues. Any coincidence ?  

If 2/10 had cancer and it rose to  7/10, we would spend hundreds of millions on research and likely find the culprit. But no, instead we talk about hundreds of millions for daycare to expand the problem. Then hundreds of millions of wasted dollars to try and put a band-aid on it.   

And we call that progressive thinking!

Stupid is as stupid does.",0.8595937490463257,1,1
5367,JS193735,"I don't know why the ADN is risking it's reputation by running these hate filled, ignorant articles by left wing morons from the lower 48.

Only somebody as mentally ill as a child molester would vote for either Hillary or Obama.",0.9863836765289308,1,1
5504,JS1282894,"Agreed. Donald Trump needs to step aside as soon as possible. Not only is he completely incompetent, he has severe mental issues and it's destroying our country. What a joke!",0.3354704678058624,0,1
4603,JS1280168,Be happy the ACA mandates mental health treatment.  You seem depressed by so much winning.,0.0138942888006567,0,0
4591,JS1778771,"America doesn't have a stranglehold on mentally ill people.  Japan has mentally ill folks.  Australia has mentally ill folks.  Neither country has constant mass shootings, since both have what?  Oh yeah, strict gun control measures.",0.2213628888130188,0,0
4588,JS559849,"I agree, and also want to point out that the legal definition of insanity is quite different than that accepted by most medical professionals.

The accused must have been incapable of distinguishing right from wrong at the time they committed the act.  I don’t profess to be a psychologist, but do believe that anyone who murders innocent people has serious mental issues, although this in no way excuses the act or diminishes the consequences.",0.0226354785263538,0,0
4990,JS750596,Coordinated psychiatric problems.,0.0002945369924418,0,0
5452,JS509043,you need serious mental help,0.1750017404556274,0,1
4772,JS722,"Replying to myself here, because I just looked it up: for those who don't know, Ryan Bundy was run over by a car as a child, and it caused permanent nerve damage and face paralysis.",0.0619060173630714,0,0
5143,JS716168,"Speaking of Canadian justice, how is it possible that they let out that scum Vincent Li, who killed and decapitated a fellow passenger on a bus on the basis that 'he is no longer presents danger to society' ?
I don't care what anybody says, but claiming 'mental illness' is not an excuse, when you commit murder.
That piece of garbage, dressed, as a human should have been shot right there and then, when the police first arrived at the scene.",0.748304009437561,1,1
4878,JS1266529,"His mental illness is beyond question. However, the fundamental (pun intended) issue that this country needs to address is whether he was made that way by the religion or was he attracted to it because he is crazy?
There appears to be a strong correlation between mental illness and religious conservatism of all stripes (come on down you snake handlers), e.g., rejection of science or rational thought (and Esseghaier was a man of science too) when it doesn't fit with the apocalyptic end games planned for the believers and apostates.",0.7020039558410645,1,0
5463,JS797593,The GOP base of white racists will not be happy about this. Bannon is their hero. Trump never would have won without their votes. Maybe Sessions giving a green light to police to murder the mentally ill and minorities will make them happy.,0.9282512068748474,1,1
4573,JS1470646,"Psychiatry is not very effective for the vast majority of those with mental illness, who are in the community and in need of expert therapy which psychologists can deliver. It's time to give people what they need, not what lobby groups want to bill ohip for.",0.0003760233230423,0,0
5042,JS161039,"Actually, a psychiatrist made an argument for Trump being mentally ill. Megalomania and sociopath were a couple of possibilities.",0.0539542473852634,0,1
4639,JS937143,"Trump is a train wreck. You are an apologist for a mentally ill person who will soon be impeached.  
Good luck with this, Sir.",0.9407766461372375,1,0
4809,JS79429,"Mcdowall, Mentally ill must receive shelter and sustenance. With regard to the others, I interpret your reply to mean that you prefer the societal cost of the status quo instead of the cost of changing things with laws and enforcement.  San Francisco, Seattle, and San Diego apparently made the same choice. You ask ""What do you think will happen in Anchorage - - -.""  My answer is what do you think has happened to Anchorage?  We have panhandlers on corners where there were none ten years ago. We have public space occupied by drunks and littered with human waste.  We have people passed out drunk daily in all parts of town. It is getting worse and our municipal government doesn't have the gumption to seriously solve the problem.",0.943544864654541,1,0
5195,JS1468358,I know Trump is a psychotic because I have eyes and ears.  Trump is profoundly mentally ill.,0.6494154930114746,1,1
4566,JS500352,"Our choices and our values have a direct impact on our mental health.

Basic psychoanalysis relates the functioning of the mind to that of the body. The food we eat and our fitness to digest affect the health of the body. Similarly the information we are exposed to and our ability to process it affects the health of the mind.

In short, the ability to process truth feeds the healthy mind. The inability, for any reason, feeds the unhealthy mind.

Post truth, ignoring facts of truth and preferring emotional decisions like pretending disorder is normal, feeds the unhealthy mind.

Happy mental health week.",0.0004533129686024,0,0
5445,JS497792,Donald Trump is seriously mentally ill?  I did not realize he was posting all/day everyday on ADN.,0.5070198774337769,1,1
5103,JS879655,These comments are amusing. If a native shoots a whale liberals love it. If a white guy shoots a moose they think he belongs in jail. That is why most people think liberals are mentally ill.,0.9842812418937684,1,1
5053,JS1093251,"Why would anyone feel guilty about that?

You seem to have some strange mental disorder and inferiority complex.",0.8387765884399414,1,1
4827,JS183098,"I really appreciate this article. I would like to offer another problem with the high costs of medical care that is hardly ever talked about and that is the almost total lack of mental health care for those like me, who are over 65. The only possibility of getting help in Anchorage for mental health is Providence behavioral health services. The last I called them there was a 6 month waiting list. I called 28 various psychologists, therapists and counsellors, none of which would see me because I was Medicare eligible. When I offered to pay cash, I was still refused an appointment. The statistics for elderly depression is high but hardly anyone in Alaska cares. As Alaska's population ages, I am sure the statistics for suicide will also go up.",0.0167796444147825,0,0
5406,JS884714,Mr. Trump is obviously - really obviously - profoundly mentally ill.  This entire administration is a disgrace.,0.7280585765838623,1,1
5000,JS1515435,"What makes you think God didn't get it right the first time? The attacker  may have expressed hate because of mental illness; her victims expressed love. 
-
Bad things happen. There was even a book written about ""Why bad things happen to good people."" Bad things happen. But our response to ""bad things"" says a lot about our character, our morals, our values, and, ultimately, whether we trust God or not for all eternity.
-
Compare the actions of these victims of a crime to those who don't hide their hate and disgust of Trump. Some people respond with love, kindness, and prayers......while others respond with hate, hate, and more hate.",0.2851221859455108,0,0
5288,JS1305334,"I stopped reading the Globe regularly after the ""unfounded series""....pure feminist one-sided propagandist garbage. Though I'd check in today to see if anything's changed....nope, not even a little bit.
We get articles like today because they are written from within an echo chamber.
What' annoying is someone who's so obviously biased....trying to convince me that she's not. 
It's kinda like being crazy or mentally ill....You don't actually realize that you are.",0.5907154083251953,1,1
5264,JS1644243,"Actually you're the one struggling to keep up. Failed candidate for political office reduced to begging on gofundme for living expenses. What's the family student loan balance these days, 5 or 6 figures?  I am struggling to understand how a Libertarian claims to be nuanced and subtle while using the lame tag line ""the truth is out there"". Even for the mentally handicapped your spiel is laughably lame.",0.8554105162620544,1,1
5324,JS1644366,The malignant narcissist and mentally deranged sociopath has no credibility. None.,0.2830777466297149,0,1
5098,JS712299,This guy must be some kind of retard,0.9930225014686584,1,1
4620,JS446927,"What Mr Quilter is saying, in a nutshell, is that liberalism is a mental disorder.",0.6016042232513428,1,0
4855,JS478518,"The ""safety net"" would be institutionalization, which, as it involves a loss of freedom, is a state function, not one driven by markets even if it involves private institutions.

But because a bunch of idiots took ""The Snake Pit"" and ""One Flew over the Cuckoo's Nest"" as documentaries, and a bunch of '50s era talk-therapy psych practitioners mistakenly thought their hip new favored method could work with schizophrenia and other physiologically driven mental illnesses, we managed to destroy the in-patient mental health care system in this country and raised the bar for safety holds astronomically high. 

The solution being called for now is, rather than re-examining that bar, to do away with due process protections entirely and let authorities, and almost any other random individual, get someone's rights arbitrarily removed, under some proposed schemes permanently, without recourse.",0.4939910471439361,1,0
5544,JS1129777,Heartbreaking??? they are effing braindead retards ...,0.998885691165924,1,1
4676,JS1336149,"the science has been in for a long long time. early school start times negatively effect adolescents. tired people behind the wheel are as dangerous as drunk drivers. tired kids get in to more trouble. doing drugs to relieve stress, having sex to relieve stress, mischief to relieve stress, diagnosable mental illnesses. more drops outs, more failing. but you can see from the comments people are stubborn and locked in their ways. how about neighborhood busing? ya, i know- mixing the age of kids is a no-no. give me a break. hire another adult to ride herd, you'll be able to afford it by running FULL buses instead of half-empty ones. of course, how much more can you generate with 'learning problems, add, adhd, delinquent behavior'? purposeful? perhaps. shameful? definitely.",0.9633970260620116,1,0
5155,JS193735,"I don't know why the ADN is risking it's reputation by running these hate filled, ignorant articles by left wing morons from the lower 48.

Only somebody as mentally ill as a child molester would vote for either Hillary or Obama.",0.9863836765289308,1,1
5444,JS1299758,"Both labels sound like psychiatric diagnoses, but actually they’re not. According to Heinz Kohut and other theorists, narcissism is a quality everyone has to a greater or lesser degree.""
""Renowned psychopathy researcher Robert Hare notes that “psychopathy is dimensional (i.e., more or less), not categorical (i.e., either or).” 
""DSM-IV doesn’t include a diagnosis called “psychopathy” or “sociopathy.” Instead, there is antisocial personality disorder, which overlaps with psychopathy but is not the same thing.""
""Third, the label adds power to our verbal disapproval. We have a long history of abusing psychiatric labels in the service of putting others down. Consider “idiot,” “moron,” and “imbecile,” all originally coined as official categories describing low IQ. Or “cretin,” 
""Psychology Today"" Dr. Steven Reidbord M.D.",0.0827160105109214,0,1
4581,JS942620,"I'm still not sure how thinking you are another gender than that which you were born with (and no, I'm not talking about the biological rarity where someone is intersex) differs from those people who believe they have an extra limb that needs to be removed.  In other words, since you believe the physical evidence doesn't support your inner image of yourself, you need to take steps, even extreme ones, to correct it.

Perhaps the idea of mental illness is going out of vogue, and soon I can happily announce I'm really a tree or am marrying the ocean without anyone questioning my declaration, but to me this disconnect between inner and outer reality seems to be more of a clinical problem than one of human rights.  As it has been up until now, in fact.   And while I don't care what people do as long as they don't hurt anyone, I think I do take exception to being asked to change MY perception of gender (and grammar) to support the delusions of a tiny minority of the population.",0.134418249130249,0,0
4629,JS1063422,I  it was Reagan who cut mental health funding severely,0.0081130657345056,0,0
4535,JS1146676,"I have a permit. I am not a granny. I have a head injury that affects my balance and chronic pain and exhaustion from it due to a car accident.  Some days I am better than others but I need my permit for shopping etc because it is altogether too painful to park further away. My head injury also makes it on some days (I am affected by barometric pressure) almost impossible to park properly in a regularly sized spot. 
I may or may not, depending on the day, LOOK like I have a disability. But I do. The number of cheaters is very small.  Why not stick to the subject at hand?",0.3124609589576721,0,0
4697,JS882810,"With all due respect to Mrs. Bernhardt, you do not involve the police unless it's to report evidence of a crime having been committed or unless there is an ongoing or imminent threat of a crime being committed.  If there is a suspected mental health issue and it has not risen to that level, then there are better, less provocative and more prudent options to consider.  Police officers are not mental health professionals, are not your family doctor, your priest, your close family members or your best friend.  Just as you wouldn't call an electrician to fix your plumbing woes, neither is it in anyone's best interest to attract the attention of police unless it's to respond to something they are trained to handle.",0.0006436804542317,0,0
5350,JS1655611,More proof that Liberalism might be a mental disorder.,0.6958554983139038,1,1
5046,JS736987,"Why are you so quick to say these kids have mental health issues? Just because something heinous is premeditated doesn't mean they're mentally ill. 
For someone like him ($$$) people will always be quick to justify, or give ""excuses for"" his actions instead of accept he was just stupid and selfish. 
So malice, absolutely. Mental instability? Not in the slightest. You disrespect those suffering from mental illness when you use it as pity card for these boys. Neither of us know for sure, but if any of them were mentally ill, that would have been a part of his defense....but it wasn't.",0.4457279145717621,1,1
5360,JS969230,"""No, but there are some crazy people out there who would. Imagine you have a mentally unstable person who just lost their family to US forces. There are millions of people like that right now in the Middle East. You think they are all mentally stable? Obviously not.""

Wow, Andrew Meyer.

Just WOW.

So now you are invoking psychiatric illness (!) as the reason that the commanders in ISIS and Al Qaeda do what they do?

Are you kidding me?",0.4728744924068451,1,1
4968,JS828152,"If you are mentally ill and in danger of hurting yourself you can be taken into custody under a mental health warrant and held until you are no longer a danger.  If I wish to drive the 3 km to town on a back country road I must wear my seatbelt and I can be severely fined if I don't.  Both of these measures are to force me to not harm myself.  Drug abusers (not the euphemistically ""users"") are treated completely opposite with programs in place to enable their abuse.  This makes no sense.  If you want to save lives you take into custody for treatment people who buy and use illegal opioids.  At the same time you arrest for murder anyone who sells adulterated drugs.  Anything less than these approaches is a pointless waste of time which has been proven over and over to not work.  Get serious or go home and quit bothering the rest of us.",0.0138657027855515,0,0
4621,JS1109790,"Wow.  Just tried to read through the comments and it certainly wasn't a thoughtful discussion of the ideas presented here. Thomas Brandt and his endless pontificating on the results of his crystal ball gazing completely high jacked any relevant discussion. 
I, for one, would love to know how the corporations, most of which have destroyed the economy as we knew it, would deal with such a scenario. If the out of control corporations were kept in check we most likely would not even need to consider 'giving' a minimal wage to people. 
Several comments touched on the results of giving money to people not having a positive outcome.  This is a true concern. If is done it would also be better to give drugs to the druggies, homes to the people who chose not to work for shelter, and forced treatment to the mentally ill. 
The people who chose not to make positive contributions to society and community have already been given quite enough.",0.9787160754203796,1,0
4580,JS89488,"keep in mind this person seems mentally ill, and therefore we should take care to consider that when commenting. wavecrashers posts are proof of some sort of disability; no doubt.",0.0777338594198226,0,0
5279,JS669709,What truth did the Donald tell?  Can you be specific?  It will be interesting come Sept. when The Donald should begin to have a record of achievements.  To date he really has had none except to allow the mentally ill to buy guns.  Very important achievement.  What a joke he is.  Enjoy it while you can Trump supporters because eventually an administration has to deliver.,0.6820112466812134,1,1
5474,JS677739,Liberalism is a mental disorder.,0.6771735548973083,1,1
5037,JS1603697,"Sounds like and advertisement for mental health services.  Everything is so bad, but call me - the expert - and I can make it better.  (For a fee.)

Life is what you make of it.",0.0022617359645664,0,0
5115,JS1795884,Your spamming shows that your TDS is getting beyond psychiatric help.,0.4965739548206329,1,1
5154,JS848420,Its time to round up these burny voters and stick em in holding cells. Obviously they are in need of mental help,0.8206774592399597,1,1
5079,JS22879,"This is outrageous. Social parasites professionally begging to get out of their responsibility to work and support themselves, have the American right to prey on the mentally ill. It is outrageous social parasites now must use the money gained from breaking into your home and car to feed their drug-alcohol addiction when that money should be buying them food. They have the right to prey on the mentally ill to feed their drug-alcohol addiction.",0.9997870326042176,1,1
4777,JS797035,"Arguing against training to teach judges how to deal with sex assault cases is like attacking motherhood, but here goes...

Aren't judges supposed to know this stuff already?  If we accept that they do not, then don't we need special judge training on how to deal with, I dunno, children, FNIM, assault victims, soldiers with ptsd, the homeless, the mentally ill, the elderly, racial minorities, LGBT persons...

Judges would spend their whole career in seminars learning how to not be foolish. Shouldn't we filter out the fools instead of admitting then and then sending them to Anti-Fool Camp?",0.26291424036026,0,0
4545,JS1724417,"1.  During the last “Point in Time” survey, how many “families” are homeless and living on the streets and destroying our parks.  And I am referring to a conventional family (mother, father, child) unit that has simply fallen on hard times and has been homeless for less than a year?
2.  During the last “Point in Time” survey, how many drugged out, mental cases comprised the homeless population?
3.  Of all the homeless placed into affordable housing, how many (still) benefit from it? Still in housing?, Broke the rules and got kicked back out onto the street?, Failed to make any substantive improvements in their situation that rendered them homeless to begin with?
4.  If there is a law on the books regards vagrancy (which I have heard referenced to), AND it IS possible to “force” the mentally ill to accept treatment (which I have also heard referenced to), then why isn’t THAT being discussed and/or implemented?
We have indulged these homeless vagrants and bums for too long. Round em up!",0.9120476245880128,1,0
5145,JS1629775,This president has serious mental issues. Adult daycare is right.,0.2745302617549896,0,1
5540,JS8004,"Indeed, Liberal Dementia is a social disease, a mental illness.",0.6057285070419312,1,1
5547,JS1764245,"Of course that's what happens, when you visit a state that's mostly liberals with mental disorders.",0.9943407773971558,1,1
4585,JS1514081,"The disability backlog is long in order to ferret out the scammers from legitimate disability claims.  Mental disability claims now outnumber physical disability claims, and mental claims (especially alleged mood disorders) take more time to evaluate.",0.0247477423399686,0,0
4915,JS1765656,"Of course, it depends on what is meant my mental illness.  He does not seem psychotic, but his character development seems not to have developed beyond the juvenile right and wrong or black and white stage.  While he may not be ill or even unstable, he certainly seems to have problems with character development and from what I read, he seems to be operating on the level of an adolescent.",0.0184721108525991,0,0
5388,JS1149175,Republicans need to stop making excuses for this mentally ill man.,0.8577812910079956,1,1
4735,JS564633,"Some days, I feel like I am a 6'9' power forward in the NBA and should be paid like one. My boss would laugh at me and tell me to get back to work.

How is my ""feeling"" any different than what a person who is offended by the words ""expectant mom""? What if I show up at an NBA game, in uniform, and insist that I play for one of those teams?

I don't mean for this comment to offend, but rather to see the thinking behind what others would see as a mental defect or disorder that should be addressed by a psychiatrist or psychologist.",0.0157061107456684,0,0
5252,JS1198713,Liberalism is a mental disorder.,0.6716727018356323,1,1
4754,JS712364,"Investigation into brain diseases hopefully will add  scientific  answers to the many other neurological diseases like  schizophrenia depression autism and other chronic  diseases  that remain  incurable, though   I always question claims of prevention for these biological  brain diseases. 

The false claims about causes and prevention of schizophrenia has made many of us families  wary of  any social claims about seriously mental illnesses.. Families, with only  limited knowledge
of SMI could only accept mother-blaming. This led to many mothers' terrible guilt for  their entire lives.

Fortunately today's moms know this  causation of schizophrenia is  not  true. That's why we demand the scientific research into  these medical diseases of human  brains--to find the truth and then the cure for human brain diseases.",0.0003737302322406,0,0
4805,JS1032240,"If visionaries could get involved, medical & recreational marijuana would now be legal- AND- the tax revenue could be routed to not only assist others (mental health patients) but also pay for the mass transit rail system. 

Take the tax burden off the general population, help pay off the big $$$ to complete the rail line and remove vehicles off the roads.  And there, again, visionary- reduce carbon footprint, air pollution, wear & tear on roads (which would then help defer road repair costs / taxes). 

With recreational MJ, reduce the risk of alcoholism and DUIs and violence associated with drunken brawls.",0.0321219228208065,0,0
5196,JS864089,I second Jeremy Sand post...Boo hoo your in need of mental health help badly!,0.734015166759491,1,1
5130,JS471164,"Fedup - you really shouldn't talk about yourself like that... It's unhealthy and you MIGHT need more mental help than you think you do now.. I'm sorry if you think YOURSELF as an idiot, it's tough when you have low self esteem but their is help for you, might even be covered under Obamacare..",0.5489309430122375,1,1
5418,JS1486230,I thought this guy was mentally retarded. Seriously. This article did nothing to clear up what was wrong with him.,0.9732475876808168,1,1
5239,JS518041,The orange pig is incapable of telling the truth or admitting that he could be wrong.  Kindergarten behavior.  He is mentally ill.,0.805442214012146,1,1
5509,JS1777050,The idiot in chief better start dealing with his own mental issues before  he diagnoses others.,0.8583085536956787,1,1
5207,JS711145,my god you nut jobs are clearly in need of serious mental help,0.9460952877998352,1,1
4723,JS548390,"Voice - my heart goes out to you. I suffered from depression in varying degrees starting in public school which in my case was from the 1960s on when there was absolutely no discussion of mental illness. In my mid 30s I had a major breakdown which was triggered by stress & unhappiness at work. My doctor put me on Prozac, I found a fantastic therapist & through the love & support of several close friends became mentally healthy. Please don't give up on CBT - perhaps find another therapist. There is a light at the end of the tunnel!",0.0017063161358237,0,0
4783,JS459840,"So the NRA released him from the mental health institution on the grounds that he was good to go? The NRA doesn't want crazies owning guns. The only people seemingly concerned about sharing their mental health records are liberals.. don't ask me why, but they would rather change the Constitution before that happens.",0.5280590057373047,1,0
5492,JS1593596,Could someone please find a copy of the Constitution and while you're at it you might want to read it to this moron. You can't impeach a president just because you don't like him.. Liberalism truly is a mental disorder.,0.9881771206855774,1,1
4515,JS1779025,"The comments here once again prove Liberalism is a mental illness.  Prior to Trump winning the election virtually EVERY media outlet and their minions predicted a market Armageddon.  Why shouldn't Trump ""take credit""?",0.9374809861183168,1,0
4804,JS1406216,"Well said.  Whatever the source of the pain: mistreatment, abandonment, mental illness, a lack of love, it often manifests as drug or alcohol abuse.  It's a tough road to leave that behind, but it can be done.",0.0073856031522154,0,0
4766,JS1617807,"That is ridiculous. You must be an anarchist. You also must believe that anyone who is impaired due to mental illness or other cause can be executed on the spot. Since you boys all believe in a society in which everyone, including the mentally ill, have a right to be armed, you ought to support a highly professional police force instead of an armed gang in blue uniforms. But little makes sense on the right. You wail about abortion, then undercut birth control, thereby increasing abortions.",0.7778015732765198,1,0
5104,JS1058646,"This article is pure journalistic garbage--It's not even developed well enough  to establish which vaccines we're talking about, but a Kennedy descendant argues that vaccination in general, cause brain injury and autism?  Really?   
Which vaccines are we talking about?  Flu?  MMR? DPT? Chickenpox? Rabies? Tetanus?   
Maybe then, we can cut to the sweeping generalizations about whether Lefties or Righties and Dems or Repubs are for or against.  Silly.",0.0176916606724262,0,1
5205,JS1780013,"She should get her job back. Trump has DONE and SAID worse yet the mentally  ill, lying criminal Trump gets to keep his job.  Trump will never finish his term because he WILL be impeached or in prison",0.7944025993347168,1,1
5481,JS1289664,"Or.... maybe there IS chaos because the ""president"" is a mentally ill, in-over-his-head idiot who couldn't lead cats to tuna.",0.7690264582633972,1,1
5423,JS269267,Raymond Justice is a mental screw up who can do that,0.8346047401428223,1,1
5218,JS1700025,Perhaps thats true.  The fact is I am not president.  The Donald is.  Suckers voted for the Donald.  Did you know he had mental problems when you voted for this clown?  Pretty funny if you think about it. lol,0.8402296900749207,1,1
4967,JS959684,20% of the population has mental problems? Heaven help us all.,0.5279914140701294,1,0
5442,JS1353296,"What are you talking about?

I didn't say that being willfully ignorant is an excuse for doing the wrong thing, or even just being young and stupid. 

I'm calling you on carelessly deploying an insult like ""mental case"" to discredit racists.  First because racism is wrong regardless of the health of those who adhere to it.  But mainly because people with mental illness have enough to deal with without adding that to their big pile of stigma.",0.1017172336578369,0,1
4703,JS736243,"That is true.  First thing that occurred to me when I first read this story.   Will he kill people next?

He and his friends should be given mental evaluations.  If their mental problems are not dealt with now, the result could be much worse when they are eventually set free.",0.1217128038406372,0,0
4741,JS506111,"One in 20 with ADHD ,  one in 100 with autistic spectrum , one in 5 with asthma .  What the heck is going on ?
Air , earth  and water pollution I imagine. Not to mention bad diets.",0.0510420985519886,0,0
5281,JS1781997,"That’s racist, xenophobic, islamophobic. That’s the extent of debate from you and your ilk. I’ll now gladly just call you mentally retarded and move on to someone with the intelligence to
Debate in the first place. That’s what happened to debate.",0.9972647428512572,1,1
5185,JS353947,"you have serious mental issues, Oh I forgot you are a liberal.",0.993070662021637,1,1
5040,JS965789,"""We then have a specific religion singled out (in this case Islam) to describe the actions of a mentally ill person.""
What's the cause of mental illness in so many Islamists?!",0.995945155620575,1,1
4776,JS387073,"It's not a compliment.  It's an observation of a severe mental health problem, like the kind serial killers and people who torture animals have.",0.06216686591506,0,0
5096,JS1409290,That's a question you need to ask the people who are calling our President mentally ill.,0.0167951416224241,0,1
4705,JS201763,":( This is so sad. May he rest in peace now and may the rest of us keep the conversation going about mental health, see people as human beings instead of a self-imposed label or means for an agenda and though it's a long shot: may no one ever be forgotten or cast aside. 

It is a complicated world we live in with no simple solutions to societies' problems. The best thing we can do is to heal ourselves, get help if we can muster it or admit it, and this will make the world a better place one person at a time.",0.0017375991446897,0,0
4748,JS1664825,This isn't the first time Shaw and  Tomljenovic have been involved in questionable vaccine research. These two are convinced there is a link between vaccines and Autism and they aren't afraid of falsifying data to prove it.,0.1110975965857505,0,0
4609,JS663263,"While the article does mention it, it would be helpful to understand more details around the causes of homelessness.  What's the breakdown of people with jobs that are struggling to find affordable housing vs people that aren't able to hold down a regular job due to mental illness, disability, or addiction, vs people that just don't want to live in a shelter because of house rules, vs people that have recently just moved here with no plan, etc.  Each situation has its own needs and require different solutions IMO.",0.0006773581262677,0,0
4730,JS621942,"There are a number of issues that don't necessarily fit into your neat package. At one end we have the traveler kids who are otherwise sound and have chosen a particular lifestyle - at the other we have seriously mentally ill, damaged vets, etc. that can't just 'get it together' - they are broken and aren't getting the deeper help they need from our community and nation to overcome or at least partially mitigate their issues. A lot of the community support is for the latter but also benefits the former. I resent that as well.",0.5549900531768799,1,0
4875,JS94930,"I think this sounds potentially very toxic.  What are the other cities where this has been successful?  I mean, some homeless are serious ex cons, mentally ill, drug users, none of which take to kindly to be tossed out of their homes.",0.2921589016914367,0,0
4541,JS427219,"Note that the cop haters are the liberals and minorities. Oh , and the white guilt trip bunch also. And a few other mentally challenged types.",0.9978402853012084,1,0
4661,JS1536761,"Yes they do do keep people in jail on misdemeanors, jay walking, spent 37 days in jail then charges were dropped.  I had to bail myself out.
There is no mental health services in jail, other than to admit an inmate is mentally ill.",0.0130516495555639,0,0
5092,JS649,"This is what a serious mental illness looks like, these paramilitaries/militias/”sovereign citizens”, a sociopathic paranoic delusional criminal hysteria, contagious to a degree, armed and very dangerous.",0.9830880761146544,1,1
4538,JS1435239,"""...between 19 and 59...""

Well, that narrows it down. Might as well say ""adult males."" However...

Leslie McBain's own piece, published today, seemed to suggest that mental illness is ""concurrent"" (her word) with drug misuse and so, I suggested the focus might better be placed on mental illness, NOT drug abuse.  However...

Perhaps she and others are wise to focus heavily on the present OD crisis--no quotation marks, because it is a crisis.  Why not? Go with the flow. She and other advocates might fare better, because mental illness certainly isn't a headline-grabber.  Never has been.  Despite the fact that Centre for Addiction and Mental Health states ""By the time Canadians reach 40 years of age, 1 in 2 have – or have had – a mental illness."" and, ""10-20% of Canadian youth are affected by a mental illness or disorder..."" You want to talk ""crisis""?

I suspect those statistics haven't changed much in DECADES.  But hundreds of DEAD people every MONTH?  Harder to ignore that.",0.0069830925203859,0,0
5441,JS1621242,"What absolute drivel. Obvious this person knows nothing about guns and just makes up stats. 33000/yr? Really? This year NY, Detroit, Chicago and LA had ~1250 total and 1/2 of those were suicides NOT homicides. If you parse that out that means 31000 people were killed in all the rural or urban areas total BS. In addition, We have the 10th largest gun owners/capita in the Nation. The paper work and ""hoops"" to jump through did not dissuade citizens, but the only Mental Health check is if you yourself checks the box on the form. Otherwise, thanks to the Dems, it is illegal for FBI or Police to find out you're being treated for mental illness! P.S. the cities with the most draconian gun laws have the highest number of shootings, because the bad guys know you are disarmed and they can get any illegal gun they want on the street. ATF has to declare war on illegal guns. We have to pass laws that allow family and friends to get mental patients seen and taken care of.",0.87056565284729,1,1
4800,JS82722,Another ignorant post from the far right. Kyle there are MANY reasons why someone does not pay taxes in Alaska such as: being OLD and BROKE. Let's just tax everyone including Maw Kettle who makes $650 a month on Social Security or some kid that has a disability or a person with mental health/ mental retardation issue. You Repubs make me and many Americans wonder about what makes people like you and Kearon among others so bitter against fellow American's.......,0.9862512350082396,1,0
4903,JS255696,In business it is hard to find a person that is good at managing both people and money. Jeff did a good job for the people he served for 21 years that includes all of us without mental illness. I fear Jeff won't stay very long in the new position but I thank him for a job well done. This sounds like a money grab that will work out similar to what the oil companies did to us.,0.2275373339653015,0,0
4784,JS751466,"Better to have them all in one convenient location - just kidding! Have you gone to the police with your information? I have found it helps to go in person.  I have a (probably) mentally ill stalker that I have succeeded in sending to jail once for assault and battery and twice more over five years for parole violation - he is a large and violent assaulter who swore to kill me (yes, I have a restraining order and a home firearm). Nevertheless, without a new crime conviction he is out on the street again in 30 days, and I suspect the PO's have pretty much decided not to pursue him. However, it DOES work to bug the PO on a regular basis.",0.1649523228406906,0,0
5269,JS1289664,"Or.... maybe there IS chaos because the ""president"" is a mentally ill, in-over-his-head idiot who couldn't lead cats to tuna.",0.7690264582633972,1,1
5410,JS1482623,This order surely will be a boom for psychiatrists as liberals seek mental breakdown treatment.,0.0252791345119476,0,1
4987,JS1638085,"1) Both the Americans Psychiatric  Association, and the Americans Psychological Association oppose this mental health expansion on gun control. tii is easy to understand why. 57% of Americans experience clinical depression, anxiety, neurosis, compulsive disorders. They do NOT commit crimes at higher rates. What this will do is INSURE that people experiencing symptoms of those disorders do not seek mental health treatment or counseling for fear of being put in a database that all proponents say will be necessary. of murders by the mentally ill,  near 90% are committed without a firearm.
2) the ACLU has filed AGAINST any expansion of mental health issues into gun ownership beyond adjudicated.",0.1108084022998809,0,0
5550,JS1629775,This president has serious mental issues. Adult daycare is right.,0.2745302617549896,0,1
4526,JS614298,Voting Liberal over and over again and expecting honesty is a mental illness.,0.9090161323547364,1,0
4658,JS82838,"I don't know about mentally ill... But  as the latest dust up showed, the guy is clearly over his head.....way over his head.....",0.1732261478900909,0,0
5273,JS770805,Trump is mentally ill.  We will not see any rationality out of this Whitehouse for the next 3.75 years.,0.7738631367683411,1,1
4677,JS449644,"Logic isn't semantics. It describes truth and does require intelligence.

Being unable to recognize and act on truth defines mental illness.",0.0472812689840793,0,0
5118,JS1645629,Donald Trump is mentally ill.,0.4325877428054809,0,1
4643,JS471567,"I see that Meryl Streep's political statement has drawn some backlash against Hollywood.

""Meryl Streep's Golden Globes Speech Belied An Inconvenient Truth About Hollywood ""

When ""she described how her heart “broke” when Trump mocked Serge Kovaleski, a New York Times reporter with arthrogryposis"" ,

""“I couldn’t help rolling my eyes,” said Keplinger She’s a co-founder of Disability in KidLit, an online resource regarding the depiction of disability in children’s and young adult literature. “The applause in the room felt almost self-congratulatory.”

""""Can Hollywood really pat itself on the back when disabled actors are still so rarely cast -- even to play people like themselves?""   Nearly 1 person in 5 in America has a disability, according to the U.S. Census Bureau.  In 2015, only 2.4 percent of notable characters in  100 movies had disabilities.""

95% of the TV shows have able-bodied actors playing disabled parts.  It's like having men portraying women. Or whites playing minorities.",0.0133411055430769,0,0
4845,JS1147905,"I have seen a lot of difficult individuals in 40+ years of work, but this article seems extreme.  Most of the characters described sound so crazy that they should be in mental institutions.  Reality is much more mundane.",0.4955531656742096,1,0
4984,JS1614747,Mentally ill? Just withhold his meds and let him commit hari-kari.,0.9087242484092712,1,0
5403,JS1396993,That Donald Trump is likely mentally ill.,0.0933139994740486,0,1
5131,JS711145,my god you nut jobs are clearly in need of serious mental help,0.946100652217865,1,1
4642,JS1606292,"Yeah. It's cruel and unusual punishment to restrict and monitor sex offenders because they almost never offend again. Much.

Liberalism is a mental illness. Thanks Judge Matsch!

http://www.denverpost.com/2017/09/01/colorado-sex-offender-registration-act-unconstitutional/",0.855696976184845,1,0
4808,JS466758,"Deep woods in Denver or Seattle?  Huh?  There's also no food or services in the deep woods.  

It's a real conundrum.  I was in Seattle awhile ago and was shocked by the number of encampments right in the middle of town.  If I owned a business or property nearby I'd be justifiably upset.  But you have people with mental health issues that aren't going to be able to work or function...what do you do with them?",0.2750375270843506,0,0
4734,JS574244,"“...a rule to keep guns out of the hands of certain mentally disabled people is on its way to being scrapped.” “The White House said Trump supports the bill and is likely to sign it.”
--------------------------------------------------------------------------------------------------------------- 

Putting guns back into the hands of mentally disturbed people? Fifty-seven million Americans suffer from some form of mental illness. What could possibly go wrong!",0.7178692817687988,1,0
4821,JS645565,"I watched the documentary 'Vaxxed"" which clearly shows the American Center for Disease Control (CDC) in collusion with the vaccine producers. Millions of kids with autism pose no threat to the deep state when they become adults.",0.5810769200325012,1,0
4802,JS885163,"I'm not a teenager, but I watched 13 Reasons Why in the days after a mental health crisis where I suddenly quit my job, was about to commit suicide and was committed in psychiatric emergency under the Mental Health Act.  I'm still not sure how, but watching this actually helped me snap out of it (this isn't a testimonial, and obviously there were other factors  - I just know that I'm no longer immediately suicidal). 

The problem isn't TV fiction - it's a lack of resources. When you do go to a family doctor (if you can find one), HR or even emergency, there's little they can do.  And sometimes, talking about it, especially at work, can make it worse. Compare that to the mechanisms that begin working when you're diagnosed with cancer, MS, or Alzheimer's (and, no, those support systems aren't perfect either - but at least you're not entirely on your own).",0.0142861707136034,0,0
5015,JS835457,"In order to accept the argument Mr. Picard sets out, I need to see clear evidence that everything possible is being done in medical research etc. to identify causes and treatments to alleviate the pain of those who suffer from mental health problems.   I admit that I start from a position of skepticism given what I see currently.

There are some powerful vested interests in the status quo of medical research and medical treatments that vary in their influence (to a degree) globally.   At the root, the main driver of these interests is to maximize financial gain.

Once we allow our society to go down a path where assisted suicide is possible (or even endorsed) for illness that could be alleviated substantially using treatments that are much less profitable than the current treatments espoused within the medical community, we have gone to a very dark place where people's lives are only as valuable as their genes and environment allow, and terminating lives becomes grist for profit.",0.0704246833920478,0,0
4636,JS1268209,"Given the depth, complexity and severity of the mental disorders these people are afflicted with, this is the only logical decision on this issue",0.0275404211133718,0,0
4743,JS308184,"I know some ""disabled"" combat veterans too. In fact I'm also a combat veteran. I know of several who a reasonable person wouldn't consider them as disabled but they managed to scam the system to receive disability benefits. Some of my buddies were also suggesting that I should also be entitled to it as well. Unless you physically have a piece of you missing or something that doesn't work you shouldn't be considered disabled. That in itself is a scammed system and should be re-evaluated as well. Yes drain that swamp. Including the military industrial complex.",0.8567990660667419,1,0
5296,JS637381,"The ""gotnews.com"" site appears to be complete crap. However, the ABC News report you've linked is also crap.

It says unnamed ""officials,"" think Santiago was deterred because of heavy New Years Eve police presence in New York City, in the absence of any actual evidence to support that supposition. It says that he was staying in the Anchorage hostel as a monthly resident when this story makes it clear he was paying $30 a night.

It says ""agents,"" implying agents of the FBI, gave him his gun back, when that obviously wasn't the case.

Two of the more scary parts of this is that he was identified as being nuts in Puerto Rico, years ago, and his gun was taken away by police, only to have it given back there, as happened in Anchorage. Also, thanks to the NRA, its is quite difficult for the police to take guns away from psychotic people in many jurisdictions, especially Alaska. Tony Knowles vetoed a bill to restrict gun ownership by mentally ill persons in 1999. NRA supporters overrode him.",0.0286867748945951,0,1
5370,JS156664,"Unless they are poor working class people who are white, the mentally ill or Christians, then its cool to disparage them.  Your friends need to know that you are one of the hip educated white people.",0.806140124797821,1,1
4529,JS1613698,"You're absolutely correct.   But it is equally dangerous to the individual if they simply fail to acknowledge their feeling and deal with them.     I know, I've been there.    

When I am around people that don't acknowledge things lie worry, hatred, pain, suffering, lonliness. ect... the things that can't really throw a person out of balance can tip them into mental illness.   The  individual can suffer in pain, leading to various forms of 
self destruction, or, maybe the strike out at others, unable to accept and deal with their own emotions.

I can't think of many decision that don't include an emotional component.   If you are saying people go overboard toward the emotional side, that they forget rationality, or even demand personal needs be taken care of for them, when in fact the community has other needs, then yea, decision making can be controlled by emotions and that's not good either.

My intent was to say that the decision we make should have emotion and intellect balanced.",0.0017391721485182,0,0
5466,JS1712951,"Why are you so caught up in the word “sport”?
I have never heard a hunter say, “I love the sport of hunting.”
They say, “I love hunting.”

You can call hunting murder if you want.
I guess you are a vegetarian, good for you!

It does not bother me at all that you think I am a sociopath. 
Again you have your terms messed up.

See us dumb hunters are not very bright, but calling us sociopaths is not exactly Rhodes Scholar territory either.
Now check me if I am wrong but, a sociopath has an extreme disregard for people. 

I think you need a different term as killing people is not the point of hunting. 
Again, check me if I am wrong, I am going by freshman sociology from 30 years ago, but you may want to go with ‘Psychopath.’ A psychopath is basically a sociopath but with a mental disorder. Perhaps with some violent or aggressive behavior.

Is that what you were going for or did you want to slant more towards cruelty to animals?
Let me know!",0.1104232370853424,0,1
5349,JS1260348,"Anyone who believes that the President is of sound mind need only to listen to his remarkable speech to Boy Scouts.

The President is, sadly, profoundly mentally ill.  The sooner he is removed from office, the better",0.1230122223496437,0,1
4518,JS464209,"From my own experience, when teachers whinge about how many ""special needs"" students on IEPs they have, take it with a whole cup of salt.
School administrations will label almost any kid as ""special needs"" because they get extra funding for SEAs and the school.  From the outside, you'd think there was an epidemic of children with mental health and disability issues.  In reality, there just isn't.
Kid is stubborn and doesn't want to learn to read: special needs.  Kid has crappy parents who don't help with homework: special needs.  Kid is tired a lot because they dont go to sleep when they're told: special needs.  Kid is easily distracted in class: special needs.  You see where I'm going with this.
My former stepdaughter was stubborn and wouldn't read, she'd guess from the pictures.  She became ""special needs"". The school sent her to counselling, told us not to get a tutor, made us wait perpetually for a psych exam, yada yada. I taught the kid to read in a couple months and she now reads",0.6635438799858093,1,0
5327,JS1269775,"Dysphoria is ""a state of unease or generalized dissatisfaction with life."" You are ignorant. Most people experience dysphoria at one time or another. The military accepts a lot of people who have one mental problem or another, such as a desire to kill people. The desire to kill people you don't know is inculcated into military men in their earliest training. I went through it, but it didn't work on me, I enlisted for a noncombatant MOS that I got based on my test scores. I didn't want to get into any firefights, that seemed pathetically stupid and evil to me. And I know I'm not the only one. The military is intrinsically mentally ill.",0.8611294627189636,1,1
5233,JS8012,"Dementia: ""medical : a mental illness that causes someone to be unable to think clearly or to understand what is real and what is not real."" You are incapable of grasping the difference between dementia my family with Huntington's disease exhibited, and LIBERAL DEMENTIA that is incapable of grasping reality based facts. You cannot refute anything I have posted on this thread, and in shameless intellectual bankruptcy accuse me of mocking the handicapped to deflect off subject. Your dementia does not make your charge fact. It does show just how shameless you are.",0.9868044853210448,1,1
4571,JS260403,"Airlines already go to far with seating arrangements fit only for little people, but to treat people like this is astounding.  I've heard so many people say that PTSD isn't a real thing I made it through my deployment ok what's wrong with you etc.  people do suffer from mental health conditions every day.  People that work with you people that serve your food in restaurants or ring you up at the grocery store and it's really not that hard to believe people get upset at things that are done in a war zone.   Shame on American Airlines employees involved you never know what kind of suffering a person has endured in their past treat people with respect see what a difference it can make",0.2093149423599243,0,0
5303,JS1140266,"Trump cannot help it, he is mentally ill. He and the wrong right can't help it because they are ignorant. Trump wouldn't stop it even if he could because psychopaths thrive on harming others. Some of his voters can't help it, because intellectually they are above average at lake Wobegon, not here. The Russians could and did help it because they know from experience what will happen to a country led by mentally ill, ignorant psychopath.",0.9370465874671936,1,1
5139,JS742835,"Based on this comment, does anyone doubt that libbers have a mental disorder?",0.8377278447151184,1,1
4904,JS1601143,"That's right, everyone with a mental health issue - anxiety, depression,  OCD, suicidal thoughts - is a ""snowflake"".  This is exactly the sort of breakthrough thinking the psychiatric community desperately needs right now.",0.1286794692277908,0,0
5257,JS1773771,America suffers from mass mental illness starting with President Trump on down.,0.9054613709449768,1,1
5455,JS327052,"Tell us, oh nutty one, exactly how Obama ""killed veterans?""

This should be interesting.  Always fun talking to the mentally ill.",0.8012843132019043,1,1
4899,JS576709,"I wish more people understood your point in your comment about doctors actually assisting in end of life by prescribing  palliative care above prolonging life.  They do so because they know when prolonging life becomes a form of torture and financial extortion.

As for laws regarding suicide, in some respects they enforce the idea that mental illness is somehow different in kind from physical illness.  It isn't.  It's still physical, but we don't have a treatment paradigm that cures mental illness. We just have a treatment paradigm that is effective in treating the symptoms of some mental illness....and that's dependent on if your prescriber comes up with the right med or combination of meds.  No schizophrenic can be guaranteed to have their symptoms controlled by the same med as another schizophrenic, just as no one with major depression is going to respond the same med regimen as the one in the next bed.  Suicidality is a symptom, not a real choice.",0.0149357728660106,0,0
4823,JS1629749,"I was somewhat surprised the author was permitted by an MSM outlet to note the link between hyper-religiosity and mental illness: ""We know too that hyper-religiosity can be a symptom of people with severe, untreated schizophrenia, and that psychosis can lead to delusions and violence."" I suspect that religiosity intersects as well with forms of psychological conflict and/or impairment, as has been noted in relation to the Orlando massacre.",0.003194403136149,0,0
4562,JS1564473,"He needs to be discharged.  There is something wrong with his mental health, this is a Nidal Hasan, Tim McVeigh, Bradley Manning waiting to go off or commit other violations.  Be safe, not sorry.  Toss him.
Maybe the NFL could use him as a waterboy and knee-taker.",0.1692671924829483,0,0
5027,JS1111279,"Wakefield has been thoroughly discredited as a fraud.  There IS no link between vaccines and autism.  Your belief (and that's all it is:  belief) that unvaccinated children have fewer health problems is complete bunk devoid of any scientific evidence or proof.  

If you can't see that many naturopaths are more concerned with earning a living off gullibility by hocking snake oil to desperate and ignorant people, you are a perfect mark.  Naturopaths are not from the world of science-based solutions.",0.6703106760978699,1,0
4941,JS1248510,"Apparently, some psychiatric disorders are progressive.",0.0043337643146514,0,0
5554,JS1604612,"We have a president that's a classic narcissistic sociopath. Text book case with a side of delusional paranoia and onset of dementia,",0.0883262008428573,0,1
4601,JS447840,You are confusing correlation with causation. And even if you insist on believing there is a causal relation is it the mental illness that brings on cannabis abuse or is it cannabis abuse that brings on mental illness? You clearly want to believe the latter but offer no evidence for your beliefs.,0.0586311370134353,0,0
4690,JS616571,Alaska you really need to get your mental health system together!  This guy fell through so many cracks and people paid for it with their lives :/,0.1432502269744873,0,0
4982,JS574527,"I especially liked the rationale:

“Republican lawmakers and gun advocates criticized the regulation for reinforcing a negative stereotype that people with a mental disorder are dangerous.”

Yup, the motivation for repealing the law is in order to destroy the stigma surrounding mental illness.  Not to thank the NRA for their financial support.

Should be of considerable comfort to the victims of the Bowling Green Massacre.",0.1624831557273864,0,0
5204,JS700066,"There is no evidence.  Trump is a mentally ill pathological liar.

He can't be out of office soon enough.",0.8350074291229248,1,1
5339,JS7865,"that's true, and why I qualified this social disease as LIBERAL DEMENTIA.  This isn't about trash talking liberals, it is a fact that these people have a mental illness that is incapable of grasping simple facts.",0.8872387409210205,1,1
4782,JS468090,"Tthat was not the only gun in the world.  Psychotic or not, he (like anyone else) could have easily obtained another gun.  This ""if only they hadn't given it back"" argument is a lame attempt to argue for tougher gun control laws.  Reality check:  The train has left the station folks.  There are estimated to be over 300,000,000 firearms in the US. Short of breaking down doors and searching everyones' homes, businesses, and cars to take their weapons (good luck with that) there is no going back.  Better options:  Bring back state mental institutions where the chronically and severely mentally ill can live their lives in peace, being cared for and treated humanly (instead of living on the streets being exploited and injured).  Most importantly is the need to further destigitize mental illness. What if someone had sat with this man, took him to his doctors appointments, supervised his taking medications, protected him from those who would taunt and ridicule him...what if.",0.1368388086557388,0,0
5448,JS1396174,"If your mentally ill presidential imposter were correct, then why did the generals and the military ignore his idiotic tweet? 

Trumplethinskin will be shown the door, one way or another. You're in a small minority of Trump KKKoolaid drinkers who were conned and don't see it yet. But Republicans are waking up and realizing a mad man is in the Whitehouse. 

Oh.. tRump's tweet you quote has been proved incorrect. Just another lie to distract his poorly educated voters from the reality of a failed (and most likely illegitimate) presidency.",0.9408584237098694,1,1
4600,JS1595114,"You are almost right: 
Extreme liberal-mindedness is a symptom of mental illness.  :)",0.2926127910614013,0,0
5173,JS767862,The President is in a rage. His mental illness is increasingly at odds with playing President.,0.0013850629329681,0,1
4724,JS915100,"Spoken as a true Christian. Can't wait to hear your thoughts on Medicaid cuts to children with special needs, or care for the infirm and elderly. Remember. You are only one stroke away from being permanently disabled.",0.8666746616363525,1,0
4543,JS478565,"Then why did they vote for someone more crooked, with less credibility, far less relevant experience, and obvious emotional and psychological issues?",0.0543099679052829,0,0
5016,JS1398402,"Quote from HabFan410: 'Is it a sign of mental illness when the threshold for being ""devastated"" falls so low? Migawd, election results are going to displease almost half the population in the US, and 60%+ in Canada.'

There is no need to imply that Canadians, who were devastated with the results of the US election, are mentally ill. Secondly, there is a big difference between being displeased and devastated. 

Please read my reply to Craig Corser in these comments.",0.0050688711926341,0,0
4952,JS77220,"right, because saving jobs and kicking out illegal immigrants is the work of a mentally ill person. thanks for pointing that out.",0.9532419443130492,1,0
5409,JS208187,"There's always an excuse, isn't there? How about Trump is an incompetent, unqualified, lying, moronic, narcissistic, mentally unstable buffoon?",0.7642018795013428,1,1
4546,JS7862,"I don't know of anyone who tolerates violence. Which happens anywhere you have large numbers of people. Violent people need to be locked up, but we have filled our jails and prisons with people who use or sell drugs and other nonviolent offenders who do things the middle class disapproves of.  Which is very expensive and doesn't leave enough capacity for the violent. Incarceration has also become our default mental health system, because the middle class is not willing to pay taxes for mental health treatment.

Being attacked, downtown or anywhere else, is a fairly random occurrence, like being struck by lightning. I live near downtown and have walked around it for over ten years. I have never been attacked and only once has someone said something rude to me. I don't feel any more threatened there than I would anywhere else. We live in a violent society.

What I will not tolerate is excluding poor people from downtown because of irrational fears. They have rights.",0.3486042022705078,0,0
5501,JS143726,It's becoming readily obvious that Donald Trump is mentally ill.  That's a sad situation.  It's not like Trump just came down with this affliction.  It was abundantly apparent during the primary.  So how is it that so many republican voters came to select this guy as their voice when they had so many other alternatives?  What does that say about them?  They need to do some honest reflection on that.,0.4761035144329071,1,1
5063,JS38048,So....basically the commissioner is saying our safety doesn't matter and if you commit a crime you won't go to jail if your mentally ill.....So Stupid!  So now they sheriff will release inmates early everyday because he has no place to put them.....thanks for NOT CARING about our Safety Commissioner!,0.8259671926498413,1,1
4755,JS621678,"Why are the Liberals trying to stigmatize and shame people who they are also clearly identifying have a mental health issue?

People with phobias need help, not motions condemning them.",0.1573242843151092,0,0
5038,JS289956,Some how I think you supposing these are Trump supporters is so far off the wacko-meter even Roy Anthony will not like this comment. Please see your mental health professional and get a med review ASAP,0.2835876941680908,0,1
5407,JS1761218,Offering state financed sex change procedures to young vulnerable people with gender and mental health challenges that's leftist compassion gone bonkers.,0.7681629061698914,1,1
5011,JS472899,"Sometimes the safety of the consumer needs to be put ahead of the privacy of the employee.  Airline pilots are a prime axample of this.   Whether it is a mental health issue or alcohol consumption issue the passengers expect healthy sober pilots and the unions involved need to protect everyone, not just their members.  Of course that will never happen which is why unions are a disgrace to the modern employment framework...they outlived their usefulness a century ago!",0.1367804259061813,0,0
5114,JS149481,"Since when did you become ""sensitive"" about someone else's mental health, Kearon?  Hypocrite is as hypocrite does.",0.8915558457374573,1,1
5323,JS1403780,"It really is funny. Those with ""mental health"" issues ""repeatedly fabricating false statements"" would wipe out most of the RG readership.",0.7804969549179077,1,1
5085,JS1621242,"What absolute drivel. Obvious this person knows nothing about guns and just makes up stats. 33000/yr? Really? This year NY, Detroit, Chicago and LA had ~1250 total and 1/2 of those were suicides NOT homicides. If you parse that out that means 31000 people were killed in all the rural or urban areas total BS. In addition, We have the 10th largest gun owners/capita in the Nation. The paper work and ""hoops"" to jump through did not dissuade citizens, but the only Mental Health check is if you yourself checks the box on the form. Otherwise, thanks to the Dems, it is illegal for FBI or Police to find out you're being treated for mental illness! P.S. the cities with the most draconian gun laws have the highest number of shootings, because the bad guys know you are disarmed and they can get any illegal gun they want on the street. ATF has to declare war on illegal guns. We have to pass laws that allow family and friends to get mental patients seen and taken care of.",0.87056565284729,1,1
5386,JS767291,"The sad thing about this is that the President is obviously insane.  Working with him in an organized way is essentially impossibly, since he has no attention span and no core beliefs other than making money and seeing his name in gold letters.

Trump is a malignant narcissist with multiple personality disorders.  He immediately turns on people for random reasons because he's mentally ill.",0.3466289639472961,0,1
4795,JS149551,"Excellent and well needed commentary by Kennedy.

 There is no need to disparage 20% of the US's population who experience mental health crisis. 

Crazy or insane is never uttered with compassion.",0.0678977668285369,0,0
5049,JS197937,Govenor Walker you have lost your mind. You are a delusional psychotic sycophant. You are a liar and a thief. You continue to exhibit all the traits of sociopathic narcissism. You truly are a scary individual. You need professional mental help. Check yourself into API  it's where you actually belong.....,0.968811810016632,1,1
5013,JS1757300,"Can I give you 100 stars?

It is ABOUT MENTAL HEALTH!!!

WE NEED TO FOCUS ON SOLUTIONS! Focus on ideas and implementing them!!!",2.380641490162816e-05,0,0
4889,JS427608,"How are you going to define whether a person is:
  1) mentally ill
  2) don't give a damn about how to make a living?

Are you going to screen everybody to determine whether they are mentally ill at the moment, and then continually screen them thereafter?

And if deemed mentally ill or don't give a damn about how to make a living...is that forever?",0.1479936242103576,0,0
4885,JS391682,"The left will scream ever louder for  more money for addicts while those suffering from severe mental health issues, through no fault of their own, will remain ignored.  Our mental health facilities are lower than pathetic yet, in true Canadiana form, we contunue to cater to the bottom feeders.  |Don't know about you, but it disgusts me.",0.7485818266868591,1,0
4673,JS431061,"That's a really HUGE structure with RED lights to promote ""PROSTITUTION"".

Instead of spending that kind of money on JUNK, how about spending it on the homeless, drug, mental illness  situation???",0.6586301326751709,1,0
5305,JS28979,They always run from the facts that expose their ridiculous nonsense for what it is. They debate like cowards. It is why I refer to their liberalism as a mental illness.,0.9824548363685608,1,1
5283,JS589078,You said it better then I ever could.  My own conclusion is and has been for years that Donald Trump is mentally ill.,0.2914747893810272,0,1
5099,JS961550,"Well, duh. If ""we all"" have firearms that means the psychos have them too. It's already pretty much the case, and the President Manbaby administration just made it easier for mental health patients to get them. Why this clown didn't have a firearm is a mystery.",0.3705096542835235,0,1
4936,JS1786343,"I used to work on these encephalitis at Ft. Collins CDC, in the early 80s. We had a human vaccine for west nile and both equines. However, it came with SERIOUS risk. 5% of the ppl would be put in a hospital. And 1%, give or take, would be mentally incapacitated (i.e. we KNEW that it would cause brain damage). Therefore it was limited to just those of us working on it. 
You MiL survived, but she was one of the very few that got the worst case of it. Most ppl actually do better than that. 
However, as somebody who has suffered from Vertigo/memory/processing issues, I feel for your MiL. It is not fun to lose capabilities like that. Worse, most ppl who have suffered the harder effects, not only tend to have the mental issues, but typically turn a bit more aggressive.   Hopefully, that is not the case for her.",0.0099008679389953,0,0
4877,JS1617750,"I agree that the man has a serious mental disorder that should be discussed and treated if necessary.     Any citizen can have such illness and citizens should have the compassion that allows any person, even the President to seek help for mental health problems.     If he can continue doing his work will in treatment, fine, if not, give him a six month leave of abscence and see if he comes back healthier.

Here's some other possibility that may not have the same stigma as sociopath (who people equate to mass murderers.

https://symptomchecker.webmd.com/multiple-symptoms?symptoms=impaired-social-skills%7Cimpulsive-behavior%7Cinappropriate-behavior%7Cmood-swings&symptomids=478%7C265%7C490%7C267&locations=2%7C2%7C2%7C2

We can not be 'experts' but we can be an alarm to a problem that risk national health and security And get the man some help.",0.0041730115190148,0,0
5302,JS887892,Cry me a river. Where was this clown when Lewinsky's semen stained dress got Billy boy impeached? Moral authority my backside. Democrats have lost over 1000 seats across all levels of government since 2010 for a reason. Liberalism is a mental disorder. Only a crazy person would think it's wrong to put your own country first.,0.9892900586128236,1,1
4739,JS437241,"The petulant children inhabiting the world for the last 70 years need to go away. Whole generations of people who are traumatized and mentally ill have been ""running"" the world and causing needless suffering. You'll all be dead soon enough I suppose.",0.9611674547195436,1,0
4962,JS932540,"Who has the authority to make POTUS undergo a mental examination? He's showing a lot of the early signs of dementia, among other possibilities. Someone at some point has to question his mental competence.",0.003646861994639,0,0
5347,JS402553,Liberalism is a mental disorder. Intolerant of my intolerance = hypocrisy,0.4987819194793701,1,1
4548,JS330262,"Ah the old ""mental illness"" excuse. lol I've dealt with these people, used to stop and talk to them all the time while walking my dogs. Many suffer from substance abuse and thus are not employable? Get a grip, who do you think you're talking to, idiots. I am an alcoholic, Shawn. Did you hear that? I AM AN ALCOHOLIC. I had to choose to stop drinking. It was not easy. That's what these people need to do. In the meantime, they are not my problem unless they get in my way or bother me. Oh, and by the way...if you do your bible study you will realize that when Jesus said  ""the least of these"" he was referring to his disciples.",0.998511016368866,1,0
5039,JS1562293,"I guess if you don't want to work and support yourself then you are homeless. The rest are either mentally ill or drug addicts. 
That's the reality, it won't change.",0.4982272982597351,1,1
5446,JS156664,"Unless they are poor working class people who are white, the mentally ill or Christians, then its cool to disparage them.  Your friends need to know that you are one of the hip educated white people.",0.8021621108055115,1,1
4887,JS1448006,"Riel was committed to a mental asylum in Longue Point in 1876, then to the Beauport Asylum near Quebec City.  Modern biographers have speculated that he may have suffered from megalomania.  ""Madman"" may be a harsh term; ""mentally ill"" would be more accurate, although I doubt Mr. Cardinal would include this in his narrative instead.

Riel also had a prisoner, Thomas Scott, executed.  Would this be in Mr. Cardinal's narrative?

Riel was a polarizing figure.  If Mr. Cardinal's point was that the portrayal of just one pole was problematic, then he has a good point.  If his point was that one pole should be replaced by the opposite indigenous-friendly version, then that's a problem in itself.",0.0026622619479894,0,0
4826,JS841830,"On a news report this morning he's already claiming he has ""mental illness"" so I guess instead of being a criminal he's a victim who just needs help and understanding. People now have a built in excuse! Just blame it on ""mental illness""!",0.3226384818553924,0,0
5064,JS884714,Mr. Trump is obviously - really obviously - profoundly mentally ill.  This entire administration is a disgrace.,0.7320345640182495,1,1
4582,JS1413731,"PoiDoggy, it is not a civil rights issue; it is a mental health issue.  Stress, anxiety and depression are common problems suffered by transgenders. They are disqualifiers for enlistment and commissioning and for continuing on active duty.  Military personnel diagnosed with these mental disorders are normally discharged and receive free VA health care and disability compensation for the rest of their lives.  It borders on insanity to knowingly allow a class of people with mental disorders to join the military services when many already serving are discharged as unfit when diagnosed with the same mental disorders.",0.9597594738006592,1,0
4991,JS1408278,This is clearly a form of mental illness which requires psychiatric treatment. Mentally ill people deserve our sympathy but they don't belong in the military.,0.4569889903068542,1,0
4549,JS1484166,"I don't think that's it...

RD breezily dismisses the killer as a mental case instead of a domestic right-wing terrorist. Or does he hand wave the ISIS truck killers away as ""mentally handicapped""?",0.2747735977172851,0,0
5384,JS270458,Another UO PC witch hunt.  Liberalism is a mental disorder.,0.797292947769165,1,1
4923,JS355456,"A recent study in the peer reviewed journal, Neurology, suggests that pro football players may have up to four times higher risk of death from Alzheimer's and Lou Gehrig's disease (ALS).",0.0009496852289885,0,0
4680,JS1409933,"Awesome decision.  Thank you, POTUS.  TGs are mentally ill and there is no Fed law or US Supreme Court ruling that grants them any rights as TGs. MAGA.",0.9592328071594238,1,0
5558,JS7865,"that's true, and why I qualified this social disease as LIBERAL DEMENTIA.  This isn't about trash talking liberals, it is a fact that these people have a mental illness that is incapable of grasping simple facts.",0.8886200785636902,1,1
5128,JS97349,Mr. Turner I don't think the founding fathers would accept your modern reinterpretation.I think they would be appalled how their constitution was treated.  The 2nd amendment is treated as the 11th commandment while the rest are diminished to mere suggestions.. I am quite certain they would realize that Trump is mentally ill and not fit company.,0.119175836443901,0,1
4944,JS1267654,"I never said Viagra is a remedy for PTSD. I never made the assertion that it's only 100% distributed to PTSD afflicted personnel. I have no idea how you got such convoluted ideas.

What I said is that ED occurs in PTSD patients and patients are prescribed medications to treat various physical symptoms. Is that not so? My information of the connection between ED and PTSD comes from the VA itself https://www.research.va.gov/currents/spring2015/spring2015-3.cfm I can't imagine a psychiatrist would refuse to provide alleviation of symptoms while treating the underlying mental disorder. 

As for PTSD coming from gender dysphoria, that would logically have occurred before they ever came into the military, not, by definition, due to battle in service of the country, therefore a reason not to let someone with such issues enlist. We have enough problems treating service related PTSD.",0.0062163770198822,0,0
5094,JS295984,"The easiest way to win a beauty contest is to stand next to the fat girl wearing a diaper and bad pants suit. 

- Mental Instability? Ask Matt Lauer who went bat sh%$ crazy on him yelling and screaming and cursing him and threatening she was going to have him fired ...all for asking a question she hadn't pre approved..Advantage Shrillary
- Used Evangelicals? Hardly, their moral compass worked just fine in rejecting a 30 yr criminal who regularly has her political opponents and body guards whacked...advantage Killary
- Suckered Workers? Not this time They rejected Corporate Americas candidate - Advantage Corpillary
- Unprepared Millenials? Try again they don't want the TPP, and are anti war...Hillary was the ""Gold Standard of endless war candidates- Advantage - TPPillary 
- Misguided Tools? - Those are the ethically and morally bankrupt voters who ignored Hillary's 1,000's of felonies and selling out of this country to vote for herb - advantage Toollary

Out of space Hillary Wins 5-0",0.7895601987838745,1,1
5259,JS471164,"Fedup - you really shouldn't talk about yourself like that... It's unhealthy and you MIGHT need more mental help than you think you do now.. I'm sorry if you think YOURSELF as an idiot, it's tough when you have low self esteem but their is help for you, might even be covered under Obamacare..",0.5540253520011902,1,1
5490,JS879655,These comments are amusing. If a native shoots a whale liberals love it. If a white guy shoots a moose they think he belongs in jail. That is why most people think liberals are mentally ill.,0.9842812418937684,1,1
4930,JS368216,"You prove my points, that you don't know anything about schizophrenia or schizophrenics you think the terrifying mental disorder is ""their fault"", and you think they can, and should, ""just shape up"". ""A criminal is a criminal"" is linguistically correct but meaningless - it leads nowhere. Schizophrenics need a stable non-threatening environment, the right drugs on a regular schedule, and regular monitoring and therapy. Even with that, those with severe schizophrenia may hurt themselves or others. That hits close to home when your good friend, a normal person with a good future, is stabbed to death by a severe schizophrenic who heard the voice of god telling him to kill; or when your schizophrenic in-law kills herself because the devil rapes her repeatedly. I suspect you ignore that part of life. None of those mentally ill people are ""gaming the system"" or will ever ""just shape up"".  Larson definitely doesn't belong in prison, where he would be victimized and deteriorate further.",0.740082859992981,1,0
5248,JS1779301,"No. What she should learn from this is, ""Don't do idiotic things like this in public."" It ain't what she said, it's what she did. But, feeling invulnerable in her liberal righteous indignation, she thought no one could say her nay. It's the characteristic narcissism of the left-wing agitator. And pathological narcissism is a mental disorder.",0.7368935942649841,1,1
5369,JS750074,He is a scary maniac with a psychopath attitude.,0.1984001994132995,0,1
5464,JS8012,"Dementia: ""medical : a mental illness that causes someone to be unable to think clearly or to understand what is real and what is not real."" You are incapable of grasping the difference between dementia my family with Huntington's disease exhibited, and LIBERAL DEMENTIA that is incapable of grasping reality based facts. You cannot refute anything I have posted on this thread, and in shameless intellectual bankruptcy accuse me of mocking the handicapped to deflect off subject. Your dementia does not make your charge fact. It does show just how shameless you are.",0.9870333671569824,1,1
5329,JS665525,"Seven in 10 families have two income earners. Versus 2/10 in the past And we have rising addiction and crime, mental illness, and family union issues. Any coincidence ?  

If 2/10 had cancer and it rose to  7/10, we would spend hundreds of millions on research and likely find the culprit. But no, instead we talk about hundreds of millions for daycare to expand the problem. Then hundreds of millions of wasted dollars to try and put a band-aid on it.   

And we call that progressive thinking!

Stupid is as stupid does.",0.8583871126174927,1,1
5461,JS554728,"Their silence is deafening.  I am so ashamed to be an Alaskan right now, because of the jellyfish representing us! Speak up and demand this tyrant be impeached!  He is mentally ill and has the nuke codes! I thought the new thing was not to give guns to the mentally ill...but nukes are okay?  Speech! Speech! You three spineless tools! The whole world is watching and judging you.",0.5753449201583862,1,1
5093,JS1383462,"The jc hospital is a lawsuit waiting to happen, mental health in eugene is treated worse than prison. How dare the city take life from people in the land of the free because you do not take the time to understand individuals. Its a pitiful shame to force people on drugs because your stupid.",0.8922891020774841,1,1
4849,JS949216,"This is funny, sad, disingenuous, and cruel all at the same time, and it proves why conservatism ultimately fails unfortunates: “compassion for the less fortunate expressed through progressive social policies that help people to become self-reliant, and ensure equality of opportunity.” 

This is code. It translates to this: 

""If you're poor, it's your own damned fault; you will receive little to no assistance to force you to magically rise up out of the poverty cycle; this is 'progressive' as in 'different' as in 'different from the durn socialism everywhere these days'; and by equality of opportunity, we mean we'll tank affirmative action and make sure to help many corporations so you can have low level jobs there while our shareholder friends get rich. And if you fail because you have an abusive past, addiction problems, a lack of education, or mental illness? Tough. Break laws, you'll rot in jails we'll build and populate with tough sentencing laws.""

Epic...fail.",0.7616602778434753,1,0
4649,JS1108580,"Always with the Autism eh? It's not just autism that's associated with vaccines (CFS, ASD, cancers, and list goes on). The list of neurological, immune activation, cancers have been linked to environmental factors which include all vaccines. Stop pushing your pseudoscience medical mafia BS. Pro-Vac people need to give there brainwashed heads a shake stop listening to the media and the sad Drs/Pediatricians infecting our children and actually read/research the studies done by DRs/whistle blowers, medical journalists exposing the efficacy and safety issues. Funny how people won't eat, drink or use body products with aluminum, mercury, glyphosate, polysorbate 80, MSG, human cells, animal cells, but they will inject it right into the flesh which is totally different than ingesting the chemicals if any one tells you different they are either stupid, don't know what they are regurgitating or they are lieing.",0.9541016817092896,1,0
4653,JS1082069,"He was a lone wolf, a lonely man with no friends,  isolated from all other people on the planet. who acted alone. He has mental problems, perhaps he is depressed and needed a hug..  Maybe he had a bad experience with a police officer or an unsympathetic school teacher.",0.0010777843417599,0,0
5262,JS90296,OMG!!! I have a feeling the author needs a mental health evaluation. Hopefully he does not own any firearms.,0.0367627516388893,0,1
4922,JS1699877,"There are actually multiple lines of scientific inquiry going on as we speak in autism and its causes.  There is no evidence at all that vaccines have anything to do with autism.  There is, however, increasing scientific evidence that autism is a genetic and brain development issue.  Brain development happens before kids are born, and we don't vaccinate kids in utero.  Vaccines are a canard.",0.0020637812558561,0,0
4898,JS881911,Obviously this teen has issues. Could it be the environment that he is growing up with? Which more then often leads to mental issues in some way or another. I wouldn't be surprised he is involved with drugs as well. Oh well I guess it's off to the detention home only to be released to his PARENTS. The circle of being a perp continues.,0.1124244630336761,0,0
4953,JS240254,"I once told you about the little that got sick and died after being exposed to cat feces in her sand box a year later. Her brain turned to mush and had a really foul odor when they opened her head up. It was so sad.  

I don't read a lot. I read very slowly and I get frustrated. I had to take remedial reading even in college. I'm trying to read two books, one is called Nowhere to Go about the mental institutions closing their doors back in the 70s and 80s and another book about homelessness and the mentally ill. I finally have my brother living up here with me.  He's 69 and has been homeless in Florida off and on for a few years. It's his own fault just as it has been my own fault when I neared homelessness myself a few years ago.",0.4923174679279327,0,0
5506,JS1373055,"Sigh.... Its so funny how the government (and those standing on ""moral high ground) only gives a shit about mental illness when it comes to dagga... Can someone tell me how many mental patients died due to government negligence earlier this year? As for making one dumb, I have adhd.... Sure if I smoked a joint before trying to study, I couldn't, but after I started, I could keep on going instead of being distracted by those damn squirrels every 5 minutes... Got my degree and 3 diplomas.... Thinking of starting a post grad in psychology. 

Perhaps instead of regurgitating what the old guard keeps repeating, do your own fact finding buddy.",0.8221079111099243,1,1
5537,JS1276008,Transgenderism is medically classified as a mental disorder. Period.,0.6212328672409058,1,1
5263,JS1628543,"The left-wing media is certifiable. 
THEY REALLY BELIEVE THEIR OWN LIES! 
Liberalism surely IS a MENTAL ILLNESS!",0.981825590133667,1,1
5559,JS382959,"I  whole heartedly agree with you, Trump has mental problems......",0.5653003454208374,1,1
5065,JS1662241,I really hope you're not on the police force.  Scary to think that someone with your mental state would have police powers.,0.3914823532104492,0,1
4666,JS790277,And the $$$ goes directly for services for children with autism? Or do you mean just generally available to the coffers?,0.0124106230214238,0,0
5003,JS7165,"Since the organization has apparently been around for 144 years (1871) could you please identify what its true emphasis has been for those 144 years?  Have they only accepted those intent on maiming and killing since 1871 or did that occur later?    Are all 5 million of their members equally vile or are some less evil than others?  Which of the four magazines they publish are most likely to discourage training, responsible use or safety? 
When the NRA supported the  Gun Control Act of 1968 (GCA), which together created a system to federally license gun dealers and established restrictions on particular categories and classes of firearms, what was their real motivation?  (That's the one that also prohibits the mentally ill and felons to have firearms.)

I await your knowledgeable presentation about this nefarious organization.  My only prior contact of information  with the organization before today is seeing their stickers on other's cars.",0.2979842126369476,0,0
5322,JS1781997,"That’s racist, xenophobic, islamophobic. That’s the extent of debate from you and your ilk. I’ll now gladly just call you mentally retarded and move on to someone with the intelligence to
Debate in the first place. That’s what happened to debate.",0.9972647428512572,1,1
5209,JS650794,"It's official. Canadians have been driven to mental illness. 

(The test for civility here is confusing. I rated a comment referring to the left as disgusting and vile as not good but civil. There were no personal names. ""Vile"" means disgusted, and the poster was disgusted. So ??? If that's not OK, why is ""Fiberals"" allowed? That's referring to the Liberals as liars.)",0.8636459708213806,1,1
5212,JS1265949,The mentally warped bigot and pathological liar strikes again. He just can't get over himself.,0.9513629078865052,1,1
5362,JS1595702,"You, Bob, are mentally ill.",0.9106912016868592,1,1
5070,JS851004,"That he is mentally ill, there is no doubt.  And it will be asked whether or not he knew that murder is wrong.  But as a practical matter, who beyond our justice system really cares?",0.0301126092672348,0,1
5230,JS1616693,Always:  As you know  the powers to be in this state and country have turned their backs on the Mentally Ill FOREVER.  I agree with you that there are  many MENTALLY ILL that have outsmarted the system and belong in PRISON.  What's that tell you about the SYSTEM and its so called ADMINISTRATORS............Homer Simpson could teach them a thing or two........................,0.7855516672134399,1,1
4872,JS587677,"WHo needs jobs and prosperity when you've got a dynastic trust-funder with 2 nannies passing out parkas to poor kids getting off an airplane? REAL emotion has dried up after years of daycare, facebook, pharmaceutical responses to ADHD-ADD-Autism over-diagnosis, and a vacuous vapid entertainment industry, so therefore FAKE emotion goes a loooong way with your modern cosmopolitan society. Or 39% of it I guess.",0.9544950127601624,1,0
5182,JS1779301,"No. What she should learn from this is, ""Don't do idiotic things like this in public."" It ain't what she said, it's what she did. But, feeling invulnerable in her liberal righteous indignation, she thought no one could say her nay. It's the characteristic narcissism of the left-wing agitator. And pathological narcissism is a mental disorder.",0.7368935942649841,1,1
5140,JS1772309,"The 4channers/Deadbarters think the idiots in the GOP like Rump gaslighting most of the nation is a huge ""win"". 


But then these people have serious mental problems.",0.7943577170372009,1,1
5280,JS121389,"No matter the psychopaths beliefs, no matter their own ideology, this tragic event shows that a sickly motivated individual shall find a way, always, to attain the maximum amount of murder, mayhem, and carnage that they can, regardless of the tool, or weapon utilized.

It is never the tool, or weapon utilized, whereas fault should lay, but unto the individual that wields, or controls, said tool, or weapon.

I do not give a damn if the murderer is on drugs.

I do not give a damn if the murderer is depressed, or ""suffers"" from a mental ""illness"".

I DO give a damn about the victims that this murderer took away from their own families and loved ones, and unto all those affected by this action.

I am GLAD he is dead, as he does not deserve to live within ANY society, regardless of his own beliefs or ideology.

Every individual that follows the hateful rhetoric and directions from a hateful and violent group should be eliminated, period.

No quarter given, no mercy, no exceptions.  

Ever.",0.8560935258865356,1,1
5220,JS1648369,"Valleyisle57>  Need you ask me????  You are still the LOSER in Chief, ha, ha, ha!!!!  You think you are so clever, but you're still the loser in this time and place, so live with it, it will help in your recovery from the mental illness that plagues you!!!!   HA, ha, ha!!!!  King of fools, that's what you are and will always be, fool!!!!",0.9805801510810852,1,1
4773,JS256200,"This is exactly what people with mental illness face. Michael Albertson you have no idea what people with ""a history with mental health issues"" can do. There are thousands of examples of people with mental illness who have accomplished a great deal. I would start with Robin Williams and hundreds of other comedians, singers, actors, and entertainers who have had the ability and power to reveal their struggles with mental illness because of who they are and because they did not depend on getting a job, earning money, or anything else from people like you who are biased and prejudiced against people with mental illness. No wonder people with mental illness have to hide in the shadows. I think that someone with a history of mental illness could do that job as well as or better than the past holder of the position.",0.4483777582645416,1,0
4983,JS345674,"Liberals don't believe in evil.  Its always something else... Mental illness,  Desperately poor,  Its a religion, its the guns fault. etc etc",0.9079216718673706,1,0
5414,JS1713825,"No, he is not stupid.  He  suffers from a mental disorder, narcissism.  many Leader suffer from the same illness and this disorder has brought many down.  Irs Scandal, led right to Obama.  Uranium One?  Right to Obama, this situation right to Obama and the other Narcissist Hil LIARY.",0.728545069694519,1,1
4971,JS208821,"http://www.motherjones.com/politics/2013/04/timeline-mental-health-america

Once again you prefer your opinion over facts. 

""The Snake Pit"" helped exacerbate the public perception of all mental institutions as ""mad houses"" staffed by incompetents and abusers. This was reinforced by  Kesey's ""Cuckoo's Nest"" in '62. Simultaneously ""talk therapy"" psychologists, successful treating ""shell shock"" post-WWII / Korea, assumed techniques which worked for mentally healthy scarred by exposure to war could be used to treat people with physiological/chemical mental health issues. 

The ACLU, with more energy than forethought, began suing for absolute freedom and autonomy for institutionalized persons who by definition were incapable of such.  This perfect storm of good intentions led to the redirection of Fed funds under Kennedy to wrongly staffed ""community centers"" which left the released truly mentally ill to suffer on the streets.

Clayton Cramer's ""My Brother Ron"" has a good detailed history.",0.0051763374358415,0,0
4656,JS1599727,Inaccurate... these people are mentally ill to begin with.... it just so happens that they were on some form of treatment at the time the crime occurred.,0.9633376002311708,1,0
4858,JS1672182,"I am 100% disabled veteran and the Eugene VA clinic has been a complete mess. I was on a narcotic medication and they had a doctor review my case who had never seen me before, then without any warning they changed the dose on me and the only way I found out was on the bottle. That was the second time. The first time they raised it without notice and I was driving after taking it without seeing the bottle and almost wrecked with my children in the car because I became very high.  Every time I go I get a new doc who I have to explain everything about my injuries every time. In fact, it takes a toll on my mental health to relive it every time I see a doctor. I went to the advocate and I was told"" I have not been on the job long enough to help you sorry sir"" now tell me how that is great care when I was shoved aside???",0.009089408442378,0,0
4612,JS915100,"Spoken as a true Christian. Can't wait to hear your thoughts on Medicaid cuts to children with special needs, or care for the infirm and elderly. Remember. You are only one stroke away from being permanently disabled.",0.8661836385726929,1,0
4924,JS1104409,"---She said the stigma of mental illness makes it hard for people to stand up and do what they want to do. 

She errs: 

Saying that makes it hard. None of us need to pander to that prejudice. Far too many of us do.",0.0056175454519689,0,0
4554,JS947406,"To me this sounds like a psychotic episode. Probably started a bit at home, the wife mistakenly felt it was due to pressure and offered him a relaxing getaway that only made it worse. He could very well be a gentle person suffering from an adult onset mental health issue. Don't be too quick to judge.",0.0022648617159575,0,0
4740,JS804833,"Not sure how they can confirm this is a terrorist attack.  

I have a gut feeling that the force behind this deed was a highly confused individual, not a member of an organized group.  Much like the cowardly attack in Québec city, this smacks of mental illness rather than religious fervour.",0.2519832849502563,0,0
5489,JS157766,"The ""homeless"" are:

The Mentally ill,
Drug addicts,
Alcoholics

These are NOT simply people between jobs. 
More jobs or higher paying jobs will not have any effect on these people, since that's not what the issue is here.",0.0947237908840179,0,1
4954,JS1613143,"DO NOT give it to the U of Nike, (U of O), they are FLUSH with all the CASH they need. GIVE it to a LOCAL organization that supports the Homeless, Mentally Ill, Drug Intervention. I personally would feel more JOY about helping the Homeless, Mentally Ill, than HELPING Uncle Phil.............",0.5817868709564209,1,0
5405,JS1068098,"Wake up. The KKK is very much alive as are all the other right-wing hate groups. One mentally ill man shooting at the Republican ball practice is not a ""leftist hate group."" Absolute silliness.",0.8074138164520264,1,1
5181,JS944989,"I hope that nobody you love ever suffers from any kind of mental illness. You will not be intelligent enough or educated enough to be properly equipped to help or understand in any kind of way. You are ignorant, hateful, and quite frankly, stupid. Your comment wasn't even necessary.",0.9200464487075806,1,1
5075,JS572309,He is incapable due to his mental illness. Pathological narcissism and sociopathy.,0.3205823600292206,0,1
5124,JS1034578,"You mean having a mentally ill, narcissistic, ignorant old bigot trying to run the country into the ground.",0.600980818271637,1,1
5260,JS677749,Liberalism is a mental disorder.,0.6742792725563049,1,1
5541,JS419102,If God exists he's incredibly psychotic and schizophrenic...,0.9033197164535522,1,1
5282,JS26518,"No Frederick.

You attitude comes from your own deep seated hatred, bigotry and ignorance.

I hope someday you admit your faults and seek the mental health care you so clearly need.",0.300568163394928,0,1
5326,JS228074,"Ignorant and divisive always depends on individual liberty and justice for for the mentally disabled at the Attorney General's and Alaska State Trooper Offices, part of that Alaska Human Rights Law.

""It is also the policy of the state to encourage and enable physically and mentally disabled persons to participate fully in the social and economic life of the state and to engage in remunerative employment.""

      -- Alaska Human Rights Law, AS 18.80.200.

""Practices by the State and it's Political Subdivisions""

It's a great accomplishment to get the Federal EEOC, to do the job of the retarded state employees at the AHRC for great ""Places of Public Accommodation"" for the mentally retarded remunerative employment commission.

http://humanrights.alaska.gov",0.5250174403190613,1,1
4616,JS1698508,"People can say blame mental problems or their rights to have guns, but we have gotten to the point in this country where guns are causing the problems. You take them away then you have no mass shootings. Sadly right now as we speak some fool is waking up this morning saying ""I have nothing to lose, so how can I plan on gunning down as many people as I can?"" This is the country world we live in where we have the right to kill as many people as we can and no one can ever take that right from us. And why can't we all have the same right to healthcare again?",0.636993944644928,1,0
4696,JS40909,"""Our physicians, Judith Bowman MD and Albert Mensah MD are co-founders of Mensah Medical, an international biomedical clinic for patients diagnosed with autism, ADD, ADHD, OCD, Alzheimer’s disease, Parkinson’s disease, bipolar disorder, anxiety, depression, and eating disorders. Drs. Mensah and Bowman treat both pediatric and adult patients with targeted Advanced Nutrient Therapy, an effective and natural alternative to prescription medication.
 Answering the need for specialists with backgrounds in both traditional and natural medicine, Drs. Mensah and Bowman co-founded Mensah Medical after serving as primary physicians at the original Pfeiffer Treatment Center (now closed) near Chicago. While at Pfeiffer, both physicians received full, extensive training by William J. Walsh, PhD, founder and former director of research."" www.mensahmedical.com",0.0001240590354427,0,0
4737,JS1325748,"Many people with mental health challenges have ongoing problems with navigating daily life. It is the same problem that is exhibited by some segments of our own homeless in Hawaii, which is that mental health issues can contribute to a disrupted life. I hope O'Connor is being assisted as she struggles through her current sad situation. ""“She is surrounded by love and receiving the best of care,” the post read.""",0.0004621476109605,0,0
4618,JS1780463,Drug use can sometimes trigger latent mental problems.  The problems would probably have showed up anyway.,0.0062172757461667,0,0
5523,JS770991,sickening that a human being can do this to another. My bet is this guy not only is a racist but is found to have a significant mental illness (psychotic). That would explain it. Very sad. Not only that but to attack him from behind? Such a coward.,0.5323216915130615,1,1
4647,JS745527,"Howard Hughes suffered from severe mental illness in his later life.  One of the richest men in the world, Hughes spent all of his timed holed up in his compound, compulsively watching old movies.  He cut his fingernails once per year.  He collected his own urine in jars stacked up all over the place.

I'm picturing Trump becoming something similar - barricading himself in Mar A Lago, compulsively fingering his twitter machine (tough to do with 6-inch nails).  Next he'll be demanding cases of empty jars...",0.1452610790729522,0,0
5256,JS989493,"Just another example of the mentally ill population that inhabit downtown , a useless bag of kukae that take out its frustrations on something beautiful to highlight a wasted life.",0.9998540878295898,1,1
5157,JS1221085,"Only the most uninformed, lobotomized fool and greater fools are buying right now. The cult of real estate is still strong in our pathetic, ridiculous little nation of debt beavers. With any luck, the coming correction (hoping for crash) will teach the mentally ill cultists a lesson they won't soon forget.",0.9912980794906616,1,1
4946,JS804833,"Not sure how they can confirm this is a terrorist attack.  

I have a gut feeling that the force behind this deed was a highly confused individual, not a member of an organized group.  Much like the cowardly attack in Québec city, this smacks of mental illness rather than religious fervour.",0.2486859858036041,0,0
5543,JS208187,"There's always an excuse, isn't there? How about Trump is an incompetent, unqualified, lying, moronic, narcissistic, mentally unstable buffoon?",0.7682288885116577,1,1
5397,JS1513638,He has time to complain about ESPN tweets but he doesn't have time for North Korea and appointments?  The GOP elected and entirely incompetent candidate with a personality disorder and mental illness.  Nope we don't expect to accept anything that comes out of this dumpster fire.,0.647371232509613,1,1
4590,JS609231,"No, we might feel a little more sympathetic if he expressed remorse for his actions and empathy for his victims. BTW, narcissism and sociopathy are considered to be personality disorders, not mental illness.",0.0403611063957214,0,0
5561,JS149481,"Since when did you become ""sensitive"" about someone else's mental health, Kearon?  Hypocrite is as hypocrite does.",0.8927275538444519,1,1
4894,JS149093,"I read your book, Mr. Kennedy, and found it to be so moving and insightful regarding the mentally ill and their families.  You speak so clearly and wisely about the needs of those people and I cannot thank you enough.",0.0005805148393847,0,0
5507,JS1263720,Add mentally ill to the list!,0.5800557136535645,1,1
5190,JS767862,The President is in a rage. His mental illness is increasingly at odds with playing President.,0.0014107965398579,0,1
5469,JS1794947,"Your solution is to use air freshener & it will all just go away.   Americans have no more incidents of mental illness than any other country, but no other country has anything close to the amount of mass murders.  Mental illness is just another stupid deflection & lame excuse.",0.7759632468223572,1,1
5551,JS884714,Mr. Trump is obviously - really obviously - profoundly mentally ill.  This entire administration is a disgrace.,0.7280585765838623,1,1
5364,JS168761,"What kind of mental illness do you, hoodad, have to cause you to continually STALK ME? I have repeatedly asked you to STOP STALKING ME, but you literally follow me around this site to reply to my every post.

You are a typical trump supporter - a CREEPY STALKER with serious mental health issues.

I reiterate: STOP STALKING ME or I will be forced to contact the Alaska State Troopers.",0.9632979035377502,1,1
4717,JS1592241,"It's a sad day and my heart hurts for all in Vegas. This is not political, this is not about gun control, its about a psychopath with mental illness. And we are all proud american's that will come together to support the victims and their family. #onenationundergod",0.0192234273999929,0,0
5419,JS989493,"Just another example of the mentally ill population that inhabit downtown , a useless bag of kukae that take out its frustrations on something beautiful to highlight a wasted life.",0.9998551607131958,1,1
5437,JS1593596,Could someone please find a copy of the Constitution and while you're at it you might want to read it to this moron. You can't impeach a president just because you don't like him.. Liberalism truly is a mental disorder.,0.9881781935691832,1,1
5267,JS95281,"Probably just another mentally ill homeless person. It's Eugene right? But I had martial arts as a kid, and it's always better to resist then to get potentially kidnapped.",0.2643440961837768,0,1
5374,JS714903,Leftists are corrupt to the core. They also have a mental disorder there's books written on the subject. I've had senior liberals tell me that there's no such thing as democracy. JT will destroy the libtard party once and for all. What do you expect from a George Soros Puppet that gets advice from Jean Chretien. Another corrupt useless cuck.,0.9996968507766724,1,1
4825,JS776942,"I have no idea what are the early signs of dementia? You think so? My mum had Alzheimer's and died in January of this year. 

I have greater knowledge of dementia than most...and it didn't come from a textbook  alone.",0.0008261096081696,0,0
5007,JS1352286,"I see one confused and internally divided (double-minded) person. The rate of mental ""illness"" in that community is much higher in the heterosexual community.",0.9904577732086182,1,0
4628,JS335707,"About 30 years ago decisions were made to move mental health patients from the hospital in Salem to ""community based solutions."" Cases were made for it, but there were very few community-based options and no money was allocated to create or give incentives to organizations to build and operate them. 
I was on a board of a mental health organization in another county at that time. Our organization operated a very small facility, but we knew we couldn't handle the extras who would come to our community. Nevertheless, patients were released with no good options in communities they went to.
Decisions are made by politicians and bureaucrats, but they don't have all the information they need and their goals may not be in the best interest of the patients who are turned out into communities; endangering the patients and at times others. 
A closing date of 2018 doesn't allow much time for planning, does it?",0.000229843732086,0,0
5450,JS1643441,The malignant narcissist and mentally deranged sociopath has no credibility.,0.3737355768680572,0,1
5171,JS1440614,Liberalism is a mental disorder.,0.6771735548973083,1,1
5396,JS1341792,"Plainly stated, he's a mentally unstable narcissistic lying buffoon. Emphasis on the mentally unstable.",0.8555089831352234,1,1
4531,JS56994,"“DOC is the one that has the answers. They’re the ones responsible for housing our mentally ill, for taking care of them""
Here is the problem again, same perspective that the other parents with the dead daughter had. We have  a terrible mental health system and a growing mentally ill population, by default they end up in DOC's care, but this is not the role of DOC.",0.0023682273458689,0,0
4654,JS1593308,Readers Digest is for psychotics.,0.2707161903381347,0,0
4961,JS1535402,"I'm in favor of proportional fines based on income or assets for equitable deterrance, particularly for traffic-related violations. The only problem is that fines can only deter people with forfeitable  income or assets. Indigent offenders don't care if a fine is $1 or $1,000, it's not getting paid. Jail is the only threat, or at least the only way to incapacitate them from violating for a time. 

Probation's just a hall pass to re-offend until caught again. Rehab has to involve voluntariness to work, and requires support and accountability for the indigent during that period -and- they have to be willing to become productive citizens in terms of behavior and employment or they'll just be back on the streets offending.

We have to put money into supervised care for the mentally ill indigent, many of whom will not get better. We need to carefully design and fund programs for those willing to be saved from addiction. 

But we also need cells for the hardened remainder. That's reality.",0.0859701782464981,0,0
4704,JS1635194,"there is no good or right answer to your questions.  there is no place,for the mentally ill... except the johnson unit at the old hospital.  neither of the situations you ask of has a solution.. a quick one anyway. i'd love to see Eugene copy the Springfield practice of putting up what are ""no handouts/no begging"" signs and enforcing them.",0.2688814401626587,0,0
4791,JS1779114,"When Trump rolled back the law and allowed mentally ill people easier access to guns, which way was he steering the narrative?",0.0156836509704589,0,0
5546,JS97349,Mr. Turner I don't think the founding fathers would accept your modern reinterpretation.I think they would be appalled how their constitution was treated.  The 2nd amendment is treated as the 11th commandment while the rest are diminished to mere suggestions.. I am quite certain they would realize that Trump is mentally ill and not fit company.,0.118172749876976,0,1
4699,JS1258507,Mental health care for Canadians is woefully underfunded country wide.,0.0020882098469883,0,0
5392,JS907918,"you need to read the article again.  she is resisting his policies and not necessarily resisting trump as an individual.  but many people resist trump as a person because of his bigotry, racist attitude, cheater, liar, sexual predator and mentally ill.  these are horrible personal qualities for a president.",0.2783389091491699,0,1
5297,JS269267,Raymond Justice is a mental screw up who can do that,0.8304524421691895,1,1
5328,JS127410,Liberalism is a mental disorder,0.5621123313903809,1,1
5449,JS63783,Liberalism is a mental illness. These people can only work with what they were born with.,0.9915082454681396,1,1
5054,JS1246649,"No one cares? Having family who live in the twin cities, I can assure you, everyone in the state is affected by this killing. The police in the twin cities area have some well trained, yet unqualified personal who are too frightened to do their job. You would have to be a fool to not see this coming. The police are out of control and we all deserve it. We demand more, and leave them dealing aggressively with the mentally ill and poverty. Those are the people who no one cares about.",0.8677992224693298,1,1
5453,JS497792,Donald Trump is seriously mentally ill?  I did not realize he was posting all/day everyday on ADN.,0.5019381046295166,1,1
5191,JS1364230,"Perhaps any money he has left over from his campaign, he can donate back to the State of Colorado in response to the millions of dollars he wasted trying to kill someone who is mentally ill.",0.1096678525209426,0,1
4667,JS361723,"This isn't about Demboski' free speech.  This I about racism, false accusations and slander.  It's also about Demboski's mental health issues an lack of ability to base he actions on reality and decency.",0.1465814709663391,0,0
4929,JS1593609,"You left out mentioning that within a second of someone trying to argue gun policy, the other side insists that now is not the time. It is never the time for the zealous gun supporters.
Gun rights supporters talked about more mental health support seberal years ago after the school mass shooting back East. How many bills passed? Zero. How much extra funding was provided for public mental health counseling? None.
It's all smoke and mirrors for this crowd.",0.0586907379329204,0,0
4683,JS1427625,"As a father of a teenager with Down syndrome, and as a CEO of one of the largest employers of people with intellectual disabilities in Colorado, I am so appreciative of the great work done by Michelle Whitten and Global Down Syndrome Foundation in so many areas: scientific research; medical clinics such as the Sie Center for Down Syndrome; free information to expectant parents of children with Down syndrome; the Be Beautiful Be Yourself Fashion Show featuring celebrities on the runway with children and adults with Down syndrome; her magazine dedicated to children and adults with Down syndrome. So much great work that has greatly contributed to a fuller understanding of contributions of people with Down syndrome that has been an important factor in many families deciding to carry their children with Down syndrome to term; conveying the true qualities of children and adults with DS is truly one of the most important factors in celebrating their lives and welcoming them into the world.",0.0037138983607292,0,0
5041,JS300706,"FECES  several inches thick throughout the house,  URINE smell so strong in the house that  the Sheriff could smell it outside 20 feet from the house.  What a piece of work these two are..................................... Is it STUPIDITY, MENTAL ILLNESS????

They should be BANNED from  EVER owning any LIVING thing.................FOREVER..............Read the Sign...............FOREVER...............",0.97447270154953,1,1
4604,JS464132,"PTSD is trauma based, so person is not mentally ill although mentally ill people can also suffer PTSD the two are not related. If you really knew any one who suffers from PTSD you would realize it is not a mental illness. People can also have PTSD from non combat trauma, one of the reasons for many people who suffer with non combat PTSD is being a victim of many years child abuse. PTSD is PTSD no matter the cause the way people with PTSD react is the same they may have different triggers but the internal stress is the same. People with PTSD are more apt to harm themselves than anyone else.",0.0093549927696585,0,0
5439,JS168761,"What kind of mental illness do you, hoodad, have to cause you to continually STALK ME? I have repeatedly asked you to STOP STALKING ME, but you literally follow me around this site to reply to my every post.

You are a typical trump supporter - a CREEPY STALKER with serious mental health issues.

I reiterate: STOP STALKING ME or I will be forced to contact the Alaska State Troopers.",0.9630062580108644,1,1
4913,JS972200,"Hiring mentally ill citizens should be done with lots of common sense and honest advice from involved professionals if it is to succeed. Education about mental illnesses must be provided to current employees . New York has /had one work program that helped to sustain work like this for mentally ill citizens.  A mental illness professional met with the  group, made sure they got to work and then stayed with the group to work along with them.  Later he/she made sure they got home--to a shelter, group home or family home.  I think there are citizens who want to help this well planned way to keep SMI employed. Perhaps some of your readers already know about this kind of program.",0.1653719991445541,0,0
5483,JS1762744,"""...human trafficking, active tuberculosis.....""  Yay!!! This is what Crazy Mazie wants to bring on land to Hawaii!!  Awesome!!!   (She is one mentally ill Libtard...)",0.9880707263946532,1,1
4534,JS336525,"I have a question for everyone. Do you honestly think that everyone this is homeless is a drug addict or a drunk?
I have lived here since 2009. I have been homeless most of that time. I dont do drugs or drink but my health problems make me an insurance liability. Im fighting for disability but in the meantime it leaves me without shelter. Everyone talks about new shelters and people helping but i dont see it. I have called places that say they will help but they won't help me. I use a walker but still no one helps, so truthfully they dont help.",0.0096368510276079,0,0
5312,JS1395227,DONALD TRUMP = MENTALLY ILL.,0.7962139844894409,1,1
5152,JS92511,Liberalism is a mental disorder.  Where's nurse Ratched when you need her?,0.9456893801689148,1,1
5187,JS353947,"you have serious mental issues, Oh I forgot you are a liberal.",0.993070662021637,1,1
4742,JS1759919,"Francis, Weinandy is not mentally ill--if that were true, he would have an excuse, and would deserve our compassion rather than our rejection for his failure to grasp that his is a theological light weight with pretensions. Yeah, I know that could be a neurosis, but no more that the rest of us. We're not mentally ill for that, and neither is Weinandy.",0.0770260319113731,0,0
4985,JS1776950,"If you read up on history, you will see that lobotomies and eugenics were not actually based on science.  The lobotomy was a primitive treatment that seemed outwardly to work (to effectively silence the mentally ill) but only because others would no longer see or hear the effects of the sick.  There was no science behind it, and it was done in  a time when there was little scientific understanding of mental illness.  Mental health medicine was still in the ""dark ages"" then.  As the science progressed, lobotomies were discontinued.

Eugenics was a belief system that had no basis in science, although there were those who famously tried to use science to justify their belief.  They failed to do so, BTW.

As matt calgary correctly responded, electro-convulsive therapy is a valid treatment that is still used today.  It is true though that it was overused in the past, for the same reasons that lobotomies were used...lack of scientific knowledge.

Science is evidence based.",0.0080497367307543,0,0
5342,JS1266083,"""We are talking about a clear mental deficiency. ""

Oh that's your professional opinion, is it? Please provide your qualifications, what's your PhD?

And blacks were considered mentally inferior too, so this bogus reason you've offered doesn't successfully counter my point anyway.",0.8675675988197327,1,1
5317,JS1426748,Once again we are reminded that liberalism is a mental disorder.,0.9372456073760986,1,1
5127,JS786935,Sad to say most republicans are mentally ill.  The Donald is just a bit more.  lol,0.927494466304779,1,1
4974,JS1374970,"Good way to find the larger issue Will.   I can't silence the holocaust deniers, but I most certainly an call them the religious/racial bigots that they are.   Unless they act to harm the targeted groups, they don't pass into the realm of criminality.   

Hmm, maybe we could institutionalize them for their delusional thinking?  Nah,  we don't do big mental health institutions anymore do we?  We could put them in the community treatment since mental illness presents no risk to the public.  (yes, I'm teasing Gary -  but he can take it).

Thanks for taking the big picture into question Will.",0.5578463077545166,1,0
4939,JS493365,"A National housing strategy will not solve homelessness. Why not? Because 40% of the homeless suffer from chronic, severe, untreated mental illness. Many of the remainder suffer from substance abuse and addiction, and many have a mixture of both. These people are not technically ""homeless"". They do have homes, and families who care about them. But their illnesses, by distorting the reality of the world around them, have separated them from their homes.

Until the problem is attacked as a public health issue, rather than a social one, it will not improve. Outreach programs targeting the mentally-ill, and addiction programs must first restore the person to health. To a great extent the problem is one of vagrancy rather than homelessness. A housing strategy may help a minority of people on the street, but alone it will certainly fail.",0.0054268348030745,0,0
5198,JS713432,"Finally - a single Republican who has a spine.  Trump lied about the wiretap - he follows internet conspiracies, of course - but since his mental illness will not let him admit a mistake, he'll ignore McCain.

Trump is profoundly mentally ill.  We have an insane President.  It's a huge tragedy that will not end well.",0.4869812130928039,1,1
5351,JS377791,"Trump is a dangerous slime ball that has an obvious Narcissistic Personality Disorder (as in anti social, and psychotic variant).   America is in deep doo doo.",0.9342142939567566,1,1
4684,JS147691,"If they start treating animal abusers like they do pedophiles or domestic abusers it would help. There really needs to a national registry for this sort of thing. While I agree with part of your post, I think community service and a mental health evaluation would be the place to start.",0.0118218902498483,0,0
4627,JS1073665,"There are many people with multi-million dollar salaries who have nowhere near the intelligence, competence, work ethic, or 'the right stuff' that millions of other people making far less have.
In fact, there are criminals and people with mental disorders making millions and even billions of dollars. Our current president is a good example.
Life is not always fair.

Best,

RTD",0.2565061748027801,0,0
5125,JS1340417,So it's true...all Liberals are in fact mentally retarded.,0.9932979941368104,1,1
5416,JS1446884,"I wish this Washington SWAMP SCUM would hurry up and die. He hates Trump because he became President and SCUM McCain didn't. Hey, angry mentally ill old man....DIE!!!",0.9886115193367004,1,1
4569,JS1625254,"and the irresponsible ones, and the mentally ill ones, and the ones about to crack, and the next shooter planning his massacre.",0.1275035440921783,0,0
4943,JS1769479,You mean an illegal executive order that deprived people of the right to buy guns with NO ADJUDICATION OF MENTAL HEALTH.,0.0722088441252708,0,0
4763,JS1785998,"Don't buy that it is a mental health issue.  That is just more deflection from the guilty.  Americans have no more mental illness than any other industrialized country.  Another deflection from the real issue.  4% of the world population owning 42% of the world's guns. That is the problem - pure and simple.  As well allowing virtually anyone who wants one, an avenue to get one.",0.7185782790184021,1,0
4860,JS737397,"This is a small step, but the best thing would be to keep low-level, non-violent offenders completely out of the criminal justice system altogether with a program like Law Enforcement Assisted Diversion (""LEAD""), where police, with social service agencies, divert people *before*they get arrested, instead of a program like this, which only speeds up their court time, still placing a person firmly in the grip of the criminal justice system-just for being poor or mentally ill. The idea of court-ordered treatment for low-level offenses also may not work very well, the best solution is one where people can find for themselves the path toward treatment and rehabilitation. Finally, if everyone in this program said ""yes"" to treatment, I doubt there are resources in Hawaii right now to accommodate them anyway. Any program like this or, ideally, LEAD, must be backed up by a tremendous increase in our social safety net for the poor and mentally ill, or it simply will not work.",0.0041632736101746,0,0
4712,JS832049,"I don't condone what he did. But neither do I condone the comments on this page. It's clear the man has physical and quite probably intellectual and emotional problems. No excuse, but it's not as though he's 100%. But then again neither, obviously, are most of the commenters on this page.",0.0653473362326622,0,0
5142,JS1395227,DONALD TRUMP = MENTALLY ILL.,0.7962139844894409,1,1
5508,JS665525,"Seven in 10 families have two income earners. Versus 2/10 in the past And we have rising addiction and crime, mental illness, and family union issues. Any coincidence ?  

If 2/10 had cancer and it rose to  7/10, we would spend hundreds of millions on research and likely find the culprit. But no, instead we talk about hundreds of millions for daycare to expand the problem. Then hundreds of millions of wasted dollars to try and put a band-aid on it.   

And we call that progressive thinking!

Stupid is as stupid does.",0.8583871126174927,1,1
4931,JS264680,"That fellow Jeffrey Don Walton that was arrested is a convicted sex predator, who preyed on a young girl in California.  Now he is living here in our community, and being allowed to associate with minor girls.

Do you really think that taxpayers will be willing to pay expensive new taxes to allow scumbags like him to come from out of state to live in our community?   He should go back to California.

Do we really want to make Eugene a haven for perverts, drug addicts, and the mentally ill?   If we do, they will come flocking here from around the country.",0.875310480594635,1,0
4942,JS459470,This guy is a Vet.  A Vet who served. He obviously has mental health issues that nobody dealt with.  Nobody.  He was left out in the cold.  You should consider that Raised In Chugiak.   Even Trump's kids never served like this guy did.  I was heart sick when I read your post.,0.3309075236320495,0,0
5531,JS1783186,"How ironic is it that a lying, coldhearted, narcissistic sociopath, Donald Trump, is telling America that this church tragedy is a 'mental health' issue, not a 'gun issue?' 

A sociopathic idiot is trying to 'reassure us.'",0.9006348252296448,1,1
4655,JS972721,Ignoring mental illness is not serving our country well.,0.0017109008040279,0,0
5295,JS1068098,"Wake up. The KKK is very much alive as are all the other right-wing hate groups. One mentally ill man shooting at the Republican ball practice is not a ""leftist hate group."" Absolute silliness.",0.8074138760566711,1,1
5456,JS98258,"I used to refer to this babbling nonsense as liberal dementia, but the RG online moderator stated I would be banned for using this term the Register Guard has published on at least 7 occasions, so I will now simply refer to this babbling as a mental illness.",0.2869038879871368,0,1
4981,JS1261641,"Is it even possible for a young person to have good mental heath in an environment  (reserve life) that lacks opportunities and optimism for a bright future?

I agree with your point but there are root causes that would challenge even the strongest of minds. Until those fundamental issues are addressed, poor mental health will continue. No amount of psychology or anti-depressants will deny the realities of having no hope for a future.",0.0024097117129713,0,0
4806,JS241058,"I don't believe it's possible to be any more morally lower, sick and twisted then abusing the mentally ill.... 

Clinton organizers admitted on video tape to paying protesters to incite violence at Trump rallies. Some of those protestors democrats picked to incite violence were among the mentally ill in this country.

http://www.mrctv.org/blog/

“No, I’m saying that we have mentally ill people that we pay to do s***, make no mistake. Over the last twenty years. I’ve paid off a few homeless guys to do crazy stuff, and I’ve also made sure they had a hotel.""",0.9552635550498962,1,0
4560,JS1564473,"He needs to be discharged.  There is something wrong with his mental health, this is a Nidal Hasan, Tim McVeigh, Bradley Manning waiting to go off or commit other violations.  Be safe, not sorry.  Toss him.
Maybe the NFL could use him as a waterboy and knee-taker.",0.1692671924829483,0,0
5210,JS1159130,"The Donald is sane?  What makes you think that?  The Donald obviously has mental problems which he needs to get help with.  Come on Donald, release your tax returns and stop the lying.",0.5335106253623962,1,1
4555,JS1781603,"As a nation we are failing to address two glaring problems regarding violence involving guns:
1. Allocate funding to enforce existing gun laws. Joe Biden quote: ""“And to your point, Mr. Baker, regarding the lack of prosecutions on lying on Form 4473s, we simply don’t have the time or manpower to prosecute everybody who lies on a form, that checks a wrong box, that answers a question inaccurately."" So why pass more laws, when agencies are not enforcing existing law?
2. Mental health needs to be a major area of focus. James Holmes was obviously suffering from mental illness, was seeing a therapist, yet fell through the cracks. Paying lip service to mental health is politicaly expedient bull feces. Requiring mental health professionals to notify law enforcement when patients exhibit delusional tendancies and entertain fantasies of violence is a dicey step, but without pertinent information law enforcement is blinded to sick people.",0.0851131007075309,0,0
4682,JS389991,"“Maybe they’re so distressed with severe symptoms this becomes an option to end their life,” Dr. Links said in a phone interview. “They tend to be people who don’t have a lot of resources.” 

Is anybody shocked by this? Our overstretched health care system simply doesn't have the resources necessary to adequately deal with mental illness. Anybody who has money can pay for a private-practice psychologist but most who don't will likely face a long wait to see a psychiatrist.",0.1061247512698173,0,0
5335,JS138838,"Because Hillary was smart enough not to attack the mother of dead Benghazi Soldier. Trump is too stupid to let this go. He keeps digging himself in deeper. 

""When he isn't the center of attention every minute of every day, he is compelled to seek out that limelight no matter the consequences.

It's not a disease - a disease can be treated. No, Donald has an extreme personality disorder - one that makes him unfit to hold public office of any kind.""",0.8885668516159058,1,1
5306,JS1140266,"Trump cannot help it, he is mentally ill. He and the wrong right can't help it because they are ignorant. Trump wouldn't stop it even if he could because psychopaths thrive on harming others. Some of his voters can't help it, because intellectually they are above average at lake Wobegon, not here. The Russians could and did help it because they know from experience what will happen to a country led by mentally ill, ignorant psychopath.",0.9376355409622192,1,1
4933,JS202850,"He did not shoot at the tree cutters, he pointed away from them and fired warning shots.

He shot at the police when they were preparing the gas canisters to throw at him.

It isn't the fault of Chugach or the tree cutters that the APD, who knew Mr. Musser was suffering from mental health problems, decided they needed to use their military toys and so showed up, surrounding his house in riot SWAT gear with a tank and an excavator, using a megaphone, and started lobbing gas canisters and stun grenades at the man. The APD escalated his stress and the situation instead of approaching him more sensitively to see if they could calm him and get him out of his home and the neighborhood to a mental health facility.

Local police should not be using military equipment or acting like a military force. When they do, they immediately escalate tensions, scare people, and it results in violence.

The above article has changed since last night, by the way.",0.0115980673581361,0,0
4798,JS1103842,"Please cite to me the section of the HR 1628 that ""enhances"" mental health care. Pages 199 -120 discuss inpatient care to be held to the current level.",0.0009515456040389,0,0
5265,JS1315961,Sounds like a crazy old psycho and a couple of obnoxious hipsters. Quit feeding eagles silly people and leave them alone. The crazy guy needs to be put in a nut house. And hipsters need to be kicked off the island. Issues resolved.,0.9894946217536926,1,1
4884,JS881911,Obviously this teen has issues. Could it be the environment that he is growing up with? Which more then often leads to mental issues in some way or another. I wouldn't be surprised he is involved with drugs as well. Oh well I guess it's off to the detention home only to be released to his PARENTS. The circle of being a perp continues.,0.1138497740030288,0,0
4871,JS717655,"DSM 5.  That's the one  voted on at the Convention and the kids couldn't get their medical bills paid for because they voted to change the diagnosis for autism, right?

Aspergers went away because of that majority vote.

""Changes include:
The diagnosis will be called Autism Spectrum Disorder (ASD), and there no longer will be subdiagnoses (Autistic Disorder, Asperger Syndrome, Pervasive Developmental Disorder Not Otherwise Specified, Disintegrative Disorder).""

That's the kind of science to rely on; whatever a majority vote finds to be a 'mental disease of defect'.

Of course you remember when the DSM said homosexuality was a mental issue!

""1973 homosexuality per se was removed from the DSM-II classification of mental disorders and replaced by the category Sexual Orientation Disturbance. This represented a compromise between the view that preferential homosexuality is invariably a mental disorder and the view that it is merely a normal sexual variant.""  Oregon was sterilizing them.",0.6531580686569214,1,0
4736,JS521026,"Many of the drug related murders that took place in 2016 were caused by teenagers trying to cash in on their marijuana drug deals gone bad.  Alaska's new legislative coalition needs to open up the door and take a close look at passing gun control legislation for felons and teenagers who are getting their hands on guns way too easily.  I'm not talking about control for LAW ABIDING citizens who are careful about keeping their gun(s) safe and out of the reach of children.  I'm not talking about infringing on anyone's 2nd amendment right to own a gun, so save your breath and don't post idiotic comments about taking your guns away; UNLESS you're a felon or have a history of mental illness, or have used a gun during a domestic violence episode.",0.2649424374103546,0,0
5515,JS465979,"OK Rachael. Let's say I think you're crazy. I'm guessing you don't own a gun but I call the cops on you because you probably shouldn't be driving. Officer Friendly stops by and he agrees that you're a little nuts so he decides to confiscate your car based on his spot assessment. End of story and you never get it back. The cop also has the power to decide if you can be involuntarily indefinitely committed to a mental hospital. You're cool with that right?
Personally I'd rather have a judicial hearing to decide if I'm legally insane but your way sounds pretty awesome too.",0.1689382195472717,0,1
5214,JS1260348,"Anyone who believes that the President is of sound mind need only to listen to his remarkable speech to Boy Scouts.

The President is, sadly, profoundly mentally ill.  The sooner he is removed from office, the better",0.1230122223496437,0,1
4589,JS1563371,"IF, and I say IF, I was having a Mental Health Crisis, and I was a THREAT to the Police officers and or Society or myself, I would expect the POLICE to use whatever FORCE is necessary to neutralize my AGGRESSIVENESS.   AND, I would  NOT SUE because of my MENTAL HEALTH PROBLEM, and I would not want my parents to SUE either.    I prefer to see the Police go home unharmed  to their Loving Families and Children and Friends.    And since our State and Country have turned their backs on the Mentally  Ill FOREVER, the Nuts need to be Harvested.   So, do NOT blame the Police as they are protecting the Normal people from these sick folks..............

Read the Sign: Serious  Mental Health Sickness is NO EXCUSE..............",0.565807580947876,1,0
4975,JS248916,"In that case, you should condemn and vilify the EPD for all of the past times where they have shot the mentally ill.  Especially the shootings of US Army veterans Combat Medic Michael Thomas Mason and Captain Brian Babb, who were both suffering from severe PTSD and were seeing psychiatrists when they were shot.

It is good, however, to see that the EPD is finally backing off, and trying to handle the mentally ill differently now.

This is long overdue.  It is sad that so many lives had to be lost to get to this point.",0.0556650906801223,0,0
5325,JS493633,"No, we're afraid of all the crazies out there that look people up and then decide that since they don't agree with their opinions, they must be silenced. Liberalism is a mental disorder, so we must do everything we can to protect ourselves from the lunatics.",0.8277062773704529,1,1
5180,JS1581654,You really are a sick sob.  I'm guessing you're inbred.  But I agree that your sister isn't very good.I'm betting you're too mentally insufficient to get what I'm saying.,0.994380533695221,1,1
4614,JS1096295,"Maybe we should draft the (hopefully) soon to be unemployed government workers and force them to take care of the mentally ill. Surely they wouldn't have a problem with that since they have no problem stealing money, at gunpoint, from those who actually produce something, to live high on the hog.",0.925197422504425,1,0
5097,JS553254,"What on earth are you talking about (mentally ill paranoid with guns??).  This stupid and  unthought-out executive order which you describe as  ""lawful"" has created chaos and confusion,  world-wide condemnation. and nightmares for many family members stranded and separated from their families.",0.4162663221359253,0,1
4637,JS552957,Once again John Tetpon reverts to the ad hominem attack. Is that your only tactic? Perhaps because liberalism is a mental disorder?,0.936998963356018,1,0
5058,JS669709,What truth did the Donald tell?  Can you be specific?  It will be interesting come Sept. when The Donald should begin to have a record of achievements.  To date he really has had none except to allow the mentally ill to buy guns.  Very important achievement.  What a joke he is.  Enjoy it while you can Trump supporters because eventually an administration has to deliver.,0.6820112466812134,1,1
5530,JS1466631,"I am all for inviting ISIS to make a house call to abusers, rapists and pedophiles.

Yes, Tumpkin sounds like a bad dude.

She sounds certifiably crazy too.

Not victim shaming.

She sounds like in need of mental health care, like something is not right.",0.5838090777397156,1,1
4869,JS250136,Not to mention being addicted to alcohol and drugs that they find money for but not money to buy their own food or housing. True some have mental problems but a lot have self inflicted problems from alcohol and drugs.,0.4288444817066192,0,0
5081,JS1260348,"Anyone who believes that the President is of sound mind need only to listen to his remarkable speech to Boy Scouts.

The President is, sadly, profoundly mentally ill.  The sooner he is removed from office, the better",0.1215575560927391,0,1
5060,JS551027,Liberalism is a serious mental illness.,0.8362903594970703,1,1
5332,JS1124889,"Hooey is hooey even if you have a lot of degrees. 
Sure, we have thousands of battered and lost humans wandering our streets and in our prisons. But it isn't that we need to flood the world with Big Pharma's poisons, which really do mess up people, we need to understand that our culture is absolutely destroying people. They are psychologically damaged, but are not ""mentally ill"" and for the most part don't need to get addicted to mind control drugs. They need housing, safety, counseling, and some sense that our culture cares. Which it doesn't.
If one learns to be be dysfunctional by living in a traumatic jail, or family, or the military, do they have a mental illness? Does their dysfunction need to be seen as a medical condition, when it is perfectly natural considering the trauma they have undergone?
If any are open to the perspective that we are being led down Big Pharma's path I suggest going to www.madinamerica.com.
Hugh Massengill, Eugene Oregon",0.2894045710563659,0,1
4920,JS964997,"Eric Bjerregaard, Here's an example.  Chlorpyrifos is one of the most commonly applied organophosphate pesticides used in the US, with about 10 million pounds used annually.  Recent studies of chlorpyrifos show delays in mental development in infants, attention problems and autism spectrum disorder in early childhood, and intelligence decrements in school age children.
file:///C:/Users/User/Downloads/EPA-HQ-OPP-2015-0653-0454%20(1).pdf",0.0019158381037414,0,0
4799,JS1504854,"This is nice for older people and handicapped, and parents of young kids who need a car and parking spaces for everyday errands and activities. But with every ""advancement"", I see people getting less active and more overweight. People no longer have to leave their couch for anything.",0.0608408153057098,0,0
5334,JS1080340,"Nice deflection (actually, not), but keep trying. (I will spell it out, what does a prior minister have to do with this article?)
Is being ""anti-science"" like all the left-wingers who are against vaccinations, because they ""cause"" autism? How about the (most) left-wingers who are against so-called GMO food crops (big hint, genetically modified foods made their first appearance around 10,000 years ago)
Not to justify any ""wing"", but there is plenty of stupidity to go around...",0.8193691372871399,1,1
5001,JS9062,"If they removed the word Imminent, it would make a much more reasonable threshold for help, but I'm not sure it has to be coercive help?   Would a family making and appeal to get heop for another family member, be considered coercive?

That's part of our problem in counseling/psychology.   An individual is defined not just by what they think, but how the 'fit' and are influenced by others.   Hard enough to see your way clear through an individual problem, let alone how that person functions within their neighborhood or community.  There is no one defined best way to treat a serious mental illness.   When the state starts tring to define 'mental healty', it worries me, heck it worries that much of psychology still seeks 'model' behavior.   On the other side, it's not too hard to detect destructive behavior (directed in or out).

Gary's right that early detection is very helpful, but sometimes those who are closest to the problem are also part of the problem.  It's just very hard.",0.0003371043130755,0,0
5309,JS1709741,"You really shouldn't respond to your own comments under a different name. It makes you look... mentally unstable. Or very, very pathetic.",0.6771451234817505,1,1
4940,JS1042415,"""The hospital has 97 vacant positions, out of a full staff of 723.""

Sounds like 97 opportunities for those who complain that enough is not being done for the mentally ill in this country.",0.0216073933988809,0,0
4815,JS1409309,"So your position is that someone who is biologically male and believes they're female (or vice/versa) doesn't have some kind of mental illness? Seriously? Now, neither you nor I are qualified to determine what type of mental illness they have but clearly, something inside of their heads is not functioning correctly.",0.8483948111534119,1,0
4956,JS441113,"The Alaska Mental Health Trust director quoted for this article is a ""semi-retired real estate broker."" It is a fair question to ask what stake he or any of his friends or relatives may have in any of the Outside real estate being considered for investment purposes.

I worked with Jeff Jesse on an issue or three about 20 years ago. He has been a tremendous advocate for Alaskans with mental health issues for very many years.",0.0001061934672179,0,0
5532,JS1305334,"I stopped reading the Globe regularly after the ""unfounded series""....pure feminist one-sided propagandist garbage. Though I'd check in today to see if anything's changed....nope, not even a little bit.
We get articles like today because they are written from within an echo chamber.
What' annoying is someone who's so obviously biased....trying to convince me that she's not. 
It's kinda like being crazy or mentally ill....You don't actually realize that you are.",0.5915299654006958,1,1
4617,JS168679,"When I actually was required to talk to “mental health providers” because of my job(s), I was constantly confronted with the 'stigma' argument for not reporting.  Or the 'client trust' argument for not reporting.  

With some of those people, I came to believe it was the 'Don't kill the goose that is providing the Golden Eggs' argument, particularly when Mommy was paying the “mental health providers” and didn't think her little darling could possibly be a danger to anyone.  

Sandy Hook, Thurston, Umpqua.  Those 'little darlings' turned out to be killers, just to pick a few quick examples.",0.1704124212265014,0,0
4977,JS1481572,"boots, you are suffering from histrionic personality disorder.",0.4739620089530945,1,0
4883,JS1528561,"I am sure there are some people who panhandle instead of working, but many are legitimately in dire need. 


As for the clothing,  they can get those things free through charities.  Still, most of them are dressed very poorly, and everything about their look indicates mental illness or some other tragedy.

Of course, if what a wealthy person wants is to not help others, he will always find a way to justify his greed.",0.3800418972969055,0,0
4895,JS514939,"graybeard, Pete is going back to law practice to help his criminal clients.     Pete Sorenson  is a convicted,  civil law criminal, and he can support, defend, and show  his clients how to break the law's.  Yes, Pistol Pete and his buddy,  another civil law criminal,  Slick Willy,  Rob Handy,  cost the TAXPAYERS  $750,000.00 THOUSAND DOLLARS  for  their legal defense fees in  which they LOST the lawsuit.

AND, another  Lane County Commissioner AND convicted Civil Law Criminal, Sid Leiken should step down as well.

Why do LAME County voters keep voting in criminals to run our city and county, and  state?  I understand why Politicians keep voting in criminals because they are all sleeping together,  but the general public voters??????      Mental Illness comes to mind...",0.909501016139984,1,0
5193,JS460047,Let's show the world we've got the guts to execute a mentally ill combat vet,0.5473275780677795,1,1
5379,JS1034578,"You mean having a mentally ill, narcissistic, ignorant old bigot trying to run the country into the ground.",0.6022883057594299,1,1
5241,JS402553,Liberalism is a mental disorder. Intolerant of my intolerance = hypocrisy,0.4985054135322571,1,1
5278,JS1785883,"....talk about mental disease.  You are clearly a sicko.  Get some help for your obvious problems gramps and change your name to just 'critical', because you are.",0.9829644560813904,1,1
4862,JS1070715,"Indeed, those who say they want to restrict access to guns for the deranged have yet to come up with a way to do it that doesn't erode privacy for everyone else. In other words, how does the all benevolent state identify the nuts who have no violent criminal history or treatment for mental illness without violating the medical privacy of everyone?",0.2180634140968322,0,0
4864,JS151867,"hodad, I spent twenty years at the bus station, or Transit Center downtown, watching all those you speak of 8 hours, or more, each and every day.

One.

Alcohol is, by far, the primary, and most destructive substance utilized by the vast majority of the ""scary"" characters there, bar none.

Mental illness follows closely as second, and the rest, save regular ""bonafide"" riders, of course, are made up of either predators, or the victims they seek out.

""Loco Weed"", not so much.

But.

As it always comes down upon, it is NOT the substance, it is NOT the tool utilized, it is ALWAYS the INDIVIDUAL that utilizes, and abuse said substance or tool unto the detriment of others, rather simply themselves that matters, no?

The substance within itself causes no harm unto others, nor does the tool.

It is the INDIVIDUAL that utilizes said substance or tool that chooses to harm others rather than themselves only, and no amount of regulation will EVER change that.",0.6234529614448547,1,0
5294,JS1751291,Thanks for your superiority complex. There's not a lot you can do legally or medically  for a mentally ill adult.,0.8293640613555908,1,1
5135,JS1420938,Another lefty with clear mental issues.,0.9016034603118896,1,1
5400,JS579024,Your comments have proven the mental disorder evident in all liberals,0.9854879975318908,1,1
4694,JS208069,"Why not sell loco weed in the Maturity ward?  Autism is already up1000 %  from a 40 years drug culture.  A little more medical weed won't hurt, will it?",0.893213152885437,1,0
5337,JS915754,"This guy is proof that liberalism is a mental disorder. No matter what the problem, it's never the bums' fault. And, yes, if you leave needles and feces in a public place for other people to deal with, you are a bum. 

The best way to deal with these bums is the same way you deal with any rodent; stop feeding them.",0.9601920247077942,1,1
4753,JS1769491,Too bad it DIDNT have anything to do with ‘mental illness’ as multiple courts found in their injunctions staying the action.   It merely denied people of their due process rights.,0.1256371289491653,0,0
5178,JS353947,"you have serious mental issues, Oh I forgot you are a liberal.",0.993070662021637,1,1
5372,JS243618,"""We're going to win so big. We're going to win so big""

The sad, delusional ramblings of a lonely mentally ill billionaire.

This will make a great movie!

Now, all we need is an ending without a mushroom cloud.",0.1047917306423187,0,1
5107,JS737058,"This guy has some mental problem, better do a mental evaluation before let him go.",0.4713805913925171,1,1
5203,JS995695,Mary Kay was and is mentally ill.  She is in no way admirable for what she did.  It is all so predictable.  This man cheated on her many times I am told and she is a ridiculous figure. Both of them are.,0.8241373300552368,1,1
5499,JS590172,"Take it easy on Pocahontas, she's suffering from the same mental illness as Madonna and Ashley Judd...    Alt-Left-nut disorder.",0.9258837699890136,1,1
4715,JS1277991,"John Hobson  insinuated I made the person up, yet he clearly exists.  There are  multiple articles by numerous sources regarding this clown.  Nice attempt to divert the attention to something else.  This specific person is an embarrassment to you and your cause, since he does not fit into your false narrative, yet many activists would claim he does not suffer from any mental issues.",0.7167848944664001,1,0
4665,JS1180408,"And yet many people with autism have difficulty understanding satire and will go to great lengths to ""correct"" the satire, which they perceive as misinformation or exaggeration.",0.002513296669349,0,0
5237,JS460762,Most States you lose your right to own a gun for being admitted into a mental health facility.  It should never have been returned.  I would imagine that many of those families will try to sue our department on the grounds of sheer stupidity.,0.1697203665971756,0,1
4716,JS679282,"Stephen, to refer to the current state of urban Honolulu as Third World is an insult to the Third World. (although I prefer the term developing world when referencing those places). The difference is that much of the developing world lacks resources. Honolulu lacks nothing. When will the homeless take responsibility for themselves? (minus the mentally ill, who might be incapable).",0.8787859082221985,1,0
4559,JS79608,"Get a clue . Those dying on our streets aren't vets, kids from poor upbringings , or mentally ill. They are people allowed to live the street party lifestyle thanks to people enabling them.   What we are doing right now , which you clearly support---isn't working.  By keeping with the same old , same old , more will die . Is that what you want ?  If so , keep donating to Beans , Francis , and every person you see on street corners . Your way of dealing with the street homeless has enabled the problem to grow .  Are you proud of that ?",0.7743022441864014,1,0
4688,JS1797280,"Joe they do a multitude of mental health/psychiatric type tests including in person interviews with a mental health professional and written tests.  They've done so for years as I had to do them in the early/mid 90's when I became a cop.  They also talk to previous employers, friends, applicants former teachers, parents, etc.  Additionally they do polygraphs/voice stress analysis tests on each applicant.  It is incredibly in depth and many wash out.  Later in my cop career I was one of those people who were conducting the background checks and doing the voice stress tests.",0.0031993323937058,0,0
5109,JS1341792,"Plainly stated, he's a mentally unstable narcissistic lying buffoon. Emphasis on the mentally unstable.",0.8548558354377747,1,1
4551,JS175952,"Leaving the disabled, mentally ill and elderly out of this argument you still have a large population of people living in the woods. The ones that are doing most the damage are the people who are deforesting chunks of the woods for firewood, using the area as a personal toilet bowl and leaving large amounts of trash everywhere. Look at the picture of the guy smoking a cigarette and drinking a hot coffee from a gas station.",0.6757215261459351,1,0
5052,JS460762,Most States you lose your right to own a gun for being admitted into a mental health facility.  It should never have been returned.  I would imagine that many of those families will try to sue our department on the grounds of sheer stupidity.,0.1697203665971756,0,1
4879,JS621942,"There are a number of issues that don't necessarily fit into your neat package. At one end we have the traveler kids who are otherwise sound and have chosen a particular lifestyle - at the other we have seriously mentally ill, damaged vets, etc. that can't just 'get it together' - they are broken and aren't getting the deeper help they need from our community and nation to overcome or at least partially mitigate their issues. A lot of the community support is for the latter but also benefits the former. I resent that as well.",0.5638428330421448,1,0
4960,JS438126,Actually it was the Bob Rae government that pulled the rug from under mental health. One of their early acts was to remove $4million from the mental health budget overnight. Then they appointed to the mental health liaison committees people who didn't believe that mental illness existed. It was a very frustrating time for advocates of change for mental health.,0.0073364619165658,0,0
5066,JS143753,"Mentally ill is hating your own color and race, something in the world only liberal progressives do.  Wanting to water down your own majority population with immigrants is another sure sigh of mental disorder only practiced in the West and no where else on the planet.  Another sure sign is being so completely full of fetid psychotic narcissism that you think that you are intelligent enough to tell the majority that they must accept your extreme minority views on race, sex and crime.",0.9997346997261048,1,1
4769,JS1608652,"Some people do indeed suffer from real mental disorders and should get help and support to deal with them.

On the other hand, psychiatrists and psychologists keep adding more and more ""mental"" diseases to their list. The original DSM-IV, one of the mental disease compendiums, was published in 1994 and had more than 250 mental disorders listed; it now has 297.

I wonder how many of those diseases are real, and how many are constructs by the doctors who stand to benefit most from it with an increasing number of patients. For example, some psychologists have suggested that kids who have many temper tantrums might be suffering from a psychological disorder. Other psychologists also want to list nomophobia, fear of being without your cell phone and without constant contact with other people, as a mental disorder.
 Give me a break!!!",0.0435644648969173,0,0
5424,JS262314,"but she does have a special hatred for Barry Sommers as evidenced here:

""Barry, you preach hatred toward every single one of the 1.6 billion Muslims on our planet, 99.999% of whom desire to live in peace just as any human of any other religion. The reason is simple - we are all humans who desire peace. The lies you preach are destructive of peace. Your hatred is destructive of peace. You are a small, frightened, ignorant, hateful man. You are the enemy of peace and good will among men. You are a fool, and anyone who listens to you is a fool. You are poisonous. Go away, and never come back, devil spawn.
I think you are a truly mentally deranged person, with enough intelligence to make trouble for a lot of innocent people.""

and this one:

jjp58  Barry Sommer  a year ago
By now Ali is aware that you are the forum religious fruitcake. If you approached and confronted me with your leading questions, I would call a cop. You are completely insane.",0.64617520570755,1,1
5080,JS847484,Yes.  Religion = mental illness.,0.8988762497901917,1,1
4635,JS22275,"David Jones, I am not debating that a firearm make suicide easy but once the choice was made by the person, to kill him/herself, then it matter of carrying it through. Not having a gun, will not change the mind of suicidal person. They will still do themselves in. In nations where there are strict gun control, suicidal person will find the way that best meet his or her desires. A gun is just a way to the means. Easy way but even without it, such a person will find the way. To blame an inanimate object for playing a role in a person's suicide is disguising the disease.  Just because people uses a gun the most in committing suicide doesn't mean a thing if you look at other nations.  The key is treating the mental illness and leaving the tools out of the discussion.",0.2264803200960159,0,0
5202,JS1044043,"You've ""treated"" it? What do you claim as your profession? Alcohol causes cancer, mental illness, liver damage, esophageal bleeding, stomach cancer, etc. Not to mention its role in domestic violence, impaired driving, street fights outside bars. Any doctor in the ER would see multiple cases a night with alcohol is a contributing factor and maybe one case a year with weed as a factor (usually caused by accidentally ingesting an edible).  The link between smoking weed and cancer has not been established, but legalizing it will cause more studies to be done. So we'll know soon enough. It's also USED TO TREAT EMOTIONAL PROBLEMS. Depression, OCD, PTSD. The list goes on. To say it's even half as bad as alcohol is downright dishonest. I call bullshit on you.",0.339697003364563,0,1
4778,JS1664825,This isn't the first time Shaw and  Tomljenovic have been involved in questionable vaccine research. These two are convinced there is a link between vaccines and Autism and they aren't afraid of falsifying data to prove it.,0.1124908700585365,0,0
4663,JS1603043,"The quote, without your editorializing, is:
""if someone is on Social Security because of mental illness and cannot manage their own affairs, they should not be able to own a gun.""",0.0498798266053199,0,0
5555,JS8053,"I speak from several experiences. I have firsthand experience with family members with mental disabilities. I didn't have to 8th grade because I had a 10th grade aptitude having taught myself. Oregon public schools made me a teachers aide for students with learning disabilities and that's what I did for that school year. Currently my adopted daughter is a special ed teacher. As for your ""or maybe you're just an idiot"" comment, I never expect people like you to post anything remotely intelligent as you are incapable of addressing what I posted. That would require intelligence.",0.8717750310897827,1,1
5557,JS872945,"the far left at Berkeley are a bunch of hypocrites when they have a demented liberal mental disorder come speak at Berkeley for them, any talk that the right wing will protest the leftist will come out and say this is free speech so he can come and talk to us, but if the right wants one there supporters come to speak to them they takeaway there free speech, what a bunch of lunatic lizards these far left students are.",0.9956854581832886,1,1
4557,JS437569,"Clearly you have not suffered serious mental illness nor been close to people who have.  The ravages of psychiatric disoders such as serious depressionn, schizophrenia or addiction are profoundly life altering in  devastating ways.",0.0167928747832775,0,0
5553,JS887892,Cry me a river. Where was this clown when Lewinsky's semen stained dress got Billy boy impeached? Moral authority my backside. Democrats have lost over 1000 seats across all levels of government since 2010 for a reason. Liberalism is a mental disorder. Only a crazy person would think it's wrong to put your own country first.,0.9892900586128236,1,1
4550,JS1798682,"The place to start is to use the funds that are now enabling and aiding self-destructive behaviour to put in place QUICKER/EASIER access to rehab & mental health care.  I am quite fine with the government legalizing all drugs, selling them AND taxing them just like they do with cigarettes & alcohol.  I am not in favour of my tax dollars being spent on FREE needles that the addicts drop wherever they happen to finish shooting up - seems they really prefer elemenatary school playgrounds.  Nor am I in favour of providing nice clean places, FREE supplies and help for an overdose on standby.  If a person OD's more than once or twice and still continues to indulge, then my sympathies lie ONLY with the families that have suffered physical, financial and mental stress because of the addicts choices.",0.1676345765590667,0,0
5137,JS1629932,"Sure, every businessmen who made their own billions have serious mental issues. The couch dwelling daytime misinformed posters here are the successful ones. Joker.",0.80562824010849,1,1
4527,JS1000541,"that's precisely that delicate and difficult balance between individual rights and public safety.  Any coercive power includes, unfortunately, the possibility that it will be misused.  We've chosen to favor individual rights based on, as you note, the abuse of coercive power by the ""state.""  We now have tens of thousands of seriously mentally ill individuals on the streets of our communities.  It's, IMO, a real quandry.....which is preferable...the chance of abuse or large numbers of untreated and often homeless mentally ill individuals?  Gary Crum",0.0059487223625183,0,0
5228,JS1079760,"The shooter is mentally ill. Let's not include him in normal political discourse.

There's acidity because we disagree on the basic facts and officials are misquoted or their comments are not included on vital issues. 

Fake news abounds because there is a little fact-checking done by newspaper editors or their staff.",0.0140062347054481,0,1
5395,JS1662241,I really hope you're not on the police force.  Scary to think that someone with your mental state would have police powers.,0.3932704925537109,0,1
5536,JS1173117,"Does anyone know what these people are trying to accomplish with this foolishness?  Why is are they wanting to believe that up is down, night is day, and being stupid is smart.  I am at a loss and am sad that these people may be raising children and grandchildren with this mental illness.  Peace, Just Sam",0.8625955581665039,1,1
4556,JS1382898,"Those who think “the homeless” are simply lazy, drug-addled or mentally impaired ignore the fact that for many of us, a home has become unaffordable. 

...because we spent all our money on Meth.

This kind of feel good nonsense is an obstacle to forcing the homeless into the mental health care/drug rehab they need.",0.1898039877414703,0,0
4830,JS729313,"Many social programs save money... Spending on mental health and drug rehabilitation has been proven to reduce costs of law enforcement, emergency health care, and incarceration, and saves money overall.",0.0006427268963307,0,0
5511,JS1778085,Trump is a problem of mental health.,0.2865014672279358,0,1
4980,JS68564,"Someone derided McCandless by labeling him as mentally ill.  He was not.  I wonder out of those who have an opinion, how many will send money, lend support, do something meaningful to honor Cody.  Lack of action speaks louder than words.",0.0099421627819538,0,0
4576,JS1170639,"Toni:  Many people in the general public are EXTREMELY concerned about Mental Illness.  Problem is, the powers to be just turn their heads on this issue and have done so forever.",0.0169338434934616,0,0
5026,JS1751608,Maybe Denver should look at who goes to jail and who shouldn't.  Reforms should always begin with the gate keepers of any jail (DPD).  Two men of color who only have a warrant for trespassing.  Transient men who have a mental illness should go where they could receive the treatment they should have.  Why would a police officer choose to exert their authority on mental transient who I am sure they know.  I am sure they wanted to fill their Dailey log sheet.  Maybe criminal justice reforms needs to begin with the officers who bring these people to a place they really don't belong in.,0.8345686197280884,1,0
5272,JS64768,"this has become such an embarrassment to professional journalism this forum editor is now removing my posts they have prescreened and approved. Op-ed letters the RG publishes would be removed on this online board. welcome to political correctness, a mental illness.",0.3117826879024505,0,1
4811,JS1233875,"Plenty are already downtown near the hotels. It's not like Bean's Cafe is that far away from the Hilton, the Sheraton and others.
Besides, studies have shown that there's a sizeable population of homeless that can be moved out of homelessness if they're provided temporary stability, a sort of ""reset"". If this program can target mentally and physically capable people and provide them assistance entering the workforce and finding affordable housing could be a very positive thing for minimal cost.

Psychiatric, substance abuse, and other issues obviously complicate the homelessness situation and means its much more difficult to solve.",0.0030925748869776,0,0
4757,JS465006,I thought there was a law that mentally ill people could not have  guns?  Not sure.And its the mental health facility and the police and government who are to blame. At least that is my opinion.,0.2048783749341964,0,0
4760,JS1216450,"So, elect a known sex offender, con man who has driven his businesses into the ground, a serial married with mental problems, and a guy who is in cahoots with our country's arch enemy just so you can make a few bucks.  Nice.",0.8189563751220703,1,0
4727,JS640881,"Did the LIberals not run on a promise to improve healthcare funding, especially mental health? Yes they did. So by extension it is a federal govt issue as well as a provincial issue.",0.0069201346486806,0,0
4916,JS208027,"thisguy808, when you say 'we can't be so naive to forget that everyone is born with different capabilities', you forget that we have learned more in the past 24 months about the brain than in all previous history. we know now that stress mutates genes in fetuses just as do drugs, alcohol and other substances. that mean that poor kids are more likely to be 'born' with different capabilities. period. environmental upbringing for the poor also creates problems like PTSD and many other mental illnesses that are not addressed.  

and, 'shouldn't it be enough to provide a free and appropriate public education?' you might think so but it isnt true. ive talked to hundreds of west side high schoolers and they say their counselors tell them that the most they should hope for is to join the military. ive also talked to a few at punahou and iolani and that subject never came up. go visit the tech lab at iolani and waianae and see just how a free and appropriate public education really is.",0.2295317500829696,0,0
4674,JS1305719,probably fair.  Hope she gets the psychiatric help she needs.,0.0033403737470507,0,0
4813,JS819154,"Suicide is hard enough to persuade many people – even children – not to commit. Many of them pressed with depression, inner self hatred, doubts/concerns, abused/emotionally scared about their life on earth, being hated/not loved, and the horrible occurrence when they are found dead by their own will – grieving families for the lost life of a persons’ soul. You have suicide outreach, hotlines, and a tremendous amount of resources/people to turn people away from killing themselves. Now, we’re going to proceed to equip them along the lines in assisting them to do it? Terminally ill patients only? I don’t think so. This will evolve into mentally ill. Even children with depression. Belgium has already started/begun with it. 

All innocent life is worth saving and living, not destroying. Why save the environment, when we’re going to cost/destroy people’s lives instead?",0.0532398708164691,0,0
4807,JS1651006,"Boyle could be mentally ill. However, he seems to take solace in his belief in God. I wonder under which ""rules"" he conducts his worship? This question is conspicuous in its absence, but I am sure the real news media will let us know.",0.1490192413330078,0,0
5017,JS916698,"EPD and local EMTs would be among the first to attest that Bernard is crazy, as in off the deep end mentally ill, an indigent delerious with psychosis. 

People like him should be held in secure psychiatric wards, not warehoused in regular jails with the lucid criminals.",0.3226917088031769,0,0
5290,JS269267,Raymond Justice is a mental screw up who can do that,0.8341173529624939,1,1
5487,JS1065177,"Putin said last week that ""the Americans have a mental disease and have lost their minds.""  He is right.  That was before today where that Bernie Sanders supporter went nuts. It will likely get worse.",0.5355372428894043,1,1
5471,JS579024,Your comments have proven the mental disorder evident in all liberals,0.98508483171463,1,1
4519,JS460386,"The help for the the  mentally ill has been going down the tubes for decades, 
Now we as a society are paying for it with our lives ,
This is not the first shooter with mental health issues,",0.1034579277038574,0,0
4979,JS1566601,"I don't dispute the numbers... I'm referring to the anti-gun left's penchant for oh-so-innocently phrasing it so as to place the responsibility on the inanimate object, rather than where it actually belongs... with the person making the choice to take his/her own life (""50% of youth suicides ARE CAUSED BY A FIREARM.""). A suicide may be ""caused"" by any number of factors, such as mental illness, social alienation, isolation, bullying, etc., but it is most assuredly NOT caused by the tool selected to carry it out.",0.033836293965578,0,0
4594,JS9016,"Knowing the past is always a good lesson Motley.   We need to understand the risk of institutionalizing in the way we did 40 years ago.   Your remembrance of that should prevent it from happening again.

That does not keep me from considering assisted communities.    My old town had a large institution for the mentally handicapped that included on property care and more independent living over time throughout the town.     I understand the difference between mentally handicapped/ill/and criminally insane though!   I would hope we look for more than a single solution.",0.141734167933464,0,0
4901,JS483737,"It is not the psychiatrists who figure out a potential for violence. It is instead staff who spend time with the patient, watch their behavior and document it. It is generally psychologists who do the report writing after participating in a group of mental health professionals of different types giving input. The symptoms Santiago displayed to the FBI are not indicative of PTSD. They would indicate a psychosis, most likely Schizophrenia. Of course any trauma would exacerbate the development and expression of it. New research shows mental illness is most likely secondary to childhood trauma in most cases. We have no mental health information, the state is protecting the facility which let Santiago go after four days. They will protect the APD, probably hiring their exonerator Greg Russell to write a report. I do agree that psych meds are health harming, in most cases the patient should not have to take them. A tiny percentage are a danger to others. Meds vs prison, which is worse.",0.0279573444277048,0,0
4749,JS497823,"I do not believe anyone should have their gun rights taken away permanently unless they are convicted of a crime of violence involving a weapon. However  mental illness , domestic violence and other assaults should be grounds for temporary suspension  and removal of weapons and gun rights with set hearings  for medical ,law enforcement, victims of violence and other effected parties to address concerns about an individuals continued loss of a gun.A person should not have to prove they deserve to have their gun rights reinstated but there should be an opportunity for interested parties to raise their concerns before a court if they have reasonable concerns about a persons ability to responcibily be in possession of a gun.",0.0043368460610508,0,0
5242,JS1486230,I thought this guy was mentally retarded. Seriously. This article did nothing to clear up what was wrong with him.,0.972871720790863,1,1
5457,JS650724,It's official. Canadians have been driven to mental illness.,0.8818036913871765,1,1
5376,JS1655611,More proof that Liberalism might be a mental disorder.,0.6933777332305908,1,1
4752,JS926473,"Tell the whole story, background, mental disabilities, living situations, guardians, or gaurdian supervised by the state. If this was a parole officer and he has jurisdiction, they, the parole officer, would probably lose their handy, high paying, babysitting job. Why is there no report that the state of Alaska is responsible for this person. There is a community by "" Alaska standards "" who are deficient, they live in the woods, talk to them selves, attack parked cars, and are intertwined into Alaskan society. Most of the people here avoid them and have no clue that they are short handed upstairs. I was carrying a case of Dr. Pepper for a friend and a person walked up and asked:  ""are you carrying this for this persn"", little did I know, he was willing to carry the Dr. Pepper, and was his cousin, but he concluded nothing. I was confused by his statement and asked: what he wanted after a few seconds of waiting for him to continue. He was dirty, with many jackets n happy.It is a problem.",0.8260122537612915,1,0
4685,JS85543,The mentally ill need to be taken to API in cases of ER treatment.  I guarantee that anyone that loves and cares about their loved one will likely have similar reaction that the Canul family has about their brother's death; minus the money.,0.4052707254886627,0,0
4659,JS849323,"""...extensive criminal record ...""
""...diagnosed Mayhew with schizophrenia...""
“He has become violent over time,” 
Glad he was caught. Maybe THIS time he can remain locked up? Or maybe house him with the judge who gave him probation on April 6.",0.2666480839252472,0,0
4989,JS623331,"Typical lies and slander from the Liberal fakestream media.  The USSR used exactly the same attack to smear dissidents, calling them ""mentally ill.""  And now Liberals are using the same tricks. The apple never falls far from the tree.",0.8141825795173645,1,0
5069,JS665525,"Seven in 10 families have two income earners. Versus 2/10 in the past And we have rising addiction and crime, mental illness, and family union issues. Any coincidence ?  

If 2/10 had cancer and it rose to  7/10, we would spend hundreds of millions on research and likely find the culprit. But no, instead we talk about hundreds of millions for daycare to expand the problem. Then hundreds of millions of wasted dollars to try and put a band-aid on it.   

And we call that progressive thinking!

Stupid is as stupid does.",0.8595937490463257,1,1
4848,JS391905,just further proof that liberalism is a mental disorder.,0.959417760372162,1,0
4844,JS1032240,"If visionaries could get involved, medical & recreational marijuana would now be legal- AND- the tax revenue could be routed to not only assist others (mental health patients) but also pay for the mass transit rail system. 

Take the tax burden off the general population, help pay off the big $$$ to complete the rail line and remove vehicles off the roads.  And there, again, visionary- reduce carbon footprint, air pollution, wear & tear on roads (which would then help defer road repair costs / taxes). 

With recreational MJ, reduce the risk of alcoholism and DUIs and violence associated with drunken brawls.",0.0321691744029521,0,0
4514,JS1614744,"Paul, YOU are the problem.  Sorry, but your ""solution"" hasn't panned out so well.

You think the millions of AR-15s floating around in our streets can go on?
Will you feel the same when your child is gunned down by a regular guy with no known history and no apparent motive?  Will you feel the same when they die bleeding in your arms?

More money for mental health you say?  Irrelevant

Banning assault weapons and any other weapons of mass casualty?  Relevant.

Justifying your sick fetish and Rambo complex should no longer be tolerated.
Justifying your need to mow down wildlife with an AR15 is a cowards idea of sport and constitutes mental illness in itself. 
Justifying your ""hobby"" as fun?
The rest of us can no longer afford your burden on society.

The time is NOW.
Keep the Second Amendment. Keep your rational Glock or 12-ga for protection, but

*B A N   A S S A U L T   W E A P O N S   N O W*",0.3824293315410614,0,0
4552,JS460046,"Questions that must be answered.

1.  Why was this nut job not placed on the 'No Fly List'?

2.  Did APD give a gun to a guy who was on SSRI meds? 

3.  How many times has some nut on SSRIs gone on a murderous rampage?

4.  What did APD do to be assured that they were not giving a handgun to crazy person?  (It is very clear the guy was nuts... so APD did not do their job, or the metal health people were reckless).

5.  When a guy claims he is under the influence of ISIS- isn't that prima facie evidence of mental illness?

6.  Did they look at the nut jobs' on-line pictures where he was celebrating ISIS?

All those dead and injured people- and it could have been prevented.",0.3072942793369293,0,0
5199,JS647753,"""Years ago, groping was considered a mental illness ..............

Really?

Then Bubba Clinton was bat Sh#%T crazy....",0.5324980020523071,1,1
5129,JS83949,"Do you see the paradox?  Gun people always scream about mental health...whenever tragedy occurs, we hear how it has absolutely nothing to do with the availability of guns and everything to do with mental health.  Then when people try to get at those mental health concerns before a tragedy - that gets decried as well.  Damned if you do, damned if you don't I guess.",0.0554683916270732,0,1
4670,JS868132,"This comment has so many problems I can barely begin.  Alcohol is legal, pot isn't.  You cannot compare pot and alcohol, they work differently in the body.  There is much data about the dangers of alcohol, but pot hasn't been studied as extensively, however it is accepted that it is detrimental to developing brains, can trigger psychosis and anxiety and increase the chance of schizophrenia.  Just because pot doesn't cause aggressive behaviour, as alcohol does in some people, does not mean it's safer.  40% of all DUIs are due to drugs other then alcohol, may be higher, depends how data is collected.  I for one would never use a so-called ""recreational"" drug that is known to help with brain seizures.  Also, I'm quite sure in the years to come we will regret legalizing the stuff.",0.057710874825716,0,0
5045,JS1634890,Trump is clearly an idiot and he seems to be suffering from some kind of mental illness.    It is beyond me how anyone can be supporting this fool.  It literally boggles the mind.,0.9573990702629088,1,1
5048,JS1627779,Trump is profoundly mentally ill.  Mr. Corker finally broke the dam on that poorly kept secret.,0.6117595434188843,1,1
5030,JS380038,"Only children, disabled or mentally ill people should have other people manage their investments.  Everyone else, if you don't know what you're doing, simply open a low-fee self-service trading account with a bank or brokerage and follow Warren Buffet's advice:  dump all your money into a SP500 index fund with the lowest possible management fees.  Set your returns to reinvest (compound).  That's it, you're done.  Just keep piling money into that and when you're older, stop compounding and take the dividends out as income.",0.3043689429759979,0,0
4536,JS631968,"The gun ban did not ""target seniors."" It targeted people who have mental problems to the extent that the government supports them and has to find responsible parties to manage their handouts for them. I don't think taxpayers should be forced to fund purchases of handguns by psychotics.",0.4329125881195068,0,0
4607,JS1177270,"They ended up being victims of even poorer choices, made by under-trained and over-aggressive cops.  I really wish this type of violence wasn't acceptable, and we found non-lethal ways to subdue mentally ill people.",0.0174597445875406,0,0
5436,JS1396174,"If your mentally ill presidential imposter were correct, then why did the generals and the military ignore his idiotic tweet? 

Trumplethinskin will be shown the door, one way or another. You're in a small minority of Trump KKKoolaid drinkers who were conned and don't see it yet. But Republicans are waking up and realizing a mad man is in the Whitehouse. 

Oh.. tRump's tweet you quote has been proved incorrect. Just another lie to distract his poorly educated voters from the reality of a failed (and most likely illegitimate) presidency.",0.9404311180114746,1,1
4890,JS750399,"I have a feeling they will find the attacker or attackers were just disgruntled, mentally unstable individuals.",0.0998376160860061,0,0
4935,JS1603374,"Not quite.  There is a mental health ‘system’ in this country.  The publicly funded system is terribly underfunded.  There is a good private system however it can be quite expensive.  There are many people with insurance based employee assistance programs and extended insurance that covers some mental health treatment.  But it is true that not everyone has this coverage, particularly those who work for smaller companies.",0.0007369486847892,0,0
5488,JS462280,"@Alceste - Over the past decade, I have seen posted on this site - by members of the political left - the most vile, vulgar, offensive comments aimed at the people of Alberta imaginable.There is NOTHING posted - by members of the political right, on this comment string, or elsewhere - that even APPROACHES the the outright lies & vile insults hurled by the left.

The left hides - condones, even - the hideous hate-crime committed by the 4 vile specimens in Chicago, when they kidnapped & tortured - FOR OVER TWO DAYS - a mentally handicapped white kid in Chicago. Why did that hate-crime get whisked out of the news by the Globe & Mail, and the rest of the MSM?

The left has NO LESSONS to teach anyone, with regards to decency and respect. None at all. You've attempted to substitute labels & insults for argument - ""You're just a racist/misogynist/homophobe/denier...""

Enough.

You should ALL hang your heads in shame, Alceste - every single one of you.
""Globe and Mail, do your stuff"" indeed...",0.7150899171829224,1,1
4970,JS1280168,Be happy the ACA mandates mental health treatment.  You seem depressed by so much winning.,0.0137476222589612,0,0
5402,JS1021563,"Sure. It was a white guy, so deffo. mental illness.",0.8201678395271301,1,1
4907,JS426850,"""Historical Fact ? Nonsense, you must have plunked down a 100k for a degree that taught you this and now you have to pay it off - Simple organisms still exist today. And the Bible didn't say God needed rest, it says he rested.

And you have not witnessed every organism that exists. You also have no answers for the origins of matter and energy or human consciousnesses. Sorry to burst your bubble, but the only proof of evolution is the evolving theory itself. You mention ""fairy tales"" like a frog becoming a prince or a rabbit coming out of a hat which is what evolution teaches? No thanks - I will stick with God - he has been tried and tested. You probably need to quit watching TV, I have no knowledge of Harry Potter. Keep following your crackpot 18th century scientist who had a list of mental and physical problems so long I can not even list them here.",0.6578925848007202,1,0
4722,JS1797419,"Holy cow.  There's a whole lot of mentally unfit people out there.  But, that's just mental illness according to Nick.",0.7497683167457581,1,0
5160,JS1263720,Add mentally ill to the list!,0.5756104588508606,1,1
5051,JS270458,Another UO PC witch hunt.  Liberalism is a mental disorder.,0.797292947769165,1,1
5146,JS819012,The bottom line is that it's pathetic that rather than solve the houseless crisis they resort to mean-spirited harassment instead.  Maybe they should have a safe place where they can live and get the help they need to get back on their feet.  I guess it's too cheap and gratifying to continually punish and harass people with mental illness instead.,0.5350590944290161,1,1
4610,JS72056,"Tom:  Thank you for expressing your perspective.  May I respond.

First, I agree that many charitable organizations do a great deal to help the homeless and destitute.  The Eugene Mission and St. Vinnies immediately come to mind.  However, they only serve a small portion of the homeless population.  The Mission is not equipped to work with the mentally ill and is will not accept individuals who are ""under the influence"" or drugs or alcohol.  I understand the reasoning for the policy and have no quarrel with it.  

However, it's important to remember that chronic alcoholism and substance abuse are both diseases which require extensive rehabilitative support if they're to be treated.  The homeless and impoverished do not have these services available to them.  It's easy for some to say ""hey, you Bum, quit your damn drinking!""  Easy to say.........hard to do.. In fact, almost impossible to do.

I'd like to share an OpEd pieced I wrote on this issue.  let me know, if interested......",0.0114539125934243,0,0
4533,JS1717708,"If you are building a house you can first build the roof on the ground they attempt to construct the rest of the house underneath that roof. That seems to be analogous to the implementation plan for crime reform in Alaska.  In other words, how can you offer specific options to deal with crimes related to addiction or mental illness if you don't have the necessary treatment facilities/programs in place?",0.0021896972320973,0,0
5548,JS498556,How many times are you going to post that gary?  Your  opinion on Trump's mental health is absolutely meaningless to everyone but your narcissistic self.,0.8205397725105286,1,1
5073,JS1681309,You are the one projecting. Totalitarianism is inherent to both liberalism and fascism. Essential for both to succeed. Yes. He is a LIBERAL. Complete with the mental illness.,0.7326401472091675,1,1
4865,JS1038397,"and I one day seek the office again, although I have the expert knowledge of government this president solely lacks and a plan to move the company forward.  People assume Trump is high functioning because he is wealthy, but he is wealthy because he was born on third base and thinks he hit a triple. His entire attractiveness to his base was his outlandishness, so you cannot say anyone was not aware of his insanity.  Indeed, some share it as fellow FoxNews viewers. His fits of rage, however, are telling of some kind of mental illness over and above progeria.  Whether there is a pharmaceutical solution or not is a valid question.  Section 4 of the XXVth Amendment has provisions for a President being considered disabled temporarily against his will and petitioning to come back, but Pence and a majority of the cabinet would have to do it and it would take a majority of Congress to back Trump if he resists or wishes to be reinstated, and many like Pence better.",0.0327239297330379,0,0
5102,JS1629932,"Sure, every businessmen who made their own billions have serious mental issues. The couch dwelling daytime misinformed posters here are the successful ones. Joker.",0.7999013662338257,1,1
4611,JS83214,It just seems obvious that meds were doing him good. He was working and living either at home or n an apt when he was on meds. Now he is not on meds. I do sincerely hope he will be ok and i hope i dont miss the rest of the saga of this mentally ill man. If u look all around u there are many Ensleys all around u. They all have stories. Next time u see someone walking down the street shouting this person is either mentally ill or angry and talking using their bluetooth. Bluetooth makes it harder to tell whats up. Im glad some of u r getting a better perspective of mental illness and being kind about it.,0.5096781253814697,1,0
5524,JS1581642,"This incredibly disgusting, repugnant example of a malignant narcissist and mentally deranged sociopath is no leader. The fool will never be anything but an empty, shell of a wannabe president and monumental national embarrassment. His fans must be very pleased at his latest ugly, mindless outburst.",0.9457709193229676,1,1
4664,JS187571,"The homeless are a ""composite"" of individuals with a variety of issues which contributed to their condition....and, yes, a significant number do deal with substance abuse. ""Substance Abuse and Homelessness – National - National Coalition ... www.nationalhomeless.org/factsheets...
National Coalition for the Homeless  ""Although obtaining an accurate, recent count is difficult, the Substance Abuse and Mental Health Services Administration (2003) estimates, 38% of homeless people were dependent on alcohol and 26% abused other drugs."" and ""According to the Substance Abuse and Mental Health Services Administration, 20 to 25% of the homeless population in the United States suffers from some form of severe mental illness. In comparison, only 6% of Americans are severely mentally ill (National Institute of Mental Health, 2009).""  Of course these groups are not mutually exclusive, but both represent a significant part of the homeless population.   BTW: This has nothing to ""off the hook"" (cont.)",0.0078019383363425,0,0
5006,JS149517,"Stigma and misunderstanding of mental health issues is a serious problem in America. We do a terrible job at maintaining our national mental health system. However, determining and judging Trumps mental health is critical to our nation, as he is running the most important job in the world. Since contrary to modern protocols, he is not releasing medical records or tax returns and is displaying erratic possibly clinical behaviors, conjecture about his mental fitness is inevitable.",0.0125835267826914,0,0
5486,JS737058,"This guy has some mental problem, better do a mental evaluation before let him go.",0.4741428792476654,1,1
5068,JS1662643,"He's not just a liar, he's a really bad liar. His mental state appears to be deteriorating; he just can't think before speaking.",0.1418496668338775,0,1
4822,JS62920,"While funding is and always bill be an issue, you can't put a mentally ill person in the State Hospital against their will unless they are ""an imminent danger to themselves or others"".  ""Imminent"" means right now, this minute, not what they probably will do tomorrow.  

This is a result of court rulings which have backlashed against the ""Cuckoo's Nest"" method of treatment used during the last century.  Pre-frontal lobotomies, shock therapy, forced sterilizations; those activities have earned State Hospitals nationwide a bad name.  Accordingly, the courts (and particularly the Federal Courts)  are not willing to lock up the mentally ill unless they are actively dangerous.    

Cahoots and similar voluntary organizations can only do what the mentally ill permit them to do.",0.007391061168164,0,0
4626,JS349448,"Exactly, the parents, both, are to blame.  Be it complacency or ignorance of their kid's extracurricular activities.  It seems that the alleged murderers also also have mental health issues and might take Rx drugs as well.  Some of those meds have severe interactions with alcohol.",0.0498039238154888,0,0
4707,JS1268853,"What blows my mind is that before Prohibition in 1923, Cannabis was the most used medicine in the Dr.'s pharmacopia.  Once prohibition arrived, they deleted all of the references to it in the medical books.  They don't teach anything about the Endocannabinoid system in medical school, yet it is an important part of the immune system.  I would like the medical association to show me what medical reports make them believe these lies!  At worst, Cannabis can exacerbate schizophrenia symptoms or bring them on a bit sooner than they would have, but ONLY IF, the person is genetically predisposed to it, and only a small % (less than 10%) of chronic users are affected.  So, that is a % of a very small %; ie. not enough to draw causality from.  Every medical report or study on it says the same thing.  So, why are they lying to say it causes any illness, when it doesn't?  Does the pharmaceutical industry have that much hold on them now that they forgo the Hippocratic Oath of ""do no harm""?",0.0015913350507616,0,0
4837,JS906369,"I lived in Holland 23 years, precisely in the time in which Dutch euthanasia legislation evolved. One has to distinguish different things. Holland has fine traditions of social compassion and awareness of  and care for the aging, for the handicapped and the mentally ill. On the other hand institutionalized euthanasia, wrapped in social/progressive argumentations,  represents an attack against the very heart of this (Christian) humanism. One is before a riddle that needs to be carefully unravelled. As Pope Francis would say, one must discern with care in order to see where the Holy Spirit is leading us, to discern moral and social progress from the lists of Satan.",0.037417221814394,0,0
5246,JS770991,sickening that a human being can do this to another. My bet is this guy not only is a racist but is found to have a significant mental illness (psychotic). That would explain it. Very sad. Not only that but to attack him from behind? Such a coward.,0.5323216915130615,1,1
5311,JS289980,you are quite possibly the stupidest person this website has ever seen. do we have any mental health professionals who can analyze her comments? quite the case study.,0.9793288707733154,1,1
5534,JS1644366,The malignant narcissist and mentally deranged sociopath has no credibility. None.,0.2830777466297149,0,1
4516,JS387703,"Still treating the symptoms rather than dealing with the problem.

Mental illnesses continue to be increasingly problematic within our society.",0.0023350848350673,0,0
4816,JS1563255,"Wait a minute. Not all homeless are intentional freeloaders. I'm with you 100% on not wanting to support the crusties, the travelers, the every day drunks who don't realize at twenty that they'll soon be sixty and without income or skills or any job history. There are also people who can not work because of physical or mental disability. I'm all for helping them - and children.",0.7151447534561157,1,0
5235,JS269267,Raymond Justice is a mental screw up who can do that,0.8341173529624939,1,1
5356,JS262314,"but she does have a special hatred for Barry Sommers as evidenced here:

""Barry, you preach hatred toward every single one of the 1.6 billion Muslims on our planet, 99.999% of whom desire to live in peace just as any human of any other religion. The reason is simple - we are all humans who desire peace. The lies you preach are destructive of peace. Your hatred is destructive of peace. You are a small, frightened, ignorant, hateful man. You are the enemy of peace and good will among men. You are a fool, and anyone who listens to you is a fool. You are poisonous. Go away, and never come back, devil spawn.
I think you are a truly mentally deranged person, with enough intelligence to make trouble for a lot of innocent people.""

and this one:

jjp58  Barry Sommer  a year ago
By now Ali is aware that you are the forum religious fruitcake. If you approached and confronted me with your leading questions, I would call a cop. You are completely insane.",0.6443285942077637,1,1
4701,JS1082069,"He was a lone wolf, a lonely man with no friends,  isolated from all other people on the planet. who acted alone. He has mental problems, perhaps he is depressed and needed a hug..  Maybe he had a bad experience with a police officer or an unsympathetic school teacher.",0.0010777838760986,0,0
5381,JS1275537,"People born with both sets, etc are suffering from syndromes and most likely have chosen a sex. What we're talking about are gender fluid, etc. types. You know, the ones who claim to be things physically and scientifically impossible. There are also the pedophilia types who will take advantage of being able to be this or that just to prey on kids. It's happened quite a bit already.

Your comment about a father bringing his daughter into the bathroom is a ridiculous straw-man. SOCIETY ALREADY ACCEPTS parents bringing their kids into the bathroom with them.

Also, transgenderism is a mental disorder, so there's that....
Dr. Paul R. McHugh, the former psychiatrist-in-chief for Johns Hopkins Hospital and its current Distinguished Service Professor of Psychiatry, said that transgenderism is a “mental disorder” that merits treatment, that sex change is “biologically impossible,” and that people who promote sexual reassignment surgery are collaborating with and promoting a mental disorder.",0.9361616969108582,1,1
5121,JS1761218,Offering state financed sex change procedures to young vulnerable people with gender and mental health challenges that's leftist compassion gone bonkers.,0.7681629061698914,1,1
5018,JS386558,"But which mental illnesses should prevent citizens from owning a gun? What about people who are active in their mental health care? There's a lot of grey in here, some people are surely not mentally stable to own a gun while others of the same illness could be...very hard to pinpoint...unless ofcourse ObamaCare plans on giving everyone psych evals lol",0.3437800109386444,0,0
4687,JS859211,Alt-right conspiracy theories!  Great that the airlines don't discriminate against the mentally ill!,0.3785217404365539,0,0
4796,JS336240,"Ask your self if you want your child sitting next to a kid who hits, spits, defecates in their pants and then tosses at the nearest person. Tips their desk over, blaming some one else, throws chairs to harm others, destroys your child's projects, screams nonstop for a hour. 

These violent children do not belong in a normal classroom. Most will never make the ""transition"" to jobs. Autism is forever, FAS is forever. They will end up in jail, or some other confinement. At best a low wage job that won't cover the cost of their meds.

Go to YouTube and watch some 'autism outburst' clips, and then decide if you want your child sitting next to a kid like that. If I knew my child was to be a ""role model"" (and did any one ask the parent if they want their child to be a role model?)  to a kid that messed up I would pull them out to another classroom.  Put those kids in their own school with those who have the skills to deal with them. Save every one money, time and pain.",0.7690836191177368,1,0
5238,JS1409659,"""I've made my case"" You haven't provided a single piece of factual evidence. Yet, you find it ironic that people label the President as ""mentally ill""  without any facts, as well?  Hypocritical much?  Let's use your logic then shall we?  You don't THINK that a guy who's main selling point was a wall was going to be built and paid for by Mexico is mentally ill?  You don't think that someone who finds no ill will in sexually assaulting women is mentally ill?  You don't think that someone that sends out numerous tweets about Obama's golfing, and then exceeds the number of days Obama golfed in the first 8 months of his Presidency could be mentally ill?  You don't think that someone who has joked about having sex with their own daughter could be mentally ill?  You see I've proven my point with opinion so it obviously true!  There you have it folks, Trump is officially mentally ill according to fedup's logic.  So tell me, who's paying for that wall again?",0.341965913772583,0,1
5443,JS1777209,"So, it's a ""mental health"" problem and not a ""guns problem"" says POTUS (aka ""the DONald""). Well, it is certainly going to be a problem if mentally ill people have access to guns and no access to health care. Yet you advocate no restrictions on guns whilst cutting off millions to health care. Reap what you sow you freakin' nutter!",0.760762095451355,1,1
4919,JS1700992,I have yet to hear of adult-onset autism.,0.005310436245054,0,0
5078,JS1129777,Heartbreaking??? they are effing braindead retards ...,0.9988837838172911,1,1
4839,JS585043,"monkey
The HDI is very limited -  4 factors.
The Spirit Level has a very broad data base. From Wiki  It claims that for each of eleven different health and social problems: physical health, mental health, drug abuse, education, imprisonment, obesity, social mobility, trust and community life, violence, teenage pregnancies, and child well-being, outcomes are significantly worse in more unequal countries, whether rich or poor.[1] The book contains graphs that are available online.[6]

Japan and Sweden are on top. The US and Portugal on the bottom for living conditions.",0.0045320806093513,0,0
5318,JS1777209,"So, it's a ""mental health"" problem and not a ""guns problem"" says POTUS (aka ""the DONald""). Well, it is certainly going to be a problem if mentally ill people have access to guns and no access to health care. Yet you advocate no restrictions on guns whilst cutting off millions to health care. Reap what you sow you freakin' nutter!",0.7674614191055298,1,1
4966,JS55889,"So over 50% of the homeless are not under the influence, or mentally ill.  Are they choosing not to work, and live on the streets?",0.0386488698422908,0,0
5417,JS1317501,"It would be better for the United States if Mr. Trump wasn't quite so mentally ill. 

Worst President Ever.",0.7758490443229675,1,1
5174,JS795819,"And here is our mentally ill President, blaming everyone other than himself for a foreign policy failure on his watch.

Trump is a psychotic.  He can never be wrong about anything, ever.",0.8167346715927124,1,1
4632,JS1601458,"Don't be a victim---educate yourself.  Google 'teaching kids grit'.
Mental illness clearly runs in your family.  But that doesn't explain a sudden societal 'epidemic', which is what I'm referring too.  As an analogy, rates of obesity are through the roof. Fundamental behavioural issues are at play here.  Proper child-rearing and personal self-control and responsibility would decrease the rates significantly. Same goes for teaching 'resilience' and self-confidence and self-reliance.",0.1977290660142898,0,0
4910,JS455992,The Anchorage FBI office may have let the public down by not not taking greater legal action against Mr Santiago because of his mental health condition. They knew he may be a threat to himself or the general public. Mr. Santiago believed the government was controlling his mind and making him support ISIS and were preparing him to fight for ISIS. The FBI should of made sure Mr. Santiago did not have access to weapons after they became knowledgeable about him. This is not the first time the FBI has been culpable in an attack of this nature. The FBI needs to do a better job protecting the public if possible.,0.0023048026487231,0,0
5401,JS100417,"Yup, he did.

Proves how deluded he is when it comes to firearms. Sad part is that lack of intellegence, common sense, and degree of mental illness Jerry Swanson just demonstrated is becoming more prevailing in US society.",0.7472228407859802,1,1
4602,JS1776777,Mental health evaluation for paranoia of mass confiscation next step.,0.0002662028709892,0,0
5077,JS1373061,Let the malignant narcissist and mentally deranged sociopath Trump sink himself.,0.8121185302734375,1,1
5285,JS539495,They were naively assuming that T rump would pick a legal means of doing so. And everyone who isn't a dolt is still snickering bc the orange groper keeps signalling his mental illness with every passing day.,0.7404277324676514,1,1
4788,JS585581,"As the sister of someone with Schizophrenia, I see how often my brother decides to stop taking his medications for a variety of reasons that he finds: they make him sleepy, he doesn't need them, he's traveling, etc.. As soon as he does, we know he is off his medication and he reverts to violent thinking.  As far as I have seen, sadly, there is no cure for this illness. I believe as a society we are still very naive around mental illness, even doctors.",0.0728184580802917,0,0
4853,JS168353,"Educating the public about mental illness and Ronald Reagan's release of the mentally ill into the hell of homelessness and lack of treatment may be funny to you. However, for the homeless and mentally ill it is nothing to laugh about.  

So to educate you, sarcasm is not funny, it is passive-aggressive and hostile.  
 http://www.scienceofpeople.com/2011/12/sarcasm-why-it-hurts-us/     

Humor around killing others in false scenarios may be funny to you.  Perhaps, you should insert a loved one's name in place of  Ms. Fay's name.  What if it was your sister?  Your mother? 

Garycrum, who I rarely agree with, has made some excellent points, and was not chastising you.  

Just a note, us old folks were here when all that happened in 1984 with Reagan.  We were here when PERS was created.  We didn't cause either of these fiascos.  Most of us knew it was insanity from the start.  You're still young, you'll figure it out.  Karma.",0.1487661153078079,0,0
5315,JS95521,Self medication of mental illness is tragically discriminated and extremely common by ALL classes. Labeling people as high or drunk without proof is tragically stupid. Yes some may smell of alcohol/marijuana/meth but not all homeless people are addicts. The very worst and deadly of addictions is odorless and advertised by doctors. Many homeless have severe mental health issues with life long abusive behavioral problems or recent tragedies in life. This is a great idea and I hope it's open to all library members!!,0.2224515229463577,0,1
4892,JS682897,"ok I was not clear. I should have said that the purpose of canon law is the salvation of souls. by and large  penalties  exists to be medicinal - to restore the person to grace ( for want of a better word) and to protect the innocent. excommunication is fundamentally to eject someone from the church in the hope that feeling the loss of fellowship and eucharist the person will correct what is necessary and come home. excommunication is not at its base punitive. 

a former student with whom I worked closely committed suicide which was caused by mental illness that I was convinced was set off by his being sexually abused by a priest who was celebrated for his insightful rhetoric in a portion of the catholic church in this country.

for about 15 years I was infuriated by what happened to him and to others whose stories I was to learn. over the past year or so as we were working through the gospel of luke in the sunday gospels I became convinced that my reaction was inconsistent with it",0.0491269677877426,0,0
4874,JS43698,And the mentally ill remain in charge.,0.9958173632621764,1,0
5083,JS228074,"Ignorant and divisive always depends on individual liberty and justice for for the mentally disabled at the Attorney General's and Alaska State Trooper Offices, part of that Alaska Human Rights Law.

""It is also the policy of the state to encourage and enable physically and mentally disabled persons to participate fully in the social and economic life of the state and to engage in remunerative employment.""

      -- Alaska Human Rights Law, AS 18.80.200.

""Practices by the State and it's Political Subdivisions""

It's a great accomplishment to get the Federal EEOC, to do the job of the retarded state employees at the AHRC for great ""Places of Public Accommodation"" for the mentally retarded remunerative employment commission.

http://humanrights.alaska.gov",0.5265362858772278,1,1
4669,JS1374626,"not true at all, you have no idea if someone has dealt with a person with ""mental health issues"".  Some actually have issues, but  some have been babied for so long, they simply cannot fathom the possibility that life could be harder than they think.  They used to be called spoiled children.  Now they are called millenials.  if you can't see that, maybe you have some issues yourself.  Don't worry, our government will find a solution for you.",0.2395005971193313,0,0
5346,JS295984,"The easiest way to win a beauty contest is to stand next to the fat girl wearing a diaper and bad pants suit. 

- Mental Instability? Ask Matt Lauer who went bat sh%$ crazy on him yelling and screaming and cursing him and threatening she was going to have him fired ...all for asking a question she hadn't pre approved..Advantage Shrillary
- Used Evangelicals? Hardly, their moral compass worked just fine in rejecting a 30 yr criminal who regularly has her political opponents and body guards whacked...advantage Killary
- Suckered Workers? Not this time They rejected Corporate Americas candidate - Advantage Corpillary
- Unprepared Millenials? Try again they don't want the TPP, and are anti war...Hillary was the ""Gold Standard of endless war candidates- Advantage - TPPillary 
- Misguided Tools? - Those are the ethically and morally bankrupt voters who ignored Hillary's 1,000's of felonies and selling out of this country to vote for herb - advantage Toollary

Out of space Hillary Wins 5-0",0.7895601987838745,1,1
5258,JS1387486,"Darwinian evolutionary theory at work.  That's 400  humans predisposed to addiction, mental illness, and/or overall stupidity who will now not breed  anymore .",0.9526855945587158,1,1
5467,JS884714,Mr. Trump is obviously - really obviously - profoundly mentally ill.  This entire administration is a disgrace.,0.7320345640182495,1,1
5415,JS166387,"Let's stop calling them ""homeless"".
They are mentally ill, alcoholics, drug addicts. Being ""homeless"" is just a symptom.",0.6781571507453918,1,1
5009,JS877126,"The problem I have with what you are saying is addiction is the problem , not casinos, not bars, not drugs, not grocery stores. I know someone who has at various different times been addicted to sports. Food (Serious gluttony), alcohol, shopping, pot, coke, speed, selling drugs, golf, sex and I am leaving a couple of things out. Usually they were cross addicted to more then one thing at a time.. None of these things were the problem. The problem  was they did not know how to identify and manage their mental illness.",0.0212969034910202,0,0
5472,JS582784,You are mentally ill.,0.9812458753585817,1,1
4758,JS845648,"This government is showing disturbing similarities to the previous group of troglodytes.

The difference is that this group convenes panels and commissions who appear to be sound, knowledgeable, and thorough. And who come up with consensus recommendations, in accordance with their mandates.

Which the federal government then ignores, in whole or in part, for its own abstruse reasons--electoral reform, and medically-assisted death are just two examples.

This one looks to me like human rights challenge in the making: is it not discriminatory to forbid a right to people with a mental illness that is available to all other Canadians?",0.1818029582500457,0,0
5426,JS93965,"Liberalism is a mental illness, sad that Shannyn has lost so much of her life and happiness to it.",0.7682076096534729,1,1
5333,JS1235902,"Wow!
Your progressive psychosis has become extreme!
Please seek immediate medical help.",0.0768424794077873,0,1
5552,JS1383462,"The jc hospital is a lawsuit waiting to happen, mental health in eugene is treated worse than prison. How dare the city take life from people in the land of the free because you do not take the time to understand individuals. Its a pitiful shame to force people on drugs because your stupid.",0.8930224180221558,1,1
4563,JS208027,"thisguy808, when you say 'we can't be so naive to forget that everyone is born with different capabilities', you forget that we have learned more in the past 24 months about the brain than in all previous history. we know now that stress mutates genes in fetuses just as do drugs, alcohol and other substances. that mean that poor kids are more likely to be 'born' with different capabilities. period. environmental upbringing for the poor also creates problems like PTSD and many other mental illnesses that are not addressed.  

and, 'shouldn't it be enough to provide a free and appropriate public education?' you might think so but it isnt true. ive talked to hundreds of west side high schoolers and they say their counselors tell them that the most they should hope for is to join the military. ive also talked to a few at punahou and iolani and that subject never came up. go visit the tech lab at iolani and waianae and see just how a free and appropriate public education really is.",0.2295317500829696,0,0
4579,JS956424,"The man has multiple disorders including substance abuse disorder.  It seems as if misuse of drugs and/or alcohol is triggering other more serious and dangerous mental disorders. Increasingly you see delusional people, often male, rambling and ranting down the street. I wonder if this man's problems started with drugs.   On the one hand you don't want to punish people for being mentally ill, yet on the other, the horribleness of the crime creates a sense that maybe this fellow will never be safe out in the general public, especially if he relapses to his addiction.",0.0593230128288269,0,0
5067,JS1780013,"She should get her job back. Trump has DONE and SAID worse yet the mentally  ill, lying criminal Trump gets to keep his job.  Trump will never finish his term because he WILL be impeached or in prison",0.7996318936347961,1,1
4863,JS468678,Yes I did. President Carter signed the Mental Health System Act. This happened very shortly after Carter's election. Reagan cut the federal funding for mental health when he became president as he did in California when he was governor. My mother  was a doctor during the 70's and Reagan years. Many of her patients were pushed to the streets over night and became homeless. Spin it anyway you want but the facts are the facts.,0.0250102840363979,0,0
4593,JS338003,"You must have read a different article than I did. This is clearly a family grieving deeply for two members who they believe have fallen victim to mental illness. They provided insight and opted to acknowledge both victim and perpetrator as mentally ill to provided whatever sense there may be to what happened. I didn't see any back patting, any demands the boy go free. In fact they openly dispute his abuse claims and only say that his own mental illness and his mothers were a factor and explain a family effort predating the crime to help an ill member, including what is clearly now acknowledged as a flawed judgment call to send her youngest son to aide her. Perhaps you should re-read. What would you have them do? Call for a death penalty? Permanent incarceration with no mental health care? Pretend nothing was wrong before the crime?",0.0034473685082048,0,0
4786,JS744010,"No, we're not. We'll never be, especially when you degrade others by abusing mental illness to bolster a comment. What kind of creature does that?",0.4390143156051636,0,0
4650,JS144570,"Homelessness is a societal problem. It is every persons right to sleep. We criminalize mental illness and do not provide adequate support. Minimum wage jobs can not support people. Our public education system is not the great equalizer, it is not an even playing field. Public education beyond grade school was formed to protect private property and promote the social order. I am one paycheck away from the homeless person I see on the street. There before the grace of God go I. Demonizing homeless people and any urge to not see them by putting up a fight for them to not be in your neighborhood only exacerbates the problem. We all need to be part of the solution. Compassion, an open heart and giving of yourself along with requiring those with a lot be it a rich person or a corporation that does not pay its fair share is what is essential for eradicating homelessness. None of us win unless we all do.",0.1542132347822189,0,0
5108,JS656975,"Good job, Roy.  Let's add the attack on the very foundation of our democracy with his relentless false claim of 3 to 5 million illegal votes that denied him the popular vote.  And then there's the threat of an arms race.  ""Nobody will mess with us, folks.""   Forget any concerns about Trump not being presidential - He's mentally ill!  The Mad King.",0.44839808344841,1,1
4812,JS1755133,So you admit to being a moron that thinks guns and knives get up all on their own and attack people?    Great.   Hey DP you guys want to recommend the police check this guy out with a wellness check.... a 72 hour mental health hold would be appropriate to investigate whether or not his delusions make him a threat to himself or others.,0.7525582909584045,1,0
5112,JS535994,The comments against illegals being deported after killing us citizens proves that liberals are mentally ill.,0.9992799162864684,1,1
5538,JS1426748,Once again we are reminded that liberalism is a mental disorder.,0.93593168258667,1,1
4876,JS1668513,"I think the article misses a point about park sweeps. No one thinks this will ""solve"" homelessness. The public does not care. They simply want these people out of the parks. 
I'm all for an intensive effort to truly move the homeless to stable housing, but such an effort has to be paired with a reclaiming of PUBLIC space from being monopolized by a narrow demographic. 
And let's acknowledge that the homeless usually present with mental illness, substance abuse, or both. Who wants that in a neighbor? We are doing all involved a disservice to ignore the reality. 
Spend the money to solve the problem (rehab, mental health counseling, steady housing, etc.) but by all means sweep these people out of our parks and libraries. To do otherwise undermines any public support for anything homeless.",0.2628605961799621,0,0
4693,JS1677191,"Severe Narcisissim, likely Sociopathic (formerly called psychopathic)",0.0670576691627502,0,0
5091,JS1373061,Let the malignant narcissist and mentally deranged sociopath Trump sink himself.,0.8128184080123901,1,1
4963,JS478565,"Then why did they vote for someone more crooked, with less credibility, far less relevant experience, and obvious emotional and psychological issues?",0.0543099679052829,0,0
5382,JS50553,"Just why is it that our legislators can't use the Atwood Bldg? Is it that they can't lower themselves to be in the same building with the lower class state employees? Do they have to have the absolute best facility in order to do a 90 day job, even though they never get their job done? The legislators want to take from the people of Alaska From 8 to 80, as long as they don't have to give up anything them selves. I'm beginning to think there is some sort of mental illness infecting our politicians! Perhaps that possibility should be investigated or we should just let them go on their merry way by voting them out of office! I'm afraid stupid can't be fixed!",0.9867253303527832,1,1
5057,JS1369649,"So many people are spun up on this.  Let me help you.  2% of our population has an IQ under 70.  http://www.i3mindware.com/what-is-an-iq-test-and-iq-score.  This is referred to as ""Mild Mental Retardation"", http://www.assessmentpsychology.com/iqclassifications.htm.

We also have a country that allows free speech for everyone, not just smart people.

Of our roughly 6M people at the bottom end of the IQ curve a small portion get sucked into crazy ideology.   So this group wants to have a march and everyone gets upset, what did you expect.  If these same people had a rally and there was no media and no counter protesters they would get hungry and move on to the next thing.  Ignoring dumb people is way more effective than getting mad and attracting more dumb people.  The media is the bigger winner.  

The fact is white american males have killed more nazi's than anyone (WW2), it's silly to think there is some kind of mainstream reassurance.",0.8336105346679688,1,1
5413,JS1764081,"He is mentally ill and very stupid, he was imprisoned and tortured for 5 years.  The people who really know the guts of the case are telling you that punishment is appropriate.  And here you are telling me that 5 years of hell is terribly underwhelming.  You don't like the word bloodlust, feel free to choose another, but you've got it and sounds like your friends do too.",0.8507178425788879,1,1
5216,JS499203,Preaching to chickens sounds like a serious mental problem.,0.3838772475719452,0,1
4578,JS1124583,Gwen and her fellow ANC cadres in Gauteng Government don't care about mentally ill patients or obeying a Court Order..... now I would suggest the Court Order be amended to claim monies owing from Gwen and the Head of Department in their personal capacities!,0.6339902281761169,1,0
5014,JS377730,"Juveniles with a felony record will be housed in a juvenile detention center.  The longest they're held is two years.  After that, the DOJ has to let them go.  Juveniles in lockup do receive mental health counseling, but there's no guarantee that any of that counseling is sinking in.  It's very unlikely that for most of these thugs no amount of treatment will make a difference.",0.6712744235992432,1,0
5005,JS1266801,"Oh boy another word salad from self proclaimed ""mental health advocates"" Faith Myers and Dorrance Collins. 

What qualifications do they have, aside from really bad writing?",0.4937569200992584,1,0
5100,JS965789,"""We then have a specific religion singled out (in this case Islam) to describe the actions of a mentally ill person.""
What's the cause of mental illness in so many Islamists?!",0.995945155620575,1,1
5227,JS649,"This is what a serious mental illness looks like, these paramilitaries/militias/”sovereign citizens”, a sociopathic paranoic delusional criminal hysteria, contagious to a degree, armed and very dangerous.",0.9831689596176147,1,1
4619,JS504358,"Think of how many abortions there have been since the dawn of time, Mr. Barrowcliff, if that's what you decide you should be bothered about but since you are incapable of getting pregnant or having children it seems a rather pointless preoccupation. It seems like something that someone would do who probably has a mental health issue. Mental fixation is a possible sign of dementia. Perhaps your letter is a cry for help. There are probably a lot of mental health providers out there who can help you,  Mr. Barrowcliff, with you mental fixation issues. Just don't wait too long and end up doing something weird and illegal like making your mental health problem someone else's and running into legal trouble. That would be unfortunate. Get the help you need.",0.1273112148046493,0,0
5427,JS1301743,Trump is a textbook malignant narcissist; a mental disorder. Check it out.,0.6229087114334106,1,1
5111,JS97349,Mr. Turner I don't think the founding fathers would accept your modern reinterpretation.I think they would be appalled how their constitution was treated.  The 2nd amendment is treated as the 11th commandment while the rest are diminished to mere suggestions.. I am quite certain they would realize that Trump is mentally ill and not fit company.,0.118172749876976,0,1
4729,JS1754487,"You're wrong.  

You have MORE of a chance of being killed by a mentally ill or angry white guy with a gun.  Exponentially more.",0.767943263053894,1,0
5123,JS1482814,"Exactly, people just play the blame game for thier mental numbness. It is the sun , no shit lady",0.2284759581089019,0,1
5215,JS1780013,"She should get her job back. Trump has DONE and SAID worse yet the mentally  ill, lying criminal Trump gets to keep his job.  Trump will never finish his term because he WILL be impeached or in prison",0.7996318936347961,1,1
5250,JS269267,Raymond Justice is a mental screw up who can do that,0.8341173529624939,1,1
5528,JS1080340,"Nice deflection (actually, not), but keep trying. (I will spell it out, what does a prior minister have to do with this article?)
Is being ""anti-science"" like all the left-wingers who are against vaccinations, because they ""cause"" autism? How about the (most) left-wingers who are against so-called GMO food crops (big hint, genetically modified foods made their first appearance around 10,000 years ago)
Not to justify any ""wing"", but there is plenty of stupidity to go around...",0.8193691372871399,1,1
5484,JS1780013,"She should get her job back. Trump has DONE and SAID worse yet the mentally  ill, lying criminal Trump gets to keep his job.  Trump will never finish his term because he WILL be impeached or in prison",0.7944025993347168,1,1
5514,JS377791,"Trump is a dangerous slime ball that has an obvious Narcissistic Personality Disorder (as in anti social, and psychotic variant).   America is in deep doo doo.",0.9342142939567566,1,1
5512,JS1301743,Trump is a textbook malignant narcissist; a mental disorder. Check it out.,0.6213991045951843,1,1
4973,JS868132,"This comment has so many problems I can barely begin.  Alcohol is legal, pot isn't.  You cannot compare pot and alcohol, they work differently in the body.  There is much data about the dangers of alcohol, but pot hasn't been studied as extensively, however it is accepted that it is detrimental to developing brains, can trigger psychosis and anxiety and increase the chance of schizophrenia.  Just because pot doesn't cause aggressive behaviour, as alcohol does in some people, does not mean it's safer.  40% of all DUIs are due to drugs other then alcohol, may be higher, depends how data is collected.  I for one would never use a so-called ""recreational"" drug that is known to help with brain seizures.  Also, I'm quite sure in the years to come we will regret legalizing the stuff.",0.057710874825716,0,0
4918,JS821959,"http://humanrights.alaska.gov/files/case_resources/rosga_final_order.pdf

Read through this decision as an example.  The commission decided that the Landlord violated the law by not allowing a family to have cats because the cats helped alleviate the symptoms of their child's mental health disability.  

Really?  We are paying millions per year for decisions like this!  Give me a break.  If a landlord has a no pets policy, they have a no pets policy.  Are ""support cats"" really a thing?",0.005207868758589,0,0
4750,JS289623,"Welcome to the club, you are not asking anything that scores of others have asked before you. When dealing with individuals with mental disabilities who display multiple personality disorders it's always hard to understand which planet they are on at any given moment.",0.3964869678020477,0,0
5141,JS1399499,"Thankfully, more and more people are openly questioning Trump's sanity and fitness for office.

He is obviously - very obviously - profoundly impaired and mentally ill.",0.3834950923919678,0,1
4986,JS93103,"I'm with Mark on this one. My son has Autism and there is no scietific proof that his vaccines caused it. Throw links at me all you want, anyone can write a ""report"". Autism is a neurological disorder that he was born with. Also lets pretend for a moment it was vaccines. I would still have had him vaccinated. My son is happy and healthy and I couldn't ask for more.",0.0007549587753601,0,0
5089,JS716158,"Wow! klastri, ""Trump is profoundly mentally ill. We have an insane President.""  If anyone would have said this about Obama they would have been scrubbed from these pages!

Thank you President Trump for increasing jobs by 200%, and decreasing illegal entrants to our country by 40% in just your first full month.  If this is mental illness, I want more of it!

Of course Obama lied 100's of times.  http://www.politifact.com/truth-o-meter/promises/obameter/",0.7811145782470703,1,1
5542,JS1263720,Add mentally ill to the list!,0.5792194604873657,1,1
4852,JS1089986,"Steve:  You present what I think is a key question regarding assistance to the homeless.  ""Is the goal to make it ""easier"" to be homeless or is it to help individuals escape from homelessness?  Clearly directly giving to individuals only serves to make it just a little easier to be homeless....or for ""professional beggers"" (and, yes, eugene has some) to ""make a living.""  Donating to charitable organizations provides direct positive assistance....meals, some basic healthcare, clothing and temporary shelter....all helpful to the homeless.

However, IMO, it's the NEXT step which is most important: What can we do to help individuals escape from homelessness? How do we help some of them get jobs?  How do we help some of them deal with alcoholism, substance abuse and mental health issues?  How to we help the physically and mentally handicapped find long term appropriate support? How do we insure that vets returning with PTSD/brain injuries receive the support they need? (cont) Gary Crum",0.007759794127196,0,0
4988,JS1601411,"This comment is ""exhibit A"" about why public mental health awareness initiatives are necessary.",0.0002090532507281,0,0
4997,JS193724,"""This individual seems mentally unstable,"" said Capt. Obvious. I hope they confiscated his firearms. America has a serious mental health crisis that takes a back seat in the gun debate.",0.0744761303067207,0,0
5505,JS610,"This is what a serious mental illness looks like, a sociopathic paranoic  criminal hysteria, armed and very dangerous....",0.5967555046081543,1,1
5008,JS435342,Seems that the medical and scientific communities don't agree with you - they don't consider gender non-conformity to be a mental illness.  Fact is they don't even regard it as a disorder - the disorder is the discomfort that some individuals feel as a result of their gender identity.,0.3833715319633484,0,0
4558,JS825106,"They are releasing him from the hospital (where he was sent first due to his mental condition) and ""police custody"" (cops watching him while at the hospital).  But will immediately be arrested (as a suspect, not that he's not a patient) by the same HPD, will be treated like any other criminal suspect.

Hope that makes you feel better.  I don't think he'll be coming to your house soon...but just in case, I'd lock all the doors!",0.0027628436218947,0,0
4709,JS758410,"Khalid MasoodAdrian Russell Ajao at UK Parliament

Marc Lépine -Gamil Rodrigue Liass Gharbi  at Montreal  École Polytechnique

Yes it would be nice be nice if the authorities and the media reported the names of terrorists. 

When people in Canada are killed in a Mosque it is quite rightly called immediately calle terrorism. When people get killed elsewhere the label is lone wolf or mentally ill.",0.0252477955073118,0,0
5110,JS1713825,"No, he is not stupid.  He  suffers from a mental disorder, narcissism.  many Leader suffer from the same illness and this disorder has brought many down.  Irs Scandal, led right to Obama.  Uranium One?  Right to Obama, this situation right to Obama and the other Narcissist Hil LIARY.",0.7369645237922668,1,1
4577,JS236352,"The predator that shot Sgt. Brandt will be caught.

His profile will likely include:

Past incidence of criminal behavior; he will have a police record.  He will be an individual the Fairbanks police have previously had contact with.

He will be abuser of drugs and alcohol.

He will have significant mental health issues.

He is right-handed.

Others are helping him hide- and delaying his eventual arrest.

He has no gainful employment.

Based upon his attire he may be a street person.

Our thoughts are prayers are with Sgt. Brandt and his family. We are hoping for a speedy recovery.",0.0013534170575439,0,0
4638,JS467789,It's about both.  The intersection of guns with mental illness.,0.0064305909909307,0,0
4775,JS672676,#FL01-11127 and #FL01-01406 #LGBT D.W.H vs. D.J.R alberta justice FAILED as did the Alberta Human Right Commission. The Justice System failed beyond comprehension. The AHRC failed with these cases giving me PTSD from years of self representing and becoming homeless and penniless as per Canadian Law (interim charter challenge funding request) impecunious was opening door to mental illness now (NCR). Platoon FX and false allegations made it worse (still own 10%) but just try to get a response after all this damage. I suffered intentional CHILD ABDUCTION and I demand JUSTICE #FL01-11127 Happy Birthday Canada...Good luck with a legal system like this in Alberta and Canada.  Trying to get JUSTICE may just drive you nuts after 10 long expensive years. Parent Alienation Syndrome should be CRIMINALIZED and so should perjury and defamation ...start with D.J.R and D.D with Dr. Terry Pezzot Pearce. GUILTY as Hell. The Alberta Govt has long needed someone to supervise and focus on ALL CHILD RIGHTS,0.6817535161972046,1,0
4880,JS41561,"If I remember that case correctly, Sherman Pitt was diagnosed as being highly claustrophobic, with several other mental disorders as well.  He had acted up and was placed in the hole ... where he simply went bonkers, and thereby prolonged his stay in the hole ... and went even more bonkers.",0.0602974742650985,0,0
5378,JS1226847,"No, it's not typical, but anything can and does happen when alcohol is involved. Or the guy just could be a moron. I'm just tired of everything being immediately called a ""mental health issue"" when a lot of times it's just someone being an idiot. It does a disservice to those who truly do suffer from mental illness.",0.2303794026374817,0,1
4564,JS871594,"A community has a responsibility to support care for it's handicapped and disabled residents and families. Years ago support for the town drunk(s),  odd jobs and permission to sleep in a barn or local safe place. For those who needed to be on the move...a hobo life was attractive, doing odd jobs, riding tge rails. Enter ""drugs"" and fast forward...today the same core groups are present plus the now addicts dependent on the enablers who provide cash for basic needs..drugs and food that addicts opt for. Different groups, different needs but all living on the streets. How about..the City and State provide $$ to Lane County Mental Health/St., Vinnie's to provide shelter for the mentally ill.  When drug dollars captured during an arrest, if guilty use those $$ to prrovide addictiontreatment. For those who want to hang out only but not work nor seek addiction treatment, the City needs a panhandling law and a robust campaign to stop ENABLING!",0.5825952291488647,1,0
4630,JS144630,"No they're not. ""Of the 1,451 people counted ... 434 people have a mental illness ... 232 people have chronic alcohol/substance abuse issues."" 

http://www.lanecounty.org/media/news/pages/pr_hhs_homeless_count_results.aspx

And there is probably a lot of overlap between the mentally ill and addict categories because mentally ill people often self-medicate, especially when homeless, which is a very high-stress experience. But hey, don't let facts get in the way of your fantasies.",0.1298780590295791,0,0
5365,JS520080,Please get immediate help for your hate-filled progressive psychosis!,0.68541419506073,1,1
5404,JS22081,"She knows all of this, but like most shameless liberals she is convinced the welfare state is the only state everyone should live in. It's why she continues to puke this stupidity every chance she can on this board knowing what she is posting has been thoroughly debunked to redundancy. This is why I state liberalism is a mental disorder, a social disease.",0.9748004078865052,1,1
4818,JS1177406,"A. Shetson wrote:

""Of course you can elevate genetic dysfunction to something positive if you wish. I wonder, though, how many auts and asps wish they were not.""

Pity Shetson didn't look up the url I provided. The desire to not be autistic is most common among parental supporters of so called ""Autism Speaks"", not among autistic persons themselves. Some parents want a pill that will make their Autistic Children ""normal"". My High Function Autistic children are just fine as they are, thank you, as I am. Heredity plays a large role in Autism.

http://erikengdahl.se/autism/isnt/humor.html
--
""The common belief that (persons) with pervasive developmental disorders are humorless is frequently mistaken"". Stephen Bauer, MD MPH",0.023584559559822,0,0
4857,JS953985,"Risk -  Injury or death

In terms of risk to life and limb, the NAS committee found that driving under the influence of cannabis ""increases the risk of being involved in a motor vehicle accident."" The report also cited evidence that increasing numbers of young children may be accidentally ingesting marijuana products now, particularly in states where cannabis use is legal.

Risk - Mental health

While the report notes some research suggesting that using marijuana might increase risk of developing schizophrenia or other social anxiety disorders, the committee of scientists cautions that there may be other explanations for that link; it could simply be, for example, that people with these mental health problems are more likely to smoke marijuana.",0.0006726505234837,0,0
4914,JS1079586,"Should the man's race have anything to do with this story? Maybe not - unless the members of law enforcement have a history of being more patient (and figuring out as they did in previous calls for this man how NOT to resort to using their guns)  with mentally ill who are white (and closer to middle class than homeless - and there have been articles about how homeless who are mentally ill are treated - and it's not good). If that is the case, then race (and economic status) may play into it. 

The real story is the treatment of the mentally ill - and it's a nationwide issue. I don't know what the answer is; however, it appears that at least Parker, CO is going to try something new. See ""Mental illness calls on the rise in Parker, police start different approach to fight the problem"" on Channel 7's site. I wish them well with the new approach and hope it can be a template for other law enforcement departments if it does.",0.0105945486575365,0,0
5217,JS502231,"Everyone is mentally ill to some extent. For instance anyone who believes in the tenants of their organization cult worship are mentally ill. Any person who doesn't devote their life to any cause they deem
Worthy is mentally ill. All lawyers and politicians are mentally ill...",0.9063881635665894,1,1
4720,JS456730,"His brother said he was getting mental health care. Was this veteran receiving mental health treatment at the Anchorage VA Outpatient Clinic? If so, I can guess why he decided to throw his life away. the quacks who work at that place and the men who are supposed to be in charge are worthless. Because of bad leadership, the place is a cesspool for those wanting mental health services. I know homeless guys who will not set foot into that place. They say they are finished with the military and the VA. I totally know why.

I am so sorry that it seems this young kid did not get the care he deserved from the VA. Unfortunately he is not the only one who has been screwed over by the mental health staff there.",0.2531332969665527,0,0
5454,JS95521,Self medication of mental illness is tragically discriminated and extremely common by ALL classes. Labeling people as high or drunk without proof is tragically stupid. Yes some may smell of alcohol/marijuana/meth but not all homeless people are addicts. The very worst and deadly of addictions is odorless and advertised by doctors. Many homeless have severe mental health issues with life long abusive behavioral problems or recent tragedies in life. This is a great idea and I hope it's open to all library members!!,0.2281023412942886,0,1
5399,JS1469474,You are confusing normal sex with pedophile activity which is a mental disorder involving adult sex with prepubescent children.,0.4764927923679352,1,1
5062,JS1124889,"Hooey is hooey even if you have a lot of degrees. 
Sure, we have thousands of battered and lost humans wandering our streets and in our prisons. But it isn't that we need to flood the world with Big Pharma's poisons, which really do mess up people, we need to understand that our culture is absolutely destroying people. They are psychologically damaged, but are not ""mentally ill"" and for the most part don't need to get addicted to mind control drugs. They need housing, safety, counseling, and some sense that our culture cares. Which it doesn't.
If one learns to be be dysfunctional by living in a traumatic jail, or family, or the military, do they have a mental illness? Does their dysfunction need to be seen as a medical condition, when it is perfectly natural considering the trauma they have undergone?
If any are open to the perspective that we are being led down Big Pharma's path I suggest going to www.madinamerica.com.
Hugh Massengill, Eugene Oregon",0.2868156135082245,0,1
5485,JS1167776,once again you prove liberalism is a mental disorder.,0.8952473998069763,1,1
5253,JS554728,"Their silence is deafening.  I am so ashamed to be an Alaskan right now, because of the jellyfish representing us! Speak up and demand this tyrant be impeached!  He is mentally ill and has the nuke codes! I thought the new thing was not to give guns to the mentally ill...but nukes are okay?  Speech! Speech! You three spineless tools! The whole world is watching and judging you.",0.5753449201583862,1,1
5234,JS791487,Just how retarded are you? You don't think our intelligence knows about this?,0.9896991848945618,1,1
4838,JS1036003,You know what danielle marie the blame is not on anyone but kyle and maybe a lack of diagnosis and treatment on mental illness and self medicating which is happening nation wide how dare you say such things mothers and fathers only know how to care for their children based on what they were given themselves and there is no book on if any of us are doing it right Robin Markee did not set out her parenting with the intention of having something like this happen EVER she did the very best she knew how to do and she has always been gracious having an open door and  open heart  definitely not lacking in  love for her children or not her children she opened her door to me when i had no one else and treated me as her own i am forever grateful to her and all of her family including kyle you have no right to talk so unkindly of the best women i have ever met and who i know for a fact loves whole heartedly you should be ashamed of yourself someday i believe you will be a mother judge then!,0.0527016147971153,0,0
5147,JS262314,"but she does have a special hatred for Barry Sommers as evidenced here:

""Barry, you preach hatred toward every single one of the 1.6 billion Muslims on our planet, 99.999% of whom desire to live in peace just as any human of any other religion. The reason is simple - we are all humans who desire peace. The lies you preach are destructive of peace. Your hatred is destructive of peace. You are a small, frightened, ignorant, hateful man. You are the enemy of peace and good will among men. You are a fool, and anyone who listens to you is a fool. You are poisonous. Go away, and never come back, devil spawn.
I think you are a truly mentally deranged person, with enough intelligence to make trouble for a lot of innocent people.""

and this one:

jjp58  Barry Sommer  a year ago
By now Ali is aware that you are the forum religious fruitcake. If you approached and confronted me with your leading questions, I would call a cop. You are completely insane.",0.6443285942077637,1,1
4567,JS1459190,"This is a sad, but preventable story. Washington is one of the lowest ranked states for services for the mentally ill.  My adult son with this disorder has had much better treatment and consistent care in Oregon, Michigan and Hawaii then he ever did here.  The most difficult period for people with schizophrenia are the late teens and twenties when the visual and auditory hallucinations typical of this disorder first appear.  They are not present during childhood, so their onset at the beginning of adulthood is very frightening for the individual who seeks logical explanation in a brain that no longer works properly.  This often results in paranoia [illogical fear].and acting out against those the brain believes is causing the hallucinations. Which medication works for an individual is based on experiment by poorly paid and poorly trained staff with various medications, often based more on the cost of the med then its effectiveness, causing zombie like affect resisted by the patient.",0.0091235414147377,0,0
5533,JS909452,"Kc, your comment is an insult to mental midgets.",0.8848278522491455,1,1
5398,JS944989,"I hope that nobody you love ever suffers from any kind of mental illness. You will not be intelligent enough or educated enough to be properly equipped to help or understand in any kind of way. You are ignorant, hateful, and quite frankly, stupid. Your comment wasn't even necessary.",0.9218457341194152,1,1
5086,JS1513671,"Ha, ha.  You guys are way too literal, here.  What if I told you you were nuts?  Would you challenge me that you don't have a diagnosis of a mental disease?  Ridiculous.",0.4370319545269012,0,1
4539,JS1169536,"Heaping helpings of scorn, derision and eye-rolling to go with this 'story'. Are these folks provided with social workers and mental health counselors, too?",0.3300676047801971,0,0
4925,JS1501851,"The author could have presented a more informative article by describing what other countries are doing to protect guards and inmates from other inmates.

I strongly agree that a prison is not an acceptable substitute for a proper mental health facility for the mentally ill who pose a danger to themselves or others.",0.0003034069668501,0,0
4689,JS1509077,Iqbal needs help it appears. Not financial but for his mental condition.,0.0102468412369489,0,0
4861,JS1442000,"We're talking about two different things, impeachment and removing a president due to incapacity. Congress can only impeach for high crimes and misdemeanors, not for mental illness. Removing a president for inability to perform his duties is strictly the purview of the Vice President and the Cabinet.

I have no illusions about Trump's mental health. I'm just taking an honest look at the political realities of the situation.",0.0013944116653874,0,0
4522,JS1020585,"So Top Level... just what do you think the odds are that three men, all about the same age, same background, same religion and same belief system are all mentally ill to the degree that they run a van into people and then go on a stabbing spree? NOT VERY LIKELY. This case had nothing to do with mental illness and everything to do with militant Islam, unrestrained immigration and botched intelligence.",0.9996912479400636,1,0
5529,JS493633,"No, we're afraid of all the crazies out there that look people up and then decide that since they don't agree with their opinions, they must be silenced. Liberalism is a mental disorder, so we must do everything we can to protect ourselves from the lunatics.",0.8254603743553162,1,1
5149,JS1420938,Another lefty with clear mental issues.,0.9025613069534302,1,1
4965,JS1738775,"Wow. You hear about those such as yourself who suffer greatly from TDS but until you see it manifest itself like it did in your rantings, the seriousness of that particular mental disorder is somewhat downplayed.  Sorry for your plight.  Like I told another commenter who suffers from the same TDS affliction as you, I hope you get well soon.  In the meantime, get plenty of rest and no CNN.",0.0736214444041252,0,0
5266,JS38048,So....basically the commissioner is saying our safety doesn't matter and if you commit a crime you won't go to jail if your mentally ill.....So Stupid!  So now they sheriff will release inmates early everyday because he has no place to put them.....thanks for NOT CARING about our Safety Commissioner!,0.8255250453948975,1,1
5261,JS1403829,"Don't be a dupe. Learn what is motivating the mental illness of the Left:

www.discoverthenetworks.org/viewSubCategory.asp?id=552",0.0278843101114034,0,1
5240,JS138838,"Because Hillary was smart enough not to attack the mother of dead Benghazi Soldier. Trump is too stupid to let this go. He keeps digging himself in deeper. 

""When he isn't the center of attention every minute of every day, he is compelled to seek out that limelight no matter the consequences.

It's not a disease - a disease can be treated. No, Donald has an extreme personality disorder - one that makes him unfit to hold public office of any kind.""",0.8898945450782776,1,1
4523,JS171152,"Its self medication. The vast majority of drug users are self medicating for trauma, abuse, mental illness, stress disorders, and undiagnosed medical problems. They see a benefit in it, until it isn't benefitting them and only causing additional medical concerns. If we funneled more money into treatments for mental health and trauma (yah, I know, where to find the money...) as well as policing we could take a huge chunk out of this problem before it even begins.",0.0011349212145432,0,0
4893,JS1433315,She suffers from dementia and Im surprised the dems still let her represent them.,0.6636732220649719,1,0
5371,JS115112,You shouldn't use schizophrenia or any mental illness as an adjective. It undermines your argument and makes you appear ignorant and uneducated.,0.0211412999778985,0,1
4718,JS1339579,It's called being evil. Mental illness takes away blame. This person chose to feed his evil desires until they got twisted enough to this point.,0.0748582854866981,0,0
4662,JS1601143,"That's right, everyone with a mental health issue - anxiety, depression,  OCD, suicidal thoughts - is a ""snowflake"".  This is exactly the sort of breakthrough thinking the psychiatric community desperately needs right now.",0.1317825019359588,0,0
5517,JS590172,"Take it easy on Pocahontas, she's suffering from the same mental illness as Madonna and Ashley Judd...    Alt-Left-nut disorder.",0.9258837699890136,1,1
5043,JS35842,"Especially we need help for those mentally ill who think they need  a gun all the time. Just in case they run into a labrador retriever, for example.",0.2901071906089782,0,1
5394,JS549784,Trump is obviously mentally ill and is unfit to be President.,0.8429275751113892,1,1
5021,JS1646539,Yep- they are to blame. Instead of focusing on the mental health and criminal aspects - they focused on taking perfectly legal guns away from law-abiding citizens.  They should be in jail.,0.0481663718819618,0,0
5158,JS1177182,"Some day atheists will provide evidence that their 'no-god' doesn't exist. Until then, it just seems like another ""mentally ill"" club with ""insane premises"" to me.",0.9834755659103394,1,1
4859,JS1613143,"DO NOT give it to the U of Nike, (U of O), they are FLUSH with all the CASH they need. GIVE it to a LOCAL organization that supports the Homeless, Mentally Ill, Drug Intervention. I personally would feel more JOY about helping the Homeless, Mentally Ill, than HELPING Uncle Phil.............",0.5817868709564209,1,0
5522,JS785947,It's not the road it's the drivers. Let's spend millions so guys with psychiatric problems can continue to drive like idiots.,0.9277075529098512,1,1
4651,JS820972,"You're right in that he was not a terrorist, though that doesn't make him any better or worse than someone who commits this type of crime in the name of terrorism.  However, how do you conclude that he was mentally ill?  I never saw that mentioned in this story.",0.0105253560468554,0,0
5088,JS92403,Trump is mentally unstable.,0.4925500452518463,1,1
5224,JS914234,"""they would have seen unhinged lunacy on an epic scale.""

I don't think you should be so harsh when describing Harper's mental state while he finagled the country.

I think he is just emotionally disturbed and that was the origins of his hate for Toronto...

But, no telling, he was an unhinged lunatic, for sure...",0.3359032273292541,0,1
4765,JS1775649,"On one hand, we're have people who are mentally ill to some degree or another and are not thinking completely rationally (even when their actions appear to show some ordered/rational planning). So reasoning about it will be difficult. But there seems to be a pattern of people who appear to have reached a point of desperation and possibly anger so deep they think the only solution is this kind of violence. The targets of their violence may have a direct relationship to their anger and desperation or it might be indirect or it might be entirely random.

One thing we can all do is look around and think about the people around us and who might be driving down a road of desperation and anger and find ways to engage with them in loving, empathetic ways. It won't stop all of these, but it may be surprising how a small act could stop someone from taking that one-way trip.

Frankly, some of the comments in articles like this exemplify the incendiary behavior that makes things worse.",0.0046081761829555,0,0
4959,JS1089912,"The issue is not segregation itself. The issue is that the mentally ill do NOT belong in prison. The wholesale closure of secure facilities for the mentally ill has created this problem and the same gang responsible for that error are not capable of resolving the problem and the mentally ill will continue, by default,  to end up in correctional institutions which are the least able to deal with their issues.",0.5762737989425659,1,0
5458,JS1399499,"Thankfully, more and more people are openly questioning Trump's sanity and fitness for office.

He is obviously - very obviously - profoundly impaired and mentally ill.",0.3811281025409698,0,1
4583,JS1754424,"Yes, I am a trained mental health professional; I didn't just ""look up"" a definition, I use DSM-5 diagnostic criteria on a regular basis. No, I have not personally evaluated Donald Trump. But the ""danger to self or others"" exception allows for my comments. Trump's obvious Narcissist Personality Disorder  endangers the world. He must be impeached and removed from office. It's a global imperative.",0.2089632898569107,0,0
4803,JS1786238,"if the incidence of mental illness is similar in Canada to the US, why do we have fewer mass murders with bullets?  Hint:  gun control",0.0049889730289578,0,0
4881,JS1038683,"Fair enough.  Would you also be responsible for his actions once released into your custody?  Remember, this is a guy who already committed a murder and also attempted to murder someone else as well as have mental health issues.",0.017985975369811,0,0
5432,JS1235902,"Wow!
Your progressive psychosis has become extreme!
Please seek immediate medical help.",0.076590821146965,0,1
5519,JS185390,"This goes way beyond just being an asshole skipper, dude must have some serious mental issues.",0.68178391456604,1,1
5343,JS115112,You shouldn't use schizophrenia or any mental illness as an adjective. It undermines your argument and makes you appear ignorant and uneducated.,0.0206887330859899,0,1
5076,JS976339,"I don't condone violence of any kind. But talk about a cherry picked news story. The man was probably mentally ill.  The anti trump trolls will say, yeah, his mental illness was being a racist trump supporter.. Right on cue commentator for hire, dump trump etc. You know who you are.


How about some stories about no go zones in the U.S. Or U.K. ADN lords?  You know, something to balance out your obvious bias.",0.3304299414157867,0,1
4780,JS1777987,You realize people can have mental health issues without having a history of it right? It's the history part that bothers you the most?,0.043911263346672,0,0
4726,JS729313,"Many social programs save money... Spending on mental health and drug rehabilitation has been proven to reduce costs of law enforcement, emergency health care, and incarceration, and saves money overall.",0.0006276565836742,0,0
5358,JS1699834,"Poor boots, it's not your fault that you get up in the morning and just have to blow hot and stink air out of your behind. You are obviously suffering from some sort of mental illness not treated when you were younger.",0.7534517645835876,1,1
5277,JS1616693,Always:  As you know  the powers to be in this state and country have turned their backs on the Mentally Ill FOREVER.  I agree with you that there are  many MENTALLY ILL that have outsmarted the system and belong in PRISON.  What's that tell you about the SYSTEM and its so called ADMINISTRATORS............Homer Simpson could teach them a thing or two........................,0.7855516672134399,1,1
5020,JS210468,"This man is severely mentally ill and LCBHS has let him slip through the cracks. When he is stable, he is a very sweet man that would never hurt a fly. The county mental health system should be to blame for this incident. It is terrible to see him in this state. What accountability does LCBHS have to the community?! Why even send a patient to them, if this is the result. I hope he gets the help and medications he needs, but once he is in jail, he will be lost inside that system. I have known him for multiple years and he has always been very sweet and thoughtful. This is a true testament to what untreated schizophrenia looks like.",0.0364809520542621,0,0
4993,JS865858,"Think how sick a person has to be, to go to another human being and to say ""because you're sharing this plant that I don't approve of, I'm going to put you in jail for 14 years"" - that's the law; no that's mental illness!",0.5397101044654846,1,0
5213,JS1409454,Anyone who thinks they are the wrong sex has a  Mental illness! !!,0.9971451163291932,1,1
5164,JS767862,The President is in a rage. His mental illness is increasingly at odds with playing President.,0.0013930132845416,0,1
5338,JS138157,"Trump is a sociopath, do we really want someone with mental health issues running the country, I dont and I am a republican!!!",0.5329279899597168,1,1
4731,JS1670715,You need mental help.,0.3664310574531555,0,0
4679,JS187571,"The homeless are a ""composite"" of individuals with a variety of issues which contributed to their condition....and, yes, a significant number do deal with substance abuse. ""Substance Abuse and Homelessness – National - National Coalition ... www.nationalhomeless.org/factsheets...
National Coalition for the Homeless  ""Although obtaining an accurate, recent count is difficult, the Substance Abuse and Mental Health Services Administration (2003) estimates, 38% of homeless people were dependent on alcohol and 26% abused other drugs."" and ""According to the Substance Abuse and Mental Health Services Administration, 20 to 25% of the homeless population in the United States suffers from some form of severe mental illness. In comparison, only 6% of Americans are severely mentally ill (National Institute of Mental Health, 2009).""  Of course these groups are not mutually exclusive, but both represent a significant part of the homeless population.   BTW: This has nothing to ""off the hook"" (cont.)",0.0078019346110522,0,0
4787,JS776788,"Enough, please.  She is psychotic, and does not deserve any more press coverage or recognition.  I feel sorry for her offspring. She might consider starting over.",0.7816689610481262,1,0
5298,JS376886,she still has 16% support so that proves there is a lot of mental illness in Ontario,0.3144587576389313,0,1
4542,JS1102749,"Why seek more ""business customers"" for a public funded mental health service  that can't even alleviate or cure serious brain diseases like schizophrenia, depression et al?
This, when we should be bringing a kamikaze search for the scientific brain research necessary to save our young citizens from chronic brain diseases, rather than peace and satisfaction to corporations.",0.2408491671085357,0,0
5535,JS22081,"She knows all of this, but like most shameless liberals she is convinced the welfare state is the only state everyone should live in. It's why she continues to puke this stupidity every chance she can on this board knowing what she is posting has been thoroughly debunked to redundancy. This is why I state liberalism is a mental disorder, a social disease.",0.9746251106262208,1,1
5095,JS1674243,"Trump is a sociopath.  His sycophants make up every excuse imaginable to wave away his mental illness, but it's on display for the entire world to see.

Worst President Ever.  He needs to be removed from office as soon as possible.",0.8418030142784119,1,1
5022,JS466917,Gun laws are fine the way they are. Homicide is illegal and and so are most drugs yet people still do both. What needs to happen is a revamp of our mental health system. Reagan closed most mental institutions and did not replace them with anything. Now the mentally ill walk the streets as homeless people or end up in prison.  We need secure facilities for the severely mentally ill and the courts need to allow the system to force people who need medication to make them sane take it or go back into a mental home. Its very hard to get someone committed these days.,0.1324785947799682,0,0
4937,JS5229,"This is a very poorly written article.   The most key and relevant facts are left to the very last paragraph:  Crawford suffers from a major mental disability and mental illness that are well documented by his 5 years of commitment to the state mental hospital.    Pursuing the felony charges would have no doubt simply resulted in another not guilty by reason of insanity verdict, just like his previous criminal case.

That is clearly why this felony charge was not pursued.   The man is too sick to prosecute and send to prison..",0.031724989414215,0,0
4969,JS795359,"Mr. Mcgoogan, I don't know where you're from, probably Canada or Scotland I imagine. Both countries have excellent mental health care. Please visit your local psychiatrist to undergo a mental health evaluation.",0.0028525583911687,0,0
4866,JS978611,"In the NPR article:  ""nor does he have any known mental health history listed,"" 
Convicted of robbery and kidnapping in 2002, joins extremists, claims to be a nihilist, nope no known mental health issues for this guy.",0.0195418056100606,0,0
5494,JS572309,He is incapable due to his mental illness. Pathological narcissism and sociopathy.,0.3205823004245758,0,1
4525,JS125169,More likely mental illness and poor parenting.  Call it Satan if you want.,0.7767289280891418,1,0
4998,JS1454871,"You are correct.  The roots of this go back to Ronald Reagan when he was governor of California.   He emptied psychiatric  institutions and hospitals where the mentally ill stayed and essentially put them on the streets.  He followed suit nationwide in the 80s and we followed his lead.  A lot of people have difficulty integrating into communities, they commit crimes and now it's the problem of the justice system.",0.1892218291759491,0,0
4732,JS1063580,"Define ""crazy."" Define ""mentally unstable."" Never mind...federal and state firearms laws already do that and people defined as such are already prohibited from firearms possession. It seems the ones you're really after are the sane, law-abiding folks.",0.0351042598485946,0,0
4744,JS611216,"If you were to ask a teacher why she says there is a stigma to mental illnesses, she would likely reveal,  ""Because I can. Socio-politically I currently have permission to do so.""

If  you were to ask a student, why do you say there is a stigma to mental illnesses, that student would likely reveal, ""My teacher said so.""

And so it goes, we teach -and repeat- what we are taught until we learn better.

Harold A. Maio",0.0006520141032524,0,0
5247,JS351017,"""The internet today is just the free exploitation of the vast numbers in the United States of idiots, morons, the mentally ill, and the ignorant;""

Another good example of  ""free exploitation"" became obvious when Clintonites admitted to using the internet to enlist the ""the mentally ill"" and homeless to incite violence a Trump rallies.",0.7042103409767151,1,1
5498,JS1610542,"Hey Lavo, I'll give you a break.  Here it is.  I won't laugh in your ignorant face for referring to DSM-IV as the ""original compendium"". Duh, the original was...wait for it - DSM I.  Dummy.  Some psychologists would suggest that you display juvenile ignorance syndrome, but I think you are just another ignorant jerk who knows nothing about mental illness but spouts off anyway wondering ""how many of those diseases are real"".  Go on, get outta here.  Punk.",0.9824496507644652,1,1
4771,JS1014011,"Not harsh at all. No question, you have to pay attention at all times and they are never left alone in the water. When they are, it's because no one saw them go in until it's too late. 

I think the issue is that kids with ASD are especially vulnerable and the normal precautions (locking doors, windows etc..) are not really effective. They can easily unlock doors and leave the house at any time especially at night since kids on the spectrum wake up at all hours of the night and are fully alert when they do. They have a tendency to bolt or wander for hours without any sense of danger or awareness just as an elderly person with dementia might do. As the author stated, young kids with ASD are utterly fascinated by water and will jump in without a thought.  Explaining the danger does not work since most have no real concept of what danger is. For some, you cannot convince them not to do this. The only way to save their lives is to teach them swimming basics .  

One kid in 68 has autism.",0.1008889824151992,0,0
5321,JS1139178,How the hell is he president of my country then? Mental illness at its best. Wow.,0.7861757874488831,1,1
5284,JS750074,He is a scary maniac with a psychopath attitude.,0.2080105543136596,0,1
5479,JS1198758,"Mental illness.  They won't even wait until Mueller concludes his investigation before calling for impeachment. Truly sick people, these Trump haters.",0.6563555002212524,1,1
5459,JS767291,"The sad thing about this is that the President is obviously insane.  Working with him in an organized way is essentially impossibly, since he has no attention span and no core beliefs other than making money and seeing his name in gold letters.

Trump is a malignant narcissist with multiple personality disorders.  He immediately turns on people for random reasons because he's mentally ill.",0.3466289639472961,0,1
5200,JS422160,"Respectfully, I think the contemporary ""safe space"" mentality of being offended at the drop of a dime is contributing to the repeated delinquency that, in this case, results in hundreds of thousands of dollars in damages. At some point in time, criminals must be held accountable for their actions, not coddled and talked too about their problems, and pampered as if they are somehow the victims. Whoever is destroying these bathrooms are complete morons, and I think Denby is spot on for calling them out. 
How on earth can you realistically try to make this article about shaming people with mental disabilities? Step out of the safe space and into the real world.",0.961513340473175,1,1
5383,JS1796184,"Oh please, give us a break. You act all high and mighty like you are the king of morals. Speaking of narcissism, look at Donald Trump. THAT is someone with narcissism. The lady that exercised her First Amendment rights is not. You have no clue what the definition of narcissism is, nor do you have any clue what the definition of ""mental disorder"" is. So until you educate yourself, you will constantly look like a fool.",0.9196242094039916,1,1
4927,JS626989,That poor baby had to be terrified and traumatized. I am so glad the child and his mother were not killed. I hope they get some help from a mental health professional so they can get help processing this tragic event. I also believe this man might have wanted to end his own life knowing that he would be shot when he came out with weapons and his child. I just wish he would have left the child inside so he didn't have to witness this.,0.1459915190935135,0,0
5036,JS1093907,"No, that's false. Those adjudicated mentally ill are prohibited under federal law from possessing firearms. What's your idea of ""rational reform"" anyway?",0.0370264276862144,0,0
4905,JS1375655,"Environment and failure as a parent are contributing factors to most of this ""mental health"" explosion in the young. If you have quality parents in a good environment, the risk of suffering mental health issues is dramatically slim. It is just the fact that so many bad parents and families have ruined young peoples lives and they didn't have a chance through no fault of their own. You can't pick your parents.",0.0515411794185638,0,0
5186,JS185414,"yep, liberals love criminals. its a mental health issue.",0.9567373394966124,1,1
5167,JS1008950,The mentally challenged sociopath has a head to match his empty suit. Make America Great Again. Get rid of this national disgrace!,0.8931289911270142,1,1
5156,JS83949,"Do you see the paradox?  Gun people always scream about mental health...whenever tragedy occurs, we hear how it has absolutely nothing to do with the availability of guns and everything to do with mental health.  Then when people try to get at those mental health concerns before a tragedy - that gets decried as well.  Damned if you do, damned if you don't I guess.",0.0547412857413291,0,1
5380,JS886807,Liberalism is progressing from a mental disorder to anarchy.,0.2555340230464935,0,1
4957,JS465648,"Trump mocked the disabled reporter.  He also mocks other people using the ""mentally disabled"" theme.  He's a thoughtless rich boy who never grew up.  And if anyone cared for him, they would take away his twitter feed.

https://www.youtube.com/watch?v=9hEQKqFgfAg",0.4605748355388641,1,0
5226,JS1260348,"Anyone who believes that the President is of sound mind need only to listen to his remarkable speech to Boy Scouts.

The President is, sadly, profoundly mentally ill.  The sooner he is removed from office, the better",0.1213248372077941,0,1
5431,JS145978,"Trump is visibly profoundly mentally ill. Whether it is a dementia like Pick's disease or earl Alzheimer's or whether we are just seeing what he has always been, he is not fit to be in the White House. He is beginning to look like a criminally insane man in the big house. https://youtu.be/qQcAmYzqxok",0.9232385158538818,1,1
4686,JS453818,"Angela Kaaihue's house should be clearly marked if we're going to publically ""out"" the mentally disabled.",0.9952131509780884,1,0
5526,JS115112,You shouldn't use schizophrenia or any mental illness as an adjective. It undermines your argument and makes you appear ignorant and uneducated.,0.0206887330859899,0,1
4711,JS1609171,"what a load!   Maybe the initial reaction should say it all.  he was not a U of O student when his classics were written, and he was stoned to the bone most the time when writing.... He was who  he was and maybe let the perfect among us even consider his drug use a barrier. go back in history and erase the cocaine users, the opium users, the speed users, the drinkers, the junkies - all those with mental illness from the arts. and what do we have? 
Archie Comics~
  what a load!",0.7286761999130249,1,0
5477,JS557142,"You need to make up your mind. What are you, schizophrenic?",0.6439932584762573,1,1
5061,JS1628543,"The left-wing media is certifiable. 
THEY REALLY BELIEVE THEIR OWN LIES! 
Liberalism surely IS a MENTAL ILLNESS!",0.981825590133667,1,1
5192,JS1409454,Anyone who thinks they are the wrong sex has a  Mental illness! !!,0.9972487092018129,1,1
5033,JS1219575,"In fact, deconstructing the 'disgust' opinion is very easily done. Just as the disgust can be deconstructed.
That erroneous 'opinion' does not alter the survey findings and the survey findings quoted aren't affected by, nor are they reliant on some of the other questions asked on the survey.
It’s also worth noting that Drum provides stats about mental illness and substance abuse rates for the homeless, but the statistic to back up his claim that they are potentially dangerous never appears.
He is attempting to rationalize the irrational and that means taking as many logical fallacies as possible out for a spin.
But so be it. If someone's refusal to assume all homeless people are dangerous and suffer from untreated illnesses, or to being disgusted by them for being sick means they are crazy, then to hell with Kevin Drum.",0.0944524183869361,0,0
4714,JS1372566,a schizophrenic.,0.0135429557412862,0,0
4912,JS742884,"Doctors do indeed do that. But that's not what this is -- this is declaring that entire groups of people have a mental illness based solely on what the collective slant on the opinions that they hold. That is most certainly not what doctors do. At least not ones who who wish to be taken seriously.

I'm not sure what fears you're talking about, though. I have no fears on this topic.",0.000789186975453,0,0
4950,JS1264901,"I wonder if people are aware that this demographic has almost a 50% suicide rate. I'm not a mental health expert, but that does seem to indicate a serious issue. It seems like a recipe for problems adding heavy weaponry to the mix.",0.007387385237962,0,0
5117,JS456956,What a stupid way to spend tax money! This $500 million should be spent on mental health and old people care needs.,0.4407054483890533,1,1
4728,JS941907,"Alcohol and drug abuse can CAUSE disease, yes. They can lead to CHRONIC disease, yes. They themselves are NOT a Disease. Abusing drugs and alcohol (which kinda is a drug itself, really) is ADDICTION, NOT a Disease. You stop doing them, things start getting better right off. The liver can regenerate itself even when half of it is destroyed. The weeping sores all over the faces and necks of meth junkies start to close up. Now, the Hep-A you gave yourself by injecting heroin in your arm with a dirty needle, THAT is a different story, and THAT *IS* a disease. As for the mental issues being Disease(s), funny thing, a lot of times people have mental disorders that LEAD TO THE ADDICTION. No way, really?

Long-term damage and disease can result from abuse of drugs and alcohol. That I think anyone can concur with. And treating addiction, that's a worthy idea. But Until and Unless an ADDICT makes the choice to QUIT, **nothing** can be done. i've seen that first-hand.",0.0212384983897209,0,0
5556,JS847484,Yes.  Religion = mental illness.,0.8960824608802795,1,1
5222,JS1466631,"I am all for inviting ISIS to make a house call to abusers, rapists and pedophiles.

Yes, Tumpkin sounds like a bad dude.

She sounds certifiably crazy too.

Not victim shaming.

She sounds like in need of mental health care, like something is not right.",0.5838090777397156,1,1
5132,JS90296,OMG!!! I have a feeling the author needs a mental health evaluation. Hopefully he does not own any firearms.,0.0363890528678894,0,1
4745,JS583548,This guy should absolutely not be released - ever.  Many people are out in our communities living with mental illness. None of them have decapitated and/or cannibalized anyone or anything during a mental break. What on earth are they thinking? Keep this guy behind bars.,0.1935124397277832,0,0
5313,JS862847,Gee another playground fire. Is this some sort of mental illness among alaska punks. I have never heard of this stupid phenomenom elsewhere.,0.938994288444519,1,1
5291,JS93965,"Liberalism is a mental illness, sad that Shannyn has lost so much of her life and happiness to it.",0.7682076096534729,1,1
5475,JS1786473,"No, don't be silly. If they're WHITE, they're mentally ill.",0.9993762373924256,1,1
5344,JS949125,"""I'll let you in on a secret. I believe, vehemently, that socialism is a mental illness that affects the feeble minded among us. The people who espouse it are ignorant and/or unable to process knowledge and arrive at conclusions.""
I see -- so when you said we should treat our fellow citizens with respect, you were basically just talking out of one side of your mouth. (Or will you now claim that calling people mentally ill isn't disrespectful?)
On a related note, it must really gall you to not have to pay for your healthcare.",0.8721750974655151,1,1
5503,JS1621333,But the players are God's Chosen Ones in their own Spoiled Rotten Minds. I'm not sure what mental illness classification this comes under.,0.5829004049301147,1,1
5249,JS1648369,"Valleyisle57>  Need you ask me????  You are still the LOSER in Chief, ha, ha, ha!!!!  You think you are so clever, but you're still the loser in this time and place, so live with it, it will help in your recovery from the mental illness that plagues you!!!!   HA, ha, ha!!!!  King of fools, that's what you are and will always be, fool!!!!",0.980508029460907,1,1
5468,JS786344,"This is because Mr. Trump's multiple personality disorders prevent him from taking any responsibility for any of his long list of spectacular failures.  It's never his fault in any way.  Not ever.  Every one of the long string of business failures he presided over was the fault of another.  Just like the failure of his administration.  His crew cannot do anything right, but it's the fault of a Congressman from Michigan.  Exactly.

Trump is profoundly mentally ill.  The sooner everyone understands that, the better.",0.5513978004455566,1,1
4681,JS149093,"I read your book, Mr. Kennedy, and found it to be so moving and insightful regarding the mentally ill and their families.  You speak so clearly and wisely about the needs of those people and I cannot thank you enough.",0.0005939702386967,0,0
5087,JS1779022,"It is a mental illness problem, and the asinine Obama law which flagged/denied people simply for receiving Social Security checks for mental illnesses did absolutely NOTHING to address it, nor does government FORCING private insurance companies to cover certain things.",0.6833794116973877,1,1
4843,JS815073,"Sorry to say I receive SSI and I do not have Mental problems.. Yes I own a gun, I also went through  a background check. So How dare you say that the prime reason for getting SSI handout is severe mental problems.. I worked and paid taxes for over 30 years before I received SSI, so how do you say it is a handout?",0.3445915579795837,0,0
5183,JS1369649,"So many people are spun up on this.  Let me help you.  2% of our population has an IQ under 70.  http://www.i3mindware.com/what-is-an-iq-test-and-iq-score.  This is referred to as ""Mild Mental Retardation"", http://www.assessmentpsychology.com/iqclassifications.htm.

We also have a country that allows free speech for everyone, not just smart people.

Of our roughly 6M people at the bottom end of the IQ curve a small portion get sucked into crazy ideology.   So this group wants to have a march and everyone gets upset, what did you expect.  If these same people had a rally and there was no media and no counter protesters they would get hungry and move on to the next thing.  Ignoring dumb people is way more effective than getting mad and attracting more dumb people.  The media is the bigger winner.  

The fact is white american males have killed more nazi's than anyone (WW2), it's silly to think there is some kind of mainstream reassurance.",0.8336106538772583,1,1
4613,JS443211,"I somewhat agree with you about - what is it called? - the DSM? But I have a lot of respect for the current research on brain chemistry and genetic associations with the most serious mental disorder, schizophrenia. There is a lot of good science involved there, and like cancer research, may likely come up with a cure.

Let's revisit this topic in 2057 - we haven't gotten anywhere with it so far!",0.0001920483191497,0,0
4700,JS1778026,"Before we link gun ownership and mental health, we should deal with the health issue.
Democrats want to allow the mentally ill people to roam the streets instead of being confined in a facility where they can be helped without causing harm to others.
Republicans don't want to pay for those facilities, so no place exists where help can be offered and the necessary medications are supplied.
Just as there are extremists on the left who want gun ownership limited regardless of the legal and upstanding behavior of the majority of owners, there are extremists on the right who want no restrictions of any kind regardless of someone's mental state or background of violent behavior.
How can we find common ground?",0.0290749631822109,0,0
5393,JS1751291,Thanks for your superiority complex. There's not a lot you can do legally or medically  for a mentally ill adult.,0.8293640613555908,1,1
5159,JS1777209,"So, it's a ""mental health"" problem and not a ""guns problem"" says POTUS (aka ""the DONald""). Well, it is certainly going to be a problem if mentally ill people have access to guns and no access to health care. Yet you advocate no restrictions on guns whilst cutting off millions to health care. Reap what you sow you freakin' nutter!",0.760762095451355,1,1
5126,JS1709741,"You really shouldn't respond to your own comments under a different name. It makes you look... mentally unstable. Or very, very pathetic.",0.6783319711685181,1,1
4641,JS621678,"Why are the Liberals trying to stigmatize and shame people who they are also clearly identifying have a mental health issue?

People with phobias need help, not motions condemning them.",0.1564658433198928,0,0
4759,JS633991,"Really, do you think the substance abuse, sexual violence and abuse, and the mental health problems and suicidality that accompany those, that are more common on reserves than elsewhere, are anything BUT the result of hundreds of years of colonial policies?  People's communities, families, and lifestyle were destroyed, generation after generation.

As a descendant of the people who carried out those policies, and as a person who by virtue of the luck of birth only, enjoys so much privilege, I feel that shared responsibility for reconciliation and assistance in repairing the terrible damage that has been done.  That doesn't mean that Aboriginal people don't also have responsibility, but theirs is for the repair work that only they can do, not for the damage done.",0.0155476974323391,0,0
5520,JS735362,He's not just some Hollywood celebrity. He's the president of the United States and it's becoming apparent that he's mentally ill. Why in the world would the media ignore this?,0.0528875850141048,0,1
4675,JS617452,"Thomas DM you can get help for your mental illness, it's time to seek it out.",0.0004256666288711,0,0
4761,JS208069,"Why not sell loco weed in the Maturity ward?  Autism is already up1000 %  from a 40 years drug culture.  A little more medical weed won't hurt, will it?",0.893213152885437,1,0
4774,JS1074582,She is actually in agreement with some other psychiatrists and mental health professionals who claim  treating these people is akin to telling anorexics that that  that they really are fat.,0.0438339821994304,0,0
5391,JS1193988,See folks the GOP supporters are mentally ill. They have been living in a alternate reality and they will most likely double down in denial than deal with the people who betrayed them. Conmen use this on people all the time and this is Don the con for sure.,0.9771749377250672,1,1
5375,JS742835,"Based on this comment, does anyone doubt that libbers have a mental disorder?",0.8377278447151184,1,1
4868,JS744093,"The fact is that a high number of gun owners in America are mentally diseased.  Just the mere fact that someone wants to own a gun to kill people with, points to the person being a sociopath.  

Currently, very little is being done to prevent insane people like this man from getting guns.   A person currently does not have to provide any proof that they are sane, when they go to buy a gun.   Neither are they required to be examined by a psychologist, as is the case in some other countries.  

We need a law here in Oregon that requires that all gun owners be required to obtain a license in order to possess firearms.   And as part of that licensing process, the individual must undergo a mental health exam.

We have to do away with this insane idea that people have any ""right"" at all to own firearms.   We need to make it a privilege that require licensing, just like we do with automobiles.  

Please contact your local state Assemblyman or Senator, and demand that they end the gun madness.",0.1886585354804992,0,0
5308,JS520971,I believe that America just elected a president that is mentally ill.,0.4523794054985046,1,1
4976,JS1703497,"I heard the sodium in salt, being an ion of an alkali metal, causes autism.",0.0680557638406753,0,0
4964,JS1687389,"Here's what happen.  Cable News was born giving depraved minds constant attention.  The relaxation of guns laws in general making it very easy to amass an arsenal of weapons. Weapons technology increasing making guns more deadly.  The de-funding of mental health facilities and counseling so that there is no help for mentally ill people roaming the streets.  Costs of living increasing with no correlated increases in wages making it imperative that both parents work.  This leaves children with time to play violent video games or watch violent movies for hours unsupervised leaving them de-sensitized to violence.  The rise of the extreme right catering to whatever the NRA wants.  The supreme court rules on Citizen's United putting virtually unlimited amounts of money into our political system allowing the NRA and other organizations to control our elections. Etc, etc, etc.  Is is any wonder we have a problem with mass shootings?",0.1245917081832885,0,0
4928,JS168353,"Educating the public about mental illness and Ronald Reagan's release of the mentally ill into the hell of homelessness and lack of treatment may be funny to you. However, for the homeless and mentally ill it is nothing to laugh about.  

So to educate you, sarcasm is not funny, it is passive-aggressive and hostile.  
 http://www.scienceofpeople.com/2011/12/sarcasm-why-it-hurts-us/     

Humor around killing others in false scenarios may be funny to you.  Perhaps, you should insert a loved one's name in place of  Ms. Fay's name.  What if it was your sister?  Your mother? 

Garycrum, who I rarely agree with, has made some excellent points, and was not chastising you.  

Just a note, us old folks were here when all that happened in 1984 with Reagan.  We were here when PERS was created.  We didn't cause either of these fiascos.  Most of us knew it was insanity from the start.  You're still young, you'll figure it out.  Karma.",0.1487661153078079,0,0
4819,JS553529,This is just another mentally ill person who is not being provided the services they need. Families and phyicians should have a way to legally compel schizophrenics to take prescribed medication.Allowing them to legally make their own treatment decisions and then locking them up for crimes is not the answer.,0.6924141645431519,1,0
4615,JS368216,"You prove my points, that you don't know anything about schizophrenia or schizophrenics you think the terrifying mental disorder is ""their fault"", and you think they can, and should, ""just shape up"". ""A criminal is a criminal"" is linguistically correct but meaningless - it leads nowhere. Schizophrenics need a stable non-threatening environment, the right drugs on a regular schedule, and regular monitoring and therapy. Even with that, those with severe schizophrenia may hurt themselves or others. That hits close to home when your good friend, a normal person with a good future, is stabbed to death by a severe schizophrenic who heard the voice of god telling him to kill; or when your schizophrenic in-law kills herself because the devil rapes her repeatedly. I suspect you ignore that part of life. None of those mentally ill people are ""gaming the system"" or will ever ""just shape up"".  Larson definitely doesn't belong in prison, where he would be victimized and deteriorate further.",0.740082859992981,1,0
5336,JS1590880,"more guns! more guns! more guns!
guns for psychopaths!
guns for the mentally ill!
silencers for al!
it's the A'merca way.......................
idiots",0.8219445943832397,1,1
4738,JS1323569,Given that a lot of homeless suffer from mental/psychological issues it might not be so much of a choice.,0.0514975488185882,0,0
4921,JS86939,"""most of the problems were caused by liberalism ie people feeling sorry for those who won’t help themselves,""
So let me get this straight, mental illness is caused by liberalism?",0.7678489089012146,1,0
5211,JS1631361,The warmongering malignant narcissis and mentally deranged sociopath would lose. He doesn't have enough intelligence to pour p-ss out of his shoes with directions on the heels.,0.9730895757675172,1,1
5389,JS1785883,"....talk about mental disease.  You are clearly a sicko.  Get some help for your obvious problems gramps and change your name to just 'critical', because you are.",0.9827002286911012,1,1
4789,JS1088882,"And yet, the County Officers who negligently allowed a mentally disabled person to die a while in their custody are advised by the prosecuting attorney that too many people are involved to cite them! And the two cited? Why he allowing this to drag on?  And the nurse involved??????",0.059759471565485,0,0
5447,JS269267,Raymond Justice is a mental screw up who can do that,0.8304524421691895,1,1
5510,JS666519,It's easily explained.  Trump is profoundly mentally ill.,0.5729401707649231,1,1
5430,JS976065,"Wow-that is really horrible. Mentally ill or not, no excuse, horrible regardess... Horrible.",0.1531830132007599,0,1
5232,JS549784,Trump is obviously mentally ill and is unfit to be President.,0.8449387550354004,1,1
5169,JS1280962,"Trump is just like Putin, and every other leader with narcissistic personality disorder.  He's a very mentally ill man.",0.7089937329292297,1,1
4947,JS457827,"Any so clearly guilty of such an absolutely heinous crime should be given the death penalty & swiftly. 

Whether fact or convenient contrivance - mental illness should be no cause for not giving the DP or for giving lesser sentences. 

The DP should be used for all capital crimes -murder, forceable rape (not necessarily statutory rape), high treason, etc. 

If DNA evidence of guilt is part of the case - ain't now way they're gonna get the wrong perpetrator.",0.8425372838973999,1,0
5251,JS518768,"He was not legitimately elected the election was thrown by Comey and Trump was in cahoots with the Russians and lied his face off to those who voted for him.

You are such a liar Sheep you should be ashamed. What you and your pals do is called gaslighting pal and it is a sign of mental illness.",0.9047502279281616,1,1
4992,JS200853,"I'm sorry, let me rephrase that. What a intellectual disabled state.",0.7443068027496338,1,0
5352,JS456079,"Why Is that Frank? Because one loony toon psychopath, who didn't legally posess a firearm to begin with, broke the laws already in place to commit a murder. Do you honestly think that further restrictions to firearms would have prevented this guy from doing this crime, as he was willing to violate atleast 3 firearms laws before he even pulled the trigger. 
1. Possession of firearm with mental history. 
2. Loading a weapon on airport property.
3. Likely conceal/open carry laws that Florida has for having a loaded fire arm in public without a carry license. 

You may not know this, but laws do not prevent one from breaking the law. Additionally, CBS just reported that this guy tried to turn himself in to the FBI last November for being forced to fight for Isis. Either he's crazy or he's a terrorist, in either case he wasn't legally allowed to posess a gun.",0.3501213192939758,0,1
5032,JS1591586,"Who says he was successful?  I haven't heard anything like that yet.  I supposed because he could afford two planes, two cars and a bunch of expensive guns is an indication that at least he had money.  There is so much untreated mental illness in this country.",0.1826193481683731,0,0
4934,JS482607,"I definitely agree that too many people get sent home with a pat on the head and told to take care of themselves. We pay medical professionals to take care of us when we are physically or mentally vulnerable. Someone both mentally/physically impaired due to the illness they are seeing their doctor about treating (meningitis) gets turned away only to become much more seriously I'll and infects others exponential (others who may later die). Thats not acceptable medical care. Next time it could be your someone. In my opinion, that's why these cases deserve to be heard in court.",0.0012200634228065,0,0
5134,JS1772309,"The 4channers/Deadbarters think the idiots in the GOP like Rump gaslighting most of the nation is a huge ""win"". 


But then these people have serious mental problems.",0.7943577170372009,1,1
4713,JS1288416,"It's amazing. Liberalism is a mental disease, and everyday there's something posted somewhere that proves it. Congrats, you're first today!!!",0.958750307559967,1,0
5421,JS1622442,"I know.
The GOP are crazy in this.
And it was not just self-declared but those declared mentally incompetent by psychiatrists and/or the courts.",0.7717975378036499,1,1
5497,JS455797,Seriously are you mentally ill? Show some respect and stop with making this about politics. Have you no shame.,0.8949516415596008,1,1
4747,JS118720,"However I would still like to say that if this situation had to end in loss of life, that it ended the way it did was preferable to the alternative.  I think we're all lucky that things didn't turn out worse.  (Considering the situation). 

I do wish that this could have ended up with the perp surviving he obviously needed mental health care in a facility and I'm sure he has family who are grieving.  On an outside note I'd like to point out that mental illness and crime both don't have a ""race"" this isn't a platform for race relations.  This issue would be more correctly a health or poverty issue but not a race one.",0.0091100241988897,0,0
5206,JS497792,Donald Trump is seriously mentally ill?  I did not realize he was posting all/day everyday on ADN.,0.5070198178291321,1,1
4668,JS1007374,"Firearms themselves are not the issue. 

This is.  

[...] mental health treatment can often prevent gun violence
http://www.apa.org/pubs/info/reports/gun-violence-prevention.aspx

Firearm Deaths:
* 21,175 suicides
* 11,208 homicides

Last stats available were in 2013.

.",0.001326207187958,0,0
4762,JS509832,"The poor and the mentally ill do not fund the campaigns of any of our politicians.   Nor do many of them even vote.  There is no incentive of any kind for members of either party to pander to  these wretched people.

We are just going to have to let them languish.",0.3840778768062591,0,0
4785,JS1399182,see my comment on dementia.,8.624275506008416e-05,0,0
4746,JS260590,"Even the VA states that PTSD is one of the most over diagnosis and most mistakenly diagnosis mental illness out there. Its a ""cover all"" mental illness and the one many patients would like be diagnosed with. When I read the book called Stolen Valor, most people take advantage of PTSD because there is no define symptoms. And it no longer related to combat veteran. Now it can be applied to police officers, firefighters....to store clerks stressing out or over worked school teachers. Good grief, some people get PTSD from just reading the material here!!!

If Ann Thrope is right and people with PTSD can no more control what occurs than a heart attack victim, what good is a service dog?? Just about everyone's pet has become a service animal nowadays. There should be a national guide lines on people who really do suffered from PTSD and all service animals should be certified officially as one. As many did write, any Tom or Lucy can buy a vest for their pet!!!",0.0250253248959779,0,0
4574,JS1051752,"My husband's mom has some serious mental issues, which were never diagnosed, because the family preferred to see her as eccentric, rather than mentally ill.  Of course, if she had been diagnosed when she was young (because this was a long-standing condition), who knows to what horrible treatment she would have been subjected....
Re Trump -- I think that the people who knew him well enough to recognize his condition (if even if they were unaware that it was any kind of neurosis) have serious responsibility for allowing his candidacy.",0.2544203996658325,0,0
5359,JS798929,"I think he's mentally ill....a narcissistic nightmare.

But his hasty ""turn around""  from Tillerson and Haleys tacit permission to Assad, two days ago to pursue Assads own ventures..... to some noble concern for those little kids breathing out their last on TV with foam filled mouths....(which had it not been televised..I suspect Trump would have just passed on it) strikes me as evil....very self serving evil..suddenly he's the prince of peace....

Assad and Putin are clearly evil....demonic if you will and perhaps Trump is a lower grade evil....mixed in with severe mental health problems....but enough of his behavior often enough is so profoundly devastating to the poor and the vulnerable that I do think of him as evil..actually very evil....the ""Father of  Lies evil"".",0.9440248012542723,1,1
5422,JS669709,What truth did the Donald tell?  Can you be specific?  It will be interesting come Sept. when The Donald should begin to have a record of achievements.  To date he really has had none except to allow the mentally ill to buy guns.  Very important achievement.  What a joke he is.  Enjoy it while you can Trump supporters because eventually an administration has to deliver.,0.6820112466812134,1,1
4999,JS640881,"Did the LIberals not run on a promise to improve healthcare funding, especially mental health? Yes they did. So by extension it is a federal govt issue as well as a provincial issue.",0.0068191606551408,0,0
4834,JS255833,"They are looking for someone with a ""history with mental health issues."" Does that mean that I have to be at least partly crazy to qualify?",0.0301512107253074,0,0
4870,JS217149,Another sordid backhand to people born with retardation. Feel better?,0.9891123175621032,1,0
4719,JS352470,This is disappointing that Time magazine has honored this narcissistic misogynistic human who all through his campaign picked on minorities  even going as far as mocking disabled people.  I want Time Magazine to explain to my daughter who is 27 and sufferers from Autism that this is not a honorable human and not someone who deserves this cover ...I will never buy  or read Time again,0.7221131324768066,1,0
5184,JS1373055,"Sigh.... Its so funny how the government (and those standing on ""moral high ground) only gives a shit about mental illness when it comes to dagga... Can someone tell me how many mental patients died due to government negligence earlier this year? As for making one dumb, I have adhd.... Sure if I smoked a joint before trying to study, I couldn't, but after I started, I could keep on going instead of being distracted by those damn squirrels every 5 minutes... Got my degree and 3 diplomas.... Thinking of starting a post grad in psychology. 

Perhaps instead of regurgitating what the old guard keeps repeating, do your own fact finding buddy.",0.8200846910476685,1,1
5525,JS1409290,That's a question you need to ask the people who are calling our President mentally ill.,0.0165541637688875,0,1
5353,JS1395227,DONALD TRUMP = MENTALLY ILL.,0.7943841814994812,1,1
4873,JS589565,"I disagree that healthcare is a commodity.   We can't shop intelligently for it because we don't know out future and the future of those we love and are responsible for.  I can't shop for it like I can for a refrigerator, letting price decide what I can or cannot have in a particular model; I am not afforded the ability to shop around for an illnesses and pick out only the ones I  can afford   And how dare you say that 'covering pre-existing conditions is welfare' - especially in a Catholic publication.  Obviously no one you love has given birth to a child with manifest disabilities or have a spouse that has heart disease or diabetes or had a child with a severe mental illness like schizophrenia.  We are talking about real people with serious problems that finally got some attention in the ACA.  I am sorry but that statement was the most un-Christian comment I have read in this publication EVER.",0.0693914964795112,0,0
4948,JS1103842,"Please cite to me the section of the HR 1628 that ""enhances"" mental health care. Pages 199 -120 discuss inpatient care to be held to the current level.",0.000968261854723,0,0
5165,JS1364230,"Perhaps any money he has left over from his campaign, he can donate back to the State of Colorado in response to the millions of dollars he wasted trying to kill someone who is mentally ill.",0.1100669726729393,0,1
5521,JS713432,"Finally - a single Republican who has a spine.  Trump lied about the wiretap - he follows internet conspiracies, of course - but since his mental illness will not let him admit a mistake, he'll ignore McCain.

Trump is profoundly mentally ill.  We have an insane President.  It's a huge tragedy that will not end well.",0.4869812130928039,1,1
4792,JS83225,"Check out an organization called ""Telling My Story."" They mostly refer to people that have been incarcerated but its about mental illness. I wanted to bring it to Anchorage but im just one small person. If anyone is interested i'll volunteer. There is another organization that does good things for the mentally ill n Anchorage. They do not take a position on whether a person chooses meds or not. They also help families of mentally ill.  They r National Alliance on Mental Illness or NAMI. They r a national organization. They have peer support meetings for the mentally ill. They also provide speakers to the APD Crisis Intervention Team. These police wear CIT on their shirt/coats. Read about them too. 

Its a great program and available to all.",0.0001879113406175,0,0
5361,JS664915,Increased funding on the condition that some of the money is spent on mental health may be a good idea with a brain dead fool like him in charge of the country...we will all be going crazy in a year or two.,0.8153111934661865,1,1
4810,JS1740188,"I am shocked!  Klastri has not yet commented in this forum.  I think he fully expected an indictment against Trump and is having a mental breakdown because it did not happen.  Get well soon, Klastri.",0.0343388803303241,0,0
5150,JS786935,Sad to say most republicans are mentally ill.  The Donald is just a bit more.  lol,0.9257014989852904,1,1
4840,JS1706814,"Wow, they visited a whole 20 sites in other countries and the United States and performed 50 interviews, worldwide. The rest was just looking at other reports. This was a poll, not research.  The authors have a “ law and order” approach and do not even consider alternative solutions. I read another one of Winship’s “studies.”His solution to violent recidivists - whom he concedes learned to be violent while in prison - more of the same.  Very useful. Yes, let’s take these folks, especially the young,  and lock them away in prison for years, so when their sentences are done they come out all the worse for being incarcerated. Then - and this is the brilliant part - let’s hurry up and lock them away again. 

Then there is the fact that imprisionment creates and/or exacerbates mental illness.  Virtually every person in prison has a mental illness of some sort. 

Seems to me the purpose of incarceration in this country is to make people ill & turn them into criminals or worse criminals.",0.7978652715682983,1,0
5034,JS1305719,probably fair.  Hope she gets the psychiatric help she needs.,0.0033619008027017,0,0
5219,JS1198713,Liberalism is a mental disorder.,0.6771735548973083,1,1
4671,JS1398395,"Did you read the article?  The perpetrators and the victim here were all from the same demographic. Do you know anything about Anchorage?  Homeless people who beg on streets here are dangerous--if to anybody at all, which they usually aren't--only to one another.  They understand that the system will instantly snap into action to protect worthy people like you, so they won't touch you.  I've talked to countless homeless people over my 35 years here, and the worst I've ever encountered is mental illness, which the great State of Alaska treats principally by putting people in jail.  Most of the homeless are grateful just for a little time and attention.  They'd rather feel you respected them than gave them money.",0.8844823837280273,1,0
4721,JS716520,"""Yup, those children who need healthcare better get at it! And the disabled, and war vets, and people with serious mental health issues-- they've just got to make a lot of money!

""And people making minimum wage-- they are just not making enough money! They should be millionaires so they can afford health care.

""And if any of these people can't hack it, they deserve to die.""

See, I translated that for you into plain, bald English from its neo-Xian nonsense original.",0.8314260840415955,1,0
4995,JS410545,"I think some of the most useful studies done linking mental disorders and pot revolve around genes and how they react, for example the AKT1 gene. Though this may be, one will always find alcohol far outsrtips all easily available drugs for creating misery.",0.0160692520439624,0,0
5163,JS665525,"Seven in 10 families have two income earners. Versus 2/10 in the past And we have rising addiction and crime, mental illness, and family union issues. Any coincidence ?  

If 2/10 had cancer and it rose to  7/10, we would spend hundreds of millions on research and likely find the culprit. But no, instead we talk about hundreds of millions for daycare to expand the problem. Then hundreds of millions of wasted dollars to try and put a band-aid on it.   

And we call that progressive thinking!

Stupid is as stupid does.",0.8583871126174927,1,1
5172,JS1131349,"Mental illness on display isn't acceptable to civilized people. If you worship this pig, you have lost your humanity.",0.9579627513885498,1,1
4598,JS670497,"shame you couldn't even list one ""Truth"".  Why am I not surprised. lol  

As I have said, it will be interesting if this is revisited say in 6 months and an evaluation made of just how the Donald is doing.  I don't think he is doing well at all, but then again, I do not favor giving the mentally ill the right to buy guns.  (his biggest achievement to date.)",0.3764554560184479,0,0
5275,JS1021511,Islam is a mental disease ?,0.7685511708259583,1,1
4829,JS902904,"After all the stellar, award-winning coverage from the Globe on the completely unethical conduct by the BC Liberal government, how on earth could your editorial board endorse them for re-election?? We have an economy based on too many part-time or low income workers, unethical real estate dealings, and fantasy LNG development. Homelessness increases, children in care die, people with mental health issues can't get help, and the poor are condemned to perpetual poverty. The city and province do not work for too many of the  people who live here. If you can't give money to the party, you don't benefit. 

Give your heads a shake. Your endorsement could not be more unacceptable.",0.1975519508123397,0,0
4814,JS265179,"Is that your THREAT to the police as one of the good people who are being tormented with aggressive panhandling and illegal camping by our homeless citizens. What part of the homeless camping on Rayonier property hurts you or these armed vigilantes? Your not supposed to be there either so how would all of you good people know what is going on there? Homeless people need somewhere safe  to sleep and somewhere to keep their possessions safe from the likes of you good people. And do not tell me that everyone can stay at the homeless shelter. I have volunteered hundreds and hundreds of hours at the overnight street shelter and there is a long list  of reasons from time limits to pet ownership to mental illness and lots in between that prevent many homeless from public shelters . If you are not offering help Leave the homeless alone.Don't go into their camps, don't trash their belonging, don't threaten them physically or verbally. How freaking hard is that for you GOOD people to understand.",0.9341261386871338,1,0
5340,JS289956,Some how I think you supposing these are Trump supporters is so far off the wacko-meter even Roy Anthony will not like this comment. Please see your mental health professional and get a med review ASAP,0.2835876643657684,0,1
4867,JS1621205,"So how many of our homeless inebriated do you think were banished from the villages? Quite a few. Some are not officially banished, but have been told in no uncertain terms that they are not allowed to come back. When their crimes or mental illness become too much of a problem, they are sent to Anchorage for treatment or incarceration. When they are released/discharged, they become our problem here in Anchorage. I don't understand how any of this is legal.",0.7952237129211426,1,0
5201,JS1403829,"Don't be a dupe. Learn what is motivating the mental illness of the Left:

www.discoverthenetworks.org/viewSubCategory.asp?id=552",0.0278843101114034,0,1
5268,JS786344,"This is because Mr. Trump's multiple personality disorders prevent him from taking any responsibility for any of his long list of spectacular failures.  It's never his fault in any way.  Not ever.  Every one of the long string of business failures he presided over was the fault of another.  Just like the failure of his administration.  His crew cannot do anything right, but it's the fault of a Congressman from Michigan.  Exactly.

Trump is profoundly mentally ill.  The sooner everyone understands that, the better.",0.5539214015007019,1,1
4608,JS1399182,see my comment on dementia.,8.624275506008416e-05,0,0
5028,JS755849,"Now that Trump/Bannon have suffered a major defeat, I wonder how many tweets we'll get over the weekend?  He's already seriously mentally ill.  This will tip him into a full-scale meltdown.",0.2199560850858688,0,0
5208,JS425063,"Tax preparers bowing to the sacred cow of trump are sinners, lost in their own ""mental disorder"" - mad cow disease.",0.8773890733718872,1,1
4524,JS491556,He was commenting about mental health treatment.  Are you referring to physical pain or mental pain?,0.0006415160605683,0,0
5316,JS1674243,"Trump is a sociopath.  His sycophants make up every excuse imaginable to wave away his mental illness, but it's on display for the entire world to see.

Worst President Ever.  He needs to be removed from office as soon as possible.",0.835744321346283,1,1
5440,JS917677,But.... thats different! Hilly is the queen bee according to mentally ill liberals.,0.6393225789070129,1,1
5071,JS1777050,The idiot in chief better start dealing with his own mental issues before  he diagnoses others.,0.8594352602958679,1,1
5330,JS431248,"America is Dying:  I share your frustration, anger, disappointment, of the powers to be who make these IGNORANT,  wasteful spending decisions on JUNK.  

A piece of metal with a red light to PROMOTE PROSTITUTION????    Fix the horrific problems that are present first.  (Homelessness , Drug use, Crime, Mental Health).  Then, maybe a  artsie thing or whatever you call that junk.",0.7459847927093506,1,1
4532,JS738979,"Donald Trump has disappeared into the smog of his own conspiracy theories. As he rages about poisonous fake news, he is spewing his own poisonous fake news.

Delusional disorder is classified as a psychotic disorder, a disorder where a person has trouble recognizing reality. A delusion is a false belief that is based on an incorrect interpretation of reality. 

A person with this illness holds a false belief firmly, despite clear evidence or proof to the contrary.",0.0389789007604122,0,0
5245,JS886807,Liberalism is progressing from a mental disorder to anarchy.,0.2670899927616119,0,1
4708,JS478518,"The ""safety net"" would be institutionalization, which, as it involves a loss of freedom, is a state function, not one driven by markets even if it involves private institutions.

But because a bunch of idiots took ""The Snake Pit"" and ""One Flew over the Cuckoo's Nest"" as documentaries, and a bunch of '50s era talk-therapy psych practitioners mistakenly thought their hip new favored method could work with schizophrenia and other physiologically driven mental illnesses, we managed to destroy the in-patient mental health care system in this country and raised the bar for safety holds astronomically high. 

The solution being called for now is, rather than re-examining that bar, to do away with due process protections entirely and let authorities, and almost any other random individual, get someone's rights arbitrarily removed, under some proposed schemes permanently, without recourse.",0.4939910471439361,1,0
5411,JS364074,"You are sick.  Please see a mental health professional.  In the meantime, you are unfit for public office.",0.8585590720176697,1,1
