Unnamed: 0,id,text,score,predicted_label,true_label
12398,JS1171933,"As a one more, Where do the souls of McConnells and his ilk's supporters, go when they die? Do they go to their white mans heaven? Or hell? I recall that their white mans jesus was a refugee fleeing a guaranteed death from a propped up Roman Empire despot, who was no different than the double digit despots we prop up worldwide, for the same colonial reasons the Imperial Roman Empire did.
I recall that the Jewish priests had the Romans kill the jesus, for messing up their corruption, no different than the Vatican being built off the backs of hundreds of millions slaughtered Natives through the centuries.
Yah,I would say that McConnell, his ilk,and their supporters are on a one way ticket to their Christian hell, no different than the Islamic terrorists created by McConnell and his republican and democrat cronies, are on their ways to their Islamic hells, without their 72 virgins, for slaughtering so many thousands of innocents",0.9580000042915344,1.0,1
11844,JS573407,"Oded Revivi, using the biblical name for the West Bank claims, ""nothing is more natural and morally just than Jews building in Judea"".  

Mr. Revivi needs to be reminded that it is 2017.  Further, according to ancient biblical law: 7th. - ""Thou shall not steal."" renders his actions immoral and unjust.  International law declares his actions/claims illegal. 

I ask, where would the world be today if all global inhabitants thought and acted like Oded Rivivi? Mindboggling, isn't it?",0.1791000068187713,0.0,0
12349,JS340100,"Saunders is a huge weasel. Barks ""racist"" at his globalist opponents. Brexit? Racist! Trump? Racist! 

His type are putting Jews in a jackpot. Last time robber barons plundered all the wealth out of the economy causing economic collapse, people blamed the Jews. 

This time around euro-oligarchs created an empire to impose neoliberal reforms and globalism on a continent of largely social democrats who would never vote for the policies. See ""Robert Mundell, evil genius of the euro."" 

What this means is that when people find out what happened many will blame the Jews. Of course, the Jews are not European aristocracy. They've been the whipping boy of Europe since Constantine. 

My guess is that robber baron sociopaths would rather Jews get blamed for destroying the Western economy than themselves. While weasels like Saunders continue to polarize and obfuscate the debate to protect upper crust criminals.",0.7746000289916992,1.0,1
11829,JS856833,"Do you think Catholics are Christian?    I don't care one way or the other, it's your life.    No Christian church has done more good or more harm than the Catholic church has done in its history.   

When you combine religious 'certainty' with very real human power to control outcomes we all lose our freedom of choice.  Christian churches have had periods of murder justified by claiming it was 'God's will'.    We're seeing the same arrogance and human self centeredness is some sects of the Muslim religion.   If you look at primitive cultures they also had spiritual lives, sometimes very brutal.     

Churches have also saved live by providing food/shelter/medical care/amnesty and sanctuary to those who are persecuted or in need.   The old testament in particular talks about the proper treatment of immigrants who are fleeing persecution. (Jews out of Egypt for instance)

My intent is not to judge people by their cover, in this case, religious labels.",0.6919000148773193,0.0,0
12085,JS413932,Could you explain how Obama was blatantly anti-Israel?  Lots of Jews inside and outside of Israel strongly disagree with the expansion of settlements but that does not make them anti-Israel. One can still support Israel and criticize their policies that appear to undermine a long term peace agreement.,0.2327000051736831,0.0,0
12180,JS420147,"Coming from a person with an ethnic background steeped in Jew hatred, your comment is not surprising and entirely predictable.",0.8080999851226807,1.0,1
12010,JS1208197,"So it looks like non-Jewish Israelis, the Druze, are suffering from the same kind of terrorism that is going on in Syria, Iraq and other problem areas of the Middle East.  For the most part, Israel is a safe haven for those that respect it, regardless of religious affiliation.  But unfortunate events do sometimes occur.",0.3012999892234802,0.0,0
12117,JS416283,"That is the dumbest thing I ever heard.  Jews have no interest in saying merry christmas and the sooner you get that through your thick skull, the sooner this will be a non-issue.",0.9739999771118164,1.0,1
12083,JS1770003,"You said you don't distinguish between infallible doctrine and dogma but are all doctrines infallible? 
I guess I was surprised by the one teacher as I think science should be taught by science teachers etc. Did you mean moral, or religious teaching not all other teaching? 
About things like slavery and usury-do you not define those as doctrines and therefore change in them is acceptable? 
I'm in the US, a former primary teacher, way over 70! And most of my religious training after childhood came from various courses I've taken in church history-shocked to find all seven sacraments were not defined as dogma/ doctrine untill Trent! and sacraments including the history thereof, some spirituality-though much of that was too non logical/literal for me!, Never thought before this about what Jesus probably thought of the word priest. Had a hard time studying scripture as I'm very literal and the Jews were not Greeks! In other words they used metaphorical language which floored me for years!",,,0
11824,JS1696219,"""And what, pray tell, is the standard definition?""
.
Of or pertaining to non Judeo-christian religions or deities.",0.0881000012159347,0.0,0
12273,JS1536012,"I'd hate to be the partisan who has to explain away a rally of neo-Nazi torch weilders who chanted ""Jews will not replace us"" with ""out of context"" with no further attempt at explanation. Trump refused to rent to black Americans. That's why the ""alt-right"" loves him.

I'd hate to be the partisan who has to explain away a contempt of court charge by arguing that the DOJ was wrong and so was the judge who found Arpaio in contempt after he violated desist order. Notably you didn't try to dispute the other sins by Arpaio, the poster boy of government overreach.

Trump was a birther. For years. Even after HI debunked birtherism. Even after Obama released his birth certificate TWICE. Trump promised to provide proof of his birther claim yet he didn't follow through as usual. Then he demanded Obama's transcripts because he thought Obama wasn't smart enough to attend Harvard. This coming from a semi-literate Trump. 

I pity partisans who voted for racist sexual predator who ogles nude teenagers",,,1
11865,JS449509,"""For us, the Jews are an authentic religion of the book, and if they are not too entangled with Israel, they are most welcome in Iran, and it would be a tragedy for us if they left."" In contrast, ""the Baha'i's are not a genuine religion, and have no place in Iran.""

Al-Imam Ruh'hullah al-Khomeini (radi'Allahu an'hu).

Having said that, the group responsible for persecuting the Baha'i was the 'Hojjatieh Society', which was banned five years after the Imam's return.  You'll note they weren't pardoned, nor was the cleric who led them elected prime minister, nor did the Islamic Republic name a military award after them.

As for reaction against the Baha'i for supporting the Shah, what you overlook in your 'Nazi comparison' is that the Shah murdered 1.3 million of his own people.  How many Germans did the Ashkenaziim kill (admittedly one is tempted to answer ""not nearly enough"", but I'm looking for a number here...)?",0.3097000122070312,0.0,0
12145,JS336810,"It's the leftwing of the Labour Party and the LibDems who are anti-Semitic in the UK. The term ""Zio"" is often used as an acceptable word for Jews living in the UK,; Corbyn's brother has done this. Labour are going after the Muslim vote.

Saunders has been preaching for years that Europe has nothing to fear from Islam; a religion openly hostile to Jews and Christians, as well as gays and women. 

Another article from Islam's useful idiot.",0.9399999976158142,1.0,1
12112,JS1529312,"I don't agree that they drive American was, but I do believe they are the source of a lot of trouble in this country.  most jews are crazy liberals and are constantly trying to be in control to achieve this.",0.9850000143051147,1.0,1
11895,JS1227565,"Newsflash:  The dead don't care, even if they are stuck in the ground for eternity next to the corpse of a Christian, a Jew, or a non-believer.",0.3828999996185303,0.0,0
11970,JS1364652,"SPLC is a Marxist group that supports every anti America, anti Israel & anti Judeo Christian agenda!",0.5934000015258789,1.0,0
12152,JS1358493,"""Jews will not replace us, Jews will not replace us.""

You down with that?",0.6291000247001648,1.0,1
11890,JS362924,"Given that those involved in this initiative can't differentiate between the Allies and the Axis and think Treblinka was Peter Pan's companion it is ironic that they would employ the ""Holocaust"" false equivalence.  
.
As they have chosen to reference fascist atrocities it's appropriate to make some comparisons.  The Monarchist's goal of Kingdom has much in common with a similar group's demand for Lebensraum.  The maniacal focus on blood quantum laws is eerily similar to völkisch, a quest for a racially pure state.
.
The propensity for certain local groups to denigrate as the lying press  those who have a differing view of Hawaiian history has a precursor with another entity which coined the term Lügenpresse.  The local habbit of decrying western influence is identical to  Joesph Goebbels use of Überfremdung to describe Jewish influence on society.  Calling dissident Hawaiians traitors to their people directly correlates with Volksverräter.
.
History doesn't repeat itself but it rhymes.",,,0
12375,JS1512067,"Facebook Allowed Advertisers To Target ‘Jew Haters’.png
Today, ProPublica published a bombshell report showing how Facebook allowed advertisers to select anti-semitic categories to target certain users. Facebook apparently has ad categories such as:
*Jew Hater
*How to burn Jews
*History of why Jews ruin the world
Really.
Well, if you are trying to target groups of Nazis, White Nationalists or just super angry white guys who want to dress in matching polos and khakis while carrying tiki torches, you may want to select these categories. And Facebook is totally there for you!
At the end of the day, Facebook is a business and their product is YOU, the user. They will take any money they can from advertisers, because that is their business - selling access to you. So if you are a Nazi, they will market that. And to the right company/group/political candidate/hostile foreign government working on behalf of a political candidate, that is what they are looking for - Nazis.",0.7372000217437744,1.0,1
12302,JS961340,"So, it's the poor Jews who are responsible? Not the Islamic murderers?",0.9929999709129332,1.0,1
11946,JS1051970,This sounds very similar to the way anti-Semites refer to Jewish people.,0.4192999899387359,0.0,0
11880,JS1360039,"No Rudy, what President Trump meant to convey was his support with hate groups that line up with his personal and political agenda. Violence from any group is wrong, but ignoring Jewish hate groups and neo-Nazi groups is also wrong.  The president was wrong on this issue twice.  The first time was when he failed to condemn and the second time was when he reversed himself.  I didn't see any communist flags but I did see most of the Nazi-anti Jewish crowd arrive with helmets, clubs, shields and mace.  They were looking for a confrontation. 

You are correct in noting that liberals love the ACLU.  After all, the ACLU defends the constitution of the United States.  Nothing more and nothing less.  My question for you Rudy is why don't conservatives want the constitution defended?   I do not like everything the ACLU takes on, but I recognize that is the balance in preserving our constitution.",0.4986000061035156,0.0,0
12361,JS758067,"Canada is becoming like Germany in the 1930's - free speech must be eliminated !    It is interesting that only the Islamic faith is protected by this bill, it is still ok to slander and defame Christians and Jews.",0.9100000262260436,1.0,1
12219,JS1715152,"Roger Waters' supposed concern for ""human rights"" extends to only 2 countries: Israel, of course, and to some degree, the U.S. He ignores much much greater human rights violations by other countries, notably Israel's neighbours. He is obsessed with Israel and has emblazoned his flying pig with with a Jewish star. He's a hypocrite, a fool, and a bigot. Despite all that, I really enjoy his music. He should stick to what he's good at.",0.9700000286102296,1.0,1
12325,JS1715152,"Roger Waters' supposed concern for ""human rights"" extends to only 2 countries: Israel, of course, and to some degree, the U.S. He ignores much much greater human rights violations by other countries, notably Israel's neighbours. He is obsessed with Israel and has emblazoned his flying pig with with a Jewish star. He's a hypocrite, a fool, and a bigot. Despite all that, I really enjoy his music. He should stick to what he's good at.",0.9700000286102296,1.0,1
11886,JS549945,"By comparing Trump to Hitler, you cheapen the death of 6 million Jews/5 million non Jews.",0.4226999878883362,0.0,0
12060,JS415116,At one time I felt the same way as you but then realized that even if you removed all the settlements the Palestinians would still not accept Israel's right to exist.   Even if there was a Palestinian State with Jerusalem as their capital they still would not accept Israel as the homeland for the Jewish people.  Sadly the real obstacle for peace and that which has brought on the settlement movement in the first place is the fact that the Palestinians simply do not and never will accept Israel or the Jewish peoples right to a homeland in that part of the world.  When their mind set changes (which I doubt it will) then perhaps there will be a chance for peace.,0.1835000067949295,0.0,0
12199,JS1372223,"I think we need to be careful of the old pupule about the Jews killing Jesus.
Jesus and all his disciples were jews.
It would be like saying that it was those evil Americans that killed Lincoln because Booth was an American.",0.8644000291824341,1.0,1
11897,JS857888,"No the result of disunity is from bigotry and racism. If you can't accept someone of a different color or that they sound different then the problem is yours and nobody else. Sooner or later these people start talking trash about these people and therefore the disunity starts. 

Look back in history and it's actually funny in a dark sort of way. In NY over the decades they hated the Italians, The jews, the Irish, the Puertorican's etc etc . Every decade or generation it was another group to pick upon. Until we get over that attitude the disunity will be there.

Diversity has nothing to do with it, it's peoples attitudes that do.",0.4817999899387359,0.0,0
11789,JS1224523,"I have nothing to disagree with.   I know compassionate Cristians, compassionate Jews, certainly mystics like the Dali Lama are wonderful.  

It drives me crazy to know people of very similar values fight about where there inspiration comes from!   

I have never thought Christians or any other faith have preference in Gods eyes.   It's the human ego that's forces us to rank each other.   I'm the right religion, race, smarter,stronger,prettier, work harder...

Does the rose proclaim they are are the only flower of God?  

I'm fine with mystery.  How, do we explain those moments when our brain quiets and we are in silent awe?   

Love, beauty, sacrifice, compassion have no set formula or explanation in the physical sciences.  

Does it matter how we learn to love as long as we get better at it?",0.1543000042438507,0.0,0
12074,JS2112,"How do you define a ""state"" that has no defined borders, has no constitution, and specifically prohibits equal rights between Jews and non-Jews? So much for the ""only democracy in the Middle East.""",0.2949999868869781,0.0,0
12165,JS879715,"The Mujaheddin, Taliban, Al-Qaeda, and ISIS were ALL created by the MOSSAD and the CIA.
Osama-Bin Laden did not do 911 from a cave in Afghanistan, it was again the MOSSAD and the CIA who executed that operation.
The Afghanistan war is a war against poor people and their resources and to secure geopolitical interests.
CANADA and its soldiers and all of the people who ""SUPPORT"" the troops are therefore WAR CRIMINALS.

The Jewish-controlled media made Sajjan look GOOD to get him elected and now they made him look BAD to cut him down to size.
And all of the people who fall for this ROUTINE formula are, until they wake up, COMPLETE IDIOTS.",0.9559999704360962,1.0,1
11856,JS829911,"Take his test to see if you are biased or truly against anyone regardless of their religion being allowed a quiet space in our schools to pray.

Ask yourself this; if there is a Christian or Jewish group in this school that has , for years, been granted a vacant classroom to meet should they be now told that they are not to be allowed a vacant classroom to meet in ?",0.1123000010848045,0.0,0
12259,JS1399837,"And don't forget the pandering to people who want to kill the jews and the blacks.  

Let's not forget about that.",0.996999979019165,1.0,1
12256,JS1219138,"(((they))) are the problem, nothing changes.  Its tribal.  Open your eyes.  Its the jews, they are all jews",0.9700000286102296,1.0,1
12364,JS620155,"Antisemitism suffers from the  same problem as this proposed law. Criticism of Israeli policies is not criticism of judaism. 
All jews are evil = anti-semitism
Israel,has engaged in illegal occupations = not anti-semitism",0.949999988079071,1.0,1
11737,JS1219153,I really believe that Jews are sucking up way too much oxygen of public debate. Not one day goes by we don't hear about some grievance ..or need for special treatment.  All this clamouring for attention 24/7 leads to resentment.,0.5598999857902527,0.0,0
11845,JS555712,"Lydia,
Those are strange facts. 
The Nazi party tried to blame Germany's problems on the Jews. The Jews were guilty of NOTHING. In fact their hard work and industriousness helped Germany's try for prosperity. 
The problem with Germany's economics was that it waged WWI and money for war does NOT benefit the populace. 
That is exactly what we are seeing in America. That is why the economically drowning people of America put Trump in the presidency, he made huge promises to everyone on every little point. And on a few large points. 
Republicanism , wars, the greed of the KOch bros and the Super Rich and the Trickle-down economics of Pope John Paul II and his pal Ronald Reagan are the things which are killing America. 
It's the guns or butter argument we used to have in Sociology classes. 
Jack Ma, the guy who owns Alibaba and is one of the wealthiest people in the world said the problem with America is too many wars and too much Wall Street.
I believe that is a fair summation.
nicht wahr?",,,0
12157,JS760089,"Thanks, that was very helpful. So who else is ""inferior"" to your kind in the global human hierarchy? Lazy Latinos? Crooked Jews? Shifty Asians? Backward Arabs? Please educate us.",0.9700000286102296,1.0,1
12324,JS1346818,"Yes...the Democrats made the neo-Nazis rally....
Just like the Jews made Hitler invade Poland.....it wasn't racial hatred...really...
The Democrats made that boy run over those people and kill that girl....
The Democrats made Mr. Trump condone the behavior....
Darn Democrats...",0.968999981880188,1.0,1
11816,JS262597,"An anecdotal reference. Are their children Christian?  Judaism has evangelized more adamantly to maintain Jews within than convert non-Jews without. Evidently, it has been rather successfully that through the centuries and in a variety of cultures and countries Jewish identity has been maintained, despite the minority of Jews who defected. 
A rather remarkable feat given the vicissitudes of the diaspora. Maybe the vicissitudes fostered group cohesion up against a hostile world?",0.1361999958753585,0.0,0
12239,JS1318178,"From some of the comments it would seem that Canada's historical behaviour towards , say east European, Irish and Jewish immigrants, should be copied here as well.
Let's not do the knee jerk conservative values thing again.
It doesn't mean we have to be idiots, just not mean spirited psycho's.",0.9139999747276306,1.0,1
12384,JS659954,Hysterical over-reaction EXACTLY describes the targeted Liberal Islamophobia motion rather than encompassing all religions....... this just after Imams in Canada were discovered targeting their hatred and calls to kill Jews.,0.9769999980926514,1.0,1
12093,JS425868,"Coming from a Jew-baiting BDSer, I take your response as a badge of honor. Terrorist apologisms, false accusations of apartheid, colonialism, genocide. No concern at all about what the Palestinians'
true objective is for Israel and what Palestinian terrorists are doing to innocent Israeli Jews. The only thing broken is the record of his incessant whining.",0.7746000289916992,1.0,1
12038,JS466325,"Art, I think moving Arabs from Judea and Samaria to friendly Arab countries is a better option. There are already 22 other Arab states, and another one of Paletinian Arabs - Jordan. 

Soon it will be a state for each Arab clan, warring with all the other Arab clans. 

Having a country of Palestinian Jews makes it much more balanced and beneficial to the rest of the World.",0.2804999947547912,0.0,0
11831,JS829189,"Taqiyya: the Islamic practice of deception to promo,  defend and protect Islam  from criticism by  Infidels and  Jews.  Lying for Islam  is a moral duty which is unique to all otehr religions and  as intrinsic to Islam as charity is to Christianity.",0.6148999929428101,0.0,0
12414,JS415644,""" white jew-god mind"", well we know where 3d's head is at.  Bigotry and racism.  Must be another graduate of the Hawaiian Studies program at the U of H.",0.944000005722046,1.0,1
12295,JS1169275,"How many Jewish Canadians fund illegal settlements in Israel and back the bulldozing of Palestinian homes there. According to Adler that is ""not being Canadian in spirit""

don't hand me this crap about what constitutes good Canadian behaviour - many so called hyphenated Canadians have plenty of baggage

As you know Israel deliberately targeted a Canadian peacekeeper  and killed him while on duty

no apology from them or compensation for that matter - and DND wiped  records of  that little event off its website",0.6194999814033508,1.0,1
12412,JS1150562,Dude so she spelled yer name wrong get over it snowflake. Bottom line I'm Jewish and I don't appreciate the dumb jew comment. Clean up yer act.,0.8813999891281128,1.0,1
12200,JS321087,"Layla4, you are correct to the extent that Human Rights Codes do not prohibit or restrict stupid or unfair hiring decisions - only ones where the employer has a prohibited motive.  Examples are where the employer refused to hire because the applicant black, jewish, muslim, christian, disabled, for instance.  

In those cases, the employer will still be in the right if he can establish a bona fide occupational requirement for the decision.

Complainants lose the overwhelming majority of human rights hearings, by the way.",0.5633000135421753,0.0,1
11839,JS492978,"Zionists naturally accepted Partition as it gave them a Jewish state they didn't have; the Arabs of Palestine naturally rejected it as it took part of their existing homeland. 

And it was strictly a tactical acceptance, as David Ben-Gurion articulated a decade before Partition: ""We shall accept a state with fixed boundaries today, but the boundaries of Zionist aspirations are the concern of the Jewish people and no external factors can limit them.""",0.0797000005841255,0.0,0
12345,JS9189,"how shameful, a jew practising eugenics",0.9869999885559082,1.0,1
12301,JS757969,"Some kids in Ontario are being taught Islamic studies ( only)  in their classes and if parents or kids say anything they are called racists. One child who is christians didnt want to make cards for EID he said they don't make cards for me on Christmas, Easter etc , I just want to do my school work he was chastised by the teacher and sent to the principal for not participating. Christians kids don't have a choice.   When will the Imams stop spewing hate against the unbelievers and jews?  4-5 Imams this month have been caught preaching hate and death. Not sure why this is ok",0.8080999851226807,0.0,1
12402,JS1408122,"Come on! Jesus couldn't do it 2000+ years ago. Kushner not even considered near God-like.
He's giving it the good ole try, You'll never be able to say Trump never tried! hahahahaha
Your God Barry did squat for the ME but diss the Jews in Israel.
God Barry ran away from the hard problems in the World. How easy it's is to hand Godzillions of taxpayers dollars to Countries that Hate our Western values. Who'd not take FREE money? they are not so self righteous not to accept freebies but will just eat up what you give them. We were Fools and taken as Fools and treated like Fools as they still hate on the US.",0.785099983215332,1.0,1
12367,JS1353440,"More than a ""wink""  one  neonazi site said he had a Jewish gun to his head to make the speech.",0.7132999897003174,1.0,1
11740,JS116698,3000 homeless poeple in lane county....so lets give the UO $10mil....and lets give  $2 dollers to the homeless jew.....that wants to build a man made island over by hawaii.....for the jews.....and then make the island a 2nd jewish state....with a 100 mile high pyrimd....that will be used as a spaceport .....,0.5062000155448914,0.0,0
12262,JS1228522,"And if they hate Jews, are we supposed to believe they love Christians ? This is no surprise to anyone who is a Christian, but this nonsense of calling evil good has to stop...Crazy days we live in.

 Isa 5:20  Woe to those who call evil good and good evil, who put darkness for light and light for darkness, who put bitter for sweet and sweet for bitter!",0.6789000034332275,1.0,1
12417,JS1228522,"And if they hate Jews, are we supposed to believe they love Christians ? This is no surprise to anyone who is a Christian, but this nonsense of calling evil good has to stop...Crazy days we live in.

 Isa 5:20  Woe to those who call evil good and good evil, who put darkness for light and light for darkness, who put bitter for sweet and sweet for bitter!",0.6789000034332275,1.0,1
11801,JS439391,"Remember ""live in Ottawa"" that the Nuremberg laws of 1935 had already deprived Jews of their citizenship, who by 1936 were stripped of voting rights for Parliamentary elections. Hitler's armies had crossed into the Rhineland, which in 1936 they re-militarized. By seeking trade opportunities with the Nazis, Mackenzie King displayed a terrible lack of principles, not unlike that we see today in the Liberal overtures towards Communist China.
 


.",0.0962999984622001,0.0,0
11969,JS1085984,"""At the al quds parade a man had an Israeli flag draped over his shoulders and was taken away by [the London] police as he was inciting violence."" - Tormaine

That claim appears to be a falsehood. Even though they covered the event in detail, not even the Jewish media in London are reporting it. Those who propagate falsehoods like this, whether willfully or in ignorance, are engaging in the same kind of tactics used by fascists.",0.4817999899387359,0.0,0
12329,JS969678,Anti-Semitism in America is coming from all those useful idiot undergrads and their professors.   They hate Jews and love them some Palestinians.,0.9509999752044678,1.0,1
12285,JS620155,"Antisemitism suffers from the  same problem as this proposed law. Criticism of Israeli policies is not criticism of judaism. 
All jews are evil = anti-semitism
Israel,has engaged in illegal occupations = not anti-semitism",0.949999988079071,1.0,1
12394,JS416976,"It's also about time that you and your parents and relatives who have settled on lands belonging to the native peoples begin to evacuate and leave just as the UN resolution demands of Jews living in the West Bank. Get moving, you racist hypocrite!",0.9890000224113464,1.0,1
12016,JS428892,Nice to see Ms. May climbing on the bandwagon to Support John Kerry's speech and renewed commitment to the two state proposal in the Middle East.  But let's see what happens when the Jewish Canadian groups who pressured her to reject the NDP's BDS proposal this summer get wind of her comment. Hmmm. I wonder which way the political winds are blowing in the NDP Caucus these days.,0.0997999981045723,0.0,0
11947,JS556972,"Yes and historically the Jews kept slaves in their golden years in Palestine before Christ.  Europeans did the same, Americans, Africans etc etc.  So I am sure you have a weak point to make here so finish your thought conveyor.",0.2924000024795532,0.0,0
12335,JS1370588,"Last Tuesday, Dumb Dumb Donald, the Racist-in-Chief, said:
“You take a look, the night before, they were there to protest the taking down of the statue of Robert E. Lee.”

So, let’s do that, let’s look at the night before…Here’s a video of the people Dumb Dumb supports “protesting”, the night before, the taking down of the statue:
https://www.youtube.com/watch?v=eBstLbLuNRw

They chanted, “Jews will not replace us” and “Blood and soil”; and, gave the Nazi Salute.

Racist-in-Chief? Hmmm, maybe Nazi-in-Chief would be more fitting.",0.8486999869346619,1.0,1
11754,JS845155,"In fact, WWII is still very much a live issue in France, walkyrie.  

The FN's founder, Le Pen's father, still makes headlines defending Pétain.  Marine herself made a specific point of saying that the most infamous scooping up of French jews and holding them in the Winter velodrome for transport to Nazi death camps was not the responsibility of France.  Ten days ago.",0.1455000042915344,0.0,0
11859,JS638935,"Jared and Ivanka also attended the various inauguration events on the Sabbath.  Supposedly they  were given an exemption under the principle in Jewish law of pikuach nefesh (sp?), which suggests preserving the safety of a specific person over any religious consideration.  This exemption is only really given to save a life. Not to attend a ball.",0.1164999976754188,0.0,0
11790,JS804495,"Prof Granastein has become a curmudgeon in his old age. He'd like us to think the past is another country, but he's from that country. He was born on the eve of WWII.

Now, 77 years later, he seems smitten with the WASP Canada that existed at his birth. He's moved further and further to the Right with each passing year. 

Beware the historian who yearns for yesterday and seeks to change today by making us turn back and relive the past. These historians are not to be trusted.

I can love Canadian history while being fully aware of all its warts. My family was Scandinavian and I can assure Prof Granastein the English Canadians did not think we were their equals.

Perhaps if Granastein spent more time studying social history rather than military history, he'd know the ironic mosaic of Canadian thought. The First Nations, the French, the Irish, the Scots, the Jews, the Japanese, the Chinese, and the other non-WASPs who make up our country have a completely different take on our history.",,,0
12275,JS496410,"John, basically your claim is that Catholics are homophobic, that orthodox Jews are homophobic, and that Muslims are homophobic.

That seems to support a couple of conclusions:  you're intolerant, you're a heterophobe.

If the shoe fits, wear it.",0.9789999723434448,1.0,1
12056,JS419980,Why? Anti-Semites have a Jew fixation. It comes with their mother's milk.,0.6291000247001648,1.0,0
11904,JS388339,"And, so it seems from my readings from the Jewish Bible, which Catholics fondly refer to as the Old Testament;  prophet's prophesies are 'doomsday' warnings if God's ways are not adhered to, disobedience to his commands persist, following disasters will fall upon you.  Now, is Trump on the list of forecasted warnings...is there such a specie as a 'Catholic prophet'...that I would like to know about.",0.2245000004768371,0.0,0
11813,JS646101,"There is much controversy about what was going on in Irish Christianity. We do know that Patrick handed out the Torah when converting pagans to Christianity. We know that the Irish were accused through the Middle Ages of Judaizing-observing Jewish feasts, using the Jewish date for Passover as Easter, having a clearer understanding of ancient Christian/Jewish doctrine of the resurrection of the body with little thought of the separation of body and soul. As for Judaizing practices, my parents' families in Ireland held to practices characteristic of Jews though they did not think of them as Jewish, just as handed down to them as ancient binding customs. For instance, one of my uncles felt obliged to marry his brother's widow. When  a person died the family and neighbors sat together with the body over one night and buried the body in the morning. A Requiem Mass was said 3 days later and a Munce Mine (?) Mass thirty day later for those who had to travel from a distance.",0.1033999994397163,0.0,0
12045,JS604916,"The US and Canada , for that matter, is at WAR with an extreme islamic army called ISIS .   Only going by this one persons take on what happened, there , unfortunately ,there  has always been collateral damage.  

We're not at war with hindus , buddists , jews or christians.   The US MUST be careful who gets into America.  
Like it or not , it IS not a right to enter the USA.",0.5530999898910522,0.0,0
11771,JS733570,"If there is to be an open and honest debate about this conflict we must agree that we can be critical of the government of Israel without being racist. 

To my knowledge Israel, Iran and the Vatican are officially religious states. PM Netanyahu has always stated that the security of Israel as a Jewish state was a condition of peace. This would seem to exclude a 1 democratic state solution where former Israelis and Palestinians are equal citizens as an option.

The alternative solutions is either 2 states (Israel and Palestine) or 1 apartheid style state - which is what we appear to have now.  Palestinians do not have control over their land, resources or voting.

Palestinians have not been saints either and past UN reports have highlighted this. 

Let's have a fact based dialogue.",0.1844999939203262,0.0,0
11806,JS1405320,"That's because the antifa movement is not just about racism. It's about anti-capitalism, and the entire movement was born from the German Communist Party's inability to eliminate the more moderate social democrats. So I can entirely understand Jonah's viewpoint. Why should he, as an American Jewish man, allow the antifa to speak for him? He spoke for himself, rightly so.",0.2040999978780746,0.0,0
11961,JS1056538,"I suspect that Bernie took the nominee's religious beliefs that non-Christians can't go to heaven personally.  Bernie was raised Jewish,  although he appears to be an agnostic now.  Either way,  he won't make it into the New Testament heaven without accepting Jesus.  Perhaps there is a different version where his beliefs are welcome.  The Hebrew Garden of Eden,  the Vikings Valhalla,  the Celtic Otherworld,  the Irish Tir Na Nog, or the Greek Elysium, all have entrance requirements.  But his line of questioning was out of line in a confirmation hearing.",0.1316000074148178,0.0,0
12140,JS1715152,"Roger Waters' supposed concern for ""human rights"" extends to only 2 countries: Israel, of course, and to some degree, the U.S. He ignores much much greater human rights violations by other countries, notably Israel's neighbours. He is obsessed with Israel and has emblazoned his flying pig with with a Jewish star. He's a hypocrite, a fool, and a bigot. Despite all that, I really enjoy his music. He should stick to what he's good at.",0.9700000286102296,1.0,1
12125,JS417285,Well Layla they took a lot of abuse as a result of killing Jesus for reasons of greed.   Now having said that it is deplorable the abuse they took in subsequent generations for this as children should not be held accountable for the sins of the father.  Of course you can also say some abuse before Jesus was a result of their monotheism the same as Mohamed suffered in Mecca for promoting one god.  Civilization was more pantheistic or multi-God and that was seen as different.  Either way the Jewish race is an amazing race and they need to move past this intolerance and despicable behaviour taking place in Israel that is making them look like immoral and selfish people.,0.6919000148773193,1.0,1
12020,JS955278,"guess it is Christians and Jews and Sunnis against Shias.  No wait isn't ISIS Sunni?  So confusing, who knew, hey Donnie",0.3580999970436096,0.0,0
12134,JS1379207,"Newsflash: if you are Jewish and you work for or stand with an anti-Semitic White Supremacist, then YOU TOO are complicit.",0.9169999957084656,1.0,1
12387,JS321087,"Layla4, you are correct to the extent that Human Rights Codes do not prohibit or restrict stupid or unfair hiring decisions - only ones where the employer has a prohibited motive.  Examples are where the employer refused to hire because the applicant black, jewish, muslim, christian, disabled, for instance.  

In those cases, the employer will still be in the right if he can establish a bona fide occupational requirement for the decision.

Complainants lose the overwhelming majority of human rights hearings, by the way.",0.5633000135421753,0.0,1
12126,JS1319474,"The man was an idiot with all of his writings and total fabrications about the second world war, upsetting jews and a number of non jews alike, especially some of our second world ward veterans. 

They should have just ignored him instead of giving him a soap box to pontificate on, and those trials, upsetting all of those poor people that were in the camps. He was interviewed on an American television and the journalist told him it was too bad he didn't do it in the US where they didn't have Canadians laws, he would have been ignored and faded into oblivion.",0.9929999709129332,1.0,1
12111,JS758067,"Canada is becoming like Germany in the 1930's - free speech must be eliminated !    It is interesting that only the Islamic faith is protected by this bill, it is still ok to slander and defame Christians and Jews.",0.9100000262260436,1.0,1
11759,JS962718,"Why do so many on the conspiratorial right consistently target George Soros? It's surely not because he's Jewish, right? (In Orwell's 1984 the state's bête noir was the mythical Emmanuel Goldstein.)",0.2888999879360199,0.0,0
12205,JS527053,"There is no moral equivalence. Arab states did not steal land from Jews, like the Jews stole Arab land.",0.7132999897003174,1.0,1
11745,JS430063,"Hamas has death to all Jews in their charter and will stop at nothing to commit atrocities. 

Their is NOTHING the Jews can do to please those who want nothing but death and destruction, to blame settlements is just a poor attempt to hide that fact. 

Funny how a country was born from the genocide of Jews in WW2 and is now condemned by a UN full thugs from 3rd world dictatorship. 

Trump was correct when he labeled the UN as a joke, its end is hopefully near! !!",0.6607999801635742,1.0,0
11884,JS1282301,We all know the jew'ish' people are NOT the Hebrew or even Hebrew-Israelites.  They are Yiddish speakers and european decent.  Its all over the internet.  Why are we still talking about these imposters?  The state-of-israel was created back in 1947-48 and we have been dealing with their soul-less extermination of Palestinian's of all ages.  Being Jew'ish' is the same as being a christian these days:  the rest of us know its a sham-religion-man-made for a certain reason to present LIES TO THE WORLD and cover up who the REAL ISRAELITES ARE!,0.7059000134468079,1.0,0
12224,JS1219138,"(((they))) are the problem, nothing changes.  Its tribal.  Open your eyes.  Its the jews, they are all jews",0.9700000286102296,1.0,1
12027,JS319857,"W, I'm quite aware of the Jewish adoption of Christianity in significant numbers starting with the efforts of Mr. Paul. And yes, virtually all early Christians were Jewish, including Jesus. But official Judaism has never made that choice, has always looked for a different Messiah version and still do. Otherwise Judaism would be a Christian denomination.

So your critique is invalid, doesn't address the crux of my assertion. Plenty of Jews were killed by plenty of Christians in the last two thousand years because of universal, official, Jewish rejection of Jesus as Messiah.

I have no problem with your profession of Christian faith that He is. Facts don't matter in the realm of faith. 

As to what I might be smoking! Nothing! My Adventist mommy forbid it.  Good for her! I do extensively study Christian and Jewish history, joyfully sniffing the aroma of ambrosia while thoughtfully reading facts amidst fields of it, however!",0.2529999911785126,0.0,0
12353,JS527053,"There is no moral equivalence. Arab states did not steal land from Jews, like the Jews stole Arab land.",0.7132999897003174,1.0,1
12352,JS1228522,"And if they hate Jews, are we supposed to believe they love Christians ? This is no surprise to anyone who is a Christian, but this nonsense of calling evil good has to stop...Crazy days we live in.

 Isa 5:20  Woe to those who call evil good and good evil, who put darkness for light and light for darkness, who put bitter for sweet and sweet for bitter!",0.6789000034332275,1.0,1
12439,JS801207,"Oh good, Jewish conspiracy theories. Given that Trump's statement on Holocaust Remembrance Day was praised by neo-Nazis for its ""de-Judeification"" of the Holocaust, I'm going to say I don't give a fuck who his kids marry, he's empowering anti-Semites.",0.785099983215332,1.0,1
12413,JS756367,"It's like saying ""I don't hate Jews, I hate Judaism"".
Fools no one.",0.9010000228881836,1.0,1
12181,JS1707651,"There is no history of moral thought on transexualism. The surgery is a 40 year old thing. Granted, behaving in the other sex is not a new thing, but now it seems that it was natural for those people, not a volutary perversion, so the centuries of teaching need revamping, much like how original sin needs some revision in light of Darwin’s findings and the modern scriptural scholarship that shows Eden was meant to be myth, not history, and that Leviticus was as much cultural teaching as moral in order to preserve the Jewish nation in exile. We can chose to reject new fact, like the idiot Pope Pius IX or we can adjust where necessary.",0.6607999801635742,1.0,1
12397,JS297759,"Everyday Civil Beat goes further off the cliff, as if they are racing with MSNBC to out Leftist CNN.

This guy is no racist. One of the common refrains against this guy is that he is anti-Semitic. Really?!

How's about some truth in reporting?

Here's the TRUE anti-Semites:
Obama, Hillary, Kerry!

Those three set up conditions and allowed - nay ABETTED! - Iran to progress on the path to a bomb, those three gave mucho big bucks to Iran (which cannot be traced to prevent its use by terrorists around the world).
Enabling, encouraging, and allowing Iran to be Iran is at its core a very anti-Semetic thing to do!
What do you think Iran will do with a bomb? A lot worse than some supposed anti-jew on Trump's team.
What do you think Iran's funding of Hezbollah and other terror groups will result in? A lot more rockets into Israel and bus bombings of Jews.

The Democrats are the most anti-Semetic people, not Trump's guy.",0.6018000245094299,0.0,1
12350,JS757969,"Some kids in Ontario are being taught Islamic studies ( only)  in their classes and if parents or kids say anything they are called racists. One child who is christians didnt want to make cards for EID he said they don't make cards for me on Christmas, Easter etc , I just want to do my school work he was chastised by the teacher and sent to the principal for not participating. Christians kids don't have a choice.   When will the Imams stop spewing hate against the unbelievers and jews?  4-5 Imams this month have been caught preaching hate and death. Not sure why this is ok",0.8080999851226807,0.0,1
12363,JS427241,"The ignorant Kerry. Israel, Jewish and democratic, particularly as the Jewish birth rate has been trending upwards.",0.9350000023841858,1.0,1
12386,JS640606,"The Liberals are like Hillary Clinton. Their stupidity on not being all inclusive with this motion just encourages the Trump type folks.

Trump can't happen in Canada? It already happened in the 1930s. We whitewash the time when the KKK had branches in cities & town across Canada. You will have to do a bit of research to find references to this period but the references can be found. Very shocking period. 

We don't like to talk about not allowing Jews to enter Canada to escape Hitler. Read the book ""None is Too Many"" to describe  our immigration policy during that period.

Go to Wikipedia and read about the university thesis written by TC Douglas. The father of Medicare, former leader of the federal NDP, former NDP premier, the greatest Canadian according to the CBC. When he wrote his thesis Tommy was a bigot that would shock even Trump\s most radical supporter. (Read about his thesis before you condemn my remarks.)",0.8486999869346619,1.0,1
12188,JS667525,Jews are the least inclusive people I can think of. Try moving to Israel and see how inclusive they are.,0.9010000228881836,1.0,1
11945,JS656654,There have been numerous bomb threats at Jewish community centers.,0.1809999942779541,0.0,0
11783,JS1046085,"""“I think it’s ridiculous in this day and age to be protesting a religion,” she said. “It just doesn’t make sense.”

You mean the way the majority of middle easterners protest the Jewish religion? Or the past protests of the Latter Day Saints? It happens everywhere......",0.5633000135421753,1.0,0
11791,JS1371170,"I would not hold my breath at Ms. Freeland's inquiries. Yes, there will be lip service to appease their wafer thin conscience, but no more.

When it comes to lucre, even erudite stalwarts like Stephane Dion bend their morals. 

Jobs are more important than Shia lives, or Jewish ones as in past. Who cares. Money matters more. Reminded Jesus 2,000 years ago - the spirit is willing, but the flesh is weak. How true.",0.2035000026226043,0.0,0
12244,JS413692,"The only selfish ones are the Arabs that have 22 countries and want a 23rd. Lots of other places, and furthermore Arab places, where Palestinians could acquire land and live in peace. They could do it, but so far they are more interested in eliminating the one and only Jewish state.",0.9700000286102296,1.0,1
12320,JS1586638,"""Cinnamon Hitler""? Yes, Trump is exactly like Hitler, what with his half Jewish grandkids and the millions of people he's sent to concentration camps and the world war that he started. Idiot.",0.9890000224113464,1.0,1
11981,JS1017305,"""Jewish"" is not a religion. Jews are an ethnic group. The religion of the Jews is Judaism, of which there are a number of forms.",0.3012999892234802,0.0,0
12130,JS659954,Hysterical over-reaction EXACTLY describes the targeted Liberal Islamophobia motion rather than encompassing all religions....... this just after Imams in Canada were discovered targeting their hatred and calls to kill Jews.,0.9769999980926514,1.0,1
11896,JS561485,"Apologies, I was told about the hair shaving by a Jewish friend who erroneously said that it was mandatory.  I am sorry and stand corrected.",0.1709000021219253,0.0,0
12323,JS703132,No. Just anti-Russian. Not anti- Jews.,0.4817999899387359,0.0,1
12388,JS803130,"1. As I recall, the first world leader to congratulate pResident Trump on his election was Israel's terrorist-in-chief, Benny Netanyahu. The first Latin American leader to visit Trump was Peru's president Pedro Pablo Kuczynski, who's literally a ""Jewish banker."" He worked for the World Bank and International Monetary Fund, which are known for exploiting poor people around the world.
2. Regarding conspiracy theory, some people think many Neo-Nazis are in fact working for the Jews.
3. I'm not an anti-Semite; I have nothing against Arabs. I'm an anti-Jewarchist.",0.597599983215332,0.0,1
11787,JS999887,"This is not about being entitled to someone else's time or labor, this is about how we allocate that time and labor to the benefit of all. A doctor doesn't care who is paying his bill, he just wants it paid so he can enjoy his life and career. Taking out the middleman in medicine is probably going to be the biggest contribution to getting universal health care for Americans. ALL of the other first world countries enjoy these basics. Please don't confuse Constitutional rights with our modern issue of the stranglehold corporations have over us. We don't profit from misery, or at least that was the case 50 years ago. Now the New York Capitalists are finding new schemes to line their already fat pockets. As for the 'Judeo-Christian paradigm', I don't think Jesus would be very happy with the Capitalists, war-profiteers, and GOP in general. Personally I wish someone would storm into the NYSE and start whipping these people and deservedly shaming them.",0.5062000155448914,0.0,0
12047,JS305972,"Christ doesn't meet the expert criteria as Messiah, Judaism. Nope, he isn't it. The Christian version is imposed after his death. His role as Messiah is a revisionist opinion, a mind event. My evaluation has no effect on its reality function. You claim to know the ""workings of the almighty?"" So do others (not me), most of whom are different than yours. What gives?

Jesus prophesied, falsely albeit: ""Truly I say to you, there are some of those who are standing here who will not taste death until they see the Son of Man coming in His kingdom.“ (Matthew 16: 27, 28) There is also an implication they would see death after Messiah arrived! What, no eternal life?

The context is clear, he believed the Jewish version of the end of the age (prophesied for hundreds of previous years) with the glorious event of the return of David or Elijah, not himself. In the Jewish mind he was eliminated as a possible candidate when he died as a common criminal.

Sorry, no Deliverer! Live a full life!",0.4126999974250793,0.0,0
11763,JS520894,"Jerusalem being the undivided capital of Israel doesn't mean the palestinians can't have a state in the west bank.  They'll just have to make due with Ramallah or (if they're smart, which they're not) Hebron. 

The large majority of the population of west bank Israeli towns and cities are within the security barrier, which was (in some reports) planned by Arik Sharon to be the new eastern border.  The Jewish inhabitants beyond can be evacuated as they were in Gaza and Sinai.

 In 2000, many Israelis would have divided Jerusalem.  However, Arafat's rejection of the peace deal offered (Bill Clinton blamed Arafat for the peace talks' failure) the palestinians subsequent behavior, and subsequent rejection of a peace deal in 2008, has closed that door).

Given the palestinians notable aversion to any and every two state solution  - its ridiculous to keep Jerusalem open to re-division as an enticement to peace.",0.2822000086307525,0.0,0
12327,JS703132,No. Just anti-Russian. Not anti- Jews.,0.4817999899387359,0.0,1
11779,JS792386,"Disraeli became Anglican as a child, when his father left the Jewish faith converted.",0.0702999979257583,0.0,0
12368,JS1182266,"Well, Rivers, let's take a looks at the connections here.

The horrors of Auschwitz were perpetrated by a powerful nation (Germany) against a minority people (Jews). The proper echo of that basic pattern (tyranny of the majority against a minority) in modern US politics is the Trump administration determination to remove/prevent entrance to specified ethnic/religious minorities. 

But this moron appears to want to associate his group (white America?) with the persecuted minority, implying that the powerful nations perpetrating the atrocity is Islam? Mexico? 

It's not just offensive to use images of sacred memories for political purposes, the message itself if inverted, perverted, profoundly anti-intellectual. 

How do men like this get elected to the US congress...should the world tremble?",0.7549999952316284,1.0,1
11898,JS565344,"What statements do you disagree with, Edward?

Here's Jones on how those who seek to dominate other nations do so by first undermining their sexual mores --  https://www.youtube.com/watch?v=Ojx8-oNGnMU

As for the other three statements, they are facts, plain but not simple.

Most of us, esp. Catholics, are very uncomfortable criticizing anything ""Jewish"" or ""Israeli"" or zionist:  we've been trained to be PC at all times-- lest we be called Nazis --even as we watch our faith & values being undermined. I try to develop a response that reflects & defends Catholic values without vilifying others.  Telling the truth is not vilification, however unsettling.
Gaining as much knowledge as possible, even, or especially, info that challenges comfort zone, is one way to confront PC. 

For info on Iran, I read Flynt & Hillary Leverett. He directs international studies at Penn State, she negotiated w/ Iran at UN, they wrote ""Going to Tehran. ""  
I've been to Iran and urge all to see for themselves.",,,0
12108,JS1441396,"They become outliers, like people of the Jewish religion.  Does it make them worse than Jews -- are Christians more tolerable, since Jesus was against political depravity but still believed in *good* governance?",0.9539999961853028,1.0,1
11948,JS709942,"This letter shows the danger of speculation in the absence of facts. There is no evidence whatsoever to indicate that these acts were carried out by Jews, ""libruls"", Trump opponents or anyone except who they appear to have been done by: American Neo-Nazis. Yet the author starts with this screwball assumption, references the demented musings of our wannabe dictator, and then concludes that the victim is the perpetrator. 

It is not impossible that the unlikely scenario that Stahl postulates is true. It has happened before. However, most prudent people would wait for at least a shred of supporting evidence to emerge before making such an outrageous claim.",0.4620999991893768,0.0,0
11764,JS1068232,"Poor_Seth_Rich writes:

""Lugenpresse""

--

The word ""Lugenpresse"" was popularized as a pejorative term by the Nazis in Germany in the 1930s, used  against any newspapers, particularly Jewish media, that spoke out against the Nazi Party's nefarious activities.

You can draw whatever conclusions you like about Poor_Seth_Rich from his  use of the phrase.",0.135900005698204,0.0,0
12405,JS694325,"I don't recall from history classes -- how many good Germans/Aryans spoke up in the early stages of Hitler's plan to oppress, remove, eliminate and exterminate the Jews?",0.6552000045776367,1.0,1
12100,JS448672,"Radicalization is learned at home from loving parents, and  not simply from online video clips as you would have us think.  Radicalization is taught around the dinner table, eating mom's  home cooking,  as the adults  discuss  the destruction of Israel and evil Jews.   It is instilled into young minds with every nod of father's head at the mosque,  listening to fire-brand Imams preaching hell fire damnation of America  and the glory of martyrdom.   Radicalization is justified by how proud mom and dad are of  their son the martyr.",0.356900006532669,0.0,1
11743,JS742745,"Before and during the early years of World War II, the German government sold a special kind of Reichsmark, known as Rückwanderer Marks, to American citizens of German descent.  

Through Chase, this allowed Nazi sympathizers to purchase Marks with dollars at a discounted rate. 


Specifically, ""The financial houses understood that the German government paid the commissions (to its agents, including Chase) through the sale of discounted, blocked Marks that came mainly from Jews who had fled Germany."" 

In other words, Nazi Germany was able to offer these Marks below face-value because they had been stolen from emigrés fleeing the Nazi regime.",0.1178999990224838,0.0,0
11820,JS713248,"When I was young, my father taught new Canadians who had come here from European refugee camps after the war. Most Sunday afternoons for many years we had visitors to our home who had been my father's students. Among them were several men and women who had been imprisoned in Nazi concentration camps. Some were Jews and several that I remember were 'gypsies'. Needless to say, they were all quite happy and grateful that they were now Canadians.

After a time, they all found jobs and many started their own businesses. The visits became less frequent and eventually stopped as they settled into Canadian life. 

Canada was at one time deserving of its reputation as a haven for refugees. Is there any reason that our country of 35 million people, one of the wealthiest countries in the world, can no longer accommodate such as small number of immigrants and refugees? Have we become that fearful and selfish?",0.2757000029087066,0.0,0
11990,JS316972,"Emmanuel  Goldstein, and he got not a single Jewish vote?",0.353300005197525,0.0,0
12011,JS224969,"A few things: I never indicated Jesus was merely human.  He was not.  He was/is both God and man.  Next, God never ""used"" the Jews or any of His children.  Good fathers do not use their children.  When Jesus became Incarnate it was necessary for Him to be embodied in a gender (male) and an ethnic group (Palestinian Jew).  Being human requires gender and ethnicity.
I too would like to see another (perhaps better) defense of the difference between the institutional church and the Church, the People of God.  Care to give it a shot?",0.2080000042915344,0.0,0
12040,JS397549,"The apostles were ""those who are sent"".  That includes all of them and all of us.  The Twelve were chosen to (eventually) judge the Twelve Tribes of Israel.  They were not ordained as priests.  The Jewish priesthood was quite active during Jesus' time and His words directed to them were not flattering.  Jesus Himself was a layman Who chose only laypeople as His first followers.  The hierarchical, doctrine-spouting institutional church doesn't look much like the earliest Christian communities.  Unfortunately.",0.1405999958515167,0.0,0
12178,JS156947,Entirely different subjects. You might as well blame Jews for Hiroshima because of Einstein.,0.4817999899387359,0.0,1
11965,JS945027,"Jesus recruited disciples to follow the Way. The priests rejected him.
Jesus became the Temple at his Resurrection and at Pentecost his disciples and all others (Gentiles and Jews) had God's flame over their heads indicating that we are now the Temple and as Paul says ""We live in Christ and Christ lives in us"". Just to make sure we get it, he repeats it 164 times in his letters.",0.0799999982118606,0.0,0
11868,JS442920,"Finally someone willing to speak truth to power on Israel. Our good ally and great friend regularly sells our advanced weapons systems, our drone technology and our nuclear secrets to our enemies ...this isn't based upon speculation, we have caught them doing it red handed many times. Most importantly Israel did 911 ...they did it and everyone knows it yet our elected leaders and zionist owned MSM continue to pretend otherwise. Israel has too much control of our government, there isn't a congressman who dares to not support their agenda because he knows he will lose power and no be reelected. Obama's first cabinet contained approx 30 unelected unvetted czars that happened to be 100% jewish, dual citizenship Israeli's or zionists ...this is the shadow government who has steered this country and its foreign policy off tack and made us as hated as Israel. These are not the seed of Abraham or God's chosen people of the bible they are quite the opposite",0.4047999978065491,0.0,0
11986,JS1219166,It's mostly Jewish people behind destroying America like Berstein. From the top of many news operations to the bottom. They are the enemy from within.,0.984000027179718,1.0,0
11744,JS755570,"Jewish Israeli-US teen arrested for phoning in JCC bomb threats

""After months-long undercover investigation, police and FBI say suspect, who lives in Ashkelon, used voice-altering technology to make threatening calls""

""Police spokesman Micky Rosenfeld said the suspect allegedly placed dozens of threatening phone calls to public venues, synagogues and community buildings in the US, New Zealand and Australia. He also placed a threat to Delta Airlines, causing a flight in February 2015 to make an emergency landing.""

http://www.timesofisrael.com/jewish-israeli-teen-19-arrested-over-jcc-bomb-threats/",0.2040999978780746,0.0,0
12444,JS722550,"This is an example of the arrogance and ignorance that exemplifies Anchorage and is the same as a bunch of ugly racist and bigoted White Nationalist Americans moving to Israel and then have the gall to tell Israelis, ""Jews, you're lucky we let you stay here.""",0.9490000009536744,1.0,1
12191,JS1426086,"Isn't racism foundational to these groups:  KKK, Nazis, white supremacy?  What  ""values"" do they espouse other than racism?  The KKK has been terrorizing and killing blacks for 150+ years.  Nazis in Europe exterminated millions of Jews and other marginalized groups in the 1930-40's.  ""White"" supremacy indicates racism in its very name.  

What spin are you offering instead of these FACTS, ""Buster?""",0.9419999718666076,1.0,1
12050,JS1793579,"There is an old Jewish axiom which says, ""From your mouth to God's ear.""  May it be so.",0.1237000003457069,0.0,0
12292,JS417267,"There is a video, still available online, where a Palestinian is lying on the ground, seriously wounded and obviously no threat to anybody. An Israeli soldier casually walks up to this guy and puts a bullet in his head. If this is the kind of 'training' they get, and the army does nothing about it, then in my opinion they are just as bad, if not worse, than the terrorists. I am tired of living in a world that has been turned upside down to protect a few hundred thousand Jews who apparently can't even control their own government.",0.9679999947547911,1.0,1
12058,JS857045,"Funny how the author uses Jews in this column, but he is rabidly anti-Israel and pro-flooding of Europe with Middle East migrants.  This is so transparent. His fake sympathy to Jews is sickening.",0.930999994277954,1.0,0
12377,JS1029431,So three people are ignorant and your not.  In this g=case i go with the majority.  Why the problem with the Japans and the Jews?  Jealous of their success?,0.9010000228881836,1.0,1
12172,JS1394500,"I was pretty clear about this, MC:  I pity the Nazis. They need psychological help. Most extremists do.  I avoided nothing. Only simple people think there are simple answers to social questions. In fact, assuming that such answers exist is typically a component of white privilege. 

But white supremos also need a firm hand, since they are heavily armed, glorify war, and espouse violence, and worse, against Jews and people of color, which is illegal and dangerous.  This is why the AntiFa should cease trying to kick their butts and instead shame them through outing on FB, Instagram and in the press and such. Hold them up for the losers they are and they'll vanish.

You're not asking not a simple question. Both groups--the destitute and the white nationalists--need justice to be done. Own it: you despise the poor, favor the white supremos over civil rights and equality, and you associate being on the right side of history with the supposed moral quibbling of ""political correctness"".",0.9390000104904176,1.0,1
12314,JS1261814,"Yes, rdp46, Luther thought that about the papacy, that it was the anti-Christ. He hated it almost as much as he hated Jews (as his book, ON JEWS AND THEIR LIES, attests). His followers thought they were God's chosen People, too. In his recent book, THE PROTESTANTS, Alec Ryrie notes that Luther's follower -- owing to their great love of God and Scripture -- embarked (years after Luther's death) upon bloody religious wars, burnings, martyrdom and regicide. And among competing Protestants, every opponent became a papal anti-Christ! lol.

Of course, the fiercest hatred today is silent; it is racial hatred. And that is everywhere. And Muslims -- in second place on the hatred chart -- are seen by many as mini-anti-Christ's for believing their faith is true when it is opposed to everyone's else's truth. Oh what are we to do with all this holiness and self-righteousness! 

Hatred like a falling axe never loses its weight even in the most innocent, holy hands.",0.7059000134468079,0.0,1
12246,JS653317,"And in other news, anti-Jewish bigotry and incitement to violence given a green light.

Now get out there and a punch a Jew! Oh sorry, punch a Zionist!!

Student politician who called for Zionists to be punched escapes sanction from his peers - NP

Those nutty liberals....one religion good, another religion bad.",0.9940000176429749,1.0,1
12187,JS418806,"We all will die.  That is guaranteed.  

The 'death we deserve'?  Opinion only, and  subject to your personal biases, beliefs and prejudices.

A three-year old infant does not ""deserve to die"" or ""die the death they deserve.""  Nonetheless, three-year old infants still die.   

Shamans try to 'explain' such things by inventing 'theology' and 'doctrine' and other cant.  

Christian shamans, New Age shamans, Buddhist shamans, Islamic shamans.  Jewish shamans.  

Just ignorant people trying to justify their ignorance by inventing something to placate those who pay their bills.",0.7458999752998352,1.0,1
12231,JS671109,"Now that is a load, it has been Obama and Kerry in full out attack on Israel,   Trump is Jewish you fool",0.977999985218048,1.0,1
12046,JS759107,"No president has shown such total support to Israel, yet Trump is ""unprecedentedly encouraging of and conducive to the various anti-Semitic elements, movements and individuals in American society.""
I see.

Oh wait, there's that Steve Bannon! Though he employs many Jewish people, Bannon's definitely an anti-Semite....because his ex-wife said so.....because of a remark he's supposed to have made about the tenor of some school kids.

And then, play the game of pitting one Jewish faction against another, with claims by one that the other isn't authentically Jewish. Oy vey!

Try try try NCR. Try try try......",0.4887999892234802,0.0,0
11851,JS1048042,Just like the leftist jew wrote lots of anti semetic remarks all over a synagogue before trying to burn it down... He was trying to incite violence against another group  But he wasn't charged with a hate crime even though to properly enforce due process of law he should have been.,0.9010000228881836,1.0,0
11993,JS183610,"Come on George, everyone knows what you can buy for real money. At the governor's palace early one morning. Pilate, the Roman governor, examines Jesus and decides he is innocent; the Jewish leaders and the crowd demand Jesus’ death; Pilate gives them the choice of saving Barabbas, a criminal, or saving Jesus. (see; Democracy definition) In response to the screaming mob Pilate sends Jesus out to be crucified. According to the Gospel of Matthew, Judas, the betrayer, is filled with remorse and tries to return the money he was paid for betraying Jesus. When the high priests say that that is his affair, Judas throws the 30 pieces of silver into the temple, goes off, and hangs himself.",0.2185000032186508,0.0,0
12376,JS760493,Why do you have to pray 3 times a day? It doesn't seem to help . Islam  still wants to exterminate Jews and infidels. It is very suspicious what you are praying for.,0.9869999885559082,1.0,1
11928,JS955382,"The simplest way to ensure peace among the Palestinians and Jews in that area is to form one state, consisting of Gaza, West Bank and Israel. Give all the inhabitants equal rights, including the right to choose their government. Make the state's laws based on a hybrid of Jewish and Islamic laws. Both Jewish and Islamic religious requirements have much in common as Islamic laws are based on Jewish ones. So, that create unanimity among zealous Jewish and Islamic men.",0.3088000118732452,0.0,0
11900,JS163624,"You are correct as to Stalin...But as you said he was raised with religion but became non religious. His actions speak to that fact. Hitler's mother was Jewish yet he chose not to follow the faith and persecuted them. 
Religion was not driving those fanatics but a lack of a religion.

The Declaration of Independence proceeded the Constitution and  it gives references to GOD.",0.2196999937295913,0.0,0
12091,JS1377445,Bannon has already returned to harassment of Jews.,0.8342000246047974,1.0,1
12025,JS662545,"The Alt-Right is a European-descended North American/Australian/European counterpart to what Zionism is for Jews.  Totally comparable.  If one is going to criticize the Alt-Right, or call it racist, then be prepared to use the same terms on Zionist Jews and Hispanic LaRaza activists, etc.   Be consistent and honest.",0.3774000108242035,0.0,0
12423,JS489887,"So says an evident anti-Semite, who wants all Jews out of Canada (according to his own post a few hours ago).

""and I say;

(and Paf !) “Israel urges Jews to leave...CANADA !”

(it’s about time ! Hourra !)""

Incidentally, as to your ""point"" about Israel encouraging Jewish immigration - it's always done that, being the rebuilt Jewish national home.",0.597599983215332,0.0,1
12101,JS535000,"really?  Should we kick out the Jews, the Irish, the Italians, the Sikhs, and anyone else you don't like?",0.9670000076293944,1.0,1
12278,JS620155,"Antisemitism suffers from the  same problem as this proposed law. Criticism of Israeli policies is not criticism of judaism. 
All jews are evil = anti-semitism
Israel,has engaged in illegal occupations = not anti-semitism",0.949999988079071,1.0,1
11974,JS1641376,"When dd a Jew ever acquire the ""right"" to insist a shop provide kosher products and to claim discrimination if they refused specifically on religious grounds? Or if they wanted a cake with the slogan: ""Christianity is Minuth."" A Jew would, in all probability, respect the religious views of the other in this respect and go elsewhere. Now, if a Jew were barred entry to the shop, simply because of his faith, irrespective of what he wanted to purchase, this would be discrimination.",0.3801000118255615,0.0,0
11879,JS1137281,"Read the 1st Amendment.  It restricts the government 1) from making laws to either establish a religion or prevent some other entity/person from establishing a religion; and 2) from restricting people from practicing their religion.

There is no restriction on the government to provide taxpayer funds to religious entities or to even do so unevenly, discriminating in favor of one over another.  It's good that the government finances, say, Jewish schools, over, say Satanic cults.  That is not an establishment of religion; it forces no one to become Jewish nor does it stop people from becoming Satanists or practicing Satanism.

People's perception of the Constitution has been tainted by liberals in the Court.  The Court has increased its power beyond what was ever intended.  That's why a conservative President with the power to change the make-up of the Court is going to be very important to returning the balance of powers between the 3 branches.",0.1504999995231628,0.0,0
11934,JS1425434,"Empty rhetoric.
When Palestine is liberated, obviously the Jewish settlers living there will have to have the choice of continuing to live there under the Palestinian government or leaving. It won't have anything to do with Yahu.",0.2694000005722046,0.0,0
12370,JS527053,"There is no moral equivalence. Arab states did not steal land from Jews, like the Jews stole Arab land.",0.7132999897003174,1.0,1
12415,JS53772,"I clicked on your link, Butrovan.  It advocates separation of the races.  It makes the racist claim that the Founding Fathers only meant for citizenship and the protections of the Constitution to apply to white people.  It states that claims that Jesus Christ was a Jew is blasphemy.   Tell me, did you post that link in error, or are you a white supremacist member of the KKK?",0.7549999952316284,1.0,1
11810,JS1377040,"This should have been one of the EASIEST things he's ever had to do. Condemning Nazis should be easy. 



He was totally teed up to do the easy thing, and either because he's deeply stubborn and/or racist, he managed to flub even this.



This so-called ""president"" is not just worthless, but dangerous. He's now thrown in with the KKK, neo-Confederates, Nazis and other racists. That's what it means when he is BothSidering this issue.



And as for these people that keep saying ""but Donnie was right! not everyone there to 'defend' these statues was a Nazi!"" Sorry, even if you show up at a Tupperware party, and you are surrounded by people shouting ""Jews will not replace us"" and ""Blood and soil"" and doing Heil Hitlers and throwing Nazis salutes....most normal people get the h--- out of there.",0.7208999991416931,1.0,0
12277,JS836683,"As you read the gripping reactions of the Jewish survivors of the Holocaust, it makes the idiotic and insensitive remarks made by Sean Spicer on Passover even more grotesque as he refers to the camps as Holocaust Centres. Like somewhere you would gather to for a spa day.",0.9359999895095824,1.0,1
12095,JS216614,"""It gives the message that the primary purpose of marriage is sexual satisfaction...""  Wrong.  Such a judgmental statement is in ignorance of how anyone and everyone chooses to marry: it is out of love, and one way that love is expressed is through the intimacy of sexual union.  Terms like ""Divine Will"" and ""attempts to overturn the long-held Judeo-Christian concepts of marriage..."" are smokescreens for the oppression of others.  The concept of marriage changes a number of times before Jesus was born, so which ""long held"" concepts are you referring to?  And is not the Church's traditional view of marriage as being for procreation?  That involves having sex, does it not?  So, once again, you reveal for us quite well the inconsistent, and discriminating position of the Church in its outmoded and self-serving approach to marriage, to partnership, and to love and union.  We've heard it all before, and it still makes little sense, just like celibacy and creeping infallibility.",0.3682000041007995,0.0,1
12109,JS906271,"Dead wrong, Mr Feinstein. Reclaim the City is a project of Ndifuna Ukwazi, run by individuals notorious for their anti­-Zionist and anti­-Semitic public statements like Dr Shuaib Manjra, the chairman of Ndifunda Uwkazi who said:""Jews from Europe are converts to Judaism"" and ""I think that ISIL are anachronistic and violent group and I think they derive their ideology not dissimilar to zionism. They both have millienialist [sic] tendencies, take a literal reading of scriptures, think they are chosen, are violent and god has given them their earth to inherit”, amongst many another appalling racist, bigoted and anti-Semitic remarks, directed at denying Jews their own homeland. Reclaim the City is a response to the Jewish School, and Manja allied it with the ANC and a clutch of useful, virtue-signalling fools. You may be a left wing, even non-practising Jew Mr Feinstein, but penning apologies for your enemies is not a virtue. Please find some other cause to pin your heart to.",0.6391000151634216,1.0,1
12248,JS298388,"Where? Did I miss it? Damn. Besides, are you aware that Jared Kushner, Trump's son-in-law, and one of the most important and effective people on his transition team is Jewish?",0.4794999957084656,1.0,1
11760,JS1721544,"Someday we will look back on these types of actions like we look at Japanese internment camps and German Jewish persecutions.  

There is right and wrong that comes before legalities. A sick frightened 10 year old with the mind of a 4 or 5 year old should not be treated like a criminal, regardless of nation of birth or race.

In an effort to escape the discomfort of thinking about that, some will place blame on parents or legalities. Stop and think for a moment, if that were your child. Would you cross a border to secure better treatment for your baby with cerebral palsy?  Some will say but but but.  You have to abandon your humanity to not see the disgrace in the treatment of this child.",0.1662999987602234,0.0,0
12247,JS1408122,"Come on! Jesus couldn't do it 2000+ years ago. Kushner not even considered near God-like.
He's giving it the good ole try, You'll never be able to say Trump never tried! hahahahaha
Your God Barry did squat for the ME but diss the Jews in Israel.
God Barry ran away from the hard problems in the World. How easy it's is to hand Godzillions of taxpayers dollars to Countries that Hate our Western values. Who'd not take FREE money? they are not so self righteous not to accept freebies but will just eat up what you give them. We were Fools and taken as Fools and treated like Fools as they still hate on the US.",0.785099983215332,1.0,1
12261,JS624828,I would be more impressed if Trudeau would speak out against the Montreal iman who preaches death to jews in his mosque.,0.9570000171661376,1.0,1
12237,JS1588008,If he had said he wanted to destroy Israel and kill Jews to create a Palestinian state he would still have a job.,0.9359999895095824,1.0,1
11885,JS1223500,"With the exception of King Henry VIII, virtually every disaster in the church has been caused by the ""ontologically different"" clergy with the laity as their victims. The present church model just isn't working. The hierarchy either doesn't care or is incompetent. Judaism and the Bahai Faith illustrate that an organized religion can function very well without a clergy. While it will not happen in our lifetimes, a future iteration of Catholic Christianity will be one without clergy.",0.58160001039505,0.0,0
12119,JS787202,"""Not forgetting its dreadful origin as a white man’s club that once forbid men of colour to participate""
.


No Canadian written article about baseball would be complete without an ode to American racism but had you mentioned the Christie Pits riot it would be a breath of fresh air. Inspired by Canadian ""Swastika Clubs"" and the Swastika Association of Canada, more than 10,000 citizens at a Canadian baseball game, excited by cries of ‘Heil Hitler’ became suddenly a disorderly mob and surged wildly about the park and surrounding streets chasing and beating Canadian Jews.",0.6607999801635742,0.0,1
12358,JS729469,"Silly DannoBoy.  Spakovsky and I both oppose Chin's work.  We both call Chin a hypocrite for claiming that Trump singles out one ethnic group for special treatment, even while Chin himself (and Danno) defends how his own State of Hawaii singles out one racial group for special rights and benefits others cannot have.

Perhaps Danno would agree with me and Spokovsky that refugees who are Christians, Buddhists, and Jews who live in Yemen, Sudan, Somalia et. al. should be vetted as carefully as Muslims, because we agree that those countries are so chaotic that their governments are unable to do proper vetting.  Yes, Danno, we must make sure that no Christian, Buddhist, or Jewish terrorists can come to America.",0.7746000289916992,1.0,1
12189,JS430447,Trump is a white supremacist and a neo-nazi sympathizer. Yet that hasn't stopped Netanyahu from getting into bed with him. Israel has come full circle. From its citizens trying to escape Nazi tyranny to finally Israelis embracing fascism. The six million jews murdered by the Nazis must be spinning in their graves right now. There is no more anti-semitism. There is only ant-fascism. Israelis are now fascist sympathizers.,0.9760000109672546,1.0,1
12283,JS620155,"Antisemitism suffers from the  same problem as this proposed law. Criticism of Israeli policies is not criticism of judaism. 
All jews are evil = anti-semitism
Israel,has engaged in illegal occupations = not anti-semitism",0.949999988079071,1.0,1
12229,JS1219138,"(((they))) are the problem, nothing changes.  Its tribal.  Open your eyes.  Its the jews, they are all jews",0.9700000286102296,1.0,1
12142,JS1692020,Get lost with your stupid slave stuff. The Jews were slaves and they seem to be doing OK.,0.9760000109672546,1.0,1
11838,JS167801,I see they have Jews doing damage control,0.9660000205039978,1.0,0
12204,JS1441346,"EXACTLY !!!!

Hate is learned. You can take any group of non-brainwashed kids and they'll find common ground.

The first thing that has to go is Palestinian schools teaching their toddlers how to stab jews, and madrasas teaching their kids infidels are less than humans.

Also teach muslim males that females are  no less human or have less rights than males. They can have and administer their own money, do not need to obey the male in charge at home and can dress however they want.

When you supporting those basic Canadian principles, Ms Khan, people will  start listening to what you have to say. If you don't, this article is just hypocrisy.",0.9570000171661376,1.0,1
12235,JS156184,There are no Palestinians.  There are only Jew hating Arabs that have no country because the other Arabs don't want them.  Supporting them in the west are addle minded  anti-semites like yourself.,0.9760000109672546,1.0,1
12211,JS648159,"hey, imam can call for death of Jews at this mosque (notice how they do not give you those details... all hush hush, right?) and NO POLICE INVESTIGATION and 12 people protest the mosque for it and POLICE INVESTIGATION>
Is Canada heading to European system where complaining in public about Islamic terrorists and Islamic hate gets you fined and/or jailed?
If so, the Islamists win. By the way, what about all the Jewish hate by the left at the universities in Canada... isn't that a hate crime... shouldn't they be hauled before the hate court?",0.9549999833106996,1.0,1
12215,JS1353454,"Your premise is truly stupid. No one was removing the statue at that time, and the march of the NAZIs and KKK was through the racially integrated University of Virginia. The chants were ""You won't replace us"" and ""Jews won't replace us."" It was a white supremacy march against an America where black and brown people have equal rights. It wan't about some cheesy statue of a general who became a traitor to the nation of his birth, the United States of America.",0.968999981880188,1.0,1
12304,JS1580038,"Yeah, and Breitbart is pro-Israel and run mostly by Jews.

Come on dude, spend more than 2 minutes at a site before you make an idiot of yourself.",0.9950000047683716,1.0,1
12049,JS1444693,"Ascalepius writes: ""antisemitism has, however, in recent years...""

Sure, if by ""recent"" you mean over 130 years, the length of time the OED says it has been used to mean ""Hostility and prejudice directed against Jewish people.""

You call it ""murdering of the English language""; the rest of us call it the way the language has evolved - the same as your other point.",0.1458999961614608,0.0,0
12067,JS562680,"If you weren't speaking of ""illega;l immigration,"" what were you speaking of?

BTW:  It's God the Father who speaks of immigration in the Old Testament.  I seriously doubt he intended that the Israelites take in so many non-Israelites at once that it would endanger the identity of the Jewish nation and culture.  Nor did Jesus ever say anything to imply that a nation must take in all the world's poor, to that nation's detriment.  The Father understood borders, and the Son was not insane.

If you were talking about refugees as opposed to illegal immigrants, I agree with you in large part.   True refugees present a genuine case of necessity.  Our laws on that are merciful, which is good.  

Still, whether we have the mechanisms to distinguishing true refugees from terrorists is the issue.  I doubt that we have that mechanism.  It only takes a few to kill a lot of us.  Why should we greatly risk American blood, bone, and flesh by letting in all comers?",0.3330000042915344,0.0,0
12226,JS416977,It's also about time that you and your parents and relatives who have settled on lands belonging to the native peoples begin to evacuate and leave just as the UN resolution demands of Jews living in the West Bank. Get moving hypocrite!,0.9789999723434448,1.0,1
12287,JS863522,"The holohoax (sic) didn't happen, but the holocaust, in which the NAZI's gassed, starved and shot 6 million Jews did indeed happen. You can admit this irrefutable truth and still be proud of your German heritage, Mr. Groth.",0.2633000016212463,0.0,1
11930,JS739695,"Craig Stevaux - You've got it all wrong like the rest of your sad ilk.  Even Christians, Jews and atheists from those countries would be temporarily banned just like the Muslims.  Try reading the regulation and quite promoting a lie.  Typical!",0.7208999991416931,1.0,0
11998,JS1771336,"That prince Alwaleed bin Talal the high living, Jew hating nephew of the late king Fahd owns 19% of the fox channel, why did they not mention that of things he owns part of, he is probably one of those Saudi's who helps fund Jihadist against the west and suicide bombers against Israel, don't trust that guy.",0.7645000219345093,1.0,0
11777,JS461241,Ultra-Orthodox Jews do not kill other Jews or Arabs and are not dangerous to anyone.,0.5403000116348267,0.0,0
11907,JS926808,"Don't forget that Ford was awarded the highest award available to a civilian in Nazi Germany. Ford thought the extermination of the Jews was a good idea. Hitler agreed with him. BTW, Ford taught Albert Spear  how to use slave labor in a modern assembly line. I guess that did keep some Jews alive for a while.",0.3521000146865845,0.0,0
12006,JS1219153,I really believe that Jews are sucking up way too much oxygen of public debate. Not one day goes by we don't hear about some grievance ..or need for special treatment.  All this clamouring for attention 24/7 leads to resentment.,0.5598999857902527,0.0,0
11891,JS682520,"This is where Doug and I differ. There is nothing ""boring"", ""conventional"" or ""prosaic"" about unemployment insurance, pensions, health care and housing.

Once Doug reaches this level of cognition, he will be better positioned to understand much of what is going on in many developed countries. That not every ""populist"" is harbouring racist thoughts and dreams of Jewish conspiracy. That decency and fairness is not well accommodated within the market fundamentalist parameters of neo-liberalism.",0.2418999969959259,0.0,0
11888,JS960358,"This article made of Azeri false information and empty propaganda. Azerbaijan itself is safe haven of isis terrorists. Hundreds isis terrorists from Azerbaijan fought in Syria and Iraq. 99 years old Azerbaijan state is big duffer of history, stealing cultural heritage from neighboring countries of Iran, Armenia, Georgia. ""1400 years Jews live in Azerbaijan...?"", this fact Azerbaijani ambassador have stolen from Iran's history. It has has nothing to do with less than 100 years old Azerbaijan.",0.2529999911785126,0.0,0
12264,JS961340,"So, it's the poor Jews who are responsible? Not the Islamic murderers?",0.9929999709129332,1.0,1
11862,JS648685,"SUB-HUMANS are so much easier to deal with. Don't ever have a conversation with one or it might break the 'mold'. Not one of them is worth your time. If it hadn't been for the Negroes and German Jews we might have lost our touch. So how much would you pay to sponsor the disappearance of one you see all the time? Out of sight, out of mind. I'm sure there are a few 'patrons' who think the homeless would make good compost. The 'street herd' word spreads and the panic sets in. Perfect. These statements are of course to shame. Virtually all your information didn't come from your own experiences. ""OH but I had one!"" You had one. I'd say, read a book on outdoor survival and head up in the forest. Nature would like to introduce how it 'feels' about you. You live in a 'dream world' but it's just not good enough. Good Luck!",0.8080999851226807,1.0,0
12004,JS785994,"Had the UN in 1947 forcefully partitioned Canada to create an Arab state, who do you think would have objected? The Jews? 
Jews did what any other people on earth would have. Declared an independent state.",0.2214999943971634,0.0,0
12310,JS1394500,"I was pretty clear about this, MC:  I pity the Nazis. They need psychological help. Most extremists do.  I avoided nothing. Only simple people think there are simple answers to social questions. In fact, assuming that such answers exist is typically a component of white privilege. 

But white supremos also need a firm hand, since they are heavily armed, glorify war, and espouse violence, and worse, against Jews and people of color, which is illegal and dangerous.  This is why the AntiFa should cease trying to kick their butts and instead shame them through outing on FB, Instagram and in the press and such. Hold them up for the losers they are and they'll vanish.

You're not asking not a simple question. Both groups--the destitute and the white nationalists--need justice to be done. Own it: you despise the poor, favor the white supremos over civil rights and equality, and you associate being on the right side of history with the supposed moral quibbling of ""political correctness"".",0.9390000104904176,1.0,1
12213,JS52080,real amercins are pro immagrioshen.....jews what to move to usa ....death to trump.....death to greeddy capitlist.....,0.8813999891281128,1.0,1
12359,JS417267,"There is a video, still available online, where a Palestinian is lying on the ground, seriously wounded and obviously no threat to anybody. An Israeli soldier casually walks up to this guy and puts a bullet in his head. If this is the kind of 'training' they get, and the army does nothing about it, then in my opinion they are just as bad, if not worse, than the terrorists. I am tired of living in a world that has been turned upside down to protect a few hundred thousand Jews who apparently can't even control their own government.",0.9679999947547911,1.0,1
11817,JS1654669,"Saw your reply to my other post giving the same link.  Again, the Nazis did disarm the Jews, who they wanted to reduce their ability to defend themselves.

Popguns against the government and police?  Again, incidents in Iraq shows the effectiveness of armed populace (even if you don't agree with who is armed) against a heavily armed government and its police.  Second, nothing guarantees that all of the police and military will side with the government.  Historical incidents exist where the military sided with the citizens instead.

But, none of it applies to me.  I'm in the process of leaving here and moving to Taiwan, where their citizens actually respect each other, unlike here.  You can keep this mess, and I don't care what you and your government does with its guns.  I'm going to gladly leave mine behind, as I'll have zero use for them since their culture actually has morals, unlike this selfish culture.

I'm just posting to facts, which you seem confused about.",0.248099997639656,0.0,0
11735,JS293710,"Frank, you seem like a nice guy who's fallen for some crazy bs.  Here are some facts about Trump's anti-semetism:  When addressing the Republican (yes, Republican) Jewish coalition last December Trump said “You’re not going to support me, because I don’t want your money,” he said. “You want to control your own politician.” Then, this past July Trump tweeted the well-know meme featuring Hillary superimposed on a pile of $ and the words ""most corrupt candidate ever"" in a Star-of-David shaped caption bubble which was originally found on this thread: http://archive.is/E0Dto the thread also features such sentiments as: ""Death to all non-whites Hail Victory"" and ""Jews are two-faced backstabbers who aren't to be trusted"" and refers to Hitler as ""Uncle Adolf"". He also retweeted a tweet from ""WhiteGenocideTM"": https://mobile.twitter.com/realDonaldTrump/status/690562515500032000?ref_src=twsrc%5Etfw
who had a whole bunch of Pepe themed gems to share before his account was suspended.",0.6291000247001648,1.0,0
12427,JS898273,"Comparing the treatment of pigs to the treatment of Jews?

You might want to rethink your unhinged comment",0.7059000134468079,1.0,1
12234,JS338012,Since the Right Honourable Stephen Harper is now gone and you have that idiot Trudeau I think the Jews should be worried here too.,0.9649999737739564,1.0,1
12313,JS961340,"So, it's the poor Jews who are responsible? Not the Islamic murderers?",0.9929999709129332,1.0,1
11807,JS259050,"Now please don't make the assumption here that the important issue lies in the use of the correct names, as the Sacred Name movement holds.  It is rather in understanding the correct relationships between Father, Son, and Spirit.  The Father, Yah Yahweh, is supreme, yet grants all power and all authority over all which is created, to the Son.  The Son, Yashua Yahweh, the creator of the heavens (the universe) and the earth, is equal to the Father, yet obedient to Him, sub-servant.  Spirit is their essence, what they are.  Spirit is unapproachable light, different from matter and energy; greater.
HPWells:  I suggest that you have the right to follow your chosen religion, but please stay out of ours.  Us ""pagen Christians"" have enough variance within our own belief structure, and don't need outsiders meddling, adding fuel to the fire.  And you have the written Torah?  We have Torah written in our hearts.  Even better!  We do by instinct, what you have to be forced to do by Jewish law.",0.1092000007629394,0.0,0
11812,JS796708,".
Jack, I'm not singling out the US on golf course membership(s), which of course you are correct, the situation was exactly the same in Canada for many decades. The Royal Montreal did not allow Jews to join for the longest time, the Beaver Club (a social/business group in Montreal) would not take in Jews, French Canadians, anyone that was not a wasp for the good part of hundred some years.

I'm talking about the general racism and vote suppression that happens in most of the southern States within the US today, and has been prevalent for well over 200 years.
.",0.1860000044107437,0.0,0
12068,JS1791259,"Stef, a recent cartoon on FB:Einstein, "" And so Ben-Gurion's, why did you call it "" ISRAEL""? I thought it to be "" The Jewish State"" or "" Zion"".  Ben- Gurion's; "" Because dear Einstein, only by labeling it "" ISRAEL"" would the DUMB-ASS AMERICAN churches petition their government , giving us a fortune and making their sons fight our wars.""IfAmericansKnew.org, Jewishvoiceforpeace.org provides a lot of info. Look it up.",0.7132999897003174,1.0,0
12382,JS1383935,"Jews won't replace them. Instead, these losers will be ignored, cast aside, forgotten. They're whining because whites have 70% of the power, instead of 90%.",0.9559999704360962,1.0,1
12026,JS587795,"There's only one problem with your analogy Mr. Oshiro - the Jews never committed acts of Terror. And I would liken the imprisoned German citizenry to people fighting against tyranny within their own borders.  If this is Nazi guilt on behalf of Merkel, it is definitely misplaced. There are marches on the streets with throngs of Muslims advocating for Sharia law in Germany. Muslims interviewed in Germany haughtily state that they will out populate the Europeans and dominate the land.  German citizens are beaten in the streets, German women are raped.  And our American Press speak nothing of it. This is what is propagandistic- deliberately depriving American citizens of knowing the whole of the truth that is going on in Europe presently and I find it shameful. I abhor power politics and violence in all forms regardless of where it comes from. And, unfortunately, it is coming from Arab states. Muslims themselves need to fight against this hatred and violence.",0.7746000289916992,0.0,0
12077,JS1451682,"The biblical view in the Torah, especially Leviticus, was designed for a nation set apart, differentiated from the Persian and Babylonian cultures that held the Jews in capitvity. Moral separatism is neither divine will or natrual law. Unless you are infavor of stoning adulterers and people who eat scalops wrapped in bacon (which should be standard fare at any gay wedding), forget the archaic scriptures, especially if you cherry pick them. Logic does not seem to work. Ridicule is therefore appropriate.
https://www.youtube.com/watch?v=DSXJzybEeJM",0.6104000210762024,0.0,0
12392,JS340421,"For goodness sake. 
Nobody seriously thinks globalists are a  group of rouge jews. 
This is so silly it is outright laughable. 99 time out of 100 if someone says globalist....that is what they mean. Stop the lies because you know this but just lie and lie and lie. 
You seem to want to destroy yourself further.
I come to the Globe for a laugh now.
The Microbe & Fail. 
You are a disgrace now.",0.9559999704360962,1.0,1
12174,JS1346818,"Yes...the Democrats made the neo-Nazis rally....
Just like the Jews made Hitler invade Poland.....it wasn't racial hatred...really...
The Democrats made that boy run over those people and kill that girl....
The Democrats made Mr. Trump condone the behavior....
Darn Democrats...",0.968999981880188,1.0,1
11979,JS1642551,"You know who else was obsessed with perfect genes, right? 

Hitler, who had Josef Mengele at his side experimenting on humans to find the perfect one, while killing millions of Jews. 

The obsession with genes on the part of this president and his administration is really disgusting.",0.6852999925613403,1.0,0
12348,JS667675,"On Saturday we saw a car driving on 36th that had been spray painted with a huge Jewish star on the side of it.  Jew's definitely need to stop stealing Palestinian land, but that crap has no place here.  The very idea of the United States of America is one devoid of Nazi's an Terrorist's. ......  Run and die Terrorist and Nazi scum !!!!!!!!!",0.9980000257492064,1.0,1
11966,JS1609773,"I'm not sure what you're getting at. That thing on Good Friday about ""the perfidious Jews""? If so, that's a rather separate issue.",0.8208000063896179,1.0,0
11768,JS906091,"Thanks for an excellent article, Andrew. I have to say, I'm still as confused on the merits of the issue as I was before, because I can see there are probably good arguments on both sides of it. No, what really impressed me was your, if you like, 'anti-anti-Semitism' approach. Too often recently, even from the Jewish Board of Deputies, I've noticed a knee jerk reaction against any perceived slight against Jews in general but particularly any against Israel, to the extent that many of us gentiles are getting a bit hacked off with these gross attempts at manipulating public opinion. It's got so bad that you're almost waiting for some reference or other to the holocaust. The 'Zionist' lobby is by far and away the worst in the latter. Well done Andrew in (sort of) giving those people a reminder not to politicise such an awful event, because they're certainly losing a lot of sympathy by trying to link the two.",0.2985999882221222,0.0,0
11903,JS1642551,"You know who else was obsessed with perfect genes, right? 

Hitler, who had Josef Mengele at his side experimenting on humans to find the perfect one, while killing millions of Jews. 

The obsession with genes on the part of this president and his administration is really disgusting.",0.6852999925613403,1.0,0
11847,JS1716139,"Scholarships and bursaries for poor and disadvantaged groups is fine by me.

However, this idea smacks of promoting quotas for different ethnic groups.  And a minimum quota for one particular ethnic group means a maximum quota on another (i.e. white males need not apply).

How bizarre that promoting diversity in post-secondary education has come to this!  

Just the other day, when Monty Hall passed away, the paper mentioned how he was likely kept out of medical school by secret quotas placed on the number of Jewish students.  

To avoid overrepresentation versus the Jewish percentage of population, I'm sure they might have claimed at the time.",0.3474999964237213,0.0,0
11894,JS415206,"Israel: democracy for Jewish Israelis, discrimination ad second-class citizenship for Israeli Palestinians, and apartheid for Palestinians in the West Bank and Gaza. That is what is supporters defend.",0.3928000032901764,0.0,0
11875,JS641131,"There is more than one minority religion that requires support and protection.

Jews are attacked in hate crimes twice as much as are muslims.

Isn't the Liberal government all about evidence?",0.7289000153541565,0.0,0
12089,JS543513,So headlines that include 'dangerous faggots' 'renegade jews' or 'muslin rape culture' aren't racist???,0.9660000205039978,1.0,1
11944,JS1431074,"Are you saying only Nazis are anti-Semites?

""They do not threaten me, and I am happy to let them live""
""If somebody is swinging a knife in your direction - you're not just FEELING under threat, you ARE under threat""
Surely you must concede the word 'threaten' can be used in a context which does not imply physical violence. I was, quite rightly I feel, confused by your statement which said nothing about a knife.

But that then raises the question of how the Nazi (your term) physically threatened you by shouting, ""Jews will not replace us!"". Remember you are prepared to kill this person without there being any physical threat to you or anyone else. He is shouting - not swinging a knife.

The laws of self-defence are complex if that is what you are going to rely on for going about shooting people. As a self-defense teacher I have the obligation to warn you, you will need a good lawyer for a knife/gun case.

You keep raising more and more questions. What is an 'ethnic group'?",0.6442999839782715,0.0,0
12404,JS1478963,"Now! Now!  

Just because he has a couple of songs whose lyrics kind of mention the Jews as the killers of Christ a few times doesn't mean he was an anti-Semite!

And just because the Nazi's adored ""St John Passion"", doesn't mean anything.

And Martin Luther (Founder of Bach's Church) said: 

""Be on your guard against the Jews, knowing that wherever they have their synagogues, nothing is found but a den of devils… [T]hey are nothing but thieves and robbers… one should toss out these lazy rogues by the seat of their pants… eject them forever from this country.""",0.9879999756813048,1.0,1
12322,JS1358439,"Oh, come on, Thatcher - you didn't even mention the current Jones/Infowars conspiracy theory that Jewish actors were impersonating the white supremacists, KKK and Nazis to discredit them. You're slipping.",0.7208999991416931,0.0,1
11962,JS792725,"Just part of the grand schemes of the Republican Terrorist Party to impose absolute dictatorship over all under the guise of ""protecting"" them.  The same vocabularies and propaganda used in 1930s Germany and Italy to convince the christians they were protecting them against the jews.  First, identify an enemy; next villify every aspect of the enemy; Militarize all policing functions;  Eliminate any individual civil rights replaced by government rights; Invade through search and seizure;  Kill a few to generate maximum fear in all;  Hijack all government functions.  Welcome to the world of the new Fuehrer, Trump with his band of horrors.",0.5598999857902527,1.0,0
12166,JS1447128,"Good people don't march with Nazis chanting ""Jews will not replace us."" They were all chanting that. Zero good people. It's mind numbing that trump supporters are letting him get away with his putrid response to that night. Absolutely mind numbing. 

Zero good people approve of people who march with Nazis. Trump is not a good person. Are you?",0.7746000289916992,1.0,1
11854,JS545145,"Maybe he's a closet Jew - doesn't wear a yarmulke, Star of David, or other religious symbol.",0.4961000084877014,0.0,0
11956,JS550803,"Isn't it cute the way that the post writer carefully chose his start date (2003) in order to avoid the three thousand people who were slaughtered in the events of 9/11 about a year earlier?

That is a bit like talking about the murder of Jews worldwide in history and conveniently omitting Germany from 1935 to 1945...",0.147599995136261,0.0,0
12013,JS335236,"Weak-kneed political impotence has paralyzed western Europe for long enough and it's clear the public is growing tired of the suffocating political correctness of pretending there are no such things as no-go zones. Austria, Germany, France will all move right and it is a natural reaction to the willful negligence of soft leadership that was afraid to tackle integration issues and political Islamism. When Jews start leaving, it's a sign of cultural regression - especially when Islamists take their place. Sharia Law is not a function of cultural relativism, it represents a regressive misogyny where gender equality and freedom of expression are considered foreign concepts. Don't be surprised when Merkel loses.",0.3643999993801117,0.0,0
12202,JS418536,"Self-hating Jews subscribe to the Forward. Jews in name only. Artificial Jews. Other than being born to a Jewish mother, you wouldn't know they were Jewish.",0.8999999761581421,1.0,1
12015,JS362939,"> THEY did not think of themselves as being anything but Jews. YOU forget that Jesus was born, raised and lived his life as a Jew also.

You are assuming too much both in what the apostles and I think. You have no evidence of either. You are trying to discern a state of mind by economic observation in the first case, and wishful thinking in the second.

> On the Cross, ""Father, forgive them for they know not what they do.""

How can one be an unrepentant sinner when they don't think what they are doing is a sin?

> Secondly, who is disregarding the Commandments?

Those who are entering a second marriage when they know they are not free to do so. Those who continue to commit adultery or when they are told their marriage is not valid.

> And who are you to assume...

Why would God give us the commandments if we were not allowed to evaluate our actions by them?

> Your message is not life-giving.

Allowing people to compound grave sin with more grave sin is what is not life-giving.",,,0
12019,JS420317,"Yes it does. It tells you that the discrimination against Jewish interests and institutions runs deep in the international community, just as the infamous Zionism is Racism resolution in 1975 did and as the continued and ongoing manifestation of international anti-Semitism, past and present, demonstrates and confirms.",0.2617999911308288,0.0,0
12182,JS1588008,If he had said he wanted to destroy Israel and kill Jews to create a Palestinian state he would still have a job.,0.9359999895095824,1.0,1
11883,JS446464,"""Gone are the days of an innocent Jewish population exterminated by Nazis.""  Absolutely true!

Beating back the attacks by Egypt, Syria, Jordan, Lebanon, and those in Gaza since 1947 (69 years) tends to remove 'innocence' from the equation.  

Being armed with nuclear weapons on submarines off the coast tends to keep Iran and others at bay, as well.

Mutual Assured Destruction (MAD) is what kept the USSR and the US from going all out.  Hard to 'exterminate' someone if you know that you and all your people will be exterminated 32 minutes later.",0.5403000116348267,0.0,0
11741,JS557359,Western religions? You mean like the Greek or Roman religions? Christianity is from the Middle East. So is Judaism.,0.164900004863739,0.0,0
12133,JS772146,"I suppose you think that we should also give every military technological secret we have to Iran.  Oh crap, I hope I didn't give Justin another idea to make the Mullahs love Judaism and Christianity.",0.597599983215332,1.0,1
12438,JS1574871,"""Probably not the first time."" Speculation is not proof. I see nobody claiming that being Jewish confers any sort of free pass. On the contrary, there is a consensus that he said a stupid thing. There is not consensus, though, on whether this was a firing offence or not.",0.8486999869346619,1.0,1
12233,JS300347,"Never again.  Not to Japanese and Japanese Americans.  Never again to Jews.  And to Muslims, we have your back!",0.9549999833106996,1.0,1
12437,JS417742,"The response below was censored. Why??

I can say ""Orthodox Jews""

I can also say Sharia law, burka, honor killings, Assad soldiers raping women, Isis raping women.",0.9860000014305116,1.0,1
12311,JS1581949,"Free Ethnic Kurdistan? Good or bad - depends upon whom you ask.

Humans yearn for coexistense and peace, but Corporate Capitalism loves divide et impera and war. Smaller entities are weaker foes for large MNCs.

Sunni Kaliphate were the first to divide the world - dar-ul-islam and dar-ul-harb. For 13 centuries this Sunni-Jewish cartel sitting smack in the middle of Silk Road prevented free trade by imposing Taxes and Tariffs (Arabic word of Kaliphate origin), milking food-poor Europe.

Crusades to free trade failed. Then 100 famines in 100 years straddling 1300AD. Kaliphate starved Europe population to half. Sunni/Jewish gravy train lasted till Christians expelled them both from Spain, then found new routes to Asia, and new lands too.

Now new imperialists do the same. Pakistan and Israel were created specifically to punish India and Sunni/Jews for their past by creating competing land claims for eternal enmity.

There are always useful idiots - Zionists, Indian Muslims. Welcome Kurds.",,,1
12086,JS1343652,"That was simply an excuse...
The average German soldier will claim they never fought to exterminate the Jews....",0.4887999892234802,0.0,0
12326,JS694325,"I don't recall from history classes -- how many good Germans/Aryans spoke up in the early stages of Hitler's plan to oppress, remove, eliminate and exterminate the Jews?",0.6552000045776367,1.0,1
12424,JS527053,"There is no moral equivalence. Arab states did not steal land from Jews, like the Jews stole Arab land.",0.7132999897003174,1.0,1
12299,JS799007,"Before jumping to conclusions, do some research on Ian Eisenberg and Omari Tahir-Garrett, both of whom have colorful histories. Eisenberg has a long history of what might be called sleazy capitalist stunts (i.e. ripping off people). He's the stereotypical money-grubbing Jew.

Omari has long represented the black community as an outspoken activist and Seattle School Board candidate. He earned notoriety when he clobbered Mayor Paul Schell with a bullhorn, something I think Omari deserves a gold medal for.

In the meantime, stop using that stupid, meaningless word ""anti-semitism."" When I ran for Governor last year, the first work in my Voters Pamphlet statement was ""Jewarchy.""  Google it.",0.6852999925613403,1.0,1
11926,JS605755,"Yet another example of failure to follow Poitier's Law: ""ASSUME just makes an @$$ of U, not me.""  I am a linear descendant of Stonewall Jackson (no big deal, a lot of folks of various colors were.  Stonewall got around).  My parents, both sets of grandparents and all but one of my great-grandparents were US born, as am I.  The single exception was a Sephardic Jewish immigrant from Syria.  My great-grandmother (a Jackson) wasn't allowed to marry him until he ""converted"" to Protestantism and weren't happy about it even then.  As for the Islamic Republic of Iran, you argue according to what TV tells you.  I argue from personal knowledge and experience.  Start with the fact Iran hasn't invaded another country in over two centuries.  Have I proved you wrong about enough that you're willing to start over and try to learn something, or will you opt for the ""rationale"" of ""why expend effort learning with ignorance is instantaneous""?  Apologies to Bill Watterson.",0.3734000027179718,0.0,0
11921,JS639514,"""Hmmm.. in all his appearances I've seen him dressed in a regular business suit, shirt and tie, not even a kippa on his head. To the best of my knowledge, orthodox Jews are dressed, well, like orthodox Jews; with the prayer shirt, the black robe, long beard and a black hat, or indoors a kippa.""

Your knowledge is flawed.  That's like asking why all Orthodox Christians don't walk around wearing their priestly atire all day long.",0.2460000067949295,0.0,0
11906,JS724877,"What little information we are given in this story about the conference topic, strikes me as not in the least anti-Semitic, but your point is very well taken 1LittleBear. In this day and age, a biblical conference focused on early Hebrew history (my read of what lies beneath the little info given) can only be scholarly conference if it involves Jewish scholars as well as Christian. Then again, we are not told there are no Jewish presenters.  Difficult to make sense of this story.",0.1154000014066696,0.0,0
12281,JS1372223,"I think we need to be careful of the old pupule about the Jews killing Jesus.
Jesus and all his disciples were jews.
It would be like saying that it was those evil Americans that killed Lincoln because Booth was an American.",0.8644000291824341,1.0,1
12222,JS418806,"We all will die.  That is guaranteed.  

The 'death we deserve'?  Opinion only, and  subject to your personal biases, beliefs and prejudices.

A three-year old infant does not ""deserve to die"" or ""die the death they deserve.""  Nonetheless, three-year old infants still die.   

Shamans try to 'explain' such things by inventing 'theology' and 'doctrine' and other cant.  

Christian shamans, New Age shamans, Buddhist shamans, Islamic shamans.  Jewish shamans.  

Just ignorant people trying to justify their ignorance by inventing something to placate those who pay their bills.",0.7458999752998352,1.0,1
12440,JS1394500,"I was pretty clear about this, MC:  I pity the Nazis. They need psychological help. Most extremists do.  I avoided nothing. Only simple people think there are simple answers to social questions. In fact, assuming that such answers exist is typically a component of white privilege. 

But white supremos also need a firm hand, since they are heavily armed, glorify war, and espouse violence, and worse, against Jews and people of color, which is illegal and dangerous.  This is why the AntiFa should cease trying to kick their butts and instead shame them through outing on FB, Instagram and in the press and such. Hold them up for the losers they are and they'll vanish.

You're not asking not a simple question. Both groups--the destitute and the white nationalists--need justice to be done. Own it: you despise the poor, favor the white supremos over civil rights and equality, and you associate being on the right side of history with the supposed moral quibbling of ""political correctness"".",0.9390000104904176,1.0,1
11775,JS869992,It is a human rights issue for the  'Human' fetus.   It is synonymous with the Nazis sterilizing Jews.,0.5062000155448914,0.0,0
11922,JS128540,"Both incumbents are fanatical liars in their own way.  I can't water down or otherwise put into laymen terms how this fits in for you.

If you want to believe that Trump is going to somehow save America for you than good luck.  

I'm pretty sure that the Germans believed Hitler when he made the same promises. In fact I'm pretty sure that in some aspects he did indeed fulfill said promise it just cost the Jews their lives and livelihood is all. 

While I'm sure that the technicalities of Stalin having served under and yet in many ways controlling the egomaniacal little freak is a tad bit stretching the imagination for an ""election process"", the reality of today still bears its own resemblances to the past. 

I'm sorry if I can't address your ideas on left/right wing antics because I don't believe in either.  I think when anyone picks a side like that and starts throwing stones it makes their glass house look mighty hollow.  So busy pointing fingers you cant see the forest for the trees.",,,0
11916,JS784437,"the settlements are important part of the Israeli plan for security. It is hard to imagine that if they make a true peace, the hatred the Arab world for Israel and Jews will stop. The Palestinians, Hamas et al will suddenly accept Israelis and Jews and stop calling for their destruction? Israelis and Jews do not call for destruction /hatred of Arabs. 
 In 1967 they should have not become occupiers. Some  of the settlement lands, Israeli residences in East J. has been legally purchased. I am not a big fan of the settlements. They do not encourage peace. But how does Israel make sure she will be well defended if 'peace' with these neighbors happens?  Unfortunately I think it is not possible the way things are. Israel made a  mistake in 1967.",0.2748999893665313,0.0,0
12383,JS1478963,"Now! Now!  

Just because he has a couple of songs whose lyrics kind of mention the Jews as the killers of Christ a few times doesn't mean he was an anti-Semite!

And just because the Nazi's adored ""St John Passion"", doesn't mean anything.

And Martin Luther (Founder of Bach's Church) said: 

""Be on your guard against the Jews, knowing that wherever they have their synagogues, nothing is found but a den of devils… [T]hey are nothing but thieves and robbers… one should toss out these lazy rogues by the seat of their pants… eject them forever from this country.""",0.9879999756813048,1.0,1
12168,JS1029431,So three people are ignorant and your not.  In this g=case i go with the majority.  Why the problem with the Japans and the Jews?  Jealous of their success?,0.9010000228881836,1.0,1
11840,JS416003,"And Palestinian's are the UN's chosen people in their objective of eliminating Israel and eradicating Jews from the region. Personally, I prefer God.",0.9819999933242798,1.0,0
11814,JS830504,"If you went to school, you might have learnt the words like Jews, Catholics, Buddhists, etc are proper nouns. And have to be capitalized.",0.2976999878883362,0.0,0
12062,JS1356377,"Not necessarily.
There's the America/Israeli Kadar 'kid' on trial for sending bomb threats to Jewish Centres in North America for example.
Caught and outed, if not well covered by The Globe.
There are lots of things that can advance the cause.",0.1964000016450882,0.0,0
12357,JS648159,"hey, imam can call for death of Jews at this mosque (notice how they do not give you those details... all hush hush, right?) and NO POLICE INVESTIGATION and 12 people protest the mosque for it and POLICE INVESTIGATION>
Is Canada heading to European system where complaining in public about Islamic terrorists and Islamic hate gets you fined and/or jailed?
If so, the Islamists win. By the way, what about all the Jewish hate by the left at the universities in Canada... isn't that a hate crime... shouldn't they be hauled before the hate court?",0.9549999833106996,1.0,1
12333,JS1674960,"It is funny how she went into the bayou trying to pull her ""Jew"" card, and the simple family there immediately teased out of her that she is not a real Jew.  No duh.  No real jews could support Bernie Sanders because he has an openly hostile stance towards israel  as a policy of appeasement.  No Jew would sacrifice Israel just to have a president who believed he could get a congress to pass universal healthcare.  Absurd.  So cool how the bayou family saw through her.  She needs to stop saying she is jewish.  Bernie doesnt..she shouldnt.",0.4350000023841858,0.0,1
12197,JS976656,""" White privilege"" is not much different from how Jews had  always been depicted as  snivelling rich bankers drinking baby blood, who exploit  poor people with usury and cheat. Privilege is just another version of Shylock aimed at white people. It is the haters who are doing the hating, as depicted in  the Elders of Zion, or Mien Kampf: old hate, new hated.",0.953000009059906,1.0,1
11919,JS865401,"Right. He used to be a heroin addict. At's why he looked so aged. Good foodie show. Eats anything he sees and is served. Even repulsive stuff like boiled chick eggs from the Philippines. He has an excellent crew of cameramen with the best video cams money can buy. It's mounted on their shoulders and operated with two hands. Amazing technology. God, I love the travels around the world and discussion of local politics. Almost got arrested and his expensive cameras confiscated in Africa. I set my cable box to record every Bourdain show. Never missed one. One really talented Jew I admire. Hope he never stops traveling and eating. Did you see the one he made in Molokai with Walter Ritte?",0.2214999943971634,0.0,0
11853,JS842133,"tip2, I do recall. In Grade 5, the Jewish boy in my class had to wait in the hall until the Lord's Prayer was over. We all stood to recite the prayer or listen to it over the PA system. The Jewish boy was joined by a Jehovah's Witness boy who would not sing the national anthem.

There is no War on Christmas. The local schools here still have Christmas assemblies. No one is forbidden to say ""Merry Christmas"". That's all in your head. If staff and teachers say ""Happy Holidays"", it's out of courtesy to their diverse student population. Not because Christ has been banned.",0.1860000044107437,0.0,0
12300,JS1145920,"The Press since the 1960's has betrayed their obligation to both the American people AND Constitution. They are supposed to be an unbiased source of information. Instead, they have become a overpaid narcissistic group of losers who think they can shovel biased, fake and fraudulent news to Americans. Today, even locally it is NOT about facts but entertainment and ratings. As CNN (Clinton News Network) CEO recently was caught on tape saying, 'America voters are idiots.' 50% is rather low as far as I'm concerned. I'd be willing to say 99% of the media is anti-Trump, anti-American, anti-Christian, anti-Israel and pro-Democrat. In short, the American media is a pathetic, Godless, mouthpiece for the perversions of Democrats and Hollywood 'elietes.'",0.9539999961853028,1.0,1
12132,JS1598811,"It looks like crap! if I was Jewish, i would not give one damn dime to this monstrous pile of concrete!! I hope the Canadian government didn't have to cover this pile of garbage, its disgusting and obviously a snow job by the architect who got paid millions for this mess!",0.977999985218048,1.0,1
11780,JS394130,"If you study history you will understand the future.  Jews are very, very small part of the global population.  Eventually they will push the pendulum so far out of order that they, and their minions, will be exterminated by the masses.  Time is the only thing holding back the inevitable.",0.666700005531311,1.0,0
11959,JS1385366,"Good grief. Practicing anti-free-speech and misleadingly labelling those as 'racists' who object to what is effectively an illegal immigration policy (when migrants are allowed to walk across the border from the States when they could readily be turned back) or those who protest radical Islamic ideologies (such as misogyny, FGM, Sharia Law, hatred/killing of Jews and Christians, violence and terrorism) removes any credibility from the more fakish liberal media component such as this author, you know, the young Hipster-types who claim to be noble but are illiterate in history, or even from our own Prime Minister - a man sworn to protect civil rights.

Canadian civil rights seems to have died when human rights activist Alan Borovy died in 2015.

Hey, having some respect for Canadians who are bravely trying to protect Canada's constitution and our civil rights in the face of attacks by Hipster urban liberals might be a good place to start the discussion, don't you think, Ryan Scrivens?",,,0
12198,JS1596110,I won't bake you a cake because you are Jewish.  Take your business to the baker down the street.  He serves your kind.,0.7645000219345093,1.0,1
11972,JS1426627,"All I want is equal protection under the law. We have never had equal protection under the law for all citizens. Why are you so comfortable with being a beneficiary of so much rape, robbery, torture, and murder? Folks like you remind me of the ""good Germans"" that never asked, where did the Jews disappear to?",0.4422999918460846,0.0,0
12106,JS1358409,"Thank you Senator Schatz for standing up to this bully and racist.  I am proud that your represent Hawaii and in particular my views.  How can trump defend the crowd chanting, ""No Jews on the street.""  trump is unfit to be president.",0.9010000228881836,1.0,1
11954,JS1759120,"Jews are a nation and an ethnic group, DNA tests confirm this. Jews also have a national religion, namely Judaism. One does not have to practice the religion to remain Jewish.
Conversely, a non Jew who is prepared to embrace the Jewish faith is able to convert to the Jewish religion, and they in turn will be embraced by the Jewish nation as if they were born to it and are of Jewish blood.",0.2502000033855438,0.0,0
12408,JS906271,"Dead wrong, Mr Feinstein. Reclaim the City is a project of Ndifuna Ukwazi, run by individuals notorious for their anti­-Zionist and anti­-Semitic public statements like Dr Shuaib Manjra, the chairman of Ndifunda Uwkazi who said:""Jews from Europe are converts to Judaism"" and ""I think that ISIL are anachronistic and violent group and I think they derive their ideology not dissimilar to zionism. They both have millienialist [sic] tendencies, take a literal reading of scriptures, think they are chosen, are violent and god has given them their earth to inherit”, amongst many another appalling racist, bigoted and anti-Semitic remarks, directed at denying Jews their own homeland. Reclaim the City is a response to the Jewish School, and Manja allied it with the ANC and a clutch of useful, virtue-signalling fools. You may be a left wing, even non-practising Jew Mr Feinstein, but penning apologies for your enemies is not a virtue. Please find some other cause to pin your heart to.",0.6391000151634216,1.0,1
12122,JS879715,"The Mujaheddin, Taliban, Al-Qaeda, and ISIS were ALL created by the MOSSAD and the CIA.
Osama-Bin Laden did not do 911 from a cave in Afghanistan, it was again the MOSSAD and the CIA who executed that operation.
The Afghanistan war is a war against poor people and their resources and to secure geopolitical interests.
CANADA and its soldiers and all of the people who ""SUPPORT"" the troops are therefore WAR CRIMINALS.

The Jewish-controlled media made Sajjan look GOOD to get him elected and now they made him look BAD to cut him down to size.
And all of the people who fall for this ROUTINE formula are, until they wake up, COMPLETE IDIOTS.",0.9559999704360962,1.0,1
12055,JS830990,"Which Jewish holidays are public holidays? Why haven't you accommodated them? After all, they have been here for centuries",0.0702999979257583,0.0,0
12065,JS1109601,"This was censored by the Globe and Mail's Islamic censorship board that overrules freedom of thought and speech for some very subjective non-journalistic crap from a very religious person that should be relegated to the Religious page, not the reality page. 


During the, ""Cold War"", Godless Communists were the enemy. Which brings to mind something odd about the use of the word enemy. The Author used the word enemy inappropriately. Certainly, we can all agree that the communists were and are still our enemy. We spend trillions to protect against being vapourized by communist bombs.

Kindness is a Christian virtue. Maybe if those hateful Pagans actually converted to Christianity, they would be kind to the rest of us Christians, Jewish and agnostics. Until them, don't expect any kindness from the religion that denied Jesus was the true road to salvation. You know, the anti-Christ religion.

Why is the above considered to be un-civil? Just pure censorship from her friends.",0.666700005531311,1.0,0
12346,JS1478963,"Now! Now!  

Just because he has a couple of songs whose lyrics kind of mention the Jews as the killers of Christ a few times doesn't mean he was an anti-Semite!

And just because the Nazi's adored ""St John Passion"", doesn't mean anything.

And Martin Luther (Founder of Bach's Church) said: 

""Be on your guard against the Jews, knowing that wherever they have their synagogues, nothing is found but a den of devils… [T]hey are nothing but thieves and robbers… one should toss out these lazy rogues by the seat of their pants… eject them forever from this country.""",0.9879999756813048,1.0,1
12053,JS1371922,"You can cite thousands of studies; thousands of tests; thousands of pages of documentation debunking that belief and the avowed racist will dismiss them as ""fake news"" or part of a ""liberal/Jewish race mongrelizing"" conspiracy.   This is NOT a rational, reasoned debate.  

I know two young men who truly believe the earth is flat.  I don't bother arguing with them....I just smile and shake my head.  That's fine,....they're harmless.  Racism is NOT harmless.  It is just as baseless that that ""flat earth"" theory, but, it engenders actions which greatly harm individuals and which destroy the very fabric of our nation.  Standing up to racism is crucial , and we all need to join in doing so.....and, importantly, we need to refuse to be intimidated by the violence and threat of violence the white supremacists proudly celebrate and parade.",0.6241999864578247,0.0,0
11846,JS1095744,"Let's evaluate what he brings to the table.  He is Jewish, and his family has had close ties with Bibby for decades.  He spent four hours with the Jewish head of state and thirty five minutes with the leaders of the Palestinians.  Bottom line - wasted trip.",0.1762000024318695,0.0,0
12400,JS1408733,The idiot in chief has been able to continue to fool his ever shrinking band of fools but the Middle East and its leaders are amongst the most capable in the world. The region is a pressure cooker and Jared Kushner is way out of his league to be the U. S representative on this topic. It is an insult to Israel and Palestine to send a scam artist greenhorn to this conference and expect him to be taken seriously. His only qualification is that he's Jewish. It's like not every Hawaiian knows how to kalua a pig in an imu.,0.9950000047683716,1.0,1
11902,JS1480668,"The social justice warriors in the Ontario government and media have truly reached new lows in somehow trotting out Clara Brett Martin as an exemplary female lawyer in Canadian history, in the same breath as talking about barring Jews from careers back then.

Um, hello?

It was CLARA BRETT MARTIN herself who was busy trying to bar Jews from careers back then!

In a letter she wrote from Toronto to government that began: ""I desire to call your attention to the manner in which the titles to property in this city are being clouded""...

... she railed against what she called the ""nearly 100,000 foreigners of which about 40,000 are Jews"" in town, and prattles on about ""these Jews"" and ""the Jew invariably"" does this, and ""the Jew"" does this and ""the Jew"" does that, ultimately dismissing Jews in Toronto as a bunch of foreigners who should not be in the business of handling property titles. 

The social justice warriors have hit a new low in embracing a seething anti-semite as they have...",,,0
12206,JS799007,"Before jumping to conclusions, do some research on Ian Eisenberg and Omari Tahir-Garrett, both of whom have colorful histories. Eisenberg has a long history of what might be called sleazy capitalist stunts (i.e. ripping off people). He's the stereotypical money-grubbing Jew.

Omari has long represented the black community as an outspoken activist and Seattle School Board candidate. He earned notoriety when he clobbered Mayor Paul Schell with a bullhorn, something I think Omari deserves a gold medal for.

In the meantime, stop using that stupid, meaningless word ""anti-semitism."" When I ran for Governor last year, the first work in my Voters Pamphlet statement was ""Jewarchy.""  Google it.",0.6852999925613403,1.0,1
12294,JS1160351,Another Communist Jew.,0.8999999761581421,1.0,1
11997,JS412858,"Oh, come on, Craig. Prime Minister Ariel Sharon’s 2005 Gaza pullout was deliberately formulated to block peace negotiations with Yasser Arafat.

Dov Weissglass, Sharon’s former chief of staff, said, “The significance of the plan is the freezing of the peace process. It supplies the amount of formaldehyde that is necessary so there will not be a political process with the Palestinians ... Effectively, this whole package called the Palestinian state, with all that it entails, has been removed indefinitely from our agenda.”

You cite all Israel's withdrawals from areas it has invaded and occupied in violation of international law, defining resistance by its victims as aggression against Israel, which itself has never been invaded.  In 1948 Arab armies only tried to protect UN-recommended areas for Palestinian Arabs and in 1973 Arab armies tried only to regain land stolen by Israel in 1967.  Thanks for illustrating this.

BTW, even Truman didn't recognize Israel as a ""Jewish"" state.",,,0
11877,JS1357423,About 6 MILLION Jews were murdered/exterminated in WW2 during Hitler's reign and radical Islamist  organization and countries like Iran who back the Palestinians would like to continue where Hitler left off in eliminating Jews.   It is understandable why Israel does not hesitate to kill in retaliation when Israelis are murdered by Palestinians suicide bombers,0.6391000151634216,1.0,0
11748,JS1438992,"Enjoyed reading your  Mike, and glad that you shared your epiphany moment when you remembered Reinhold Niebuhr's insightful prayer about serenity. Is it a coincidence (or as Christians would say a Godincidence) that another pastor, Martin Niemoller, penned an equally striking statement that alerts us to the dangers of remaining silent.

""First they came for the communists
And I didn't speak up because I wasn't  communist.
Then they came for the Jews and I didn't speak up because I wasn't Jewish
 They came for the trade unionists and I didn't speak up because I wasn't  trade unionist.
 they came for the Catholics and I didn't speak up because I was a Protestant
Then they came for me and there was no one left to speak up for me.""

Would serve the ANC MP's well to read both Niebuhr and Niemoller's thoughts when in parliament.",0.1292999982833862,0.0,0
11733,JS1361414,"LaPierre needs to go. I am a gun owner and 2nd amendment supporter, but the latest NRA ads on Youtube are a disgrace. Reminds me of what he Nazis were saying about Jews.",0.4460999965667724,0.0,0
11971,JS419062,"Land grab is an understatement!!!!

Israel finally has been exposed. This is ONLY the beginning .

Congratulations Mr. Obama for having the courage to support fairness.

P.S. Jerusalem should remain an international and neutral city...belonging to the Jews, Arabs and Christians.",0.1237000003457069,0.0,0
12378,JS785532,Also Pope Eugene IV explicitly taught ex cathedra that all Jews (and heretics and schismatics) will go to the fires of Hell.,0.9449999928474426,1.0,1
11923,JS1079885,"Do you know what the best predictor of someone's religion is? It's the religion of their parents. Your god is saying ""You picked the wrong parents, so it's off to hell for you."" Your god is condemning people for what they are, not for anything they have done. I would reject your god, as would anyone with even a rudimentary sense of justice. Your god is a bigot. He sends Jews to hell for being Jews. How does this differ from the Nazis sending Jews to Buchenwald for being Jews?

Incidentally, congratulations on having reinvented double predestination while simultaneously denying free will.",0.8342000246047974,1.0,0
12343,JS603028,"WOW!!! I must have missed some stuff that would prove Trump is exactly as dangerous as Hitler was!

When did he invade Poland?

How is he planning the Final Solution for the Jewish people?

What other countries is he planning to invade and occupy?

Is he importing slave labour to the US (stupidly, I thought he was trying to export slave labour back to their countries of origin)?

When will he invade Russia?

Is there a sudden surge in the value of stocks for companies in the gas oven, piano wire and related industries?

When did he ban press conferences and media briefings and place the media under government control (stupidly, I thought he wanted to get rid of PBS and other government controlled media)?

Did your mother have any kids that lived?

(That is a trick question, I know the answer is no.)

P.S. You are one poster I can say with complete confidence who is NOT ""Just as good as me"".",0.7549999952316284,1.0,1
11770,JS333180,"In Germany, citizens who happened to be Jewish had their citizenship revoked by order of ""the leader.""  (Say that in German.)

Threatening to strip citizenship for people is a very dangerous idea.

Meanwhile, Herr Trump has picked the sister of the founder of Blackwater mercenary company to be Secretary of ""Education.""  Words fail to describe how ridiculous that nomination is, far more important than worrying about burning a piece of cloth.",0.4641999900341034,0.0,0
11982,JS842607,"They were made off days to accommodate Christians (Sunday) and Jews (Saturdays) for their religious (Holy-days) to accommodate their prayer rituals. 
---------
this country was  founded on Judeo-Christian foundation
historical fact
it is still Judeo-Christian culturally if not religiously 
so it remains Sunday and Saturday off

do you seriously think we should accommodate whoever and drop Sunday and Saturday as holidays?",0.1942999958992004,0.0,0
12379,JS758067,"Canada is becoming like Germany in the 1930's - free speech must be eliminated !    It is interesting that only the Islamic faith is protected by this bill, it is still ok to slander and defame Christians and Jews.",0.9100000262260436,1.0,1
12426,JS624828,I would be more impressed if Trudeau would speak out against the Montreal iman who preaches death to jews in his mosque.,0.9570000171661376,1.0,1
11867,JS827560,The millions of Jews killed in the Holocaust. The atrocities that the Japanese military committed for decades in China and other areas. The civilian death toll in Syria. The slave trade. The obliteration of indigenous people. I could go on.,0.3556999862194061,0.0,0
12190,JS760493,Why do you have to pray 3 times a day? It doesn't seem to help . Islam  still wants to exterminate Jews and infidels. It is very suspicious what you are praying for.,0.9869999885559082,1.0,1
12420,JS1755208,"I have long learned to eschew the bigotry, hypocrisy, and ignorance of the libtard generation. Israel is the Jewish answer to the Holocaust. One of the most successful nations on earth, fool.",0.9229999780654908,1.0,1
11804,JS416917,"It set off a (predictable) chain reaction of recrimination and anger.  It would have been much better to create a Jewish homeland somewhere that the people and neighbors were sensible enough to want them instead of imposing it on the Levantines.

Water under the bridge though.",0.2131000012159347,0.0,0
12399,JS1383935,"Jews won't replace them. Instead, these losers will be ignored, cast aside, forgotten. They're whining because whites have 70% of the power, instead of 90%.",0.9559999704360962,1.0,1
12390,JS1247214,Are you going to attack the Jewish community for its very similar dietary restrictions? You are aware of course that these restrictions were driven by conditions in the part of the world where both faiths evolved? How about criticising Catholics for not eating meat on Fridays while you're at it?!,0.2949999868869781,0.0,1
11936,JS208498,"Who needs hints?

""The origin of the 'Final Solution,' the Nazi plan to exterminate the Jewish people, remains uncertain. What is clear is that the genocide of the Jews was the culmination of a decade of Nazi policy, under the rule of Adolf Hitler."" -- United States Holocaust Memorial Museum

2 == Two ~= Too == Again

Actually, I doubt that's what you're trying to convey. But you might want to be aware of how it appears.

-- Paul",0.2046000063419342,0.0,0
11755,JS420106,"Actually I've counted them up and you have the most deletions,  rendering you tops of the pops in hateful comments. Obviously constantly decrying Zionism and the perception of Palestinians as perpetrators of terrorism against innocent Jews has won you the prize of the most offensive person on this thread.",0.5934000015258789,0.0,0
12330,JS1502371,"Yrs, Ben Shapiro is a white supremacist.  You people do know he and his family are Orthodox Jews.  Ignorant people!",0.9900000095367432,1.0,1
11940,JS653114,"....which condemned hatred for the Jews and rejected the accusation that Jews are collectively responsible for deicide in the form of the crucifixion of Christ.
Radical traditionalists are not the same as Catholics who call themselves “traditionalists” — people who prefer the old Latin Mass to the mass now typically said in vernacular languages — although the radicals, as well, like their liturgy in Latin. They also embrace extremely conservative social ideals with respect to women.
 
Active Radical Traditional Catholic Hate Groups in 2016
Catholic Counterpoint
Broomall, PA
Catholic Family News/Catholic Family Ministries, Inc.
Niagara Falls, NY
Christ or Chaos
West Chester, OH
Culture Wars/Fidelity Press
South Bend, IN
Fatima Crusader, The/International Fatima Rosary Crusade
Constable, NY
IHM Media
Richmond, NH",0.3774000108242035,0.0,0
12156,JS396737,you are saying that the Jews will be responsible for a future genocide that will exterminate them.  interesting that the Globe watchdogs feels this comment is within their bounds of civility.,0.5893999934196472,1.0,1
12129,JS1501512,"What a disgusting person.  How many offensive things has he said about other people and never apologized for.  

What she tweeted happens to be true.   After all there were GOOD people chanting ""Jews will not replace us"" at the white supremacist rally.",0.9259999990463256,1.0,1
12014,JS1051970,This sounds very similar to the way anti-Semites refer to Jewish people.,0.4192999899387359,0.0,0
12362,JS624828,I would be more impressed if Trudeau would speak out against the Montreal iman who preaches death to jews in his mosque.,0.9570000171661376,1.0,1
11871,JS1599248,"You make a good point. I am not a fan of Libeskind's architecture but his Jewish Museum in Berlin, which I have visited, is astounding in its symbolic references. The building made him famous but for the most part, his architecture lacks soul and originality.",0.0248000007122755,0.0,0
11808,JS299117,"I doubt an old, socialist Jewish atheist would've had much of a shot in the general. Trump was elected by white Christians.",0.8080999851226807,0.0,0
12218,JS156947,Entirely different subjects. You might as well blame Jews for Hiroshima because of Einstein.,0.4817999899387359,0.0,1
12342,JS1715152,"Roger Waters' supposed concern for ""human rights"" extends to only 2 countries: Israel, of course, and to some degree, the U.S. He ignores much much greater human rights violations by other countries, notably Israel's neighbours. He is obsessed with Israel and has emblazoned his flying pig with with a Jewish star. He's a hypocrite, a fool, and a bigot. Despite all that, I really enjoy his music. He should stick to what he's good at.",0.9700000286102296,1.0,1
11837,JS1639541,"History gets a paintbrush treatment.

Menachem Begin‘s liberation movement in British Palestine killed 140 people mostly civilian and including a dozen Jews in a hotel bombing.   But, that is not the man we think of.

A higher proportion of Afrikaners died in british concentration camps in the Boer War than the proportion that died in german camps in the holocaust.   But, that is not how people remember things.

I have zero problem with taking up an armed struggle against oppressors but it must target correctly.   The US would still be a colony if the americans just stuck to asking the poms to leave.   Sure blow up english boats and camps.  No, blowing up a bar is cowardly and wrong.",0.3605999946594238,0.0,0
12253,JS1616687,"Was this story written by a jew?
The import tax is now 300%.
Tell you what Globe, cancel my fucking subscription. Period.",0.6919000148773193,1.0,1
11749,JS912443,"Is a promise to make the poor suffer worth keeping? I thought Jesus cared about the poor. It is ironic that most Trump voters think they are Christians. Unfortunately, the irony is lost on Trump voters. Trump voters remind me of the ""good Germans"" that never asked where the Jews disappeared to.",0.5253999829292297,0.0,0
11976,JS1403568,"""Parasites.""  The word Hitler used over and over to describe Jews. Any time you find yourself speaking of other human beings in those terms, you need to back up and figure out where you went wrong.  Trump is unable to do that, but most normal people can.",0.5598999857902527,1.0,0
11797,JS421802,Most if not all countries that voted have a long and sordid history of Jew hatred. Most polls confirm that anti-Jewish hate crimes top the list by a large margin.,0.3655999898910522,0.0,0
12173,JS1112634,white supremacists do not subjugate people for their religion and this is taking it a little too far to say that.   I believe that Islamist do not like jews or Christians because they feel inferior them.,0.8342000246047974,1.0,1
12177,JS750404,"No doubt, this was the sinister work of a disgruntled Hindu, rogue Jew guerilla or violent Christian White Nationalist!  See?  This is why travel bans don't work!  Thank Allah the Brits don't have one of those racist, bigoted Trump Travel Bans or people might actually get hurt!!",0.9919999837875366,1.0,1
12061,JS1457295,"Buddy Hackett had a great routine about Jews and Methodists. I suspect Elizabeth is more a social justice Methodist than Hillary.

Taxes should always be the litmus test for Democrats. Still, it is not supporting abortion that is important, it is supporting the fact that state governments are constitutionally incompetent to deal with that question and most questions of personal moral rights and liberties. A governor will never give the right answer on that question, but should if he wants to be a Senator in the Democratic caucus.

LifeSiteNews has no reason to call Francis a Communist. Maybe a liberation theologist, but not a Communist. Now Benedict, there was a good Marxist. There was even speculation of Marxists in the Vatican when Caritas was released. It was at least Social Democratic, which is Marxian. Anyone who isn’t should realize they are mouthing the Calvinist line and repent. Even and especially at the National Review, which is more and more becoming the National Republcan.",,,0
11913,JS428964,"The various arguments being made to attempt to justify further Israeli settlement of the West Bank and Jerusalem are bizarre. Apart from appeals to biblical stories or some mythologized history well beyond the extent of actual, historical Jewish Kingdoms, which were extant for maybe 200 years out of the last 4,000-- they usually amount to deflection-- arguing that Israel isn't as bad as some other cess-pool or another-- and the accusation of support for terrorism, anti-Semitism,  ""Jew hatred"", and the extermination of the Jewish people. 

Give it a break!

It's all about the occupation. Fix that,and you have a chance of peace and normal relations.  If Israel continues on its current path, even if it were to settle all of Palestine, it would never be viewed as legitimate in the eyes of the world. That is one of the most important effects of the Dec 23 UN resolution.",0.3041000068187713,0.0,0
11991,JS769261,"I'm Native American, too, and part of the American Holocaust movement. You have no idea of what you are talking about. Eight times as many Native American's died at the hands of American Reconstructionists, ""liberals"", than Jews died at the hands of the Nazi's. It is the greatest Holocaust in human history. If you want to understand why no Native American trusts either party, flees when some left winger blathers about racism or ""justice"", think about that.",0.2764999866485595,0.0,0
12078,JS1574196,I think he is saying that the NAZIs banned gun ownership and manufacture by Jews.,0.2056999951601028,0.0,0
12135,JS452392,"""Adolf Hilter was actually left wing. The Nazi party was very socialist.""

If you knew anything about the history of Nazi Germany --- persecution of Jews, intellectuals, communists, social democrats, etc -- you'd realize how ridiculous your statements are.",0.8342000246047974,1.0,1
12257,JS879715,"The Mujaheddin, Taliban, Al-Qaeda, and ISIS were ALL created by the MOSSAD and the CIA.
Osama-Bin Laden did not do 911 from a cave in Afghanistan, it was again the MOSSAD and the CIA who executed that operation.
The Afghanistan war is a war against poor people and their resources and to secure geopolitical interests.
CANADA and its soldiers and all of the people who ""SUPPORT"" the troops are therefore WAR CRIMINALS.

The Jewish-controlled media made Sajjan look GOOD to get him elected and now they made him look BAD to cut him down to size.
And all of the people who fall for this ROUTINE formula are, until they wake up, COMPLETE IDIOTS.",0.9559999704360962,1.0,1
11821,JS1015476,"Thanks sister on your thoughts. On a side note Victor Frankel was a psychiatrist and spent time in the camps with his father. He admired the Hasidic Jewish folk who still observed the rituals to the best of their abilities.
They kept going in horrorific circumstances as have so many many humans throughout our time on this planet.
We now are living in a period of a true earth shatteringw metaphysical shuddering and your thoughts and suggestions are worth following. 
My fear are for those who do not have the open hearts, minds,eyes,souls to discern the danger we all are in.
Group think and pablum can be caught and easily
consumed.
I have a hard time with the church these days but maybe a new day for Epiphany- a call to fill all the churches over the world to come and sit and pray together.
My childhood parish and on 9/ 11 my parish then did an automatic just do it service and liturgy for that day and  in the past for veryill members and once to  young children.My best memories of Church.",,,0
11866,JS1414212,"""...Move on and solve the issues in your community and stop seeing yourself as a victim.,,""
same for Jewish community ?",0.2587999999523163,0.0,0
11842,JS317526,"I don't know whether the question of ""Why"" they believed in an ""imminent"" return of the Lord was raised in the article, or by utilitas; the scriptural truth is:
The 12 and their Jewish believers in Christ expected Christ to return <i>any minute</i> to destroy His enemies and restore the Kingdom to Israel. They died off waiting but did receive ""wisdom"" (II Peter 3:16,17) from Paul that the return might be delayed indefinitely in order for more souls to be saved.
Paul's converts on the other hand believed they would be swept [without death] into the heavens [with resurrection bodies] prior to the return of Christ. Just as Christ's return to earth was held imminent, so was the catching away of Paul's believer's imminent. For believers today, the catching away (or rapture) is imminent every day.",0.1425999999046325,0.0,0
11782,JS15615,"I have flagged this post.  It reads like a nasty anti-Semetic attack under the pretext of ""support"" for the Jewish community.  I may be wrong, but it seems pretty clear from the content, the style, the (presumably intentional) mis-spellings and the posting under the ""name"" Aaron Silverstein 351, that this is not a legitimate post..",0.3145000040531158,0.0,0
11747,JS1183797,"Stephen did you deny that the Nazi concentration camps with their murdering of the Jews ever existed?
If you did then the value  your opinion is worth  ZERO I would say.",0.5311999917030334,1.0,0
12147,JS430447,Trump is a white supremacist and a neo-nazi sympathizer. Yet that hasn't stopped Netanyahu from getting into bed with him. Israel has come full circle. From its citizens trying to escape Nazi tyranny to finally Israelis embracing fascism. The six million jews murdered by the Nazis must be spinning in their graves right now. There is no more anti-semitism. There is only ant-fascism. Israelis are now fascist sympathizers.,0.9760000109672546,1.0,1
12381,JS1426086,"Isn't racism foundational to these groups:  KKK, Nazis, white supremacy?  What  ""values"" do they espouse other than racism?  The KKK has been terrorizing and killing blacks for 150+ years.  Nazis in Europe exterminated millions of Jews and other marginalized groups in the 1930-40's.  ""White"" supremacy indicates racism in its very name.  

What spin are you offering instead of these FACTS, ""Buster?""",0.9419999718666076,1.0,1
11887,JS1348802,"[Social issues would not have to be ""legislated"" if people read and followed God's word]
Two problems with that.
1) There is no rational basis to elevate one person's idea of ""God"" over another's in regards to regulating civil/criminal conduct.  Our founding fathers even figured that out and the framers incorporated that into the Constitution with the separation of church and state.
2) Even if we could agree on one denomination (Christianity versus Judaism for example) we cannot even agree on what is ""God's word"" and how it should be followed.  Mormon's, Lutherans, Methodists, Protestants, etc. etc. etc. agree on the big picture but not so much on what usual falls under the concept of ""social issues.""",0.1129999980330467,0.0,0
12148,JS416298,"Benjamin Netanyahu will love Trump. They have likely met before because for years Netanyahu worked the American media for the Israeli government.  Lived there. TV shows like Face the Nation and Meet the Press. Many things like that are done in New York City - Trump's hometown.  Large Jewish community there.  I found Netanyahu's American accent to be obnoxious because he wasn't American. Like a double-agent in a spy film. As we stagger into disaster, I think Americans will start thinking the same thing because of the the swagger in his step. Macho man.  I truly don't think a lot of people know this, but Israel borders Syria - the land that has been savaged by its own leader and his opponents. Israel has has fought battle with Syria itself and I fear it may dip its wick in that disaster-zone again. And don't forget the Russians. Dirty, corrupt  Russians. And, the seemingly ""do anything"" Donald Trump. Disaster film - likely with some funny moments. But a disaster.",0.7372000217437744,1.0,1
12194,JS380442,"The (in)famous 1917 Balfour Declaration to Baron Rothschild on Palestine (as it was then called) perfectly encapsulates the root of the conflict: a colonial power pledging to European Jews land that belongs to neither.

That Canada continues to effectively support this travesty is shameful.",0.4260999858379364,0.0,1
12044,JS310729,Mr. Coen. George Soros (Schwartz)  as a fellow Jew turned in other Jews to the Hungarian Nazis of the Arrow Cross so they could be sent to Auschwitz. Is that humanitarian enough for you or what? Ms. Patkotak failed to attribute just who caused the Holocaust and the slaughter. Or now tries to make it similar to preventing invading hordes from Mexico and other lands  which is destroying our Republic.,0.3384000062942505,0.0,0
12238,JS863522,"The holohoax (sic) didn't happen, but the holocaust, in which the NAZI's gassed, starved and shot 6 million Jews did indeed happen. You can admit this irrefutable truth and still be proud of your German heritage, Mr. Groth.",0.2633000016212463,0.0,1
12284,JS538352,">  hates Jews
>  tells people to vote for Trump ""because Jews""
>  Trump's closest advisors are observant, pro-Israel Jews (Jared Kushner and Michael Cohen)
>  incontinent left points to goons like this guy to claim that Trump is antisemitic
>  Trump invites PM of Israel to WH and was the second foreign leader he called",0.8999999761581421,1.0,1
12416,JS527053,"There is no moral equivalence. Arab states did not steal land from Jews, like the Jews stole Arab land.",0.7132999897003174,1.0,1
12321,JS1755208,"I have long learned to eschew the bigotry, hypocrisy, and ignorance of the libtard generation. Israel is the Jewish answer to the Holocaust. One of the most successful nations on earth, fool.",0.9229999780654908,1.0,1
12216,JS1399837,"And don't forget the pandering to people who want to kill the jews and the blacks.  

Let's not forget about that.",0.996999979019165,1.0,1
12070,JS773416,"""In the old days before the entitlement of this generation that is what would have been done"".
So you had no problem leaving your Jewish friends at the door of that nice country club, ""in the old days"" eh? Or your Irish, Greek, Japanese etc. etc.

Fortunately, these are not the ""old days"".",0.3012999892234802,0.0,0
11765,JS1263586,No they are not bullies they are just expressing their feeling about Trump.   Progressives are not angry or intolerant they are reacting to hate and greed from the right.  They are reacting to Nazism in America in a way the the Jews should have reacted in Germany in 1928 during the rise of Hitler.,0.2888999879360199,0.0,0
12337,JS1452750,"No, I am not a sore/poor loser.  I think this so-called genital grabbing president has expressed bigoted views, backed people like Bannon, who hates Jews, and is a Putin lover.  Instead of being a unifying this country he is dividing it even more.",0.9610000252723694,1.0,1
12393,JS1211112,"i would like to add that islam, xianity, and judaism are all goopy junk as well and  bring consequences far more serious than glitter on private parts.",0.9789999723434448,1.0,1
11977,JS520383,"he was a nazi even at 14, and admits he didnt mind what they were doing, , get over it. facts dont change.

KROFT: Went out, in fact, and helped in the confiscation of property from the Jews.

Mr. SOROS: Yes. That’s right. Yes.
KROFT: No feeling of guilt?

Mr. SOROS: No.",0.3440000116825104,0.0,0
12331,JS640606,"The Liberals are like Hillary Clinton. Their stupidity on not being all inclusive with this motion just encourages the Trump type folks.

Trump can't happen in Canada? It already happened in the 1930s. We whitewash the time when the KKK had branches in cities & town across Canada. You will have to do a bit of research to find references to this period but the references can be found. Very shocking period. 

We don't like to talk about not allowing Jews to enter Canada to escape Hitler. Read the book ""None is Too Many"" to describe  our immigration policy during that period.

Go to Wikipedia and read about the university thesis written by TC Douglas. The father of Medicare, former leader of the federal NDP, former NDP premier, the greatest Canadian according to the CBC. When he wrote his thesis Tommy was a bigot that would shock even Trump\s most radical supporter. (Read about his thesis before you condemn my remarks.)",0.8486999869346619,1.0,1
11784,JS633325,"Believing that we should ensure the freedom  from, more than of, religion,  hostile to all forms of fundamentalism, as much Christian, (born again and Catholic integrist) and Jewish (ulta-Orthodoxy) as well as Islamic fundamentalism (Salafism or Wahhabism), and attached to the right to blaspheme, I am very worried about the consequences of the passing of M-103.  In a recent book, ""Un racism imaginaire, islamophobie et culpabilité"", Pascal Bruckner expresses his fear that the notion of islamophobia could be used to silence any criticism of Islam itself.  While the personal security of Muslims should be ensured, so should that of people who subscribe to Voltaire's statement that Moses, Christ and Muhammad were three imposters.  Is one who would encourage Muslims to approach their sacred text the way that Thomas Römer dissects the Hebrew Bible at the Collège de France, and who criticises Muslims who refuse to do so, engaged in an Islamophobic act?",0.5088000297546387,0.0,0
11857,JS1319879,"""University of Oregon: In a course entitled ""Social Inequality,"" the sociology department's Douglas Card reportedly called Israel ""a terrorist state"" and Israelis ""baby-killers"" and insisted that students agree with his view that Israel ""stole land"" on the final exam. One student said Card bashed Israel and Jews ""at every opportunity.""

http://www.danielpipes.org/2264/douglas-card-and-my-day-in-court",0.6789000034332275,0.0,0
11750,JS295424,"Think it's always been that way...institutional church in Germany supported the nazis ....and in other German occupied countries as well. (I think it's fair to say there was some institutional level of support for escaping Jews, too)

In the Holocaust Museum in DC, I think on the second floor there is a memorial with thousands of names on it of folks who risked their lives to help escaping Jews....there are some priests and nuns names on it...but I don't recall any hierarchy....

What there were there, were a huge number of just normal folk.....who were holy.

I personally don't have a lot of confidence in institutional hierarchy ..but I do have considerable confidence in folks in general...of all sorts of faith backgrounds or none....

AND I never thought that level of courage might be needed to protect the innocent in our country....until now.....",0.1738000065088272,0.0,0
12441,JS622316,Well put sir. Or Ma'am. And... these are probably birds from the same flock who still think of 'Jews' as a race.,0.597599983215332,0.0,1
12131,JS216614,"""It gives the message that the primary purpose of marriage is sexual satisfaction...""  Wrong.  Such a judgmental statement is in ignorance of how anyone and everyone chooses to marry: it is out of love, and one way that love is expressed is through the intimacy of sexual union.  Terms like ""Divine Will"" and ""attempts to overturn the long-held Judeo-Christian concepts of marriage..."" are smokescreens for the oppression of others.  The concept of marriage changes a number of times before Jesus was born, so which ""long held"" concepts are you referring to?  And is not the Church's traditional view of marriage as being for procreation?  That involves having sex, does it not?  So, once again, you reveal for us quite well the inconsistent, and discriminating position of the Church in its outmoded and self-serving approach to marriage, to partnership, and to love and union.  We've heard it all before, and it still makes little sense, just like celibacy and creeping infallibility.",0.3682000041007995,0.0,1
12293,JS1699468,"http://www.pewresearch.org/fact-tank/2016/11/09/how-the-faithful-voted-a-preliminary-2016-analysis/.  

71% of Jews for Clinton with 81% of white Evangelicals for tRump.

It is interesting how the most corrupt always wear their piousness on their sleeve, no matter their religious affiliation. They cry loud and clear for all to hear how holy holy holy they are while they violate all the religious ideals and principles.
 
Jews are historically Democrat and stood by people of color during civil rights and protested the Vietnam war.  They are victims of antisemitism from the right (again rearing it's ugly, dangerous head in public). They just want the Christians to leave them alone  but  Christians persist in blaming them for killing the Jewish rabbi, Jesus, when in fact it was the occupying Romans. They cultivate hate.  

So please do not lump my relatives in with the white evangelical Christians, the white supremacists, the Nazis and the KKK. Those are the tRump voters.",0.8080999851226807,1.0,1
11818,JS1626187,"I find all these references and comparisons to Nazis horrible. Do people forget what the Nazi's actually did? Even Antifa with all their violence haven't come anywhere close to the atrocities we saw under the Nazi regime. To equate this to what the Nazi's did, particularly to Jews but also all of Europe, is sickening. 6M people were systematically murdered for simply being Jewish. WWII killed over 60M. How on earth can you compare the two?",0.3815000057220459,0.0,0
12005,JS425602,"No longer needing Jewish votes, Mr. Obama was free, finally, to punish the Jewish state in a way no previous President has done. 
Can there by any doubt…any doubt whatsoever…regarding the real purpose of…the Iranian nuclear deal?!?",0.4386000037193298,0.0,0
12162,JS1377445,Bannon has already returned to harassment of Jews.,0.8342000246047974,1.0,1
12272,JS729469,"Silly DannoBoy.  Spakovsky and I both oppose Chin's work.  We both call Chin a hypocrite for claiming that Trump singles out one ethnic group for special treatment, even while Chin himself (and Danno) defends how his own State of Hawaii singles out one racial group for special rights and benefits others cannot have.

Perhaps Danno would agree with me and Spokovsky that refugees who are Christians, Buddhists, and Jews who live in Yemen, Sudan, Somalia et. al. should be vetted as carefully as Muslims, because we agree that those countries are so chaotic that their governments are unable to do proper vetting.  Yes, Danno, we must make sure that no Christian, Buddhist, or Jewish terrorists can come to America.",0.7746000289916992,1.0,1
12341,JS684325,"It seems junior T,  Goodale  and the Liberals are pro Islam and  pro sharia law for Canada. Liberals seem to be  anti Christian, anti Jew, and pro Islam which wants your neck if you do not embrace Allah.",0.9869999885559082,1.0,1
12121,JS1377445,Bannon has already returned to harassment of Jews.,0.8342000246047974,1.0,1
11938,JS422590,"Well, Mr. Minshall, you are just one man. Are you saying then that all Jews committed war crimes then? Did I say you committed war crimes or did I say our nation committed war crimes?  In 1948, Israel was attacked. How you think otherwise is beyond all logic. Then you talked about Semitic people living in Israel since the dawn of time. You know well as I do that it is not ethnic differences that is creating the havoc today but religious difference. Palestinian Jews and Arabs are divided by faith, not race. So it really don't matter who was there first. But we do know that the Jewish nation has been there far longer then a Islamic state.....actually that part of the world never been a state of any kind once the Jewish kingdom was destroyed by the Roman Empire....until 1948. Then the Arabs decided to  exterminated it and failed. Because they failed, you are whining over the petty notations.",0.5530999898910522,0.0,0
12258,JS1169275,"How many Jewish Canadians fund illegal settlements in Israel and back the bulldozing of Palestinian homes there. According to Adler that is ""not being Canadian in spirit""

don't hand me this crap about what constitutes good Canadian behaviour - many so called hyphenated Canadians have plenty of baggage

As you know Israel deliberately targeted a Canadian peacekeeper  and killed him while on duty

no apology from them or compensation for that matter - and DND wiped  records of  that little event off its website",0.6194999814033508,1.0,1
11872,JS1358431,"Over and over over many years Trump has denounced David Duke and the neo-Nazi movement in American.   

Growing up in New York and having long been a supporter of Democrats like Chuck Schumer before becoming the GOP standard bearer and with a track record of employing and befriending people of all races including Jews such as his son in law and now his own daughter, it is totally absurd to claim that Trump is a Nazi sympathizer.  

Today the Globe editorial board reached a new low in its editorial comments.  

Here is a brief but compelling history of Trump denouncing David Duke, the KKK and related right wing extremists.  

Will we ever see or hear Obama renouncing racist left wing extremist groups?  

I think not.  

https://youtu.be/XgtxrCD9iCk",0.4144000113010406,0.0,0
11767,JS339658,"Israel is seen as a pariah and comparing her to many of the regimes you mention is almost comical. Sadly the Jews have been the scapegoat for all the problems in the world forever.
Imagine if the Palestinians made peace with Israel? What would the rest of the Arab world be able to complain about?",0.5530999898910522,0.0,0
12164,JS1346818,"Yes...the Democrats made the neo-Nazis rally....
Just like the Jews made Hitler invade Poland.....it wasn't racial hatred...really...
The Democrats made that boy run over those people and kill that girl....
The Democrats made Mr. Trump condone the behavior....
Darn Democrats...",0.968999981880188,1.0,1
12096,JS543513,So headlines that include 'dangerous faggots' 'renegade jews' or 'muslin rape culture' aren't racist???,0.9660000205039978,1.0,1
11882,JS1721750,"The far right of the Israeli lobby in Canada also supports annexation of conquered territory, a blatant violation of international law.

B’nai Brith, quoted in this article, claims that the occupied West Bank is ""indigenous homeland"" to Jewish vintners.
http://www.bnaibrith.ca/b_nai_brith_lauds_federal_agency_for_upholding_ruling_on_israeli_wines",0.1668000072240829,0.0,0
12193,JS1219138,"(((they))) are the problem, nothing changes.  Its tribal.  Open your eyes.  Its the jews, they are all jews",0.9700000286102296,1.0,1
12411,JS799007,"Before jumping to conclusions, do some research on Ian Eisenberg and Omari Tahir-Garrett, both of whom have colorful histories. Eisenberg has a long history of what might be called sleazy capitalist stunts (i.e. ripping off people). He's the stereotypical money-grubbing Jew.

Omari has long represented the black community as an outspoken activist and Seattle School Board candidate. He earned notoriety when he clobbered Mayor Paul Schell with a bullhorn, something I think Omari deserves a gold medal for.

In the meantime, stop using that stupid, meaningless word ""anti-semitism."" When I ran for Governor last year, the first work in my Voters Pamphlet statement was ""Jewarchy.""  Google it.",0.6852999925613403,1.0,1
11953,JS1404750,"While the author worries about ""Islamaphobia"", the chief rabbi of Barcelona says the Jewish community there is doomed because of radical Islam and the lack of official responses to it.  I guess Mr. Yakabuski has chosen sides in this, and the losers will be moving to Israel soon, before it's too late.",0.7208999991416931,1.0,0
12155,JS1145920,"The Press since the 1960's has betrayed their obligation to both the American people AND Constitution. They are supposed to be an unbiased source of information. Instead, they have become a overpaid narcissistic group of losers who think they can shovel biased, fake and fraudulent news to Americans. Today, even locally it is NOT about facts but entertainment and ratings. As CNN (Clinton News Network) CEO recently was caught on tape saying, 'America voters are idiots.' 50% is rather low as far as I'm concerned. I'd be willing to say 99% of the media is anti-Trump, anti-American, anti-Christian, anti-Israel and pro-Democrat. In short, the American media is a pathetic, Godless, mouthpiece for the perversions of Democrats and Hollywood 'elietes.'",0.9539999961853028,1.0,1
12422,JS841616,"The Imam quoted in the article hosted last year an Egyptian ""scholar"" who calls for slaying of Jews, and destruction of Russians, Hindus, Shiites, Christians, Americans, Europeans.",0.9330000281333924,1.0,1
12116,JS1707651,"There is no history of moral thought on transexualism. The surgery is a 40 year old thing. Granted, behaving in the other sex is not a new thing, but now it seems that it was natural for those people, not a volutary perversion, so the centuries of teaching need revamping, much like how original sin needs some revision in light of Darwin’s findings and the modern scriptural scholarship that shows Eden was meant to be myth, not history, and that Leviticus was as much cultural teaching as moral in order to preserve the Jewish nation in exile. We can chose to reject new fact, like the idiot Pope Pius IX or we can adjust where necessary.",0.6607999801635742,1.0,1
12136,JS1544157,Every one of these hate hoaxes since the election have been staged by Jews themselves,0.9869999885559082,1.0,1
11873,JS1792447,This bigot is the career politician who voted against equal rights for same-sex couples. How can she hope to represent all the folks in Hawaii when she discriminates against this minority. Who is she going to discriminate against next? How about Jews or African-Americans. We don't need bigots like her representing us when there are many other decent people who we can vote for.,0.5777999758720398,1.0,0
12141,JS417264,"I love how the anti-Semites on this comment board are attacking Israel and the Jews but ignoring the article right below it on the web page on Russian bombers attacking Idlib today.  You know that these commenters don't care a whit about Arab lives or rights, just attacking the Jewish State.",0.58160001039505,0.0,1
11935,JS1171775,"I attend a Pontifical High Mass celebrated by Archbishop Lefevbre many years ago, when  he visited St. Marys, KS.  It was quite a show, more like watching a baroque opera, than something instituted by a Jewish carpenter in 1 CE Palestine.",0.0988999977707862,0.0,0
12297,JS644846,"Exactly Dunny! Why shouldn't they? I totally support Sharia, and I'm glad you do too!

Come to think of it, however, I'm really sick of those ultra-conservative Jews and Christians forcing their values down everyone's throats, so let's eliminate their special treatment.",0.9660000205039978,1.0,1
12266,JS1546589,"The n-word is legal too, but no one is going to use it on here because he/she'd be banned, probably, for lack of ""civility."" I don't see Anti-semitic speech as any more ""civil"" than the n-word. I would think that slurs against Jews would be removed just as readily. 

For the RG to allow such language to remain taints the newspaper by association, which is really not useful now that the ""President"" has reopened the Pandora's Box of white supremacism. 

The same is true of homophobic slurs, and slurs against other minority identities. These are not civil speech.",0.5465999841690063,0.0,1
12151,JS546586,"We apparently are too stupid to differentiate between Muslims coming here to escape the islamists, and the islamists themselves. That is like not being able to distinguish between the Jews fleeing the Nazis, and the Nazis. The former should be welcomed, not the latter.",0.9700000286102296,1.0,1
12210,JS538352,">  hates Jews
>  tells people to vote for Trump ""because Jews""
>  Trump's closest advisors are observant, pro-Israel Jews (Jared Kushner and Michael Cohen)
>  incontinent left points to goons like this guy to claim that Trump is antisemitic
>  Trump invites PM of Israel to WH and was the second foreign leader he called",0.8999999761581421,1.0,1
12150,JS417267,"There is a video, still available online, where a Palestinian is lying on the ground, seriously wounded and obviously no threat to anybody. An Israeli soldier casually walks up to this guy and puts a bullet in his head. If this is the kind of 'training' they get, and the army does nothing about it, then in my opinion they are just as bad, if not worse, than the terrorists. I am tired of living in a world that has been turned upside down to protect a few hundred thousand Jews who apparently can't even control their own government.",0.9679999947547911,1.0,1
11876,JS1219158,"Interesting question, given the Merchant of Venice tones to your name, portia: do you feel the same about the Jewish cemeteries in Montreal?

Other interesting observation: your comment ""All this clamouring for attention 24/7 leads to resentment"" was the kind of thing said about European jews in the early 20th century.",0.1653999984264373,0.0,0
12354,JS694325,"I don't recall from history classes -- how many good Germans/Aryans spoke up in the early stages of Hitler's plan to oppress, remove, eliminate and exterminate the Jews?",0.6552000045776367,1.0,1
12435,JS1158979,"While making his propaganda film, the man did not learn the lessons from Auschwitz.
Yes it is good to have a strong army to protect ourselves and defend other who need help.
Nazi Germany  was not in response to an invading army. The horror was it's own government and army turned on it's own people and then turned on other countries.
They murdered their own people, Jews. Not because of an invasion, but because of fear, prejudice and hate. They demonized the Jews, intellectuals and others (press) and blamed them for their economic  and other societal problems. Then they invaded other countries and imported more people to kill.
Substitute Muslim for Jew. His demonization of another faith proves the man learned nothing. 
How pathetic. And embarrassing.",0.9020000100135804,1.0,1
12407,JS336810,"It's the leftwing of the Labour Party and the LibDems who are anti-Semitic in the UK. The term ""Zio"" is often used as an acceptable word for Jews living in the UK,; Corbyn's brother has done this. Labour are going after the Muslim vote.

Saunders has been preaching for years that Europe has nothing to fear from Islam; a religion openly hostile to Jews and Christians, as well as gays and women. 

Another article from Islam's useful idiot.",0.9399999976158142,1.0,1
12139,JS1365667,"Sure, because ""very fine people"" march with nazis and white supremacists carrying torches, chanting ""we will not be replaced by jews!""",0.984000027179718,1.0,1
11920,JS461694,"The attack by Jewish extremists on the King David Hotel is considered an act of terrorism for two reasons. First, because the target was largely of a civilian nature. The majority of the hotel was largely taken up by civilian administrative personnel; only a few offices had any military function. Second, because the perpetrators were a Jewish extremist group that committed atrocities throughout Palestine. They were referred to as terrorists by foreign organizations, the media of the day, and even by Jews themselves: ""Leaders within the mainstream Jewish organizations, the Jewish Agency, Haganah and Histadrut, as well as the British authorities, routinely condemned Irgun operations as terrorism and branded it an illegal organization as a result of the group's attacks on civilian targets.""",0.2854999899864197,0.0,0
11905,JS1582916,"The Mormons share the same basic lie as the Judaeo/Christian mythology:  Their commandments were delivered on tablets that were lost, while the Ten Commandments, which Moses supposedly received from God, who presented himself in a burning bush were written on stone tablets.  Then, conveniently the Mormon tablets disappeared, and--if I recall correctly--Moses destroyed the Ten Commandments tablets.  What a convenient coincidence that there's no objective proof that either ever existed. As the saying goes, ""It's easier to believe than learn.""",0.6496999859809875,1.0,0
12127,JS1560144,"To dismiss ""conspiracy theories"" is to assume there are no conspiracies.  This is a conspiracy, and the bankers are a part of it.  Some of them happened to be Jews, but most Jews aren't bankers.  Read ""The Creature from Jeckyl Island"" before you dismiss the idea.

But no, welfare moms are the useful idiots in the master plan.  They're paid well to be reliable voters.",0.8999999761581421,1.0,1
12138,JS1294382,"You're incorrect.  The taxes addressed by Jesus were Roman taxes, an invading, occupying army for a state that gave nothing to those Jews in their homeland.

""Our"" government is not an invading, occupying army for a state that gives nothing to us.  Or, it's not supposed to be, however, it does resemble such quite a bit.  ""Our"" government is supposed to be for ""us.""   Therefor, ""render unto Caesar"" does NOT ""support"" taxation, but it supports people recognizing power, even unfair worldly power, and choosing wisely.    

You gotta love those lyin' Christians who twist the bible to support their evil beliefs and actions in the world.",0.8644000291824341,1.0,1
11995,JS1673394,"In order to understand the term ""islamophobia"" we must also understand Islam's own misogyny, homophobia, hatred of Christians, Jews, Hindus, Buddhists, Europe, America, democracy, dogs, free speech, human rights and everything else not permitted (haram) by Islam.",0.9710000157356262,1.0,0
11753,JS652787,"Did you read the above link about Gorka?  Do you think it is okay for the Trump administration to associate with such a person?  

Moreover, there has been an outbreak of hate crimes and antisemitism since Trump's election.  This includes incidences of people being killed as happened in Kansas City, threats against Jewish community centers, vandalism of Jewish synagogues and the cemeteries, etc.  This all happened after the election and is directly connected to Trump.  Alt-reich bigots certainly feel okay to spread their hate now that Trump is POTUS in away they didn't while Obama was in charge.  

Finally, the Muslim Ban and indiscriminately rounding up Latinos and demanding the papers of dark skinned people do nothing to prevent terrorism or increase law and order.  These are acts of discrimination against minority populations.",0.5934000015258789,0.0,0
11958,JS1470921,"There are no ""supremists"".  The word that you are looking for is ""supremacists"".  It was used a number of times in the article.  Feminist/Quebec/Jewish/Chinese supremacists?  You're funny.",0.3215000033378601,0.0,0
12057,JS429695,"""Obama and Kerry have been happy to ""stand idly by"" for mass murder, decapitations, burnings, sex slavery, ethnocultural cleansing, etc, etc, etc. But put up a Jewish subdivision and all of a sudden they're not going to stand idly by, no sirree.""

Mark Steyn",0.6496999859809875,1.0,0
12149,JS9189,"how shameful, a jew practising eugenics",0.9869999885559082,1.0,1
12120,JS864072,"Man can live in peace and harmony without any god, but no god can exist without a con man and a fool. Remember, yo are brainwshed from the cradle to the grave about gods (sky people) and a zombie. Try and explain to 7 million jews, there is a god. Good luck. Yes, I am an Atheist, as I have studied the three main religions in South Africa, and they all confirmed my suspicions. There is NO purpose to life, except survival and procreation.",0.785099983215332,1.0,1
12332,JS341952,"There is nothing uncivil about this comment:

The worst antisemites in the world are Israel's criminal regime and its supporters.

Their program of cruelty and madness denigrates Judaism, strips Israel of its legitmacy in international law, and unnecessarily costs lives among innocent Israelis.

The zionist antisemites come in two varieties:

-There are nutbar Jewish zealots whose religious mania convinces them they have some twisted right to steal the land of another people.

-There are wingnut Xtian nutbars whose religion tells them the conflagration of destruction and hate they deeply desire will come to pass when Israel has stolen the land of another people.

It's creepy seeing these two natural enemies cozy up to screw up the whole world, and amazing how they can ignore the elephant in their room.
 
Both those gangs are only too happy to sacrifice all of Jewry on the altar of a mad ideology of either zionist determinism or Xtian armageddon, and that makes them antisemites.",,,1
12410,JS168737,"Yes indeed. The New Black Panther Party is a virulently racist and anti-Semitic organization whose leaders have encouraged violence against whites, Jews and law enforcement officers.",0.975000023841858,1.0,1
11819,JS1270437,I find it ironic that Jewish culture seems to celebrate Chinese food including pork.,0.3655999898910522,1.0,0
11943,JS1017884,"Yes, ethnic group. That's why a Russian Jew looks so much like an Ethiopian Jew. lol",0.5530999898910522,1.0,0
12128,JS648159,"hey, imam can call for death of Jews at this mosque (notice how they do not give you those details... all hush hush, right?) and NO POLICE INVESTIGATION and 12 people protest the mosque for it and POLICE INVESTIGATION>
Is Canada heading to European system where complaining in public about Islamic terrorists and Islamic hate gets you fined and/or jailed?
If so, the Islamists win. By the way, what about all the Jewish hate by the left at the universities in Canada... isn't that a hate crime... shouldn't they be hauled before the hate court?",0.9549999833106996,1.0,1
12088,JS381065,"""That millions of Palestinians have languished in refugee camps abroad""
That and the ease with which terrorists in the middle east - ISIS, al Qaeda, ... - are able to use the occupation of the West Bank to recruit new fighters must suggest to reasonable people that the current policies of the Israeli state are a permanent incitement to terror and violence in the Middle East, Northern Africa and around the world.
Those policies only exacerbate the threat to Jewish people world wide that they were proposed to eliminate.",0.3856000006198883,0.0,0
12192,JS1359168,"Didn't think the police arm themselves to kill Jews, Blacks, and any other races opposed to white supremacy.",0.9869999885559082,1.0,1
12102,JS729469,"Silly DannoBoy.  Spakovsky and I both oppose Chin's work.  We both call Chin a hypocrite for claiming that Trump singles out one ethnic group for special treatment, even while Chin himself (and Danno) defends how his own State of Hawaii singles out one racial group for special rights and benefits others cannot have.

Perhaps Danno would agree with me and Spokovsky that refugees who are Christians, Buddhists, and Jews who live in Yemen, Sudan, Somalia et. al. should be vetted as carefully as Muslims, because we agree that those countries are so chaotic that their governments are unable to do proper vetting.  Yes, Danno, we must make sure that no Christian, Buddhist, or Jewish terrorists can come to America.",0.7746000289916992,1.0,1
11931,JS922735,"Yes, rituals are important (and very easy to mock), especially when a message involves things that we find uncomfortable to talk about, like sin; or when important things have happened that are difficult to comprehend, like transubstantiation.  I'll leave it to the psychologists and theologians here to explain why.  But that the oldest and most followed religions have rituals and large, ornate places of worship is no accident.  

That Jesus was a Jew who taught in the temple suggests that he was supportive of ritual.  The last supper was a ritual of Judaism and Jesus' new religion.",0.120399996638298,0.0,0
12380,JS421855,Plenty of difference. Palestinians stab innocent Jews in Israel who are going about their day-to-day lives.,0.8486999869346619,1.0,1
12094,JS869623,"""...pander to Jewish voters..."" - Alceste  My, my, look at the racist who usually hides under his thin veneer posing as the resident intellectual poo-bah dispensing truth and wisdom for  us lesser beings. Commentators on the Left not only continuously demonstrate reverse-racism against whites, Jews and older white males in particular - even when they themselves are washed-up old legal beagles - their complete intolerance for any view other than a so-called Progressive one - about as progressive as Communism ever was in its heyday (newsflash - the Dream is over), is sadly ironic. It is also rather comical to watch them bow and scrape to the multi-culti god they have created out of their deep and pervasive ignorance, shame and self doubt regarding our shared Western cultural heritage - the most progressive on the planet when compared to the truly xenophobic Middle Eastern and Asian cultures that either do not allow immigrants or do not grant citizenship.  Wake up Lefty ""useful idiots"".",0.9629999995231628,1.0,1
12316,JS511166,"You're an idiot! Oh no the sky is falling! You know their is congress right. You comparing this to 1940 Germany is insulating to the Jews that were exterminated. My grandpa lost his sister, aunts and other loved ones during this time. So stop with the BS you sound like a mental case.",0.9940000176429749,1.0,1
11893,JS1760351,Jewish is a religion and not a culture or country of origin. The country of authenticity should be the declaration.,0.2418999969959259,0.0,0
12271,JS799007,"Before jumping to conclusions, do some research on Ian Eisenberg and Omari Tahir-Garrett, both of whom have colorful histories. Eisenberg has a long history of what might be called sleazy capitalist stunts (i.e. ripping off people). He's the stereotypical money-grubbing Jew.

Omari has long represented the black community as an outspoken activist and Seattle School Board candidate. He earned notoriety when he clobbered Mayor Paul Schell with a bullhorn, something I think Omari deserves a gold medal for.

In the meantime, stop using that stupid, meaningless word ""anti-semitism."" When I ran for Governor last year, the first work in my Voters Pamphlet statement was ""Jewarchy.""  Google it.",0.6852999925613403,1.0,1
12274,JS757969,"Some kids in Ontario are being taught Islamic studies ( only)  in their classes and if parents or kids say anything they are called racists. One child who is christians didnt want to make cards for EID he said they don't make cards for me on Christmas, Easter etc , I just want to do my school work he was chastised by the teacher and sent to the principal for not participating. Christians kids don't have a choice.   When will the Imams stop spewing hate against the unbelievers and jews?  4-5 Imams this month have been caught preaching hate and death. Not sure why this is ok",0.8080999851226807,0.0,1
11964,JS695319,"Russian media printed that Christina Freeland's grandfather was Michael Chomiak.  That same Michael Chomiak (not his namesake) was an editor of a Nazi newspaper in Krakow during the war. The newspaper printed many anti-Jewish articles.

The first point can verified in wikipedia. The last two in Holocaust museum in LA which has copies of the newspaper issues: http://www.lamoth.info/?p=collections/controlcard&id=22

Where is disinformation?  Freeland doesn't repudiate allegations, but avoids answering the question.",0.0702999979257583,0.0,0
11803,JS239478,"Here is another interesting quote from MacCulloch's book (on page 666): ""Luther's writing of 1543 [ON JEWS AND THEIR LIES] is a blueprint for the Nazis' KRISTALLNACHT of 1938. It recommends that in retaliation for Jewish obstinacy, synagogues should be burned, Jewish literature confiscated, Jewish teaching forbidden, and vengeance taken for the killing of Christ."" All that on page 666! 

I find MacCulloch's book, SILENCE, A CHRISTIAN HISTORY, equally insightful.",0.4641999900341034,0.0,0
12263,JS1358439,"Oh, come on, Thatcher - you didn't even mention the current Jones/Infowars conspiracy theory that Jewish actors were impersonating the white supremacists, KKK and Nazis to discredit them. You're slipping.",0.7208999991416931,0.0,1
12048,JS935536,"Aaron Mills ?
did he culturally appropriate an Anglo-Saxon surname and Judeo-Christian first name
Irony?",0.1140000000596046,0.0,0
11988,JS558887,"""To suggest that the Quran more than the Bible or the Talmud promotes intolerance is simply unfounded.""

While it is true that the Jews and Christians disparaged one another, the extent of the condemnation of disbelievers (Jews/Christians/Polytheists) is the most persistent incessant theme of the Quran. The Quran is promoted as god's words pertinent for 'all people for all time'. 

While I reckon the relative amounts of disparaging 'the other guy' is an important comparison metric, the more important issue is intransigence as the Quran is promoted as being the very words of god. Rabbis had a crack at Jesus, and Christians had a crack at Jews - they were the words of adherents; but the Islamic cracking is being done by god's own words, allegedly. It's that authority that ingrains intransigence, the unacceptability of exposing Mohamedic foibles, the resulting imposition of Quranic values backed by Jihadi mentality and uber-sensitivity about 'Islamophobia', that causes so much concern.",,,0
12196,JS659954,Hysterical over-reaction EXACTLY describes the targeted Liberal Islamophobia motion rather than encompassing all religions....... this just after Imams in Canada were discovered targeting their hatred and calls to kill Jews.,0.9769999980926514,1.0,1
11889,JS1046085,"""“I think it’s ridiculous in this day and age to be protesting a religion,” she said. “It just doesn’t make sense.”

You mean the way the majority of middle easterners protest the Jewish religion? Or the past protests of the Latter Day Saints? It happens everywhere......",0.5633000135421753,1.0,0
12360,JS628086,"I'm shocked this is the only thing he ever said that has any value

But he still won't succeed in doing a thing about it

Now when you say that Mosque who preached death to Jews and Trudeau hasn't done a thing about it
HE SURE AS HELL HAS !, He's allowing more Islamic's to come to this country, saying one thing and doing another.
With Jews we don't have terrorists with Muslim's we have terrorists !
Impeach the man, and their whole government as it is a fraud, 
God is supposed to have put these men in government to achieve a specific agenda, Well hes put him in there for the dumb people who don't love the real God of love, That's idiots who don't believe in God. It's you dummies who would rather throw out the God of love and have the false God secretly know as the man of sin, as he walks around to day dressed in robs and and saying all kinds of blasphemous things against God.
You will pay for what you are doing and only concerned about your little paradise. .",0.9470000267028807,1.0,1
12073,JS985895,"I'm Jewish, but I don't think people need a refresher course every Memorial Day on how much evil the Germans did during WWII.",0.2678000032901764,0.0,0
12347,JS1353440,"More than a ""wink""  one  neonazi site said he had a Jewish gun to his head to make the speech.",0.7132999897003174,1.0,1
12007,JS796013,"When's the last time Jewish people rioted, let alone killed someone, over a slight to their religion?  Never.  Same thing with Christians, Hindus and Buddhists.

The laws that prohibit Holocaust denial?  They were enacted by the non-Jewish leaders of European countries, who were presumably disgusted with the Holocaust complicity of some of their fellow citizens.",0.3682000041007995,0.0,0
12344,JS417876,Supplemented by the Jewish truck drivers attacking Christmass parties,0.9900000095367432,1.0,1
11929,JS633778,"So is that why the Catholic church didn't excommunicate Hitler [Austrian Catholic] for his extreme bigotry against Jews and other peoples like the Roma, when he ordered the erection of Death camps?  Bigotry leading to ethnic cleansing and mass murder is not an excommunicable offense?  Really?


As long as there are people whose sense of morality only begins at the waist and goes down---that's how long it will take for the institutional Catholic church to realize that 'it needs to go to Confession'.",0.453900009393692,0.0,0
11762,JS438383,"The endgame is already written for this one.  When the Jewish settlements control enough Palestinian territory, ethnic cleansing will begin.  It will first be informal--assassinations of prominent Palestinians, night attacks, burnings of Palestinian property, destruction of their crops.  Somehow, the IDF will always arrive just a little too late to protect Palestinianian or catch the criminals.  Palestinians will then, in desperation, begin the retaliate against the settlements.  That will be the signal for the Jewish government to begin formal expulsions, first of communities, then more wholesale measures (""Get out while you still can, Arab dogs!"").  This is what religious Zionists (who hold the fulcrum of power in Israeli politics) have always wanted: a ""pure"" Jewish state on Eretz Israel.  And it will put the Jews in exactly the same role as tyrants throughout history.  A light unto the nations, indeed.",0.972000002861023,1.0,0
11836,JS416493,"I do have a radical proposal.  For the next decade no Ashkenazic Jew is allowed to hold public elected office.  Only the Sephardic Jews are.

This just might enable peace in the ME to be achieved.  The Sephardic are closer to the Palestinians in culture and heritage.  Could this lead to peace, it is worth trying.",0.5088000297546387,0.0,0
12072,JS1027066,I'm pleasantly surprised that the measure passed 90-0! Does this mean that congress is finally recognizing the fact that Jerusalem belongs to the Jews and to Israel? That's fantastic! God Himself gave them that land and that city. 😀,0.1389999985694885,0.0,0
12240,JS442969,the homeless jew is homeless becouse he is a ex-offender.......,0.9300000071525574,1.0,1
12076,JS421377,"SAD - the usual biased pro-Israeli tripe from MSW.  

Note - MSW provides no documentation for his biased allegations - they appear to align with the Israeli right wing.  No mention over the past two years of the multiple Bibi interferences into US government that have broken all precedences;  no mention that Bibi's government has alienated significant sections of Israeli society including responsible IDF, Mossad leaders.

Simple proposition - either a two state solution or Bibi's right wing solution.  MSW fails to list the repeated Bibi decisions on settlements that have violated consistent UN resolutions for 50 years (instead, we get his repeating Eban's quote - guess what, that quote could also apply to Bibi's decisions).

FACTS - Most of the world is opposed to Israel’s construction of Jewish settlements in lands it seized in the 1967 Mideast War.  Usually, US vetoes these resolutions (which makes us an outlier) - this resolution was first to pass in 36 years.",0.1747000068426132,0.0,0
12351,JS93262,"Google Mussolini for the visage and orations of the original ""Trump"".  Just add hair and the arrogant stance and pose is almost identical.  The Italian Mussolini was the real creator of Fascism.  Hitler's Nazism just expanded it to include full German military might and demonizing of Jews to provide a scapegoat justifying genocide and continental conquest.  Germans were just more efficient than the Italians.  Mussolini(Il Duce) is the perfect ancestor of the One-Man rule arrogantly expounded by Trump.  Every Conservative in this nation yearns for the return of Royal King or All-powerful Caesar as their preferred governing system without all of those pesky human rights restrictions.",0.4684000015258789,0.0,1
12097,JS631242,"Like his late dead daddy, JT must be anti-semitic.  He has remained silent to the Montreal guy who says we should punch Zionist Jews in the face.  If he promises to really do it, I would go to Montreal and he can punch me.  Guess I could punch him back.",0.9929999709129332,1.0,1
12319,JS863522,"The holohoax (sic) didn't happen, but the holocaust, in which the NAZI's gassed, starved and shot 6 million Jews did indeed happen. You can admit this irrefutable truth and still be proud of your German heritage, Mr. Groth.",0.2633000016212463,0.0,1
12391,JS756367,"It's like saying ""I don't hate Jews, I hate Judaism"".
Fools no one.",0.9010000228881836,1.0,1
12186,JS662348,"This is certainly true, according to St. Paul.  Thus we find no condemnation of the Romans for executing Christians who violated roman law by following their banned religion, while we must condemn those who violated the laws of the land in the 1940s by harboring jews and others in violation of the laws of the lands.  Or perhaps this is an overly simplistic view underpinned with St. Paul's idiotic opinion on law.",0.8080999851226807,1.0,1
12031,JS1758166,"In order to understand the term ""islamophobia"" we must also understand Islam's own misogyny, homophobia, hatred of Christians, Jews, Hindus, Buddhists, Europe, America, democracy, dogs, free speech, human rights and now even Canada, and everything else not permitted (haram) by Islam. Even open and blatant racism against white people is now halal  (permitted) .  They want us to believe we are the bad guys. 

https://www.youtube.com/watch?v=pU7FtJ64z2Y",0.9509999752044678,1.0,0
12279,JS1546589,"The n-word is legal too, but no one is going to use it on here because he/she'd be banned, probably, for lack of ""civility."" I don't see Anti-semitic speech as any more ""civil"" than the n-word. I would think that slurs against Jews would be removed just as readily. 

For the RG to allow such language to remain taints the newspaper by association, which is really not useful now that the ""President"" has reopened the Pandora's Box of white supremacism. 

The same is true of homophobic slurs, and slurs against other minority identities. These are not civil speech.",0.5465999841690063,0.0,1
12017,JS156243,Ironic to see Miss Blair here with her usual undefended smears of Israel and Jews when she is the reason I stopped reading civil beat in the first place!,0.3463000059127807,0.0,0
12143,JS461812,"ya thats it blame the jews for living in thier own land, what bs",0.9359999895095824,1.0,1
12308,JS1353454,"Your premise is truly stupid. No one was removing the statue at that time, and the march of the NAZIs and KKK was through the racially integrated University of Virginia. The chants were ""You won't replace us"" and ""Jews won't replace us."" It was a white supremacy march against an America where black and brown people have equal rights. It wan't about some cheesy statue of a general who became a traitor to the nation of his birth, the United States of America.",0.968999981880188,1.0,1
11800,JS1365407,"Watched an interview on TV in which one of the organizers showed the reporter the guns he had on him in holsters and on both ankles, along with a knife. He said the killing was justified as the driver was just trying to get away and the people there were too dumb to move. He said they are planning more marches and more people will get killed. In another report, a Nazi repeated their false news that ""the Jew George Soros"" brought in paid protesters dressed to look old and weak; that the police were paid off by ""the Jew Soros"" to push the Nazis into the counter protestors forcing the Nazis to fight for their lives (the Nazis beat the older counter protestors handily according to some off duty police officers). He said police with guns drawn chased the driver of the car into the crowd deliberately to create the crash that led to death. Next time they will  be prepared to punish the counter demonstrators and they will load their guns (they claim their guns were not loaded this time).",0.5530999898910522,1.0,0
12267,JS769633,"In my country, Mexico, in University, if i had given to a prof a piece of work that would paint a whole people with the same brush, like saying that all jews are pathologically greedy, i would have gotten a ""F"".  Not more.

But here in Canada, the head of a Major institute can do exactly that.  And if he has to resign, then the whole country is up and arms.

To ""Canadians"", saying that a WHOLE people is ""pathologically alienated"" is less tragic than the dismissal of an individual who, by the way, keeps his job as a prof.

What is the problem with this country ?  Who are the real alienated people ?",0.5196999907493591,0.0,1
12153,JS1512067,"Facebook Allowed Advertisers To Target ‘Jew Haters’.png
Today, ProPublica published a bombshell report showing how Facebook allowed advertisers to select anti-semitic categories to target certain users. Facebook apparently has ad categories such as:
*Jew Hater
*How to burn Jews
*History of why Jews ruin the world
Really.
Well, if you are trying to target groups of Nazis, White Nationalists or just super angry white guys who want to dress in matching polos and khakis while carrying tiki torches, you may want to select these categories. And Facebook is totally there for you!
At the end of the day, Facebook is a business and their product is YOU, the user. They will take any money they can from advertisers, because that is their business - selling access to you. So if you are a Nazi, they will market that. And to the right company/group/political candidate/hostile foreign government working on behalf of a political candidate, that is what they are looking for - Nazis.",0.7372000217437744,1.0,1
11756,JS586219,"This November 2 will mark the 100th anniversary of the Balfour Declaration. One of three documents of British desperation in WW1 promising control of Palestine to three different groups, in the hopes of changing the tide of the war they were losing.

With the Sykes Picot treaty they hoped France would stay in the war.
With the McMahon correspondence they turned some Arabs against the Ottomin Empire.
With the Baldour Declaration they promised Zionists a nation to bring the United States into the war.

A promise Britain was reminded of in 1936 through a paper published by Samuel Landman entitled ""Great Britain the Jews and Palestine"".

The Declaration of Israel in 1948 referenced it and began the last 69 years of war in the Middle East.

Why do we support a stolen racist apartheid state acting like terrorists?

For what other reason than conspiracy is the evidence of history and science censored under the threat of persecution?",0.3759999871253967,0.0,0
12445,JS640472,"He should have condemned first and foremost the POTUS himself who, no later than last week at a press conference, broke loose on an Orthodox Jew journalist trying to ask him a question, qualifying twice his question (that the poor guy was unable to complete) as ""disgusting"".",0.8486999869346619,1.0,1
11967,JS1362724,"WesternPatriot, the Germans do not need to have statues of Rommel and others; they have plenty reminders of the most evil Government in German history.  Just visit all the concentration camps and the Jewish memorial in Berlin  which survivors might find difficult to visit. Go see some of these places and feel the goose bumps all over your skin. We must not erase history as difficult as it is.",0.1094999983906745,0.0,0
12230,JS1237843,"If the Jews are eliminated, then the Nazis are OK (?)",0.930999994277954,1.0,1
12118,JS417752,"Part of the Israeli outrage against Obama is his despicable deliberate disrespect of Hanukah the Jewish holiday which began Saturday night marking the liberation of Jerusalem from Antiochus the SyrianGreek king 2,200yearsago,&re-dedication of the Temple. Mllions of Israelis kindled the 1st light and then watched the news (not having watched on Shabbat) and saw the worldwide declaration which Obama initiated (behind the scenes), stating the illegality of the Jewish presence in that very place, in old Jerusalem & the Temple area including the Western Wall - Obama channelling Antiochus. Then Netanyahu upbraided the ambassadors, &they complained it was done on Christmas - hiding behind its sanctity like terrorists use their own civilians as shields. And their declaration on Jesus's birthday makes him into an illegal Jewish settler, & his family international criminals for building their home in Bethlehem. Shame on all the UN hypocrites for defiling the sanctity of both Hanukah & Christmas.",0.6194999814033508,1.0,1
12113,JS221350,"So Eugene IV's Cantate Domino is still in full force. It says that Jews are automatically going to Hell. No ifs, ands or buts.",0.8080999851226807,1.0,1
12114,JS1349454,Donny D'Bag is an illiterate Jewish nobody who wishes he had 1/10 of Trump's money.,0.9100000262260436,1.0,1
12066,JS429026,"Maybe you should discover the real meaning of the word abomination. 

The point is, these laws came into being in a Jewish community abutting the Canaanite culture that had been occupying the area in question. This was also a period of intense competition between monotheism and paganism. The catalogue of sins refers to the activities of the Canaanites.  The religion of the Canaanites was cultic, sacrificial, sexual, directed toward agricultural success. That there was animal and child sacrifice to Molech has been established.",0.2558999955654144,0.0,0
11987,JS424756,"I am comparing the Jewish religious establishment of Jesus' time to many of the teachings of our church----yes!

Do not assume that Jesus and the Church are the same thing.  They are not.  The church has and often still does, commit major sins.  And I am not just stating what the laity do----the hierarchy in the past, and today, committed/commits Mortal sins [sadly, it took the civil authorities and the press to bring that to light.  The hierarchy on its own would NEVER admit its criminal complicity].   The hierarchy of Jesus' time saw themselves as the authority 'who sits on the seats of Moses' [the lawgiver].  Even Jesus stated that.  But the Jewish religious authorities sinned.  And so has our church.  

2) We should strive to follow Jesus' teachings, yes.  But we should also be aware that Jesus told Peter [and his successors] that what they loose on earth will be loosened in heaven and what they bind on earth will be bound in heaven.  It is time to loosen some of those ties.",0.3594000041484833,0.0,0
12003,JS697353,"So if you were in Germany, in the 1930's,  would you go marching down Prince Wilhelm Strassa carrying a sign ""Free the Jews""?

The Brown Shirts, experts in ""crowd control"", would make sure you were ""protected"", while the SS would be happy to accommodate you, in one of their ""camps"".",0.1805000007152557,0.0,0
11910,JS1283247,The Germans today are the same blind brainless follow-the-leader sheep they were in 1933 and throughout their history.   The self-destructive insanity of Merkel's immigration policies is just as insane as Hitler's policies. The only difference is that Hitler sought genocidal extermination of the Jews and others while Merkel and her German sycophants seek to exterminate themselves (and the rest of native Christian Europe).,0.9789999723434448,1.0,0
11796,JS638935,"Jared and Ivanka also attended the various inauguration events on the Sabbath.  Supposedly they  were given an exemption under the principle in Jewish law of pikuach nefesh (sp?), which suggests preserving the safety of a specific person over any religious consideration.  This exemption is only really given to save a life. Not to attend a ball.",0.1164999976754188,0.0,0
12365,JS544994,"And YOU can't keep defending him as if he is a paragon of virtue. In fact, he is narcissistic, ignorant, lying man. That at least one of his closest advisors is a racist and antisemite does not seem to bother you. Well, as the descendant of two of the Jewish victims of Auschwitz, it bothers me.",0.9890000224113464,1.0,1
12082,JS556972,"Yes and historically the Jews kept slaves in their golden years in Palestine before Christ.  Europeans did the same, Americans, Africans etc etc.  So I am sure you have a weak point to make here so finish your thought conveyor.",0.2924000024795532,0.0,0
12209,JS1182266,"Well, Rivers, let's take a looks at the connections here.

The horrors of Auschwitz were perpetrated by a powerful nation (Germany) against a minority people (Jews). The proper echo of that basic pattern (tyranny of the majority against a minority) in modern US politics is the Trump administration determination to remove/prevent entrance to specified ethnic/religious minorities. 

But this moron appears to want to associate his group (white America?) with the persecuted minority, implying that the powerful nations perpetrating the atrocity is Islam? Mexico? 

It's not just offensive to use images of sacred memories for political purposes, the message itself if inverted, perverted, profoundly anti-intellectual. 

How do men like this get elected to the US congress...should the world tremble?",0.7549999952316284,1.0,1
12406,JS9456,"another mental midget equates trump to Hitler, and therein these mental midgets belittle what Hitler did. These mental midgets absolutely disgust and sicken me. It takes a sick demented person to equate a loud mouth jerk getting sucker punched after begging for it, with the genocide of Jews. They have no shame, but then again, they have no intelligence either.",0.996999979019165,1.0,1
11826,JS1332746,"Hey, you get a full day off to practice your Sabbath (Saturday if you're Jewish or 7th day Adventist, Sunday if you're otherwise Christian). I don't see you complaining about how those religions force businesses to change. Should we just ignore religious practices in general?",0.2565999925136566,0.0,0
12245,JS418536,"Self-hating Jews subscribe to the Forward. Jews in name only. Artificial Jews. Other than being born to a Jewish mother, you wouldn't know they were Jewish.",0.8999999761581421,1.0,1
11776,JS804436,"So now that I provided evidence we are going back to you arguing your original (losing) point?

I did not disagree with your position that  ""there are cemeteries who do not accept other faiths"". My comment was only and only to your ""Try getting a plot in a Catholic or Jewish cemetery if you are not of that faith."" post. I repeated this a few times. You conceded that non-Catholics can get plots in certain catholic cemeteries. What's more to discuss?

Absolutist? Is that a bad thing?",0.1178999990224838,0.0,0
12425,JS864072,"Man can live in peace and harmony without any god, but no god can exist without a con man and a fool. Remember, yo are brainwshed from the cradle to the grave about gods (sky people) and a zombie. Try and explain to 7 million jews, there is a god. Good luck. Yes, I am an Atheist, as I have studied the three main religions in South Africa, and they all confirmed my suspicions. There is NO purpose to life, except survival and procreation.",0.785099983215332,1.0,1
12436,JS417267,"There is a video, still available online, where a Palestinian is lying on the ground, seriously wounded and obviously no threat to anybody. An Israeli soldier casually walks up to this guy and puts a bullet in his head. If this is the kind of 'training' they get, and the army does nothing about it, then in my opinion they are just as bad, if not worse, than the terrorists. I am tired of living in a world that has been turned upside down to protect a few hundred thousand Jews who apparently can't even control their own government.",0.9679999947547911,1.0,1
12374,JS942897,"J'accuse ! 
Witch!
Counter revolutionary!
Jew!
Appropriator!",0.5465999841690063,1.0,1
12288,JS620155,"Antisemitism suffers from the  same problem as this proposed law. Criticism of Israeli policies is not criticism of judaism. 
All jews are evil = anti-semitism
Israel,has engaged in illegal occupations = not anti-semitism",0.949999988079071,1.0,1
12029,JS842546,"There appears to be some confusion between mandating universal participation in religious events (the Lord's Prayer, Christmas and Easter events) for all students as opposed to simply accommodating specific students' needs for their religious practices (prayer rooms).

I would oppose any attempt to mandate religious participation by all students in any public school. On the other hand, I see no reason not to allow students (Muslim, Christian, Jewish, whatever) to use an unoccupied classroom as a place for prayer.

I don't see what is accomplished by screaming at others or throwing a temper tantrum. Religious accommodation has no impact on the greater student body and is largely unnoticed by people who do not participate. If Christian or Jewish students request an equally reasonable religious accommodation and it does not get approved, I will happily protest with you.

Up to now, I've seen no rational reason to oppose this accommodation except naked religious hatred.",0.4887999892234802,0.0,0
11825,JS759040,"No president has shown such total support to Israel, yet Trump is ""unprecedentedly encouraging of and conducive to the various anti-Semitic elements, movements and individuals in American society.""

I see.

Oh wait, there's that Steve Bannon!   Though he employs many Jewish people, Bannon's definitely an anti-Semite....because his ex-wife said so.....because of a remark he's supposed to have made about the tenor of some school kids.

And then, play the game of pitting one Jewish faction against another, with claims by one that the other isn't authentically Jewish.   Oy vey!

Try try try NCR.   Try  try try......",0.4663000106811523,0.0,0
12373,JS1674960,"It is funny how she went into the bayou trying to pull her ""Jew"" card, and the simple family there immediately teased out of her that she is not a real Jew.  No duh.  No real jews could support Bernie Sanders because he has an openly hostile stance towards israel  as a policy of appeasement.  No Jew would sacrifice Israel just to have a president who believed he could get a congress to pass universal healthcare.  Absurd.  So cool how the bayou family saw through her.  She needs to stop saying she is jewish.  Bernie doesnt..she shouldnt.",0.4350000023841858,0.0,1
11999,JS1716668,"In order to understand the term ""islamophobia"" we must also understand Islam's own misogyny, homophobia, hatred of Christians, Jews, Hindus, Buddhists, Europe, America, democracy, dogs, free speech, human rights and now even Canadian open society  and everything else not permitted (haram) by Islam. Open  hatred against white Canadians is now permitted  (halal) and printed regularly in the Globe.",0.9729999899864196,1.0,0
11968,JS892363,"Virtually identical criticisms have been made ever since the Greeks settled Syracuse and Naples.

Go back a century, to the time of the Manitoba Schools issue, and you will find the same thing.  We had pre-Confederation ""Irish and Dogs not allowed"", ""Bohunks, out!"", ""Polacks, out!"".  We had so much anti-German prejudice that Berlin, Ontario had to change its name to Kitchener.  We kept Chinese and East Indians out by law.  We kept Jews from buying houses, practicing law, playing golf ...
.
You know what?
.
Canada has one of the most mixed, culturally diverse and inter-woven populations in the entire world.  It has made our society rich and resilient.  I work with people from two dozen different countries, everyday, and where they come from doesn't matter to anybody.  We see people for the individuals they are.",0.3224999904632568,0.0,0
12369,JS603028,"WOW!!! I must have missed some stuff that would prove Trump is exactly as dangerous as Hitler was!

When did he invade Poland?

How is he planning the Final Solution for the Jewish people?

What other countries is he planning to invade and occupy?

Is he importing slave labour to the US (stupidly, I thought he was trying to export slave labour back to their countries of origin)?

When will he invade Russia?

Is there a sudden surge in the value of stocks for companies in the gas oven, piano wire and related industries?

When did he ban press conferences and media briefings and place the media under government control (stupidly, I thought he wanted to get rid of PBS and other government controlled media)?

Did your mother have any kids that lived?

(That is a trick question, I know the answer is no.)

P.S. You are one poster I can say with complete confidence who is NOT ""Just as good as me"".",0.7549999952316284,1.0,1
11822,JS163000,Please provide citations for your implied assertion that the Constitution and Supreme Court have not rejected the concept that America was founded on Judeo-Christian principles.,0.0952999964356422,0.0,0
11951,JS1062098,"Look, Bernie has a right to his beliefs, and he has a right to vote according to hose beliefs. And he happens to believe that religious fundamentalists have no place in govt.

If the roles were reversed, and Vought was interviewing Sanders, and Sanders said he was a Jew who did NOT accept Jesus as his saviour, but he DID believe in free, government paid contraception and unlimited abortion on demand, Vought would almost CERTAINLY vote no. And he would be cheered and applauded by those very people who are now castigating Sanders.

Frankly, I am sick of the hypocrisy and the pollyannish political posturing. I am sick of the crocodile tears. Welcome to the new ""War on Christmas.""",0.5011000037193298,0.0,0
12418,JS340100,"Saunders is a huge weasel. Barks ""racist"" at his globalist opponents. Brexit? Racist! Trump? Racist! 

His type are putting Jews in a jackpot. Last time robber barons plundered all the wealth out of the economy causing economic collapse, people blamed the Jews. 

This time around euro-oligarchs created an empire to impose neoliberal reforms and globalism on a continent of largely social democrats who would never vote for the policies. See ""Robert Mundell, evil genius of the euro."" 

What this means is that when people find out what happened many will blame the Jews. Of course, the Jews are not European aristocracy. They've been the whipping boy of Europe since Constantine. 

My guess is that robber baron sociopaths would rather Jews get blamed for destroying the Western economy than themselves. While weasels like Saunders continue to polarize and obfuscate the debate to protect upper crust criminals.",0.7746000289916992,1.0,1
12039,JS1423343,"Thanks again for all your research.  Apparently, it was the ""Aryan"" Christians killing the ""Slavic"" Christians.  And how many times have you heard the tired old excuse that the German people supported Hitler because their paper currency was worthless because of the ""Jewish Bankers"".  Even today, you hear the same thing from the alt-right about  the ""Tri-lateral Commission"" and ""International Bankers"".",0.6552000045776367,0.0,0
12221,JS829994,if i recall christians and jews are considered infidels and despised by the ones who are requesting a mosque in schools,0.58160001039505,0.0,1
12063,JS1360488,"Decades ago, the American Nazi party marched on Skokie, IL to the horror of the large Jewish community there. No violent counter protesters were there, and the march was peaceful.

Today, the violent left anti-protesters think that the right to demonstrate and speak should be determined by them, and their violent acts are used to intimidate those they disagree with. The result is death and mayhem, yet the media blames ONLY those on the right.

The question is ""should we allow free speech for everyone, or not?""",0.2847000062465668,0.0,0
12034,JS557565,"What is going on? Sean Spicer has told dissenters in the State Department to 'Get with the Program' or quit. The dissenters have signed a memo opposing the ban on refugees and citizens of Muslim-majority countries. The memo was to be distributed in the State Department dissent channel which allows differing opinions on policy to be sent. I wonder what would happen if dozens of State Department workers were to quit tomorrow.

Now we have the Attorney General being fired. The American Government is just being rocked by confusion and chaos. We have Donald Trump insulting or angering the CIA, Mexicans, Jews, and Muslims in just one week and two days! What's going to happen in the next four years?",0.4794999957084656,0.0,0
12338,JS527053,"There is no moral equivalence. Arab states did not steal land from Jews, like the Jews stole Arab land.",0.7132999897003174,1.0,1
12214,JS1145920,"The Press since the 1960's has betrayed their obligation to both the American people AND Constitution. They are supposed to be an unbiased source of information. Instead, they have become a overpaid narcissistic group of losers who think they can shovel biased, fake and fraudulent news to Americans. Today, even locally it is NOT about facts but entertainment and ratings. As CNN (Clinton News Network) CEO recently was caught on tape saying, 'America voters are idiots.' 50% is rather low as far as I'm concerned. I'd be willing to say 99% of the media is anti-Trump, anti-American, anti-Christian, anti-Israel and pro-Democrat. In short, the American media is a pathetic, Godless, mouthpiece for the perversions of Democrats and Hollywood 'elietes.'",0.9539999961853028,1.0,1
12159,JS1376447,"Trump doesn't want to be a dictator...he is a dictator.  He has a legislative branch with his own party holding a majority; that does not want to ever reign in this person's megalomania.  He foments the innate fears of middle America - racism, economic and social prejudices, and lays blame at the steps of anyone who speaks out or stands against him.  For those saying that its refreshing that he is saying what's on his mind, that's like saying Hitler was great because he made it clear exactly what his final solution was to the ""Jewish Problem"".  The sad part?  Someone like Trump from his social background, has little love for the average white male that espouses Trump's platform and racially charged diatribes.",0.5633000135421753,1.0,1
12002,JS434339,"Your argument to invalidate Ashkenazi Jews by saying they are not Semites is race-based, hence it is de facto racist.
You wrote that Koestler pre-dated Watson and Crick. WRONG. (Don't you fact-check yourself?) Watson and Crick's pivotal research on DNA occurred in the early 50s and Watson's book ""The Double Helix"" came outt in 1968. By the way, the fact that they wrote a book doesn't make it science. Their research, published in peer-reviewed scientific journals, additional research by other scientists, and the acceptance of the scientific community, THAT makes it science. The book ""The Double Helix"" was a popularization, a very 'popular' one. It said nothing about Jews and Khazars. Zero.

Koestler’s book “The Thirteenth Tribe” came out in 1978. It was not science. It was not scholarly. It was a popular book based on some ancient writings. It did not involve peer review, and was controversial, which it was meant to be.

There is no DNA research that proves Koestler's theories. (cont'd",,,0
12098,JS1097133,"A commie Jew like (((Weintraub))) trying to restrict freedom of speech for the filthy goyim? I'm shocked, I tell you, shocked!",0.6726999878883362,1.0,1
11901,JS1106275,"Personally, I'm cheering for Tough Jews -- a great show from Storefront Theatre.",0.2594999969005584,0.0,0
11739,JS922735,"Yes, rituals are important (and very easy to mock), especially when a message involves things that we find uncomfortable to talk about, like sin; or when important things have happened that are difficult to comprehend, like transubstantiation.  I'll leave it to the psychologists and theologians here to explain why.  But that the oldest and most followed religions have rituals and large, ornate places of worship is no accident.  

That Jesus was a Jew who taught in the temple suggests that he was supportive of ritual.  The last supper was a ritual of Judaism and Jesus' new religion.",0.120399996638298,0.0,0
12137,JS156437,"So, no Jewish immigrants? No Seventh-Day Adventists, or other fundamentalist Christian sects who prohibit pork? No vegetarians regardless of origin?

So much ignorance and bigotry. Pathetic.",0.968999981880188,1.0,1
11758,JS842564,"Too many requests for accommodations leads to a backlash

How come Hindus, Jews, Sikhs, Buddhists, evangelical Christians don't ask for religious accommodation?",0.2610000073909759,0.0,0
12318,JS636771,"Very interesting comments so far. Most quote some facts that help their positions but the one fact is that all Religions are not compatible with Islam. One reason being there is a growing ignorance of Christianity and the truths of Jesus, but also an ignorance of the historical beginnings and teachings of Islam. People need to educate themselves. Islam in North America is called the ""Religion of Peace"" but their Mid East roots do not support this assumption. Islam is a Political entity that must rule not just be a Religion as we see everywhere it dominates as in many African and all Mid Eastern Countries. These Countries have blasphemy laws protecting only Islam, WHY?? They are expecting those same laws of protection as we see now being put forward by Islamic people in our political system. Once in power force becomes their means of making sure they remain in power. Research yourself, Islams god IS NOT the same God of Christians and Jews as they say. They are counting on your Ignorance",0.7458999752998352,1.0,1
12009,JS724877,"What little information we are given in this story about the conference topic, strikes me as not in the least anti-Semitic, but your point is very well taken 1LittleBear. In this day and age, a biblical conference focused on early Hebrew history (my read of what lies beneath the little info given) can only be scholarly conference if it involves Jewish scholars as well as Christian. Then again, we are not told there are no Jewish presenters.  Difficult to make sense of this story.",0.1154000014066696,0.0,0
11869,JS368599,"you do not follow the god of abraham-isaac-jacob, the god of the Jews and Christians. you follow a different god, with different theology and ideology. all religions are not the same. Jesus is God, and you do not accept Him as Lord and Savior. your faith is one of works, not salvation through faith and grace. you do not know if you will go to heaven. Christians are assured that 'when we close our eyes here, we will be with the Lord'. He was crucified, died, and rose. He was not substituted on the cross. He healed people, He fed people, He raised people from the dead. His life and death were foretold in the OT. 100% accurate. you may be sincere, and you may be sincerely wrong.",0.2056999951601028,0.0,0
12403,JS1546376,"Many players kneeled today to disrespect that son of a b**** president. Even some of his NFL owner friends came out to scold him. Also, I didn't see people following Trump's directive to leave in droves. Then the clueless Twit in Chief tweets that locking arms is OK, but kneeling is not.  He doesn't even realize they were locking arms in solidarity to his stupidity of saying to fire any player who kneels. Stupid much?
Why can't this clueless wanna be leader address the reason for the players taking a knee in the first place?  Does he even know why?  It has nothing to do with disrespecting the flag or not being patriotic as some of these unfortunate Trump supporters on here think.

Tiki torch carrying goons shouting ""Jews will not replace us"" fine guys. 
Pro football players taking a knee to show disagreement towards racial injustice son of a b****es.  You can make this stuff up.....",0.9399999976158142,1.0,1
11960,JS203487,"Robin,

Israel was peculiar.  They were chosen.  They had the burden of Torah, i.e. obedience.  Israel was a witness to God's Law and His choosing. Deliverance out of Egypt and bondage was their witness.  They were not supposed to return.

Jesus Christ is the King of Israel - a kingdom not of this world, but nonetheless a kingdom indivisible from this world and the Jewishness of the 'King of the Jews.'  All men are called to serve this King of Kings and Lord of Lords.  He has conquered sin and death, 'whosoever believes in Him shall never die'.

What exactly would Israel convert the gentiles into if they had a commission to proselytize?  As Jesus said: ""ye compass sea and land to make one proselyte, and when he is made, ye make him twofold more the child of hell than yourselves.""

Obedience is hard.",0.1369999945163726,0.0,0
12144,JS1364832,Klein is a self hating Jew that no intelligent person takes seriously. Congrats on finishing your first semister of Poli Sci though,0.6789000034332275,1.0,1
11985,JS1679745,...like when the Jews were disarmed by their professional military?,0.248099997639656,0.0,0
12154,JS898273,"Comparing the treatment of pigs to the treatment of Jews?

You might want to rethink your unhinged comment",0.7059000134468079,1.0,1
12037,JS790862,"One wishes that those who support
""Anti-Muslim hatred has no place in my Canada""

also support and speak up
""Anti-CHRISTIAN and JEWISH  hatred has no place in my MIDDLE EAST""

just to be fair",0.6852999925613403,0.0,0
11794,JS132468,A Jewish friend told me she wasn't allowed to board her horse at the Lake Oswego Hunt Club in the 70's.,0.2460000067949295,0.0,0
12340,JS1346818,"Yes...the Democrats made the neo-Nazis rally....
Just like the Jews made Hitler invade Poland.....it wasn't racial hatred...really...
The Democrats made that boy run over those people and kill that girl....
The Democrats made Mr. Trump condone the behavior....
Darn Democrats...",0.968999981880188,1.0,1
11996,JS997012,"Chesterton, I am not afraid at all.  I am in awe of a God who takes such care of His creation that He incarnated in a world that couldn't recognize Him very well at all and knew that millennia of generations would not recognize Him in each other.  I don't fear God one little bit.  I see a mind and heart at work with patience beyond my capacity to understand and am truly humbled.

The priesthood of the Jewish religion also thought they taught 'the Truth' and they were so sure they knew that truth, that they couldn't recognize Him when He stood before them. I am not afraid.",0.0785999968647956,0.0,0
12171,JS417264,"I love how the anti-Semites on this comment board are attacking Israel and the Jews but ignoring the article right below it on the web page on Russian bombers attacking Idlib today.  You know that these commenters don't care a whit about Arab lives or rights, just attacking the Jewish State.",0.58160001039505,0.0,1
12195,JS298388,"Where? Did I miss it? Damn. Besides, are you aware that Jared Kushner, Trump's son-in-law, and one of the most important and effective people on his transition team is Jewish?",0.4794999957084656,1.0,1
12421,JS1470647,"Well, did you disagree with his opinions? Did you demand he provide evidence for his unsubstantiated assertions? Did you imply his sentimental Hollywood cliches might be more convincing if they were accompanied by a particle of rationality or objectivity?

You big meanie! You terrible bully! You know that makes him feel hated! You know it makes him feel just like a Jewish person being stuffed into a cattle car bound for the concentration camp. How could you be so inhumanly cruel to him?",0.7132999897003174,1.0,1
11909,JS628878,"You and your straw man arguments. The fact that you picked a mosque, not a church or a synagogue in your hypothetical, is really only undermining your case against resisting the made-up term ""Islamaphobia"".

Could it be perhaps because exactly what you describe has already happened? Western-based imams radicalizing members of a mosque? 

When Christian and Jewish ministers/rabbis start convincing their congregations to kill non-adherents of their religion, we'll have a balanced debate. Until then, you are just talking out of your PC a$$.",0.7059000134468079,1.0,0
12296,JS640301,"Apparently he is a slow learner.  the firswt time he was asked the questions he pointed to his Jewish son-in-law and his daughter who converted to Judaism and their ""three beautiful"" children.  The second time he said he was not anti-semetic or a racist.  I guess third time is a charm.  the man is an idiot.",0.996999979019165,1.0,1
12092,JS546659,"How many Jewish terrorists were there then? And apparently we were too stupid then to distinguish between Jews and Nazis, and we are too stupid now to distinguish between Muslims fleeing islamists, and islamists.",0.984000027179718,1.0,1
12280,JS416977,It's also about time that you and your parents and relatives who have settled on lands belonging to the native peoples begin to evacuate and leave just as the UN resolution demands of Jews living in the West Bank. Get moving hypocrite!,0.9789999723434448,1.0,1
11793,JS1800694,Out of respect for our Jewish bretheren. Hopefully a future Benedict will not be faced with such intellectual fascism.,0.4314000010490417,0.0,0
11811,JS42327,"the homeless jew knows where he could buy a house for $12,000......he would get a job but .....he has a long voilent crimele recorde....and prison and jail made him to crazy to work.....",0.7132999897003174,1.0,0
12260,JS628533,"Why?, and what has that to do with the topic other than most those corporations are Jew Corporations and Socialism, Communism, feminism, fiat currency and multicult chaos was all their doing through Jew lobbies, hell what's happening in Syria, Afghanistan Iraq ect is all Jew sponsored Terrorism.
The Talmud preaches death to gentiles so why should I care if the goose is getting what it feeds the gander?
Screw the Jews, they created this world mess.",0.972000002861023,1.0,1
11834,JS302160,"Yes, and we had a number of saints excommunicated or threatened with excommunication and one burnt at the stake.  Given the attitude of the Jewish high priests, and teachers of the Law [ancient canon lawyers], Jesus would have fit into this same category.  He understood the Law very well, so he was able to break it.


Prophets, like Hans Kung, are supposed to 'rattle cages and the cardinals' 'red feathers'.  He has much to say to those who can't deal with the color gray.",0.2264000028371811,0.0,0
12282,JS1442056,"This is the exact opposite of the truth. Thiessen is a liar and a white supremacist, as was his hero Buckley. He and his buddies at the treasonous Council on Foreign Relations know good and well that the JBS has never been anti-Semitic, actually sometimes other idiots accuse it of being a Jewish front lol. I hope Thiessen gets sued for everything he's worth along with the dying Denver Post for publishing this garbage.",0.99099999666214,1.0,1
11924,JS918041,"Casting this haole as a Hawaiian continues the great Hollywood tradition of casting caucasians as non-whites.  As Jack Tatum points out, Jesus has been played by northern Europeans so often that most (white) Americans believe he was white instead of Semitic, conveniently forgetting that he was Jewish. Others commenters have mentioned other non-white roles played by whites.  In addition to the roles mentioned, I find Rex Harrison and Yule Brenner as Chinese and Al Jolson as African American particularly offensive--and, yes, he haole au.  As we should know by now, it's all about the $$$.",0.5703999996185303,0.0,0
11852,JS807298,Easy to speak out against the holocaust as a thing of the past but difficult in Seattle to support a Jewish entrepreneur.  I condemn the remarks and urge others to speak up.,0.248099997639656,0.0,0
12022,JS1146511,"Dennis, Cael,
In the context of this (nice) interchange of ideas, I might suggest one more. I think it important to understand that the world into which Jesus was born, was a transitional period for much of the ""religious"" world. Generally, the key transition was one from polytheism (primarily from the greco/roman systems) to monotheism. The question of the day at least around the time of Jesus, was this: if there is one God, then which one is the ""only"" God? There were many in the Jewish community who claimed to be prophets, and later, the ""savior"" or the ""son of God,"" or even God himself.  

As the ""competition"" heated up as to which God would end up being accepted, there was no shortage of those who claimed miracles, raisings from the dead, ascensions, supernatural healing powers, etc.  This period did not end at the death of Jesus, but continued on.  So it was against THAT backdrop that those who wrote the gospels may well be seen as ""in competition...""  as they make their pitch.",,,0
12431,JS1574871,"""Probably not the first time."" Speculation is not proof. I see nobody claiming that being Jewish confers any sort of free pass. On the contrary, there is a consensus that he said a stupid thing. There is not consensus, though, on whether this was a firing offence or not.",0.8486999869346619,1.0,1
11874,JS342785,"I have many Jewish friends and have associated with even more during my many years of
working in Toronto, and I can say that all of them would be the first to attest to seeing
themselves as different from me, a Christian by birth.  They are proud of their heritage and
culture as they should be, as I am of mine.  I'm also of European background and I did not
feel that things were that much different there during my first 24 years of life on that 
continent.  There is however a much better understood understanding of the political
'war' fought between Israel and the Palestinians and there is no doubt a backlash today
against Jews in Europe because of this (something Saunders does not note).  These are not
such simple issues.  Anyone who is a minority in a majority society will find themselves
pointed out, seen or noted.  That's the price of being the different one.  It does not mean that
everybody who sees oneself as different finds the difference of negative value.",0.0881000012159347,0.0,0
12158,JS994256,The difference is that the interpreted by Christians and Jews of the biblical passages in question are viewed in an historical context.  The passages from the Quran are interpreted in eternal time.  The difference is that for Muslims it is ok to kill all Christians and Jews.,0.9940000176429749,1.0,1
11850,JS1142554,"The parable emphasizes the potential holiness of those society rejected. It is apt. No one persecutes Samaritans anymore (although in Europe their Romany cousins due face hate).

God's teachings occur within history. If you don't understand that history you have turned them into an icon.

My main point is that scripture is tangential to natural law discussions. It is pulling the authority card, usually badly because the scholarship on Leviticus shows it to be about national building for the Jews, not discerning the will of God.",0.1164999976754188,0.0,0
11975,JS448912,"You're arguing against yourself. The fact 6 out of 9 members don't want a Satanist invocation before a meeting, but will allow a Christian one is the entire point of the lawsuit. Imagine if they didn't want to listen to a Jewish or Mormon prayer. This is the same thing. LaVeyan Satanism isn't evil at all. Perhaps people who seem to be misinformed about what Satanism actually stands for is part of the problem here. ""The mission of the Satanic Temple is to encourage benevolence and empathy among all people. In addition, we embrace common sense and justice. As an organized religion, we feel it s our function to actively provide outreach, to lead by example and to participate in public affairs wheresoever the issues might benefit from rational, Satanic insight. As Satanists, we all should be guided by our consciences to undertake noble pursuits guided by our individual wills. We believe that this is the hope of all mankind and the highest aspiration of humanity.""-The Satanic Temple mission",0.1425999999046325,0.0,0
11751,JS426177,"Gary,
These posts of Motley's are all from Pipe's own material and are essentially baseless.
To be clear, while Pipes was forced to retract his charges and compensate me, i would have felt I deserved censure had I actually said any of the things he accused me of-- I took professional ethics that seriously, which is why I'm somewhat concerned about Shurtz's reported behavior. 
Again, I was so thankful for my Jewish students and local rabbis standing up for me so there was no lingering harm to my reputation locally, though I can't say about nationally.
DC",0.0636999979615211,0.0,0
12432,JS640606,"The Liberals are like Hillary Clinton. Their stupidity on not being all inclusive with this motion just encourages the Trump type folks.

Trump can't happen in Canada? It already happened in the 1930s. We whitewash the time when the KKK had branches in cities & town across Canada. You will have to do a bit of research to find references to this period but the references can be found. Very shocking period. 

We don't like to talk about not allowing Jews to enter Canada to escape Hitler. Read the book ""None is Too Many"" to describe  our immigration policy during that period.

Go to Wikipedia and read about the university thesis written by TC Douglas. The father of Medicare, former leader of the federal NDP, former NDP premier, the greatest Canadian according to the CBC. When he wrote his thesis Tommy was a bigot that would shock even Trump\s most radical supporter. (Read about his thesis before you condemn my remarks.)",0.8486999869346619,1.0,1
11798,JS1157632,Do Jewish cemeteries bury non-Jews?,0.3154999911785126,0.0,0
12434,JS1399029,"You mean that laughable double standard where ""blacks"" and ""Jews"" have historically oppressed ""whites""? Yeah, so laughable.",0.9559999704360962,1.0,1
11732,JS415758,"Truth is the middle east has been is a quagmire for a long long time. First and foremost initiated by French and British colonial interest who favored co-operative minorities to help them subdue the majority of the regions population. Then came the establishment of the state of Israel by traumatized European Jews looking for a save haven. Afterwards the economic interest of controlling  oil supply to the rest of the world by the US took over.  Finally the Republican administration under Bush fanned the smoldering amber of discontent into an outright red hot blaze by direct military intervention.  The sanctioning by the Obama administration of the Libyan caper and the tacit support of regime change in Syria was another one of those ill advised ventures. 
Hard to believe but there is still room to do things worse. But there is.",0.1193000003695488,0.0,0
11772,JS660858,"“Due to her prompt and timely intervention, Rousso was released,” Golsan said.
Rousso, 62, is a senior researcher at the French National Center for Scientific Research, or CNRS, which the Egyptian-born scholar and author joined in 1981.

His work centers on the history and memory of traumatic pasts, France in WWII and the post-war period, his profile on the CNRS website says. Rousso's current study involves the relationship between history, memory and justice.

Rousso’s scholarship focuses on the memory of the Vichy regime, the darkest chapter in modern French history, when the government of unoccupied France openly collaborated with Nazi Germany in World War II. Vichy authorities are particularly infamous for assisting the Germans in rounding up and deporting tens of thousands of Jews from France during the Holocaust, a horrible truth that Rousso once called “the past that does not pass.”",0.025000000372529,0.0,0
12291,JS1150562,Dude so she spelled yer name wrong get over it snowflake. Bottom line I'm Jewish and I don't appreciate the dumb jew comment. Clean up yer act.,0.8813999891281128,1.0,1
11963,JS88621,"I was gratified to learn of Ms. Ostrov's candidacy until she indicated that she ""fully"" supported Donald Trump.  I find it unusual that any candidate would completely support Mr. Trump given that he (Trump} is at odds, on certain issues, with republic national party leadership. The fact that she is a Filipina Catholic, married to a Ukrainian Jew with two children of Polynesia ancestry has no particular importance to me.  Her work life and academic credentials are impressive but the article does not mention her experience in the political arena.  It is also nice to know that she is serious about her candidacy.  Pat Saiki continues to seek out viable candidates for elective office. Fresh faces in the republican party would be nice.",0.1071000024676323,0.0,0
11757,JS156211,"Too bad the U.N. as an organization and most western countries don't agree with you. Also unfortunate is the assumption on your part that I am an anti-semite because I choose to be on the right side of history. Many American Jews and Israelis also are opposed to the current Israeli government policies, not just people like myself who are not Jewish. Don't understand why you have to resort to name calling when people don't agree with you.",0.2080000042915344,0.0,0
12107,JS1702971,"I remember you.

One question : If it became law that political thought became protected would you support a Jewish baker being forced to make a cake for an alt-right idiot? 

Do you believe in the words you say or just hide behind them when convenient?",0.9639999866485596,1.0,1
12356,JS1029431,So three people are ignorant and your not.  In this g=case i go with the majority.  Why the problem with the Japans and the Jews?  Jealous of their success?,0.9010000228881836,1.0,1
12036,JS129791,"More than a religion, it's a culture, it's your identoty, it's also our identity too!! Judaism and Christianity, I put in the same group, they believe in GOD! And that's what Hawaii needs right now!! Hawaii is very much divided by believers and non-believers!! Our America was founded by people who believed in 1 GOD, I never meant to practice or force religion down anyone's throat, but we have overstepped our limits here in HAWAII. #Kaaihue2016",0.1922000050544738,0.0,0
12059,JS639018,"You know you're in the twilight zone when the President's son-in-law and close advisor is Jewish, and the President actively condemns anti-Semitic remarks or behaviour... and meanwhile a significant percentage of voters who helped him win office are recognized anti-Semites and celebrated his victory by flashing Nazi-style salutes. I wonder how much love Trump would get if he stood up at one of his famous rallies and lectured his audience on anti-Semitism.",0.4260999858379364,0.0,0
12315,JS684325,"It seems junior T,  Goodale  and the Liberals are pro Islam and  pro sharia law for Canada. Liberals seem to be  anti Christian, anti Jew, and pro Islam which wants your neck if you do not embrace Allah.",0.9869999885559082,1.0,1
11994,JS419175,"That may be the origin of the term ""anti-Semite"", and its modern English usage,  however, it doesn't alter the reality that Arabs are  a Semitic people, and the irony of Israeli Jews and others applying the term to Arabs",0.3815000057220459,0.0,0
11983,JS1675957,"So if people harass hasidic jews, they aren't anti-semitic?",0.4749999940395355,0.0,0
12087,JS461694,"The attack by Jewish extremists on the King David Hotel is considered an act of terrorism for two reasons. First, because the target was largely of a civilian nature. The majority of the hotel was largely taken up by civilian administrative personnel; only a few offices had any military function. Second, because the perpetrators were a Jewish extremist group that committed atrocities throughout Palestine. They were referred to as terrorists by foreign organizations, the media of the day, and even by Jews themselves: ""Leaders within the mainstream Jewish organizations, the Jewish Agency, Haganah and Histadrut, as well as the British authorities, routinely condemned Irgun operations as terrorism and branded it an illegal organization as a result of the group's attacks on civilian targets.""",0.2854999899864197,0.0,0
12080,JS338565,"Mr. Saunders writes another piece papering over the huge increase in Jew hatred on the left and in the ever expanding Muslim population.  First, a couple of months ago he poo-pooed the clear evidence of the steep rise in sexual assaults largely resulting from Europe's catastrophic demographic changes, now this piece.  How can one mention the rise in antisemitism in Europe without noting it's main roots in demographic changes and the deep tilting of the left to Jew hatred in the guise of total opposition to Israel?  Where is his analysis of the crisis of antisemitism in Corbyn's Labour Party?  He substitutes social science mumbo jumbo for facts and evidence.",0.58160001039505,0.0,0
12430,JS1356350,There are few things more amusing than seeing Ezra Levant debase himself by associating with white supremacist Jew haters.,0.7458999752998352,1.0,1
12079,JS1621869,"Actually, Jesus even reinforced the point about our fallen nature Himself in the Gospels when he corrected the Jewish people about divorce, speaking of the hardness of heart and later when He said ""the spirit is willing but the flesh is weak""!

He's pointing to the lack of perfect dominion over ourselves, but ""it was not so from the beginning.""

That we have a fallen nature is factual. It's observable every day in every human relationship and activity.",0.0799999982118606,0.0,0
12184,JS1702971,"I remember you.

One question : If it became law that political thought became protected would you support a Jewish baker being forced to make a cake for an alt-right idiot? 

Do you believe in the words you say or just hide behind them when convenient?",0.9639999866485596,1.0,1
11980,JS1760319,"But that doesn't explain the gross discrepancy between statistics and the reality on the ground. To my best knowledge, 98-99 percent of Jews identify with Zionism as a core belief of their Jewish identity.",0.0710999965667724,0.0,0
12433,JS179777,"AG's for Clean Power,  Schneiderman's Jewish Law School Training is quite Comical, just like Alaska's AG's for Corrupt Power, blame it on Exxon, and never wonder why Exxon couldn't fire Joe Hazelwood, and moved from NY to Texas in 1989. It works the same in every Corrupt Bastards Drunken Jewish Lawyers Club. Never look in the back yard, where every Corrupt politician lives, in a State Legislative and Governors Mansion too. HEAT? These morons would hang up Jesus, and call it Clean Power, against the 1st Amendment. http://www.nytimes.com/news-event/albany-corruption-trials",0.9539999961853028,1.0,1
12307,JS635158,"Your ignorance is palpable.  Fights for freedom in WW1 and WW2 have NOTHING to do with the mistreatment of First Nations people in Canada.  These arguments are embarrassingly stupid.  Any endorsement for a ""just war"" would include something like ending racist ethnic cleansing *similar to what both Hitler did to Jews AND past Canadian Crown governments and their colonizing white settlers did to First Nations ... you know as in genocides during the Colonialist settler days in Canada! Try reading a history book you privileged white superiority, white massacre apologist !",0.9449999928474426,1.0,1
11769,JS755589,"Jewish Israeli-US teen arrested for phoning in JCC bomb threats

""After months-long undercover investigation, police and FBI say suspect, who lives in Ashkelon, used voice-altering technology to make threatening calls""

""Police spokesman Micky Rosenfeld said the suspect allegedly placed dozens of threatening phone calls to public venues, synagogues and community buildings in the US, New Zealand and Australia. He also placed a threat to Delta Airlines, causing a flight in February 2015 to make an emergency landing.""

http://www.timesofisrael.com/jewish-israeli-teen-19-arrested-over-jcc-bomb-threats/",0.2040999978780746,0.0,0
12163,JS1097133,"A commie Jew like (((Weintraub))) trying to restrict freedom of speech for the filthy goyim? I'm shocked, I tell you, shocked!",0.6726999878883362,1.0,1
12064,JS322358,"Thanks for trying, but those are one persons word against another, there's no hard evidence, you can choose to believe these allegations if you want, but I would suggest you're choosing to believe them because of your distaste for Trump, not because of any compelling evidence.

""Trump is privatizing the presidency. He is allowing his children to run the family business..."" Ahh yes, you're favorite Democrat talking points. Does it ever strike you as odd that a man you are suggesting is an anti-semite is the same man you are convinced is allowing his two grown sons, who both married Jews, along with his Jewish son-in-law and Jewish Daughter, to ""merge"" their organization with the Presidency. Sounds like the type of conspiracy theory you'd hear from an anti-semite. Honestly, if Bannon authored what you just said, would you call it evidence of anti-semitism?",0.3429000079631805,0.0,0
12227,JS496410,"John, basically your claim is that Catholics are homophobic, that orthodox Jews are homophobic, and that Muslims are homophobic.

That seems to support a couple of conclusions:  you're intolerant, you're a heterophobe.

If the shoe fits, wear it.",0.9789999723434448,1.0,1
11917,JS585234,"I'm sure Palestinians will be 'compensated.' Much in the way the First Nations in Canada and the Native Americans south of the border have been 'compensated.' I agree with PHTest; Bibi wants war.

To be honest he's damned if he does and damned if he doesn't. If he guarantees right of return to Palestinians (which will never happen) Israel immediately ceases to be a Jewish state. That is the only thing Palestinians want. Well that and Jerusalem. Which again the Knesset will never give up.

I don't support Bibi. I just wish I saw a moderate response that both sides would at least listen to. I had thoughts of an International Jerusalem, like Vatican City, but I doubt the Jews would give up Jerusalem.",0.3774000108242035,0.0,0
12212,JS1358400,"Videos do not lie and they kkk and white supremacists were chanting ""Jew's won't take over the street.""  David Duke thanks the president for defending them.  This was NOT a protest to keep that statute when the state legislature agreed to remove it.  This was racism in the purist form defended by a racist and bigoted president.  He certainly does not represent me.",0.7458999752998352,1.0,1
12081,JS558887,"""To suggest that the Quran more than the Bible or the Talmud promotes intolerance is simply unfounded.""

While it is true that the Jews and Christians disparaged one another, the extent of the condemnation of disbelievers (Jews/Christians/Polytheists) is the most persistent incessant theme of the Quran. The Quran is promoted as god's words pertinent for 'all people for all time'. 

While I reckon the relative amounts of disparaging 'the other guy' is an important comparison metric, the more important issue is intransigence as the Quran is promoted as being the very words of god. Rabbis had a crack at Jesus, and Christians had a crack at Jews - they were the words of adherents; but the Islamic cracking is being done by god's own words, allegedly. It's that authority that ingrains intransigence, the unacceptability of exposing Mohamedic foibles, the resulting imposition of Quranic values backed by Jihadi mentality and uber-sensitivity about 'Islamophobia', that causes so much concern.",,,0
11855,JS990893,"How could they be successors of the Jew and Christians/  There were,  and still are around.  The tried and keep at it,.. to wipe out Jews and Christians.  I fail to see your point.  They were slave traders and cultural eradicators!",0.962000012397766,1.0,0
12242,JS420157,"It's hard, well perhaps not so hard to humiliate a Jew hater. It comes with their mother's milk and their narrow education, and only serves to reinforce Israel's need for a Jewish state and minimizing the prospects of a terrorist state on its border.",0.9070000052452089,1.0,1
12021,JS430063,"Hamas has death to all Jews in their charter and will stop at nothing to commit atrocities. 

Their is NOTHING the Jews can do to please those who want nothing but death and destruction, to blame settlements is just a poor attempt to hide that fact. 

Funny how a country was born from the genocide of Jews in WW2 and is now condemned by a UN full thugs from 3rd world dictatorship. 

Trump was correct when he labeled the UN as a joke, its end is hopefully near! !!",0.6607999801635742,1.0,0
11848,JS425324,"""Israel can either be Jewish or democratic, it cannot be both,""

It can in Miami Beach. hahahahaha",0.3136000037193298,0.0,0
12030,JS1374365,What about the Nazis comments that they can't support Trump because he let his daughter marry a Jew? With friends like that Trump has no need to make enemies.,0.6496999859809875,1.0,0
12396,JS1399837,"And don't forget the pandering to people who want to kill the jews and the blacks.  

Let's not forget about that.",0.996999979019165,1.0,1
12028,JS625469,"It is a well known fact (Stats Canada 2014) that jews are twice as likely as muslims to be  attacked by a hate crime in Canada.

Therefore, based on evidence, it would have made more appropriate to mention jews specifically in the motion.",0.785099983215332,0.0,0
12110,JS1383935,"Jews won't replace them. Instead, these losers will be ignored, cast aside, forgotten. They're whining because whites have 70% of the power, instead of 90%.",0.9559999704360962,1.0,1
11860,JS552042,"""America's amazing awesome time-honoured true blue values...""

Ahh, yes, the ones that accepted Irish child labour in the Pennsylvania coal mines. And the German and British immigrants in garment sweat shops in cities such as Camden, New Jersey and New York, where 146 died in the disastrous Triangle Shirtwaist Factory fire of 1911 while shrugging off the Jewish and Italian tenements that had been a fact of immigrant life for decades before 1900.  THOSE amazing, awesome time-honoured true-blue values? 

Generous democracy, indeed. Sure, if you were fleeing Russian Pogroms or the Irish potato famine. Set against Maslow's Hierarchy of Needs of needs, things were looking up, indeed.  Maybe not too much different for the Mexican illegal or Syrian refugee of today.

 So much for the insinuation of ""yesteday good, today bad."" No reversal at all, really.  Same old. Until the last few days...",0.2327000051736831,0.0,0
11912,JS1116715,I wonder about you argument that the state need not treat all religions the same.  Does that mean that a state could favor Evangelicals over Catholics?  Christians over Jews?  Might it not be better to provide a level playing field for all religions?  Perhaps that would result in greater fairness and few controversies.,0.1958999931812286,0.0,0
12169,JS1237843,"If the Jews are eliminated, then the Nazis are OK (?)",0.930999994277954,1.0,1
12270,JS1229628,"Cemeteries I would not want to live beside:
Christian,
Catholic,
Jewish,
Mormon,
Hindu - no wait they cremate,
Atheist,
Agnostic,
Quaker,
Automotive,
Pet Cemetery,
Space Alien, 
Greek, 
Turkish,
Rastafarian,
Arlington National, ...",0.4961000084877014,1.0,1
11742,JS390451,"As an independently licensed clinician, as well as a religious, I would be called on to evaluate and issue or deny such certifications as you envision, Mike AA.  And, based on both my own prayerfully informed conscience and in emulation of Saint Pope John XXIII during WWII and the murderous persecution of Jews for whom Roncalli provided baptismal certificates, I would be required by my faith in Christ Jesus to issue a Certificate of Heterosexuality to every cleric and religious who sought one in order to remain in their ministry to the Church and its Faithful.  It is the only way I could remain a true Christian.  I would want to tell the pope - any pope - to come do their own dirty work and face those accused personally and tell them they are not wanted any longer, or at all.",0.2452999949455261,0.0,0
11864,JS707878,"Six million Christians and Catholics in the 30-years war is going to be hard to beat for numbers in a relative short  period of time.    

The Holocaust had nine million but a lot of those were political prisoners, gypsies, mental defectives, Communists, labor unionists and such.  

The Jews matched six million number in the Holocaust, but the Jehovah's Witnesses were just  a tiny portion who actually were killed for their religion.  And the Jews were an economic issue as well as a religious issue.

Crusaders Death toll: According to Wikipedia’s list of wars and disaster’s death toll) is estimated to take lives of 1,000,000 (lowest estimation) up to 9,000,000 (highest estimation) between 1095 – 1291 religious wars.  But that's over a two hundred year period.",0.1092000007629394,0.0,0
11833,JS423180,Perhaps you could attach a link to an actual story of jews complaining to the G&M about the available provisions at the non denominational food banks.,0.2257999926805496,0.0,0
11795,JS1525699,"Isn't it interesting that the entire history of Judeo Christianity (and even the Judaism that preceded it, from Genesis on) is every sect declaring itself to be ""the"" church?

Every new reformation deems itself basically peerless, and the most authentic agency of God's will, over all others.

You'll fix this when you fix human nature.",0.1123000010848045,0.0,0
12051,JS1437810,"Bong hits for Jesus!

Jews and Earl Christians believed your ""devil's lettuce"" was God's gift.

Jesus’ lifespan falls neatly within the timeline of the ritualistic use of the Judaic anointing oil described as containing kaneh bosm (cannabis). Jesus was known by his disciples as Christ, the Greek translation of the Hebrew word Messiah, or “the anointed one"" as in the holy Anointing Oil used in the anointment ceremony.",0.3815000057220459,0.0,0
11766,JS1377667,"Qualify this bizarre post.

How does a man with Jewish grandchildren ""literally sympathize"" with the Nazis?",0.5062000155448914,0.0,0
12008,JS425335,"I will quit supporting Israel >IF< anyone can name 5 ""Palestinian"" Kings or Presidents of this supposed people prior to Arafat the Egyptian. They've been around for thousands of years? Should be easy. 56 Islamic countries should accept 1 Jewish. Americans...pull yer head out.",0.4442000091075897,0.0,0
11805,JS425844,You're totally ignoring the occupied territories...where non Jews have no human rights and no vote.,0.5311999917030334,0.0,0
12024,JS115329,"Delightful article, right up to the bit about glacial retreat.  The scientist who is the subject of the piece could probably have explained to the author that for the last 8000 years we have been in the post Wisconsonian glacial warming interlude.  Past reactions to unexplained changes traditionally included sacrifice of virgins and blaming it on the Jews.  Shortage of both in Alaska makes this difficult.

Suggestion:  Interview Mingming Yang on the subject.",0.1033999994397163,0.0,0
11823,JS1017305,"""Jewish"" is not a religion. Jews are an ethnic group. The religion of the Jews is Judaism, of which there are a number of forms.",0.3012999892234802,0.0,0
12032,JS1411614,"Really Larry? Just substitute the word Jew for Colonialism in your initial piece and read it again. 
Soft antisemitism has been the issue for millennia. Then comes the Holocaust.
Colonialism followed by apartheid was not soft, brother. Ask anyone thrown out of a window at Vorster square, or the families dumped in the veld as part of creating ""homelands"".",0.2773000001907348,0.0,0
11863,JS1134813,"Yah, sorry. It's not about laws and the Constitution blah blah... it never was for Trump supporters. You said it yourself. It's about VALUES and keeping those out that don't conform to your white Judeo Christian desire.",0.6552000045776367,1.0,0
12208,JS336810,"It's the leftwing of the Labour Party and the LibDems who are anti-Semitic in the UK. The term ""Zio"" is often used as an acceptable word for Jews living in the UK,; Corbyn's brother has done this. Labour are going after the Muslim vote.

Saunders has been preaching for years that Europe has nothing to fear from Islam; a religion openly hostile to Jews and Christians, as well as gays and women. 

Another article from Islam's useful idiot.",0.9399999976158142,1.0,1
12075,JS416763,"As bizarre and imaginary as it may seem (and actually be),  Jews have believed for millenia  that the God of Abraham and Moses granted them possession of the promised land for all eternity.  This belief is etched in their collective DNA and will not be going away anytime soon.

So, for better or for worse, the reality of the continued existence must be accepted.  However, IMO it is reasonable and fair to say that Israel is in need of a slapdown from time to time about its rogue behaviour.",0.4160000085830688,0.0,0
12001,JS3516,"beautiful story.  Oregoncraig in an earlier listing  pondered that it was a  ""Christians and jews"" collective who built the house.  It was and i'm sure the next time,  more faiths will become involved as well seeing it for what it is.  it is good works done by many  to contribute to a community of all.  talking to my muslim friends,  they, too, would have liked to help as part of the community here.  sajid, in particular, wants to learn more building techniques and saw it as a lost learning opportunity.",0.120399996638298,0.0,0
12023,JS1193607,"PAC's are the norm these days and this isn't a lot of money. The Jewish lobby, for example, spends hundreds of millions to influence elections so this small amount really is anything to talk about. It must be a slow news day.",0.0710999965667724,0.0,0
12443,JS1699137,"The fact that soooooo many 'christians' exist to be able to elect this waste of human skin is really a verdict on all org religions.

There were plenty of NY/east coast Jews that voted for this criminal.  Spread that blame around ... 

My Atheism stands tall in these modern times.  Morally, there would be NO WAY i'd vote for such a horrible human being.",0.7746000289916992,1.0,1
12334,JS640925,Churches are attacked in Mississauga.  Do we need a Christianphobia resolution?  Jews are attacked in Montreal and at York University.  Do we need a Judeaophobia resolution?  Why is Islam so darn special that it needs a specific resolution?,0.666700005531311,1.0,1
12289,JS9189,"how shameful, a jew practising eugenics",0.9869999885559082,1.0,1
12124,JS416976,"It's also about time that you and your parents and relatives who have settled on lands belonging to the native peoples begin to evacuate and leave just as the UN resolution demands of Jews living in the West Bank. Get moving, you racist hypocrite!",0.9890000224113464,1.0,1
12099,JS1616687,"Was this story written by a jew?
The import tax is now 300%.
Tell you what Globe, cancel my fucking subscription. Period.",0.6919000148773193,1.0,1
11925,JS565346,"“there were a few instances of stone-throwing”

Surely their villages will be raided, subjected to closures and blockades, and heavy sentences commuted … 

Oh, right. They’re not Palestinians.

“Most countries consider all Israeli settlements to be illegal”

Everyone but Israel, which simply rejects the law. 

“Trump, a Republican, has signalled he could be more accommodating toward such projects than his Democratic predecessor Barack Obama”

Meaning he won’t offer any empty condemnations while funding these crimes.

“territory captured in a 1967 Middle East war”

Seized in a war Israel started strictly for the purpose of obtaining land the Zionists desire for “greater Israel”. 

The 1967 War and the Israeli Occupation of the West Bank and Gaza
Jews for Justice in the Middle East
http://ifamericansknew.org/history/origin.html#1967

That’s why its continued military occupation and colonization is illegal, a key detail any objective journalist would mention while discussing the issue.",,,0
12428,JS1349454,Donny D'Bag is an illiterate Jewish nobody who wishes he had 1/10 of Trump's money.,0.9100000262260436,1.0,1
12339,JS1362889,".

Hitler/Nazi supporters and racist white supremacists. These people are legally allowed to march (armed) through the streets of America? Because of free speech? 

If they call on their supporters (as they often do) to kill all Jews and destroy the State of Israel, is that free speech as well?

.",0.9700000286102296,1.0,1
12090,JS1755208,"I have long learned to eschew the bigotry, hypocrisy, and ignorance of the libtard generation. Israel is the Jewish answer to the Holocaust. One of the most successful nations on earth, fool.",0.9229999780654908,1.0,1
11878,JS497477,"So, Canada's obsession with America has become so deeply entrenched that even our low-life bigots are targeting, um, American visible minorities on an American day of importance to their visible minorities and supporters.

Canada is so messed up with its obsession over America.

Overall, though, a more striking news report would talk about polls showing that Canadians are 50 percent more likely to be anti-Jewish bigots than Americans are (14 percent to 9 percent). That is more worthy of attention than two low-life losers throwing pamphlets on lawns...",0.6789000034332275,1.0,0
12429,JS758067,"Canada is becoming like Germany in the 1930's - free speech must be eliminated !    It is interesting that only the Islamic faith is protected by this bill, it is still ok to slander and defame Christians and Jews.",0.9100000262260436,1.0,1
11989,JS1215881,"Morse inspired U. of Washington to investigate, and publish TWO peer-reviewed  papers.  Wi-FI without hardware. And ""recycled souls"", the Jews are right; went ""viral in 2015.  You could look it up.",0.0908999964594841,0.0,0
12401,JS511166,"You're an idiot! Oh no the sky is falling! You know their is congress right. You comparing this to 1940 Germany is insulating to the Jews that were exterminated. My grandpa lost his sister, aunts and other loved ones during this time. So stop with the BS you sound like a mental case.",0.9940000176429749,1.0,1
12305,JS1017226,the bottom half is jewish as he is circumcised,0.5371999740600586,0.0,1
11738,JS1052393,"I think Islam, Judaism, Buddhism, Sikhs. other Christians...etc 
should all get funding for their schools
if only to shut down the dissidents and malcontents
who say
""Why only Catholics get funding?""
.
John Tory offered to extend it to all faiths when he ran for Premier
but
the Religious-PHOBIC secularists rejected him
so don't complain now",0.3943000137805938,0.0,0
11881,JS611644,"The bishops' claim that they are defending religious freedom is baseless. Christians, Jews and Catholics have been elected and appointed to serve in all branches of the government. They have passed legislation that governs civil not religious life. It is the non-Western, non-Judeo/Christian religions that are threatened.

The Church does not have to provide birth control instructions, contraceptives or abortions, nor does it have to officiate at civil unions or divorces, whether same or opposite sex. The Church does not have to accept or minister to alternate lifestyle individuals and communities.

The Church does have the option of condoning personal arms, capital punishment, armed conflicts, nuclear weapons and environmental disregard.

The bishops are not defending religious freedom. The bishops are promoting religious license. They hope that Church will trump State. It is more likely that it is they who will be Trumped.",0.320499986410141,0.0,0
11950,JS1643957,"Please don't stereotype Hollywood, that is hardly the truth.   Are their corrupt, seedy people in the entertainment industry - you bet.  Are their corrupt and seedy people in the Board of Directors or executive offices of major corporations?  Shallow and predetory fit them nicely.  Can you doubt it after reading the causes leading to the great recession?  Yet, still, their are great people in both industries and that is the 'truth'.  

Do you think a capitalist system that places profit as the ultimate rule of 'value', cares about what Hollywood does as long as it has a nice return rate for the investor community?      Who stopped Alles, who stopped Weinstein?  I don't think it was the shareholders.  Who profits from the sale of sex and violence?     

You anti Jewish remark at the end indicates racist stereotyping, is shocking and repugnant.  

Are you a citizen of Eugene or Oregon?",0.6607999801635742,1.0,0
12286,JS430447,Trump is a white supremacist and a neo-nazi sympathizer. Yet that hasn't stopped Netanyahu from getting into bed with him. Israel has come full circle. From its citizens trying to escape Nazi tyranny to finally Israelis embracing fascism. The six million jews murdered by the Nazis must be spinning in their graves right now. There is no more anti-semitism. There is only ant-fascism. Israelis are now fascist sympathizers.,0.9760000109672546,1.0,1
12223,JS1772587,"Sikhs and Hindues don't proselytize, Jews don't, Mennonites, Amish, Quakers don't. Unfortunately they're the fringe religions. The rest can't stop shoving themselves down your throat.",0.8813999891281128,1.0,1
11908,JS161239,"""Christianity neither is not ever was part of the common law.""
- Thomas Jefferson 

""The government of the United States is not in any way founded on the Christian religion.""
- John Adams 

""All national institutions of churches, whether Jewish, Christian, or Turkish (Muslim), appear to me no other than human inventions set up to terrify and enslave mankind, and monopolize power and profit.""
- Thomas Paine 

""Religion and government will both exist in greater purity the less they are mixed together.""
- James Madison 

I'm sorry, what were you blathering about? I couldn't hear you over the actual objections to religion of the founding fathers.",0.4986000061035156,0.0,0
12012,JS1513543,"As a retired Civil Servant I begin to get a picture of what it must be like to be black or Jewish or Muslim, everything wrong with our tax structure is our fault. It is suggested that we are costing the government billions of dollars extra without one shred of supporting documentation.  Just how much is the pension costing Canadians over what is being contributed by workers.

I do know that probably twenty years ago there was a substantial surplus in the pension account (billions of dollars) which was scooped by the government of the day to put into general revenue over the objection of the Public Service Unions.  In taking the staff contributions government promised they would make up any future deficit. This they would probably like to forget today. 

Nowhere in this article is there any financial data to support the assertion that this is costing tax payers anything more than what is being contributed.

The terms and conditions of employment should not be changed retroactively.",,,0
11973,JS132217,"Yes. My mother-in-law, half Jewish, with dark hair and a Semitic last name, born and raised in Portland, couldn't go to her own graduation party in high school. Held at the MAC in the mid-50s, because someone's showy father had a membership. Trust me... She still remembers being excluded, being the Jewish girl who wasn't allowed to go.",0.2308000028133392,0.0,0
12115,JS1232975,"There is no group in this country more opportunistic and more hypocritical than the leadership of the right-wing Evangelical movement. These are the people who, with straight faces, endorsed Donald Trump for president because they ""believe"" he's a sincere Christian. In a pig's eye.

John Hagee values Jews in Israel the same way a chess player values pawns. They're useful at a certain point in the game, but ultimately expendable.",0.9279999732971193,1.0,1
11786,JS1388914,"You should read on the difference between socialist economies and socialist countries that base their government and political system off of Marxist priciples. Stalinism was the next step from Marxist Leninism, but it contained an anarchist element, stifled free speech... even brutally and violently that they disagreed with, eliminated dissent, and was responsible for the deaths of millions of people. Many were jews. 

The only true communist countries are Vietnam and N. Korea. Even China has capitalist influences and doesn't strictly adhere to communism. Communism is the next step in evolution from socialism.",0.1964000016450882,0.0,0
11736,JS1603647,"Those pharisees said Jesus was a cafeteria Jew.   I don't know why, cause  Jewish food is delicious (except that gefilte fish, oy gevalt, it's shreklekh).",0.4095000028610229,0.0,0
12269,JS1501512,"What a disgusting person.  How many offensive things has he said about other people and never apologized for.  

What she tweeted happens to be true.   After all there were GOOD people chanting ""Jews will not replace us"" at the white supremacist rally.",0.9259999990463256,1.0,1
12366,JS1692020,Get lost with your stupid slave stuff. The Jews were slaves and they seem to be doing OK.,0.9760000109672546,1.0,1
11849,JS563762,"If you can tell me what Canadian culture is other than an amalgam of what has developed over 150 years, then your argument might hold water.  I also take issue with your notion of adapt to Canada.  Does that mean giving up ones religion?  If so, tell it to the Jews, the Hindus, the Sikhs as well.  Maybe the Catholics too, at least outside Quebec perhaps?  Perhaps lets stop St. Paddy's Day celebrations as foreign culture, maybe even a barbaric practice.",0.197500005364418,0.0,0
12054,JS1642048,"""When dd a Jew ever acquire the ""right"" to insist a shop provide kosher products and to claim discrimination if they refused specifically on religious grounds?""

Now there is a straw man. The shopkeeper need only say, ""I don't carry that"" and the customer would have to go elsewhere.",0.4580000042915344,0.0,0
12183,JS93262,"Google Mussolini for the visage and orations of the original ""Trump"".  Just add hair and the arrogant stance and pose is almost identical.  The Italian Mussolini was the real creator of Fascism.  Hitler's Nazism just expanded it to include full German military might and demonizing of Jews to provide a scapegoat justifying genocide and continental conquest.  Germans were just more efficient than the Italians.  Mussolini(Il Duce) is the perfect ancestor of the One-Man rule arrogantly expounded by Trump.  Every Conservative in this nation yearns for the return of Royal King or All-powerful Caesar as their preferred governing system without all of those pesky human rights restrictions.",0.4684000015258789,0.0,1
11949,JS429239,"The reason Arabs aren't chastised for not recognizing Israel's right to exist is that they have been recognizing that since Arafat and the PLO.

The new demand from Israel is that it be recognized as The Jewish State.  Thereby denying any other ethnicity/religion/nationality the right to be a full member of the state.",0.2933000028133392,0.0,0
12276,JS1228522,"And if they hate Jews, are we supposed to believe they love Christians ? This is no surprise to anyone who is a Christian, but this nonsense of calling evil good has to stop...Crazy days we live in.

 Isa 5:20  Woe to those who call evil good and good evil, who put darkness for light and light for darkness, who put bitter for sweet and sweet for bitter!",0.6789000034332275,1.0,1
12146,JS1026755,dershowitz is a loud mouthed hook nosed jew scum who is loyal to israheil.  we can only hope that the brain cancer spreads quickly.,0.9959999918937684,1.0,1
12317,JS976656,""" White privilege"" is not much different from how Jews had  always been depicted as  snivelling rich bankers drinking baby blood, who exploit  poor people with usury and cheat. Privilege is just another version of Shylock aimed at white people. It is the haters who are doing the hating, as depicted in  the Elders of Zion, or Mien Kampf: old hate, new hated.",0.953000009059906,1.0,1
12328,JS1772587,"Sikhs and Hindues don't proselytize, Jews don't, Mennonites, Amish, Quakers don't. Unfortunately they're the fringe religions. The rest can't stop shoving themselves down your throat.",0.8813999891281128,1.0,1
11955,JS1732156,"Maybe the reason you don't know her Neil is because she's a pseudonym also; another exercise of bravado behind anonymity. Quien sabe?
In the town I'm presently living at, there's an Orthodox Jewish community (largest in the U.S.) robbing the public assistance rolls blind while not co-operating with the authorities that they don't recognize. Now they just found out that there may be a serious health crisis regarding sewage here due to rampant development with no constructive planning.  (This community holds most of the political offices too).
Regardless of what happens in Langley or who says what, it's still a wonderful place. Don't let people get to you so much Neil. Maybe I'll see you at the CP or on the street next week.",0.2551999986171722,0.0,0
11799,JS1675191,"One year, a Conservative Jewish friend of mine asked why I had ashes smeared on my forehead, and I said that it was to mark Ash Wednesday, the beginning of Lent. He said, ""Well, happy Ash Wednesday.""

For years we had a running joke, in which I would wish him a happy Yom Kippur and a happy Tisha B'Av; and he would wish me a happy Ash Wednesday and a happy Good Friday.",0.2232999950647354,0.0,0
11933,JS585989,"Your numbers look like they come from the utterly discredited book ""From Time Immemorial."" There was no where near, not even close, to 40% Jewish population in the Late Ottaman period.  Utterly laughable and Trump like ""alternative facts."" Give me a footnote.

A Palestinian identity had arose in the late Ottoman Empire.  The term Palestine had been used since Aristotlelian times.  The Palestinians have an unbroken occupation in Palestine.  Genetic studies show that todays Palestinian are related to the biblical Jews.  Which makes since, since they are the indigenous people of that area.  The Ashkenazi Jews came from Europe in a colonial enterprise to usurp Palestinian lands.  Too bad they cannot accept a glaringly good deal and take 78% of the land.  Instead they keep stealing more Palestinian lands.",0.4936000108718872,0.0,0
12035,JS964667,"President Trump does not appear to have a plan. We hope that his son-in-law does. But how would Palestinians trust either of them or the US in general. They do not come to the table as a neutral party willing to play honest broker and do not have new ideas on how to solve very real problems.

Colonialism drew arbitrary lines for nations in Africa and the Middle-East. Zionism contributed to the mass migration of Jews to Palestine the folly of the UN with mandated partitions of countries has not worked in Israel or elsewhere (e.g. Vietnam, Korea, Kosovo).

The situation is not bad enough for Israel to come to the table and compromise. They hold all of the cards. I wish Kushner luck but I am not optimistic. If I were Mr Abbas I would tell them the pound sand (politely).",0.1154000014066696,0.0,0
12160,JS1759452,"You mean the drunken, grotesquely fat Martin Luther that was known as a glutton? The same one that published various books inciting hatred against Jews? That guy?
By the way, you probably already know, but what the heck: for more than 1500 years, the only reason there was such a thing as a Christian is because there was a church. Care to guess which one that was?",0.9049999713897704,1.0,1
11773,JS198018,"Castro: ""block disfavored groups from school benefits accorded all other groups""

I wonder if Mr Castro would attack say the right of Hasidic Jews in Brooklyn to have their own schools? Because Jews are actively discriminatory on the basis of both race and religion.

What about Pharsi, who also discriminate on the basis of both religion and race?

What about Muslims wanting to discriminate and have their own schools and associations? 

Or is it just a Christian right to religious freedom that is now second class?",0.8342000246047974,1.0,0
12000,JS1024801,"Richard, Apartheid is a political system.  The Palestinians have a political system and it can most definitely be classified as Apartheid.

Firsts read this:
https://en.wikipedia.org/wiki/Palestinian_law

Notice Article 4 section 2:
The principles of Islamic Shari'a shall be the main source of legislation.

Jews are not treated equally under the law in Palestine.  Instead they are kept separate under the law... they are are separated... they are apart.  It's apartheid.

Weather you choose to call this type of discrimination Apartheid or some other equally horrific synonym is irrelevant.",0.288100004196167,0.0,0
12236,JS757969,"Some kids in Ontario are being taught Islamic studies ( only)  in their classes and if parents or kids say anything they are called racists. One child who is christians didnt want to make cards for EID he said they don't make cards for me on Christmas, Easter etc , I just want to do my school work he was chastised by the teacher and sent to the principal for not participating. Christians kids don't have a choice.   When will the Imams stop spewing hate against the unbelievers and jews?  4-5 Imams this month have been caught preaching hate and death. Not sure why this is ok",0.8080999851226807,0.0,1
12385,JS955885,"its a jewish democracy, get over it, you and kerry are idiots",0.9919999837875366,1.0,1
11952,JS559614,"""And I am reminded that Jesus, Mary and Joseph were refugees in the land of Egypt to escape the clutches of Herod.""

Since both Judea and Egypt were part of the Roman Empire, wouldn't they have been ""internally displaced persons,"" not refugees? Also, wasn't there a large, centuries-old, Jewish population in Egypt at the time? Is it un-Christian to question whether this particular Biblical analogy is really applicable?",0.1581999957561493,0.0,0
12217,JS1028643,"Some of Ezra's supporters have asked for an example of his hate.  Google his article about the Roma Gypsy's.  If you don't think it's racist, then replace Gypsy with Jew and tell me what you really think.  It's a great exercise in exposing hypocrisy.",0.6194999814033508,1.0,1
12185,JS640925,Churches are attacked in Mississauga.  Do we need a Christianphobia resolution?  Jews are attacked in Montreal and at York University.  Do we need a Judeaophobia resolution?  Why is Islam so darn special that it needs a specific resolution?,0.666700005531311,1.0,1
11841,JS861960,"I generally agree with your comments about Buddhism, but I would point out Fascist Italy was also Catholic Italy.  Catholics in Poland were so brutal towards the Jews in their nation that when the Holocaust began Jews were known to say the Germans were too cultured to engage in such conduct, unlike the Poles.  Mass murder of Jews by Catholic Poles would not have surprised them.  The ideal of Catholicism is not what is always practiced, or preached.",0.5703999996185303,0.0,0
11957,JS481545,"I'm not going to touch 'that one'.  I shall say that science and religion are at odds with each other.  Gould used the expression NOMA;  no overlapping magisterium.  When I see prayers, as in the article, it seems like trying to fudge a puzzle piece where it does not belong.  What I would appreciate is positive proof of the power of prayer.  Otherwise why pray at all.  As said, we live in a dog eat dog world, big fish eats the little fish...do we give thanks to that.  We have disease, physical affliction, disasters many fold, and the god of the Jewish Bible is a cruel, vindictive, angry assassin.  All church negativity is based on the errant Original Sin.  Now that we know it is bogus, how do we account for all the human suffering.  It is not as Mother Theresa says or the church has said;  suffer now your reward is in the world to come.  That does not suffice or account for the pain and suffering...thanks we give, but ignore not the want of relieve.",0.6148999929428101,0.0,0
12170,JS1674960,"It is funny how she went into the bayou trying to pull her ""Jew"" card, and the simple family there immediately teased out of her that she is not a real Jew.  No duh.  No real jews could support Bernie Sanders because he has an openly hostile stance towards israel  as a policy of appeasement.  No Jew would sacrifice Israel just to have a president who believed he could get a congress to pass universal healthcare.  Absurd.  So cool how the bayou family saw through her.  She needs to stop saying she is jewish.  Bernie doesnt..she shouldnt.",0.4350000023841858,0.0,1
12225,JS1277866,"I am totally disgusted with this article.  Sarah is comparing not letting transgender people serve in the military to the Nazi roundup and murder to millions of Jews (along with Roma, communists, the challenged and some Catholics).
Man, she is a disgusting d.b.",0.9490000009536744,1.0,1
11918,JS341540,"At least you dropped the fictitious “citations” this time to non-existent cites in the Babylonian Talmud.

The Jewish view:

http://scholarlycommons.law.case.edu/cgi/viewcontent.cgi?article=4366&context=caselrev

in the Talmud appears to provide an exception for abortion when the life of the mother is at risk. It could be interpreted as “self-defense” but that is not what it says.

The relevance of this to a Catholic viewpoint is unclear. The Jews did not share our view of Man as body and soul, nor did they have any clear idea of an afterlife.

I am unaware of any moral calculus acceptable in Catholic teaching that would provide the basis for weighing the moral “goodness” of one death versus two. However, in Catholic moral theology an intrinsically immoral act cannot be justified by citing a “good end”.",0.2502000033855438,0.0,0
12232,JS793287,"No one had ever heard of ""ex cathedra"" before 1870, yet you claim it existed in the 15th century. Interesting.

Jews and others are damned was the teaching. The teaching has changed. Accept it. While you are at it, accept that God is loving, merciful and just, and does not damn people just for the hell of it.",0.5465999841690063,0.0,1
12252,JS1408733,The idiot in chief has been able to continue to fool his ever shrinking band of fools but the Middle East and its leaders are amongst the most capable in the world. The region is a pressure cooker and Jared Kushner is way out of his league to be the U. S representative on this topic. It is an insult to Israel and Palestine to send a scam artist greenhorn to this conference and expect him to be taken seriously. His only qualification is that he's Jewish. It's like not every Hawaiian knows how to kalua a pig in an imu.,0.9950000047683716,1.0,1
12290,JS644846,"Exactly Dunny! Why shouldn't they? I totally support Sharia, and I'm glad you do too!

Come to think of it, however, I'm really sick of those ultra-conservative Jews and Christians forcing their values down everyone's throats, so let's eliminate their special treatment.",0.9660000205039978,1.0,1
11734,JS1012558,"PayPal blackballed Arab business in Gaza and the West Bank,  while allowing Jewish 'settlers' to keep on receiving payments.  That'es a little more than merely 'lawful'  or 'moral' -  it's political - like this story.",0.2245000004768371,0.0,0
11937,JS337574,"Bravo, veterans!  They know what is really happening here, because they've been on the other side of this ongoing war against people who have something the ""elite"" (they are actually called that in the mainstream corporate media now) aristos want.  They've been on the other side, and they know where they want to be this time.  I think a lot of veterans have figured it out, and that's why thousands of them are showing up and standing up.  They know something akin to Abel Herzberg's famous statement about the Holocaust under Nazi Germany:

""There were not six million Jews murdered; there was one murder, six million times.""
Holocaust survivor Abel Herzberg",0.1033999994397163,0.0,0
11830,JS533351,"Why does Mr. Goldberg ignore the first ""America First"" movement attracted the support of  anti-semitic Nazi sympathizers such as Henry Ford and Charles Lindbergh?  Goldberg writes  . . . the term ""America first"" took on a more sinister reputation in retrospect than it deserved . Some Jewish groups to this day unfairly consider it vague code for ""America should have let the Holocaust run its course. . .""    He states this without explaining that the basis for the ""sinister"" reputation is the fact that prominent America First-ers were anti-Semites.  More important, while Goldberg acknowledges that Trump's ""America First""  ""vision"" is just warmed-over nationalism, he fails to acknowledge its sinister effect -- the implicit validation of America's home-grown, white supremacist, Nazi wannabes and the implicit permission bigoted Americans now believe they have received to cast aside ""political correctness"" to freely voice their ignorant prejudices as truths,",0.597599983215332,0.0,0
12069,JS1373094,"Dr.  Strangelove,
I agree with most of what your saying, but people have  desecrated Jewish graves and most  recently a statue of Lincoln.  I don't think removing them is the answer. Where would we stop?  That monument stood for  almost 100 years without vandalism, why is it suddenly a lightening rod now?",0.1094999983906745,0.0,0
11861,JS521060,"You may want to bone up on your history a bit. There was a Jewish presence complete with government and institutions going back to 1312  years before Jesus. That is incontestable. Most of Europe is configured differently today than it was 100 years ago, and 100 years before that. Texas and California were not always part of the USA, which at one point didn't exist at all. 

Lands have been reconfigured since man first sharpened a stick, and will doubtless continue to be for the foreseeable future.  Israel isn't taking anything that didn't belong to it at one point, and by the way, how do you suppose the Mohammedans came into control of the neighbourhood in the 7th Century - did they not oust the then current inhabitants? 

No Islamist group has ever had Jerusalem as its capital, yet the Jews have had a continued presence there for 3,300 years. There is tons of historical evidence to this effect, and you can't steal what is rightfully yours.",0.0808999985456466,0.0,0
11984,JS418953,"Thanks, Mary Jo.  I'd never heard of  Fackenheim, and I certainly don't agree that any criticism of Israel is a threat to the survival of Judaism.

That said, the notion of handing Hitler posthumous victories is compelling.  One Jewish lady publicly addressed it in a TV interview on 23rd September this year. 88-year-old Baba Schwartz, who was raised in a loving Jewish family in Hungary, was transported to Auschwitz with her entire family when the Nazis occupied her homeland in 1944.

Having survived that horror,  she refuses to hate.  Full stop.",0.1653999984264373,0.0,0
12161,JS1478963,"Now! Now!  

Just because he has a couple of songs whose lyrics kind of mention the Jews as the killers of Christ a few times doesn't mean he was an anti-Semite!

And just because the Nazi's adored ""St John Passion"", doesn't mean anything.

And Martin Luther (Founder of Bach's Church) said: 

""Be on your guard against the Jews, knowing that wherever they have their synagogues, nothing is found but a den of devils… [T]hey are nothing but thieves and robbers… one should toss out these lazy rogues by the seat of their pants… eject them forever from this country.""",0.9879999756813048,1.0,1
12265,JS664601,"Such simple minded snowflakes. So sure of your silly selves as you out hate and intolerate those you accuse of same .So quick to judge before you even finish a news report,let alone research the story further.
 Its stated that the threats are multiple and sophisticated. The FBI has contacted Interpol about similar invents in Britain. Some are investigating that the calls  could had been generated overseas. 
 Whom internationally have attacked Jews repeatedly and have even called for the complete destruction and death of all in Israel?
Couldn't be factions of your darling misunderstood liberal loved flavor of the month bunch could it,Sherlock? Heavens forbid!
 Perhaps prudence would call for a moments patience for investigated facts to confirm identity be it Nazi white hate pieces of shite or a particular portion of your beloved Ali babas.",0.8813999891281128,1.0,1
12071,JS819185,"That right there could be said of Adolf Hitler and the Nazi Concentration/killing of Jewish people. Their dictates of their own conscience. What, for the betterment of Germany? Essentially the “rationale” of one’s own “conscience” and following its’ “dictates” would mean also the Japanese crashing into warships. Or, even further, the dictates of the conscience of the men who crashed an airliner of people into the World Trade Centers. Would that also suffice?",0.3912999927997589,0.0,0
11915,JS1197643,"because they were part of a group of people who were fighting our enemies in Afghanistan at the time - the Russians -
the enemy of our enemy is our friend
you could ask the same question of all the Tamils in Canada who supported the Tigers a terrorist organisation, the Jews who send money to support illegal settlements, the Ukrainians who funnel money to neo Nazi private armies back home , the Sikhs who express support for a separate state in India some of whom were convicted of terrorism
how did they all become Canadian citizens?",0.3720999956130981,0.0,0
11781,JS1411614,"Really Larry? Just substitute the word Jew for Colonialism in your initial piece and read it again. 
Soft antisemitism has been the issue for millennia. Then comes the Holocaust.
Colonialism followed by apartheid was not soft, brother. Ask anyone thrown out of a window at Vorster square, or the families dumped in the veld as part of creating ""homelands"".",0.2773000001907348,0.0,0
12303,JS1326978,"You should be ashamed of yourself Mr. Toben. That you would say ""Germans never used homicidal gas chambers during WW2--never gassed anybody"". 

 ( Though I guess its not the gas per se that was homicidal...it was the German Facists and their allies and collaborators who were homicidal.  But I dont think that was your point. )

The evidence that millions of innocent jewish people and tens  of thousands of others were murdered by poison gas is overwhelming.  Many of the innocent victims were children and virtually all were defenceless. 

The Commandant of Auchwitz Hoess, in a written deposition of hundreds of pages,  admitted to murder by gas chamber  at the Nuremberg trials..  Kurt Stangl, the Commandant of Treblinka  admitted that gas was used to murder hundreds of thousands of jews and others. 

You should be ashamed of yourself. I hope  someone will sue you . You are speading untruths, you are promoting hatred.  You are clearly a fool. But a dangerous one.",0.9210000038146972,1.0,1
11832,JS1370921,"President Trump did not excuse Neo-N*zis. That is just plain false. He said (1) N*zism and white supremacy are wrong but (2) the law in this country is that they have a legal right to hold demonstrations and it is illegal to assault them for doing it.

Real Americans understand how both of those statements can be true. It has to do with the Constitution and the way the courts have consistently interpreted it. 

And let's lose the fake concern for the Jews, while we're at it. Jews have just as many enemies on the left as on the right. Trump has denounced David Duke; when will Obama denounce Louis Farrakhan? Vladimir Putin rebuilds synagogues and Jeremy Corbin cultivates Hamas.",0.5169000029563904,0.0,0
12336,JS722550,"This is an example of the arrogance and ignorance that exemplifies Anchorage and is the same as a bunch of ugly racist and bigoted White Nationalist Americans moving to Israel and then have the gall to tell Israelis, ""Jews, you're lucky we let you stay here.""",0.9490000009536744,1.0,1
12254,JS640606,"The Liberals are like Hillary Clinton. Their stupidity on not being all inclusive with this motion just encourages the Trump type folks.

Trump can't happen in Canada? It already happened in the 1930s. We whitewash the time when the KKK had branches in cities & town across Canada. You will have to do a bit of research to find references to this period but the references can be found. Very shocking period. 

We don't like to talk about not allowing Jews to enter Canada to escape Hitler. Read the book ""None is Too Many"" to describe  our immigration policy during that period.

Go to Wikipedia and read about the university thesis written by TC Douglas. The father of Medicare, former leader of the federal NDP, former NDP premier, the greatest Canadian according to the CBC. When he wrote his thesis Tommy was a bigot that would shock even Trump\s most radical supporter. (Read about his thesis before you condemn my remarks.)",0.8486999869346619,1.0,1
11843,JS1468325,"Balderdash.  The only ethnic cleansing I see is by Arab states' explicit goal to wipe Israel off the map.  The Jews struggle in vain to get their right to existence accepted.  So I understand their proactive defensiveness, even if I don't always agree with how they pursue it.",0.2994999885559082,0.0,0
11746,JS1675957,"So if people harass hasidic jews, they aren't anti-semitic?",0.4749999940395355,0.0,0
12409,JS416283,"That is the dumbest thing I ever heard.  Jews have no interest in saying merry christmas and the sooner you get that through your thick skull, the sooner this will be a non-issue.",0.9739999771118164,1.0,1
11927,JS298922,"UNRWA doesn't redirect its funds towards terrorism. That wasn't a school; it was a dramatic performance in a cultural festival. It was actually meaningful for the children in Gaza, because they have seen people that they know personally killed by Israelis in the military. Schools in Palestine don't teach hate. They have to focus on academic subjects. Israel takes on the responsibility of the ""teaching"" of PTSD to children in Palestine and teaching Jewish Israeli children to hate and fear ""Arabs"".",0.5565000176429749,0.0,0
12249,JS548343,so it was a good thing that the US and Canada rejected that ship of jewish refugees back in the 1940s??,0.2933000028133392,0.0,1
12042,JS1559943,"He's more outraged at this than a bunch of Nazi's marching around saying ""Jews will not replace us"" and he is more attentive of it than the disaster in Puerto Rico.  You know, part of the USA?",0.6291000247001648,0.0,0
11899,JS1238691,"All the terrorist that have threatened to kill me have been born in America white Christians. One of the terrorist groups was called the Order. They were based in the Northwest, with some members living in Springfield. Among other crimes they murdered an elderly Jewish radio talk show host in Denver that was critical of neo-Nazis. They sent me several death threats including sending  certain of my body parts ""back to Africa"". This after I called them cowards during an interview I had on KUGN back when it was locally owned. Their leader was killed by federal marshals in Washington state back in the 1990's. The experience caused me to get a CAC permit. Don't forget those Nazis that shot up the Jewish temple here in Eugene about the same time. BTW, we let the KKK adopt highways in some states. They have easy access to all the guns they want thanks to the NRA.",0.8644000291824341,1.0,0
12203,JS1105731,Why not watch a NAZI film on the Jews before making a judgement on Hitler.  Sounds stupid doesn't it.,0.9419999718666076,1.0,1
12176,JS380442,"The (in)famous 1917 Balfour Declaration to Baron Rothschild on Palestine (as it was then called) perfectly encapsulates the root of the conflict: a colonial power pledging to European Jews land that belongs to neither.

That Canada continues to effectively support this travesty is shameful.",0.4260999858379364,0.0,1
12312,JS516409,"Donald Trump just blamed all the Muslims for the problems in the world......
Adolf Hitler blamed all of the Jews for all of the problems in the world.......
Supporters of Trumpelthinskin not only are YOU uneducated YOU ARE THE PROBLEM!!!
You also lost the popular vote and Trump has some of the lowest approval ratings in the past hundred years of a president going in the office those are called facts......
I know it's hard for you to understand!
Putin is massing troops on his eastern border with Alaska ........
FOX NEWS will not tell you the truth until it is way too late!
Trumpelthinskin is selling Alaska BACK TO RUSSIA!! !!!
BUH BYE comrades
☠️💀☠️💀☠️💀☠️💀☠️💀☠️💀☠️💀☠️💀☠️💀☠️💀☠️💀☠️💀☠️💀☠️💀☠️💀🆘🆘🆘🆘🆘🆘🆘🆘🆘🆘🆘🆘🆘🆘🆘🆘🆘🆘🆘🆘🆘🆘🆘🆘🆘🆘🆘🆘🆘🆘 🔥💥🔥💥🔥💥🔥💥🔥💥🔥💥🔥💥🔥💥🔥💥🔥💨💨💨💨💨💨💨💨💨💨💨",,,1
11939,JS1331722,"""The poem is irrelevant""
That poem was most definitely NOT irrelevant to my German-Jewish father and his sister in 1939. And tens of thousands of others similarly situated. That poem embraced a principle, as prima facie stated.",0.0626000016927719,0.0,0
11788,JS422767,"Don't be too hard on him. After all he attended Rev. Jeremiah Wright's hateful sermons for over 20 years, was married by him, and had his daughters baptized by him. And throughout the years, Obama said nothing about the hate that Wright was preaching and referring to ""them Jews"".",0.7208999991416931,0.0,0
11809,JS660946,"Today's refugees are not yesterday's refugees. The vast majority of refugees in the past who came from conflict zones were principally civilians and innocents caught up in conflict. Think the Jews in WWII. Today's refugees are often combatants or participants in various gross violations of human rights in very murky conflicts. Often, the government has no clue what these people did in the various conflicts they are coming from. As an example, police in Europe discovered on people's mobile phones horrific trophy photos and videos that migrants had brought with them (beheadings, rape, torture etc.). Then throw in the threat of terrorism. Jews were not trying to bomb aircraft or deploy IEDs to kill civilians in their adopted homelands.",0.2764999866485595,0.0,0
11911,JS336187,"Our patriarchs have preached this but these ideas have no basis in the Gospel. 

There is no such thing as an annulment in the Gospels or in Judiasm. In Jesus' vocabulary, that of Judiasm, you are married, unmarried, or divorced.  One cannot enter into a marriage that later on can be deemed was not really a marriage.

Jesus, in the Gospels, condemned all breaking of the legal marriage contract, once made, as divorce and sin.  He told us why  - Marriage is not merely a paper or flesh contract but a spiritual contract made also with God.  Therefor what God has brought together let no man tear apart.  The only valid reason Jesus gave for divorce was adultery but even then he told us that those who break their marriages for this reason & marry another are still committing adultery.  

That was the point of my comment, our patriarchs taught against what the Gospels teach on this subject.  So why are we condemning others who do so too.

Eucharist is not earned - it is a gift for healing.",,,0
12167,JS1075330,"For to be a real Jewish man ......I most go to Hebron and kill fake Jew's and the bums that think that can live in the land of WAR...with out picking up a blade .,.....for  Hebron is the land of war all real Jewish men most kill in Hebron.... To be a real Jew you most travel to  Hebron and kill Jews that shave there face.....and then your self.",0.925000011920929,1.0,1
12241,JS1408122,"Come on! Jesus couldn't do it 2000+ years ago. Kushner not even considered near God-like.
He's giving it the good ole try, You'll never be able to say Trump never tried! hahahahaha
Your God Barry did squat for the ME but diss the Jews in Israel.
God Barry ran away from the hard problems in the World. How easy it's is to hand Godzillions of taxpayers dollars to Countries that Hate our Western values. Who'd not take FREE money? they are not so self righteous not to accept freebies but will just eat up what you give them. We were Fools and taken as Fools and treated like Fools as they still hate on the US.",0.785099983215332,1.0,1
12228,JS1158470,"I suppose you are right, DMOnt1. We could fall into that less aggrandizing, idyllic skill set where we say no Jews are still too many, and send them all back to die in the Holocaust.",0.7746000289916992,1.0,1
11802,JS422590,"Well, Mr. Minshall, you are just one man. Are you saying then that all Jews committed war crimes then? Did I say you committed war crimes or did I say our nation committed war crimes?  In 1948, Israel was attacked. How you think otherwise is beyond all logic. Then you talked about Semitic people living in Israel since the dawn of time. You know well as I do that it is not ethnic differences that is creating the havoc today but religious difference. Palestinian Jews and Arabs are divided by faith, not race. So it really don't matter who was there first. But we do know that the Jewish nation has been there far longer then a Islamic state.....actually that part of the world never been a state of any kind once the Jewish kingdom was destroyed by the Roman Empire....until 1948. Then the Arabs decided to  exterminated it and failed. Because they failed, you are whining over the petty notations.",0.5530999898910522,0.0,0
11858,JS461241,Ultra-Orthodox Jews do not kill other Jews or Arabs and are not dangerous to anyone.,0.5403000116348267,0.0,0
12207,JS1092436,who gives a shit what tis arrogant jew thinks about anything.  What good did he do  for NYC?,0.925000011920929,1.0,1
11774,JS650374,"""It sounds like you are saying, ""None is too many"".""

""None is too many"" was the response given by FC Blair, Canada's director of immigration, when asked how many Jews should be accepted into Canada during the second world war, when jews were being exterminated  in nazi occupied Europe.

Are you  comparing wealthy Chinese buying companies and real estate in Canada to jews trying to flee Europe where they were being rounded up  and transported in trainloads of sealed cattle cars to extermination camps ?",0.3003999888896942,0.0,0
12220,JS385771,"Cassandra: Now that you are mocked in the Trudeau stories, I see that you are hanging out with your second love i.e. jew bashing",0.6442999839782715,0.0,1
12084,JS107717,"They talk about diversity but look at who makes up the BRT?  Everyone on the team obviously thinks exactly alike, why isn't there someone from the athletic department, someone from the law school, someone from the Christian or Jewish student body.  Not once did i see mention of  bias toward white students or maybe the BRT doesn't believe that could even happen.  Diversity i guess is in the eye of the beholder.",0.2339999973773956,0.0,0
12371,JS742954,"It's not based on their opinions..any more than a ""criminal"" is viewed on his or her opinions.  It's based on their ACTIONS, or inactions.  Does the opinion of an all white utopian society, elimination of ""human weeds"" such as ""Negroes and Jews"", elimination or sterilization of those in mental institutions and prisons sound like someone with a mental illness?  Because those are ""opinions"" of the early 20th century ""progressives"" who not only ""opined"", but acted on those...and even Hitler borrowed some of their ideas.  The loons who ""opined"" on the evils of drink got the 18th Amendment passed, and the federal government finally resorted to putting wood alcohol in the grain alcohol, because everything else they put in to stop people drinking was distilled out.  As a result, the US Government murdered around 10,000 people.  Opinions are fine, and widely held...everyone has one.  Evil opinions put into action however, IS a mental illness.",0.6789000034332275,1.0,1
12104,JS710763,"Or it is heartbreaking for a segregationist American southerner that his Lord is much darker than him.

Plus most of those churches were built after Europeans had seen Jews. The original Jews were darker that the Europeans. Centuries of intermixing, rape, etc have made some Jews blonde and blue eyed.",0.8486999869346619,1.0,1
12306,JS852888,"Wow.  After reading all these ""Canadians"" defending Le Pen, I'm sure glad I'm not Jewish.  Apparently, she is just wonderful and can do no wrong.  Things are getting very scary around here.",0.4794999957084656,0.0,1
12103,JS648159,"hey, imam can call for death of Jews at this mosque (notice how they do not give you those details... all hush hush, right?) and NO POLICE INVESTIGATION and 12 people protest the mosque for it and POLICE INVESTIGATION>
Is Canada heading to European system where complaining in public about Islamic terrorists and Islamic hate gets you fined and/or jailed?
If so, the Islamists win. By the way, what about all the Jewish hate by the left at the universities in Canada... isn't that a hate crime... shouldn't they be hauled before the hate court?",0.9549999833106996,1.0,1
11827,JS408796,"Mr. Porter,
Looking over your quite impressive credentials, one has to wonder if you think that those of us lacking such lofty academic experiences as yourself, are a bunch of emotionally retarded mental midgets with our heads buried in Hawaiian sand? 

""manner of speaking that makes cruelty seductive, even palpable, a man who says he can kill someone on the streets of his home city and not be held accountable...""
Are you talking about Obama defending his disastrous drone assassination program?

""anti-Semitic""
Trump's son-in-law, who he holds in high regard, is of Jewish extraction. His ambassador appointment to Israel is someone who wants to move the capital to Jerusalem and wants to legitimize illegal West Bank settlements. Anti-Zionist, I don't see any evidence of this accusation.

Please, stand up and defend your divisive rant!",0.7059000134468079,1.0,0
11992,JS1162816,Left wingers in the US and most of Europe do not even allow Israeli/Jewish speakers on campus (here in SA also) and a majority seems bent on eradicating Israel. Your 'sophistication' is just naive (or more likely cunning propaganda) your opinion not shared by the West's Left. The hate and viscous anti Israeli rubbish pumped out daily makes this post of yours simply wrong. Pakistan is an ethnic/religeous homeland so why not one for Jews?? Go check a map of the Middle East and tell me why ± 10 million people cant be allowed to live in peace in a tiny sliver of land surrounded by millons of non Jews living in plenty of space.,0.5342000126838684,0.0,0
12419,JS1394500,"I was pretty clear about this, MC:  I pity the Nazis. They need psychological help. Most extremists do.  I avoided nothing. Only simple people think there are simple answers to social questions. In fact, assuming that such answers exist is typically a component of white privilege. 

But white supremos also need a firm hand, since they are heavily armed, glorify war, and espouse violence, and worse, against Jews and people of color, which is illegal and dangerous.  This is why the AntiFa should cease trying to kick their butts and instead shame them through outing on FB, Instagram and in the press and such. Hold them up for the losers they are and they'll vanish.

You're not asking not a simple question. Both groups--the destitute and the white nationalists--need justice to be done. Own it: you despise the poor, favor the white supremos over civil rights and equality, and you associate being on the right side of history with the supposed moral quibbling of ""political correctness"".",0.9390000104904176,1.0,1
11892,JS1433033,"I'd say the Denver Post's publication of Mr. Beeler's cartoon is indeed fostering debate.
Some people might feel the only difference between 1,000-year-old Buddha statues or 2,000-year-old Palmyra ruins and Confederate statues is their age, and distance from us.
Some Muslims might argue that the Buddha statues and the Palmyra ruins are an affront to Islam's monotheistic roots. ""There is no God but Allah"".
I don't know of any Confederate statues that have been dynamited or bulldozed, but I believe a group of protesters engaged in at least one unauthorized pulling down of a Confederate statue, damaging it in the process.
I'm the son of German-Jewish parents. I can't erase Hitler. I don't want to erase Hitler from the history books. I want people to learn about Hitler and the Nazi atrocities.
People should learn about slavery, about Jim Crow, about lynchings.
There aren't Hitler statues in German public spaces. Perhaps these Confederate statues can be moved to private parks or museums.",,,0
12298,JS417264,"I love how the anti-Semites on this comment board are attacking Israel and the Jews but ignoring the article right below it on the web page on Russian bombers attacking Idlib today.  You know that these commenters don't care a whit about Arab lives or rights, just attacking the Jewish State.",0.58160001039505,0.0,1
12442,JS1422812,"Like I've been saying, Trump is not a racist with a Jewish son in law, convert daughter and Jewish grandchildren. Along with a black friend Dr. Ben Carson.
Honesty? Who is the bigger liar, Hillary or Trump? I will say Hillary.",0.9269999861717224,1.0,1
12041,JS1054073,"If you opt to attend a Jewish school you should expect to learn about Judaism. The same for a Catholic education system. If you do not want the Catholic part, then do not attrend. Go to an Indian restaurant and not expect spicy food? Huh? Some people want to pick and choose the good bits of their education system, but it is an all or none choice. you go and study or you do not. Otherwise there will, by definition, be some exclusion.",0.1900999993085861,0.0,0
12389,JS221350,"So Eugene IV's Cantate Domino is still in full force. It says that Jews are automatically going to Hell. No ifs, ands or buts.",0.8080999851226807,1.0,1
12268,JS1169275,"How many Jewish Canadians fund illegal settlements in Israel and back the bulldozing of Palestinian homes there. According to Adler that is ""not being Canadian in spirit""

don't hand me this crap about what constitutes good Canadian behaviour - many so called hyphenated Canadians have plenty of baggage

As you know Israel deliberately targeted a Canadian peacekeeper  and killed him while on duty

no apology from them or compensation for that matter - and DND wiped  records of  that little event off its website",0.6194999814033508,1.0,1
12309,JS1441396,"They become outliers, like people of the Jewish religion.  Does it make them worse than Jews -- are Christians more tolerable, since Jesus was against political depravity but still believed in *good* governance?",0.9539999961853028,1.0,1
12033,JS911713,"A relatively objective report on Russia's biggest holiday - thank you.

Whether the Globe & Mail is ready to admit it or not, most objective historians believe it was the supreme sacrifice of the Soviet people which defeated Hitler and Nazism. When the US/UK/Canadian and other allies landed in Normandy in June 1944, the German army was in fact already a beaten force. I say this not to demean or downgrade the great contribution which the Western allies played, but only to be faithful to the historical truth that we owe so much to the Soviet Union in this regard. Even Netanyahu wrote [for him] a positive message to Putin saying how Jews in particular were grateful to the heroic Red Army in WWII.

We should emphasize what we have in common with Russia and the Russian people instead of demonizing them, which the MSM is certainly guilty of in the last decade.",0.0636999979615211,0.0,0
12251,JS1692020,Get lost with your stupid slave stuff. The Jews were slaves and they seem to be doing OK.,0.9760000109672546,1.0,1
11914,JS1516522,"These military exercises are necessary drills in the event things get real. Practice makes perfect.
Like the Jewish historian Josephus noted in observing the Roman legions, their drills are bloodless
battles, their battles, bloody drills.   That is how it has to be.  Diplomacy does not always work
or works only temporarily.",0.1020999997854232,0.0,0
12179,JS1464551,"More than 2000 years, but not the 3700 that you attribute ot the book by claiming it to be Divine revelation to Moses. I am sure the authors were inspired by a love of God and the Jewish people, but that does not put them beyond reason. Also, they are not reactionary, you are. Your reactionary nonsense is only 50 years old. Maybe 150 if we include the idiot Pio ono. The Lord did not dictate to Paul, Matthew, Mark, Luke and John. They used various sources in writing their letters and Gospels and we can understand these things in relation to what we knew about them. You also don't understand-the word Apostate. I have renounced nothing of the truth of the Resurrection and have only called for sanity in dealing with sexual doctrine. That is a love of the Church and a desire that it quit makiing a fool of itself at the hands of certain bishops.",0.6552000045776367,0.0,1
11941,JS1354001,"Levant is a carnival barker, not to be taken seriously. He was interviewed recently and the only things that came out of his mouth were"" ""But I'm Jewish! You're a better Jew than I am! Prove racism!"". He's essentially a child when arguing, no one should engage him that wants to be taken seriously.",0.6496999859809875,1.0,0
11932,JS1760350,"Maybe the previous census had over-represented Jews? Can you claim to be Jewish if you don't follow the religion, don't speak Yiddish or Hebrew, but happen to have a Jewish grandmother?

It's like a few decades ago, where those opposed to Sunday shopping would point to the number of ""Christians"" in the census, and assume they were all devout and would only pray on Sunday.",0.2425999939441681,0.0,0
11870,JS1765945,I can think of at least three different cultural groups that are Jewish.,0.1361999958753585,0.0,0
12243,JS787202,"""Not forgetting its dreadful origin as a white man’s club that once forbid men of colour to participate""
.


No Canadian written article about baseball would be complete without an ode to American racism but had you mentioned the Christie Pits riot it would be a breath of fresh air. Inspired by Canadian ""Swastika Clubs"" and the Swastika Association of Canada, more than 10,000 citizens at a Canadian baseball game, excited by cries of ‘Heil Hitler’ became suddenly a disorderly mob and surged wildly about the park and surrounding streets chasing and beating Canadian Jews.",0.6607999801635742,0.0,1
11761,JS626626,"I admire Irwin Cotler in many ways but he is completely wed to the State of Israel and is one of those who loudly proclaim that criticising te Government of Israel is anti-semitism. Cotler has blinders on when it comes to anythng to do with the interface between Jewish people and Muslims, in my opinion.",0.4226999878883362,0.0,0
12052,JS735204,Nice rationalization for the genocidal treatment of Syrians by Assad and his forces who are   responsible for the use of chemical weapons against his own people. Not a Jew among them.,0.6291000247001648,1.0,0
12175,JS864072,"Man can live in peace and harmony without any god, but no god can exist without a con man and a fool. Remember, yo are brainwshed from the cradle to the grave about gods (sky people) and a zombie. Try and explain to 7 million jews, there is a god. Good luck. Yes, I am an Atheist, as I have studied the three main religions in South Africa, and they all confirmed my suspicions. There is NO purpose to life, except survival and procreation.",0.785099983215332,1.0,1
11792,JS504243,"How so, sport? I am an American from NYC. Where do you live? Not all that long ago, Trump dated Kara Young, an African American. He has nominated African American Ben Carson and Indian American Nikki Haley to be part of his cabinet. Additionally Jared Kushner, his son in law who will be his senior advisor is an orthodox Jew. Do your homework next time",0.1561000049114227,0.0,0
12201,JS416197,"Palestinians are a rogue entity with no rule of law or independent judiciary. Honour killings of wives
and daughters and female genital mutilations are the order of the day. Jew hatred comes with their
mother's milk. The land of Israel is one of core ideas and precepts of Judaism, along with God and the Torah. Denying the self-determination of Jews in their historic homeland is anti-Semitic as it discriminates against Jews whereas self-determination of other cultures and religions are conferred upon them, just listen to the Palestinians, their leaders and supporters, who claim self-detemination for their people. Criticism is legitimate, however holding Israel in contempt and opprobrium and out of proportion to any other party in the Middle East, and claiming that Israel has no right to exist, is well beyond mere criticism.",0.968999981880188,1.0,1
12123,JS802983,"George Soros funds country destroying leftist, anarchist, marxist, burn it down groups all over the world. He makes billions by manipulating the financial markets, never caring if a country and all its people suffer from his screwing with currencies and economies. Soros is Mr. Evil... for real... and its probably just a left over from the days when he betrayed Jews in Nazis Germany and actually participated in seizing Jewish property and profiting from it. A true scum of the earth person.",0.975000023841858,1.0,1
12250,JS396737,you are saying that the Jews will be responsible for a future genocide that will exterminate them.  interesting that the Globe watchdogs feels this comment is within their bounds of civility.,0.5893999934196472,1.0,1
11778,JS490312,Fogel did not mention the two-state solution because it is not a solution. All it will do is compromise Israel's security and give the Palestinians military sovereignty to load up and attack Israel in the Arabs' ongoing objective to eliminate Israel and eradicate Jews from the region.,0.8644000291824341,1.0,0
12255,JS1755044,"The Palestinians are losers. Because they got occupied.  And remain losers ‘cos they’re still occupied. Four generations later, professional refugees. Boo-hoo! What they gonna do? More losing ... hatred, incitement, rage, terrorism, violence, intifada, jihad, boycotts, propaganda, moaning, begging, complaining. Addicted to victimhood. 
That's what losers and lunatics do ... keep doing the same ol’ crappy things, negative things, hoping something will change. Only it won’t. 
No state-building, no democracy, no peace, no progress, stuck in the sh1t, lost in a time warp ... because they’re losers. 
The boo-hoo Palestinians have the attention of the world, billions of dollars to live off and scheme bribes, investing nothing in their future, and hordes of gullible Westerners to help delegitimize the ‘enemy’, Israel. All this goes away if the Jews cannot be blamed.  Sorry DM,  you and the liberal media are part of the problem.",0.9559999704360962,1.0,1
11835,JS1641376,"When dd a Jew ever acquire the ""right"" to insist a shop provide kosher products and to claim discrimination if they refused specifically on religious grounds? Or if they wanted a cake with the slogan: ""Christianity is Minuth."" A Jew would, in all probability, respect the religious views of the other in this respect and go elsewhere. Now, if a Jew were barred entry to the shop, simply because of his faith, irrespective of what he wanted to purchase, this would be discrimination.",0.3801000118255615,0.0,0
11828,JS842260,"If this protest was directed against Jewish students and their prayer habits it would immediatly be castigated as ""anti semitism "" and shut down. Don't forget Arabs are also ""semitic people"" and so this protest is also ""anti semitic and should be treated in the same way. Actually I don't believe in preventing anyone from doing their religious thing so long as it doesn't get in the way of others. Have just read a great book""Londoners"" a whole book of interviews with those living in London and its amazing the vitality and vibrancy and multi cultural interest that a truly mixed community like London has evolved into. Relax and things will get better!",0.3154999911785126,0.0,0
12105,JS1509212,"I didn't know Beanie was Jewish, I'm not into profiling Presidential candidates. I use the term in the same way some on here call Trump, Drumpf or Trumpet or whatever else..  He's still a socialist and he'll never be President. Beanie's ideas are all bad. He didn't even defend himself so why would anyone expect he'd defend them?
.
You still  said  Hitler was masculine. He wasn't. He took a pill. It was cyanide. He was a loser and there is no way on earth to compare what he did to any American President. Not one.  I would even defend Bill Clinton or Barack Obama over that filthy man.  He was beneath anything even  remotely human and end of story.",0.8486999869346619,1.0,1
12395,JS1364832,Klein is a self hating Jew that no intelligent person takes seriously. Congrats on finishing your first semister of Poli Sci though,0.6789000034332275,1.0,1
11942,JS1673394,"In order to understand the term ""islamophobia"" we must also understand Islam's own misogyny, homophobia, hatred of Christians, Jews, Hindus, Buddhists, Europe, America, democracy, dogs, free speech, human rights and everything else not permitted (haram) by Islam.",0.9710000157356262,1.0,0
11785,JS540925,"The other day I was curious about the historical details about the Holocaust.  I wondered how the numbers of killed were determined.  I was surprised to find that the number murdered was not determined from actual Nazi records but from European census data before and after the war.  This confuses me, because there was mass exodus of Jews and others just prior to and during the war.  Also, I read that the only way they knew who was Jewish was through self description which may have become less likely in view of the war.  What's up?",0.025000000372529,0.0,0
11978,JS431852,"No, it is not OK to be racist and to persecute others who are not Jewish IF you are a Jew and you live in Israel.",0.5741000175476074,0.0,0
12355,JS1478963,"Now! Now!  

Just because he has a couple of songs whose lyrics kind of mention the Jews as the killers of Christ a few times doesn't mean he was an anti-Semite!

And just because the Nazi's adored ""St John Passion"", doesn't mean anything.

And Martin Luther (Founder of Bach's Church) said: 

""Be on your guard against the Jews, knowing that wherever they have their synagogues, nothing is found but a den of devils… [T]hey are nothing but thieves and robbers… one should toss out these lazy rogues by the seat of their pants… eject them forever from this country.""",0.9879999756813048,1.0,1
12043,JS864478,"Actually in U.S. History, and World History, Mussolini was turned over fairly soon. Not for the time/extent of Germany and Japan. As for Poland's persecution of Jew's after the war had to do with USSR occupation after Germany lost. Pope John Paul II was a witness/testified to the fact. 

The ""knocking on the door"" resided with the Catholic populace to overthrow. As for Italy, Germany began to occupy where Mussolini failed. And that was an extent - historic/documented - of Germany even going to invade the Vatican city state. Somehow, how does a fascist Germany align so well to Catholics residing in Italy that they had to take it over? Please build a well testified/documented reason.",0.2119999974966049,0.0,0
12372,JS1755208,"I have long learned to eschew the bigotry, hypocrisy, and ignorance of the libtard generation. Israel is the Jewish answer to the Holocaust. One of the most successful nations on earth, fool.",0.9229999780654908,1.0,1
12018,JS719584,"All religions are political systems. They are all, essentially, little ""governments"", with laws that believers must follow to be accepted, and rules that limit contact with outsiders - food, dress, association with ""unbelievers"".  Until the time of David Hume and Adam Smith, Scotland was governed by the Catholic Church or the Church of Scotland, whoever was in power at the time, and the rules changed so frequently that Hume and other philosophers (many in France) shaped the philosophy of secular government, with separation of church and state. Religions that accept the supremacy of secular law do well in secular states. Catholics, Protestants and Jews have largely learned that lesson. Those that insist on the supremacy of their law (""I only follow the law of God"") cause disruption and unrest within society. 
Ontario, under Dalton McGuinty, came within a hairsbreadth of establishing sharia law as a parallel legal system in Ontario.  It would have been a disaster.",0.1644999980926513,0.0,0
11752,JS792972,"You think rights are enjoyed by all?  I can think of a million innocent unborn people in this country who aren't ""enjoying"" their rights.
I can think of 6 million Jews who didn't get to enjoy their rights.  Need I go on?

Sorry, you don't seem to understand what a right is.  You certainly don't understand responsibility, 

Of COURSE you can be Pro-Life and opposed to Medicare!  Geez!  Medicare is a bureaucratic, wastefull entitlement program rife with fraud and abuse.  Being opposed to Medicare and other similar programs does NOT mean that one is opposed to helping others in need.",0.2558999955654144,0.0,0
11815,JS497477,"So, Canada's obsession with America has become so deeply entrenched that even our low-life bigots are targeting, um, American visible minorities on an American day of importance to their visible minorities and supporters.

Canada is so messed up with its obsession over America.

Overall, though, a more striking news report would talk about polls showing that Canadians are 50 percent more likely to be anti-Jewish bigots than Americans are (14 percent to 9 percent). That is more worthy of attention than two low-life losers throwing pamphlets on lawns...",0.6789000034332275,1.0,0
