Unnamed: 0,id,text,score,predicted_label,true_label
47,JS910275,"""As a country whose Indian Act inspired the South African system of Apartheid, and one in which Residential Schools existed until the 1990s, it is critical for Canadian social science to become more diverse.""

And the solution to that is for more diverse Canadians to apply for degree programs in social science, publish papers and books, and thereby broaden the perspective of the schools and academia as a whole.

The solution is most definitely NOT for the government to mandate some poorly thought out quota system where you force schools to adhere to strict percentages of the overall population.

Asian and SE Asian parents strongly promote STEM fields in their children, and they are currently over represented in those fields in Canadian universities .  Are we going to ramp their participation rates in those fields BACK to their actual percentage of the population?

If not, and this only applies selectively, it's simple bigotry.",0.1916999965906143,0.0,0
111,JS1262170,Too many obstacles were put in its path; now the US has beat us supplying the Asia market for natural gas.,0.025000000372529,0.0,0
17,JS838111,"The reason for public space decline is that there is a large and growing population not paying enough or any tax (for example, foreign buyers who don't pay income tax, student proxy buyers who don't pay income tax, high numbers of immigrants on social benefits or at minimum wage not paying tax etc.) and property taxes only cover a certain portion. It is what happens when ill considered high immigration policy and foreign money distorts a market and does not contribute to the social benefit taxes in a place like Canada. It is happening all over the world. It is an indicator of the financial gap between rich and poor.

It was just reported that a huge company from asia in Vancouver at the financial luring by our governments just revealed they are a residential investment company using asian money to target residential buys as a proxy owner (so no foreign buyer tax) and not a manufacturing company as touted. The reveal in Vancouver was that 75% of the demand was driven by foreign buyers",0.0710999965667724,0.0,0
79,JS607233,"Is there a ""White  / Asian / India / History "" month? Just asking.....",0.2418999969959259,0.0,0
147,JS396951,What the hell is this article about?  nothing.  Describing the residence of a Chinese Investory/ Business man?   give me freaking break..,0.4018000066280365,1.0,1
76,JS775735,"Stop your nonsense, few Chinese have any interest in that. Besides NHL has nothing to do with Canada, it is an American stuff.",0.4961000084877014,0.0,0
60,JS1004921,"Really, RD?  There are so many false assumptions in your post it is hard to know where to begin to correct it.  Trump says climate change is a fraud and hoax created by the Chinese.  That goes over well with his racist fan base.  Neither the Chinese nor Al Gore were the first to explain the theory of man made climate change.  It has been expounded in peer review journals for over a century.",0.3406000137329101,0.0,0
260,JS378445,"You silly. When the Chinese dump the bond at $500, the US$ will become worthless. Smart traders would buy Yuan, not the worthless bond. And yes, you will be holding a $500 bond that has $0 value. On maturity you'll get $1,000 which you can buy a loaf of bread at best. You got it now?",0.906000018119812,1.0,1
37,JS1354618,Are all-Chinese ads in BC's public bus shelters too Asian?  Yes.,0.4350000023841858,0.0,0
57,JS751850,"The word Asian is wrongly used in Canada and the US to denote people from East Asia (China, Japan, Korea, etc). Asia stretches from Turkey to Japan",0.0797000005841255,0.0,0
241,JS1329063,"What this is about is not superior nor inferior.  It is about not penalizing Asians who do well on an admissions test.  It is about how stupid it is to infer that whites would be upset if more Asians got into Harvard (or any college) if Asians did better on a test.  You took us down a rabbit trail because you tried to make an illogical leap about one race being inferior.  My final question to you is: why did you not include blacks in your ""inferior"" designation.  Why are only whites inferior to Asians?",0.953000009059906,1.0,1
112,JS1062290,"China sees 'national security reviews' as a form of protectionism, but it wants access to Canada's firms, resources and real estate. At the same time, China controls ALL access to its own land and markets. What are China's rules for immigration & multiculturalism? None.  China absolutely controls any foreign investment through its Qualified Foreign Institutional Investor program where ""those participating in the foreign offshore markets are granted quotas to participate in onshore investment & investment'. Basically, you have to be Chinese or Chinese-sponsored to invest in China. If China wants to expand its influence and control to Canada, shouldn't that be a concern for Canada? China's approach in the South China Seas shows it will wield power, regardless of other claims. Communism & democracy are very different systems ... not easy to confuse the two, but the Liberals act like they are the same. Wake up, Liberals -- stop being naïve novices.",0.4887999892234802,0.0,0
92,JS1031303,"Integration failure ?  We don't hear about integration failure of Asian, Sikh, Hindu and others. So is it an integration failure or something particular to group(s) quoted as the object of integration failure.",0.1061000004410743,0.0,0
211,JS1604651,"Well Mr. Evans, is it the case that Asian-Americans cannot possibly have a complaint regarding civil rights violations?
.
Hypocrite.",0.9700000286102296,1.0,1
177,JS393865,"I think the US should have taken them out.

One warning, and take them DOWN.

The Chinese are bullies just like their government.",0.9980000257492064,1.0,1
212,JS498859,"Not absurd, but sad, that truly a handful of reform wingnuts and Harper did destroy the Conservative party during the lost decade. But then,Communist Chinese scum and 50 cent posters all know what dictatorships are capable of destroying don't they?",0.9259999990463256,1.0,1
232,JS925590,"ctnd...

And there is a huge Asian pop music industry, based on ""appropriations"" of western music adapted to Asian tastes. Most westerners find them bland and silly...but that is what most local tastes prefer, for now, anyway.",0.5224999785423279,0.0,1
150,JS994451,The Russians  are coming!  The Russians are coming!  OMG! Now it's The Chinese are coming! The Chinese are coming!  Stuck on stupid.  Give it a rest.,0.9039999842643738,1.0,1
27,JS1731652,"In WW2 the US was actively supporting Mao and his rag tag revolutionaries on the theory they had the best chance to whip the Japanese invaders. Gen Chang Kai-shek was both the boss over China Mao defeated and a follower of our own Sun Yat Sen, who is memorialized by a sculpture. Xi said he is going to invade Formosa by 2020 and ""unify"" China. Pearl Harbor might look Asian today but it really is land that was taken from native Hawaiian owners who are excluded from having their own presence on the property by the NPS under the duress exerted on the local NPS by Hawaiian royalist activists inside the local NPS.",0.1237000003457069,0.0,0
107,JS1667379,"It’s only because of the large numbers of Asians and Africans that reside here now, that we are having this discussion about ‘white privilege.’ Another sign that the West has succumbed to massive third world immigration.",0.4460999965667724,0.0,0
145,JS1370091,"LOL. classic liberal elitist hypocrisy.  $2million measly dollars to make up for the billions that ""radical"" California leftists make off the 500K in China making slave wages to make iPhones, iPADs, etc.  Racism against Asians is never a problem for the liberal left.",0.6852999925613403,1.0,1
176,JS929792,"You are funny. Welsh, Scottish, and Irish are European. How much Neanderthal? Most Europeans and Asians have Neanderthal Genes. For that matter, almost all of your genes are African, since that's where Europeans came from. You probably have more recent African blood because of the hundreds of years of interbreeding. And there is a good chance you have Native American blood as well. I think you are making this up, but I am certain that your are very, very ignorant.",0.8080999851226807,1.0,1
204,JS647618,"Ms Troll drags up the old ""soup spoon"" argument from Milton Friedman: 

Dr Friedman recalled traveling to an Asian country in the 1960s and visiting a work site where a new canal was being built. He was shocked to see that, instead of excavators and earth movers, the workers had shovels and picks. He asked why there were so few machines. The government bureaucrat explained: “You don’t understand. This is a jobs program.” To which Milton replied: “Oh, I thought you were trying to build a canal. If it’s jobs you want, then you should give these workers soup spoons, not shovels.”

Even with the cuts proposed by Sen Kelly and others, Alaska will still have the largest state government in the US per population. We can no longer afford that luxury. The role of the government is to allow the private sector operate smoothly; not to create unproductive tasks that drain resources from the economy.",0.1255999952554702,0.0,1
200,JS762052,Humiliating is right they should commit suicide like they do in Asia.,0.9850000143051147,1.0,1
126,JS476757,"Tillerson sets stage for clash with Beijing ...
=======
How? Chinese have troops on them ... American provocation will lead to retaliation from Chinese, who will not be satisfied with starting border then.",0.1844999939203262,0.0,0
188,JS1401345,You people are dumb and get all your prison politics fron tv. Shocker that you are wrong too. Sure he could be raped but most likely his own kind( Asians) will take him in but he will have to earn his stripes.he will be a soldier for protection basically. I seen it happen way to much in the past. A kid starts with a 4 year sentence and then stab someone and they are doing 20.,0.968999981880188,1.0,1
172,JS1696943,"Chinese don't need to ""claim control"", it is already under Chinese control and part of Chinese land.
What I said is the karez system was introduced there only for 100 years, by Chinese. So no need for any guy to pretend to worry about it.
Playing crocodile tear is just stupid.",0.7132999897003174,1.0,1
130,JS1171552,"trade rose 40% says Trump, but factually:
""Customs data show total trade in the first five months of this year rose 15 percent from a year earlier, driven by North Korea’s purchases of Chinese oil and consumer goods. China bought more iron ore but suspended purchases of coal, a key North Korean revenue"" source.""",0.0606999993324279,0.0,0
159,JS481939,Awesome. This is THE time to strike. We need to support full out WAR against this pathetic Chinese regime.,0.99099999666214,1.0,1
155,JS1696943,"Chinese don't need to ""claim control"", it is already under Chinese control and part of Chinese land.
What I said is the karez system was introduced there only for 100 years, by Chinese. So no need for any guy to pretend to worry about it.
Playing crocodile tear is just stupid.",0.7132999897003174,1.0,1
7,JS850569,"What do Toronto and Vancouver have in common? Both have a large chinese community. Chinese love real estate and they love scalping the real estate market. Most realtors in Markham and Richmond Hill are Chinese, if not all. Most realtors in Vancouver are Chinese too.

It is not coincidence that the bubbles in Toronto and Vancouver started inflating in late 1990s, when the second, third wave of Chinese immigrants began to arrive. The first wave was the Hong Kong immigrants, who started the bubble in late 1980s, which burst in 1990s, only to be reinflated when the mainland Chinese began to arrive.",0.2353000044822693,0.0,0
189,JS280044,"The markets are tanking as are the Asian markets and the peso and most likely, European markets when they open. 

tRumpters, don't count your p***ies, until they put out.",0.4749999940395355,0.0,1
29,JS728767,"Do I have to run my life according to your beliefs? It will drive me crazy. I'm disabled and can't bicycle or walk. Carrying shopping bags and a recyclable bottle everywhere I go can be a hassle.  I can't keep them in my car because I don't have one. And what do I fill the bottle with.  Oh I know, I have to carry a full bottle. Don't eat shrimp because they may have come from bulldozed mangrove forest.  I bet you guys on the north shore bulldoze some mangrove forests. And do I have to quiz every business about its environmental practices before I do business with them?  Oh I know, I have to be a vegan and make my own clothes and electronics because Asian and other countries may use labor which we in the U>S> consider to be slave conditions even though the workers are happy. Could someone tell me where the nearest insane asylum is?",0.3643999993801117,0.0,0
277,JS1696007,You mean mainland China? It is that rough and ready Asian greed! It is like being in the back alleys of Bangkok and Shanghai!,0.7208999991416931,1.0,1
97,JS1552587,"""Imagine an Asian power sending missiles over Canada and we didn't know what was on them or where they were going to land"".

Don't need to imagine it ... it happens dozens of times a day. Every day. What do you think China is doing in space? Japan? India?

Never noticed that twinkling star moving quickly through the night sky?",0.2221000045537948,0.0,0
59,JS803133,"""So how much else of this article is fake?""
Probably all of it.  The ice hasn't melted one bit, summer or winter.  This is just fake news to let the Chinese illegals impose sharia law on us when they take our guns and women.  Make America Great Again!!",0.666700005531311,1.0,0
94,JS379914,Dining with Chinese Billionaires helps the middle class - I guess if they leave a good tip,0.1800999939441681,0.0,0
48,JS1401591,"So, ESPN believes it is appropriate to punish and insult an Asian for the deeds of a racist Democrat?
No need to look hard for a good reason to stop watching a network's excrement: this was easy!",0.8342000246047974,1.0,0
229,JS498859,"Not absurd, but sad, that truly a handful of reform wingnuts and Harper did destroy the Conservative party during the lost decade. But then,Communist Chinese scum and 50 cent posters all know what dictatorships are capable of destroying don't they?",0.9259999990463256,1.0,1
184,JS742860,"No no no!  We don't want Chinese people to have rights.  We need them as slaves to build us cheap things.  We need industrial pollution to stay in China, not here.  We need a good return on our investments, which won't happen if our Chinese slaves start getting things like rights.",0.977999985218048,1.0,1
133,JS1132319,"40% of on-reservation Indians complete high school. 70% of off-reservation Indians
----
then they should study harder like our Asian immigrants
perhaps they don't have a ""study culture"" or ""study ethic""
So whose fault? The white settlers' fault again?",0.7059000134468079,1.0,0
179,JS1191549,"So our future is smog, corruption, lies, and living in a third world country? No thanks, I'll do without China.

Some people like living in first world countries. I don't like living like a stupid peasant. Maybe Chinese like it , because it's all they know.

I like my western ""decadence"" of flush toilets, sanitation, clean air, clean water, and all those other niceties.",0.8342000246047974,1.0,1
192,JS712722,"North Korea is by far the greatest threat to global stability today.

If this piece isn't enough to make you believe that, then read this from the NYT:

https://www.nytimes.com/2017/03/04/world/asia/north-korea-missile-program-sabotage.html?_r=0

The North Koreans hired a bunch of unemployed Russian missile scientists in the 90s. That is why their program has progressed so far, so quickly.

The Chinese government has propped up the North Korean regime, despite its open nuclear ambitions and constant threats of using them. It is time we drew the line with the Chinese on North Korea and many other global trouble spots.

Trump is an ignorant fool and he has surrounded himself with warmonger zealots.

I wouldn't be planning any travel to anywhere near Korea in the next couple of years.",0.8342000246047974,1.0,1
53,JS69335,"Hypothetically, a(n) [Race] individual was convicted of [Crime].  They had [Incidents] while they were incarcerated. They will have the following burdens to overcome if/when released: [Employment History], [Criminal History] and [Drug History].  We can provide [Services] to help them overcome their burdens and not re-offend.

Should they be released from prison [Early, On-time, Ever] with [Conditions]?

When I look at this, all of the listed factors can change the outcome except race.

I think determining race is useful for catching the suspect.  Once we've caught them, I see no additional value.  To me, looking at crime statistics through a race lens only promotes irrational fear.  (According to the statistics, only woman of Asian descent should be free.)",0.2741000056266784,0.0,0
36,JS522987,Anything the Chinese have was stolen from the West through industrial espionage.,0.8342000246047974,1.0,0
125,JS667083,"Interesting you say Japan.  I'm of Japanese descent and don't recall ever seeing much in the way of protests there.  The metro Tokyo area has 35 million people, which is how they can justify 15 subway lines and numerous surface lines.  

I would also note that the Shinkansen was just extended 93 miles from Aomori to Hakodate at a cost of $4.7 billion, or about one tenth of our per mile cost here.  True, it doesn't go through downtown Honolulu, but it is all isolated from grade crossings by fencing, culverts, bridges and many, many long tunnels bored through mountains.  It's also capable of cruising at over 160 mph, and is so punctual you can literally set your watch by it.",0.0248000007122755,0.0,0
168,JS732360,And the Chinese are playing Little Potato for a fool.,0.953000009059906,1.0,1
5,JS1416074,"We can't have a University of Toronto professor speaking publicly at another university, #safespace! And we also can't have an Asian sports reporter covering college football when he coincidently shares the same name as a Confederate leader - the audience could have been #triggered! I'm surprised Southey hasn't used her space for a #progressive analysis on the moral righteousness of ""antifa"" in Quebec who decided to attack police and vandalize unsuspecting restaurants while their opponents hid in a parking garage... but we can't be too hard on antifa, beating up cameramen and smashing patios takes courage... thankfully, Rex Murphy doesn't suffer fools gladly.  I suppose it's also easier for Southey to pretend Malmo doesn't exist as opposed to reconciling the societal implications of rushed, short-sighted immigration policies. We don't need the Rebel, it's not like political correctness has reached absurd levels, it's not like movies are being censored in #Memphis #GonewiththeWind.",0.4063999950885772,0.0,0
162,JS792090,Was it those Asians again? Damn toxic masculinity.,0.9449999928474426,1.0,1
214,JS545177,"This kind of thuggishness and bullying is reminiscent of the Bush years. This underlines the fact that this kind of crude jingoism is particular to the Republican Party, a group of thugs who are unfit to govern. However, this will only backfire. Trump's bullying can't work now, when the US is far weaker than it was under Bush and when Trump himself is seeking to disengage with the world. Even better, China is waiting in the wings, more than happy and ready to step up and take global leadership from the US. It's fascinating to watch the Trump people shoot themselves in the head. The 3 billion that the US contributes to the UN is chump change for the Chinese. I hope that China does take advantage of this opportunity.",0.6391000151634216,1.0,1
41,JS495388,Take your pick Canada. Islamification of Canada via backdoor Saudi style or hardworking Asians who contribute.,0.5465999841690063,0.0,0
73,JS1559928,"Trumps only tactic for any problem is threats and bluster.   Of course it's all done out in the public so everyone can see how tough he is.  He's not bright enough to consider other options.  

But he's boxed himself into a corner since the threats aren't working and the u.s. says they won't start a war.  

It's the North Koreans who are the wild card.  Would its leaders actually be stupid enough to attack?  They must know that whatever damage they might inflict short term,  it would be the end of their nasty little tinpot regime as well as their own lives.  

For the record, I think the solution is still sitting down at a summit with the Chinese and the Russians, ask them what it is they'd want to cut off the NK regime and then negotiate from there.",0.6391000151634216,1.0,0
252,JS1604651,"Well Mr. Evans, is it the case that Asian-Americans cannot possibly have a complaint regarding civil rights violations?
.
Hypocrite.",0.9700000286102296,1.0,1
181,JS379618,"You do use toilet paper, don't you. That's a Chinese invention so you can deal with your crap. Or perhaps you use your index finger.",0.9639999866485596,1.0,1
195,JS124578,"I'm also a half-breed, haven't really experienced a lot of racism in AK the way I did in the Midwest & southern states.  I will say going to school here & them calling it a melting pot was a joke.  The jocks hung together the stoners & nerds with their own etc but then it went by racial class almost, the rich white kids hung together the black kids & poor white kids clicked up, the natives, Samoans & Asians did the same thing.  Being a half-breed meant I didn't fit in at any of those tables & yet could fit in at many so I hung with the nerds mostly but listened to what others had to say.  This was WHS between 94-99.  (I've kept close ties with my classmates) Racism was pretty biased.  It targeted someone that pissed someone else off.  So they'd look for the thing that would hurt you the worst verbally. In college the adults used it like it was a joke.  ""don't give the natives mouthwash they'll be drunk for days.""  But face it that's still a racist remark.  When the prof laughed tho :(",0.503600001335144,0.0,1
116,JS753828,According to the  Globe he wad a British born Asian.  Was Donal Trump is behind it too?,0.1905999928712844,0.0,0
166,JS796475,"Just another reason to turf these imbeciles from Queens Park.  Maybe the cops who have been suspended on criminal charges and who are receiving a Sunshine salary can assist in fixing this mess.....or maybe they not.  Might find them of the golf course now.

 Now back to the topic.....a few years ago during a snaking line of cars approaching the 400 N I noticed a car approaching my rear, not slowing down so I braced myself.  BANG, and this young Asian lady with an open laptop on her lap looked angrily at me as though I caused the accident.  Hours later after reporting to the collision center, I fumed about this ridiculous system.  This driver shold be OFF the road for a min period of 30 days and have a mandatory driving training, PLUS a HUGE increase in premiums.  

I dont care how much the lawyers make,,,,,,,if people cause accidents they should be OFF THE ROAD permanently.  And the medical mess is assesemnets is a joke and always have been.  Must address this asap.
Lots of problems...",,,1
43,JS1353217,"All Hawaiians out here are part white and/or Asian.  I have never ,ever seen a full Hawaiin.",0.2813999950885772,0.0,0
218,JS293588,Seems strange since climate change is a hoax started by the Chinese? Maybe they died in shock of human stupidity.,0.9570000171661376,1.0,1
216,JS1191549,"So our future is smog, corruption, lies, and living in a third world country? No thanks, I'll do without China.

Some people like living in first world countries. I don't like living like a stupid peasant. Maybe Chinese like it , because it's all they know.

I like my western ""decadence"" of flush toilets, sanitation, clean air, clean water, and all those other niceties.",0.8342000246047974,1.0,1
265,JS545177,"This kind of thuggishness and bullying is reminiscent of the Bush years. This underlines the fact that this kind of crude jingoism is particular to the Republican Party, a group of thugs who are unfit to govern. However, this will only backfire. Trump's bullying can't work now, when the US is far weaker than it was under Bush and when Trump himself is seeking to disengage with the world. Even better, China is waiting in the wings, more than happy and ready to step up and take global leadership from the US. It's fascinating to watch the Trump people shoot themselves in the head. The 3 billion that the US contributes to the UN is chump change for the Chinese. I hope that China does take advantage of this opportunity.",0.6391000151634216,1.0,1
146,JS925590,"ctnd...

And there is a huge Asian pop music industry, based on ""appropriations"" of western music adapted to Asian tastes. Most westerners find them bland and silly...but that is what most local tastes prefer, for now, anyway.",0.5224999785423279,0.0,1
271,JS514748,"Chinese leaders have openly lied so often, that is no longer even a surprise, but rather an expectation. Anyone taken in this around deserves nothing more but to be called a fool.",0.9890000224113464,1.0,1
46,JS1767690,"You are quite correct. Many Asian Universities finished ahead of the best Canadian universities in the two main World Rankings in 2017 and believe me, they are not diverse in student population or faculty like ours.",0.0606999993324279,0.0,0
234,JS447894,Silly folks. This is why we need Chinese money. This country is spending itself into a drunken stupor.,0.9700000286102296,1.0,1
39,JS873780,"reunification. Trump's questioning of the ""one China"" position was an unnecessary and unhelpful provocation. China is a force to be reckoned with on multiple fronts. The Chinese are a proud people: there is nothing to be gained by disrespecting them.

Trump is all about bluster and disrespect, just like the adolescent chicken-players in this article. He is playing with fire on both the national and international fronts.",0.4314000010490417,0.0,0
198,JS1368479,"Nice?
Its Chinese made garbage.",0.9160000085830688,1.0,1
11,JS179866,"I just question the definition of illegal immigrant? What makes Hispanic Illegal immigrants when they're ancestors are buried all over our South West? Weren't there, 'safe areas', as Europeans came to this country, so they could be protected while they probed further into the wilderness to kill Native people and acquire their land for themselves? It seems funny how that was okay back then and now it's some how, not okay and should be illegal. What really is the American way? It was okay to annihilate the Native people back in the day, but now it's considered an affront to human rights? This country promoted things like slavery, confinement camps and taking of property for natural born citizens in the case of the Japanese during ww2, the use and abuse of Chinese and Irish laborers, etc.! We still take land even under protest of the people like the oil pipeline going through Standing Rock Sioux lands. It never seems to stop but we sure give it some fancy lip service.",0.5282999873161316,0.0,0
194,JS1709196,"So David, are Asians better at math than white people?  Should it be dumbed down for the Caucasians also?",0.9580000042915344,1.0,1
233,JS347286,"Yes I am in Hongcouver, where chinese journalists even call it that - and oppose chines fraud, you stupid a- hole",0.9520000219345092,1.0,1
77,JS627350,I know the show is supposedly a humorous show (and I'm not white) and it came out already in 2014.  We also   have Black-ish TV show (pretty funny).  But I'm just wondering if having shows named after the skin color is a good thing.  We also have FOB (Fresh Off the Boat) about Asians.  Last time I check that was the 70's for Vietnamese refugees.  Most if not all Asians now come to NA on planes or just born here.  I just don't know if all this satire on skin color/race is such a good thing.  And I wish I never knew this fuzz about the boycott because I feel that it gave legitimacy to something that's really fringe.,0.3255999982357025,0.0,0
167,JS385736,"I will continue to post those criminals who are criminals because they have entered the US illegally and then commit violent crimes against people in this country.  I post all those criminals reported on the 9th Circuit; it isn't my fault that they are of a particular ethnic background; they are who and what they are.  

The illegal entrants of Asian backgrounds commit 'scam' type crimes; your beloved ethnicity are the vast majority of the ""murderers, rapists, drug dealers"" (and fondlers of 9-year old girls--this week)  that Trump says he is going to re-deport again.  

You may want to give 'sanctuary' to such people; I believe we have enough home grown-scum to justify getting rid of this doubly-criminal scum.",0.9570000171661376,1.0,1
144,JS385736,"I will continue to post those criminals who are criminals because they have entered the US illegally and then commit violent crimes against people in this country.  I post all those criminals reported on the 9th Circuit; it isn't my fault that they are of a particular ethnic background; they are who and what they are.  

The illegal entrants of Asian backgrounds commit 'scam' type crimes; your beloved ethnicity are the vast majority of the ""murderers, rapists, drug dealers"" (and fondlers of 9-year old girls--this week)  that Trump says he is going to re-deport again.  

You may want to give 'sanctuary' to such people; I believe we have enough home grown-scum to justify getting rid of this doubly-criminal scum.",0.9570000171661376,1.0,1
100,JS1495617,""" I applaud the producers and, in particular, Ed Skrein for championing the notion that Asian characters should be played by Asian or Asian-American actors.""

Soooo...making less than your previous part, eh?  Guess you showed them. :/",0.2097000032663345,0.0,0
68,JS1532921,"This is not past but current racial injustice ongoing today, in Canada: A story that I, a person of color ended up in jail for my free speech challenging White supremacy. A White professor had the free speech to tell me in class that beauty is a European concept, and Asians did not have such a concept in history, so we need a “biological approach” in art history study. But I did not have the free speech to answer him that we Asians did have the concept of beauty in history, because when I did so I had to pay the price of my whole life. First the professor (David Waterhouse of U of Toronto) mocked me saying “China has been far left behind history, yet some Chinese people are still very keen to claim historical inventions…”, second he retaliated me with fraud over my grade and student record that failed my Ph.D application. (To becntinued)",0.3077999949455261,0.0,0
21,JS417639,"No suitable vision in Indochino's business model - just a quick buck opportunist.

No strategic value in manufacturing a custom fitted suit in an Asian 'sweat suit' shop - these stamping factories are best suited for commodity clothing and home furnishings - i.e., low cost footwear, casual clothes and high-volume assemble yourself furniture.  NO EXCLUSIVE LUXURY BRAND WOULD EVER CONSIDER MANUFACTURING IN CHINA AND THE CHINESE WOULD NEVER BUY A BRAND NAME ITEM MADE DOMESTICALLY.    

Why is it that The Globe and Mail's current stable of writers latch onto the 'flavour of the day' and impart too much opinion (without full research and thought).  It's time for the G&M to recruit more capable news writers and investigative journalists like the BBC!",0.1342999935150146,0.0,0
180,JS799991,"I think that this will only work if the judges also adopt the same policy of starting by believing. Oh. Wait a minute - that's the Chinese system. 
What are there idiots thinking?",0.9879999756813048,1.0,1
156,JS742860,"No no no!  We don't want Chinese people to have rights.  We need them as slaves to build us cheap things.  We need industrial pollution to stay in China, not here.  We need a good return on our investments, which won't happen if our Chinese slaves start getting things like rights.",0.977999985218048,1.0,1
20,JS825490,"Mind is more than consciousness. In fact consciousness is only a very small part of mind.  Most are familiar with the ideas of the unconscious and the subconscious.  Even these parts of mind must be integrated in the cortex.  Have you ever heard of the idea of the gut mind?   Your idea of life force is not a neuro-scientific idea.  There may be some good thoughts behind it in Asian and American Indian Philosophy and Religions but lets not kid ourselves into believing it has any validity, at least at this time, in neuroscience.",0.0606999993324279,0.0,0
128,JS149527,"Thank you, Mr. Iwasa, for sharing your thoughts.  As a ""local haole"", I'm interested in the subtle dynamic tension that exists, albeit often undercover, between the western and eastern ethnic communities that call Hawaii home.  You and I agree on many things.  We both admire the principles of Mr. Sanders and are disappointed by Ms. Kent's action.  Where we disagree is on the meaning of the term ""local"".  When you write ""Local people don’t behave like that"", you seem to be referring to the Asian ethnic community in general and Japanese people specifically.  There are other ethnicities and races that contribute to the group commonly called ""locals"".  Limiting your definition of what it means to be a ""local"" in Hawaii to Japanese cultural values is, in a way, flipping the bird to those who may follow a slightly different path but who still fit a more inclusive interpretation of what ""local"" means.  Please excuse my lack of restraint.",0.0881000012159347,0.0,0
139,JS1208201,"Agree, except in Quebec where the TD bank posts signs in french and Mandarin only.

(TD also gives out really spiffy calendars in Chinese, while the rest of us receive a more ordinary version.)",0.0626000016927719,0.0,0
99,JS1202268,"A tragedy for humanity, nevermind the Chinese people.  A bright light of democracy snuffed out.  A loss that could have been avoided were it not for governmental wilful neglect.  His death is the dividing line of the great civilization of China and the government that imposes its' ruthlessness.  In this case, the killing of one of China's best.",0.1608999967575073,0.0,0
235,JS647618,"Ms Troll drags up the old ""soup spoon"" argument from Milton Friedman: 

Dr Friedman recalled traveling to an Asian country in the 1960s and visiting a work site where a new canal was being built. He was shocked to see that, instead of excavators and earth movers, the workers had shovels and picks. He asked why there were so few machines. The government bureaucrat explained: “You don’t understand. This is a jobs program.” To which Milton replied: “Oh, I thought you were trying to build a canal. If it’s jobs you want, then you should give these workers soup spoons, not shovels.”

Even with the cuts proposed by Sen Kelly and others, Alaska will still have the largest state government in the US per population. We can no longer afford that luxury. The role of the government is to allow the private sector operate smoothly; not to create unproductive tasks that drain resources from the economy.",0.1255999952554702,0.0,1
115,JS993938,The Japanese have nothing to say about Hiroshima and Nagasaki.  What they did during WW2 was far more depraved and evil.  The bombs stopped them from continuing.,0.3521000146865845,0.0,0
95,JS1143021,"I think native culture has done better the past 50 years than the 50 years before that.  Realize that their group first experienced genocide, and then in modern times, forced assimilation.   The comparable event for your arriving Chinese friends would be to have their children taken from them on arrival and placed out of reach in special schools hundreds of miles away.   This wasn't anomalous for natives but standard practice.  Further, prohibit any cultural practices that they arrived with. How would your Chinese friends have done under such circumstances?  More recently the indigenous peoples in our country have received recognition as a culture, and granted (or seized) greater political autonomy.  There's still much ground to cover, and the answers aren't simple.",0.1092000007629394,0.0,0
61,JS548644,"I am glad you point that out. Civilization began in Egypt and Mesopotamia, where there were no white men. Back then white men formed barbarian tribes. And this isn't due to genetic reasons, byt geographical ones. The Nile Valley is more fertile than the Rhine Valley.

The basis for modern technology and science started from Egypt. The Egyptians invented science, math, government, transportation, the arts, architecture, etc.

As for IQ, the book on race and Iq found that the Jews have the highest IQ, followed by Asians, and then whites. IQ is a controversial measurement, but that was what the data showed. The highest PISA (highest school test across countries) results are in Asia. Then Scandinavia.

As for merit, then the fact that women form more than 50 percent of the university population is also merit? So we can agree there is no reverse discrimination at all. Everyone is getting jobs and positions due to merit.",0.2425999939441681,0.0,0
264,JS862641,"Point taken , however I view the Chinese as dishonest business people who eat dogs and cats.",0.9139999747276306,1.0,1
270,JS1385422,"""race had nothing to do with it"" ? Ask your birther, Nazi loving racist in chief, Asian hater.",0.9399999976158142,1.0,1
267,JS1710570,many fat little piggy princelings in China--but alas with  no children any more soon there will be no Chinese just Africans in China--so sad.,0.968999981880188,1.0,1
203,JS1212262,"Japanese say if you don't listen, you going to die literally.  It takes the village and there friends to kill a child.",0.8486999869346619,1.0,1
120,JS380194,"U.S. GDP per capita is  approximately seven times larger than China's. According to the World Bank, , the US GDP is much larger than China's at market exchange rate. In terms of PPP, the Chinese economy is slightly larger which simply means a yuan buys more domestically than a U.S dollar does.",0.0606999993324279,0.0,0
201,JS514748,"Chinese leaders have openly lied so often, that is no longer even a surprise, but rather an expectation. Anyone taken in this around deserves nothing more but to be called a fool.",0.9890000224113464,1.0,1
243,JS21929,"Rat meat and vermin are also eaten by white Americans living in the Appalachian region. Commissioner Stewart would never complain about the eating habits of white West Virginians who regularly consume rats, raccoons and other animals and characterize the entire white race as vermin eating like he did with Asians here.",0.984000027179718,1.0,1
0,JS666047,"Much of black America is still in poverty, and we--Americans ---have been straining to get them them out of it for decades. There are also many hispanics, Asians, and whites in the underclass. Your question implies you don't believe there's an underclass in America. There is one, if you care to read and look around. When you go to the grocery or 7-11, do you talk to the cashier? Have you noted that as often as not, he's working two jobs just to make ends meet? Do you not feel compassion for him, if not a pang of fear and thanks, knowing that but for the grace of God, you'd have to work two jobs to keep your head above water? This poor man gets off work, goes to his other job, goes home, gets some sleep, and gets up the next day and does it all over again. You haven't noticed how many of these workers there are?  And these are the ones who are employed. What about the ones who aren't employed, or the disabled poor?  This is the underclass I'm talking about. It's right there, in the open",0.3885000050067901,0.0,0
240,JS470018,"The Chinese are supplying the demand for elephant tusks, shark fins, rhino horns.....this is known worldwide.  This is not racist or biased or anti Chinese.....this is the absolute truth.  Just like N americans like their fentanyl......I dont deny this.   But to hide behind the truth that the CHinese not NOT wiping out nature due to there strange superstitious notions that tiger penis will make their penis bigger is bullcrap",0.7208999991416931,1.0,1
110,JS1406720,"A case study in buying votes not unlike a certain massively corrupt public works project in another Asian nation - one we are all paying for, rhymes with fail.",0.2994999885559082,0.0,0
269,JS439946,"First, faux-meats are kind of a misnomer: seitan and soy have been used for centuries as protein options for non meat-eaters in South and East Asia. Tofu is a food in itself. Seitan is a food in itself. They are used in dishes as substitutes for meat alternatives for centuries. There are faux-meat dishes in Asian restaurants that have just as long of a history as the meat-equivalent dishes themselves. To say that seitan has to be 100% like beef is ridiculous. 

Second, as many have pointed out, the point of a sloppy or diner food joint catering to vegans is because vegans don't SIMPLY PREFER BROCCOLI - they have cravings for oily, rich, and textured foods other than vegetables the same as meat eaters. The reason they eat non-meat things is for ETHICAL reasons. They refuse to continue to support killing living and pain-feeling beings for the sake of TASTE. 

Lastly, I think the reviewer came in with a mental block in mind. Hate for hipsters and ""trendy"" things leads this dinosaur review",,,1
88,JS809680,"You bet they do! Thanks to socialist ""diversity"" agendas, they even get preferential admission and bump Asians, Whites and Hawaiians when an illegal immigrant applies with lower grades and SAT scores!",0.4864000082015991,0.0,0
119,JS671316,"Correct footy16 all the real estate brokers says that and they have almost 20 hours of part time night school to back up this opinion (and of course do not financially benefit from this opinion).

I wonder were the 1 million Chinese with 10 year visas are living?  Probably all AirBnB ;-)",0.1020999997854232,0.0,0
191,JS1103300,it could be said that Asians and Native gays have been part of the Pride flag all along.,0.4386000037193298,0.0,1
197,JS762052,Humiliating is right they should commit suicide like they do in Asia.,0.9850000143051147,1.0,1
278,JS1566095,"I am deeply troubled by the recent actions of the NFL and it's players. I love my Broncos and have been a fan since 1975. I hold this country and our flag dear to me heart but without hesitation I can say, They are dishonoring the flag and the people that have fought for it. There are many injustices in this country but we must work together to rectify them. If you go anywhere else in this world those same injustices are exponentially worse. When will these protests end?  During WWII, America had internment camps. Should I start waiting for the Asian American protests?  Currently in this country our Muslim population is being vilified and judged. When will the Muslim American contingent start dishonoring our flag? This countries Latino population, I feel, is by far the most persecuted and judged. Where is their voice? Does the current NFL player represent them in their protest against the flag and those who fought for it? Please rethink these misguided protests. BTW Trump is an ass.",0.8486999869346619,1.0,1
2,JS803447,"The timing of this ""response"" with the Chinese in meetings with Trump this week in Florida seems suspicious... no?",0.0626000016927719,0.0,0
205,JS385736,"I will continue to post those criminals who are criminals because they have entered the US illegally and then commit violent crimes against people in this country.  I post all those criminals reported on the 9th Circuit; it isn't my fault that they are of a particular ethnic background; they are who and what they are.  

The illegal entrants of Asian backgrounds commit 'scam' type crimes; your beloved ethnicity are the vast majority of the ""murderers, rapists, drug dealers"" (and fondlers of 9-year old girls--this week)  that Trump says he is going to re-deport again.  

You may want to give 'sanctuary' to such people; I believe we have enough home grown-scum to justify getting rid of this doubly-criminal scum.",0.9570000171661376,1.0,1
239,JS1352629,Disgusting hysterical title...  First of all there are many violent extremists on the left AND the affirmative action case is actually on behalf of Asian-American students.,0.7208999991416931,1.0,1
247,JS433853,"Immoral? You mean like Chinese parents drowning or starving their own daughters due to preference for males? You mean like Chinese skinning animals alive and seemingly enjoying it? You mean like Chinese government oppression of the wonderful Tibetan people? You mean idiotic, superstitious beliefs about magic potions that have led many species to the brink of extinction? Warped culture, warped minds.

And what's with the Chinese spitting everywhere? It's another example of the grotesque culture.

Btw there's nothing ""racist"" about opposing a particular culture.",0.944000005722046,1.0,1
45,JS1340303,"Don't be absurd. There are so many Chinese in Canada, many probably with Ties to the Ruling Members, that North Korea would be afraid of what China would do to them!",0.5224999785423279,0.0,0
170,JS770743,"That's what you get when you have a leader who adores dictators and camera phones. We just joined the Chinese backed asian infrastructure bank so we are probably paying them to take our technology instead of getting it the way they usually do, by stealing it. Of course we dont have our own infrastructure bank yet but thats ok because we have had no infrastructure work either. But we will have legal weed announced by 4-20 so there are the priorities. Canada is back and run by a collge level fraternity with a complete idiot at the top.",0.9660000205039978,1.0,1
51,JS1730938,"China does not allow dual citizenship. Any Chinese national who acquires a foreign passport gets stripped of their Chinese passport and citizenship.

So much for a Chinese fifth column in Canada.",0.353300005197525,0.0,0
276,JS1205254,"Ah, right, the Barker lady is going to attend an Asian-American studies class? Like that's going to help, is she required to ""pass it with at least a C+ or better"". Barker will probably either cut her classes or harass the other students in the class.  The $5,000 fine and banning her from Airbnb is probably the more effective method to treat her condition but there are millions of closet-racists like her out there.",0.3077999949455261,0.0,1
220,JS1696007,You mean mainland China? It is that rough and ready Asian greed! It is like being in the back alleys of Bangkok and Shanghai!,0.7208999991416931,1.0,1
89,JS1334776,"So will the Chinese. He doesn't have to land directly on Guam, just above. Chinese like shooting down their own decommissioned CommSats( January 2007 ).",0.1033999994397163,0.0,0
127,JS751716,"I have heard the same thing, dual, i.e. that the term asian is used differently in Britain compared to the way we use it here.",0.0710999965667724,0.0,0
259,JS480676,"horseshit.....I know of many Asians who attended Ivy league and are comfortable in USD 60,000 a year jobs. Culture is critically important and you can't unlearn that.....in particular the Asians.",0.5633000135421753,1.0,1
274,JS994451,The Russians  are coming!  The Russians are coming!  OMG! Now it's The Chinese are coming! The Chinese are coming!  Stuck on stupid.  Give it a rest.,0.9039999842643738,1.0,1
242,JS1696943,"Chinese don't need to ""claim control"", it is already under Chinese control and part of Chinese land.
What I said is the karez system was introduced there only for 100 years, by Chinese. So no need for any guy to pretend to worry about it.
Playing crocodile tear is just stupid.",0.7132999897003174,1.0,1
96,JS395158,"Don't you understand, the Chinese set Trump up for this. Read The Art of War by Sunzi.",0.1178999990224838,0.0,0
118,JS385029,"Hahahaha. Maybe junior could give some of the money from his Chinese ""fundraisers"" to the healthcare fund. Not only would those Chinese billionaires know that junior is going to tax them more, but also know they are supporting Canada's healthcare. What do you think??",0.1243999972939491,0.0,0
33,JS1267405,Who holds the mortgage for the land now? Me thinks there is no reason for the Chinese developer to want to find another buyer or to be compensated... it was a gamble and the gamble didn't pay off.,0.0636999979615211,0.0,0
22,JS54251,"How do we deal with this? We let the fad run its course. The only government intervention which is effective is what the Chinese do: execute everybody involved. Importers, dealers, end users.",0.6552000045776367,1.0,0
135,JS771772,The immigrant Chinese in Paris are likely treated better than French (or any other)  immigrants in China.,0.3265999853610992,0.0,0
175,JS396951,What the hell is this article about?  nothing.  Describing the residence of a Chinese Investory/ Business man?   give me freaking break..,0.4018000066280365,1.0,1
3,JS784665,No money?  Take a drive through the apartment complexes at Chase Village and see what the Asian kids are driving....................,0.2372999936342239,0.0,0
268,JS439946,"First, faux-meats are kind of a misnomer: seitan and soy have been used for centuries as protein options for non meat-eaters in South and East Asia. Tofu is a food in itself. Seitan is a food in itself. They are used in dishes as substitutes for meat alternatives for centuries. There are faux-meat dishes in Asian restaurants that have just as long of a history as the meat-equivalent dishes themselves. To say that seitan has to be 100% like beef is ridiculous. 

Second, as many have pointed out, the point of a sloppy or diner food joint catering to vegans is because vegans don't SIMPLY PREFER BROCCOLI - they have cravings for oily, rich, and textured foods other than vegetables the same as meat eaters. The reason they eat non-meat things is for ETHICAL reasons. They refuse to continue to support killing living and pain-feeling beings for the sake of TASTE. 

Lastly, I think the reviewer came in with a mental block in mind. Hate for hipsters and ""trendy"" things leads this dinosaur review",,,1
283,JS1344942,"congrats hilo for kicking the crap out of the wimpy raiders. iolani should just drop football and concentrate on robotics hahahahahaha leave the really football to the big 3, pun, kam, still.  garens gonna get trashed this comment. hahaha iolani needs to stop fooling themselves and play the sports that they can compete like vball, basketball, tennis, and robotics and national merit  but they losing that one to punahou again. well i heard they gonna have dorms, so they will bring in lots and lots of rich asians.  Maybe they should petition the ILH to have ping pong or chess. nah nah nah, i'm only playing around, so you iolani alums or wannabes, you still can blast my comments. go for it.  give me your best shot.",0.5465999841690063,1.0,1
103,JS278738,"Hmm.  Let's see now.  The roots of Thai governance goes back nearly 1000 years.  It has provided stable governance in times of Chinese, Japanese, communist, and jihadist, intrusions and now an internal dispute between democratic political parties incapable of bipartisanship.  For the most part, the Thai government has been a rock of stability during these trying times throughout the ages, and yet, Dion is concerned about an internal issue of Thailand that it is more than capable of dealing with.

Yet another example of thoughtless, incorrect, lack of intelligent decision making from Trudeau's weakest minister.  He has bungled every issue that has come to his attention.  One could suspect he is following a strategy of not interfering in what he regards as the communist Chinese government's sphere of influence.",0.2804999947547912,0.0,0
18,JS718854,"Canada has not become multicultural,  it has become segmented cultural regions imported from elsewhere. Southeast Asians (Brampton and Mississauga), Chinese (Scarborough), etc. Where is the plan for integration?",0.1659000068902969,0.0,0
224,JS1103300,it could be said that Asians and Native gays have been part of the Pride flag all along.,0.4386000037193298,0.0,1
244,JS172152,"The Democrat Party of Hawai'i is being hypocritical. When Haole and Asian DINOs and RINOs (like Donald Trump) made racist offensive statements they were not disavowed or excommunicated yet when a Hawaiian in Name Only does they go after her with a vengeance.

Epitome of racists. Be glad Hawaiians are not rioting over the streets over this blatant racism directed towards Hawaiians.",0.8999999761581421,1.0,1
258,JS440282,"More global warming horse crap. 

We all know, because Dumb Dumb Donald told us, this is all something made up by the Chinese. 

Heck! At this very moment there are Chinese submarines herding the fish south. (What's more, Hillary is running pedsphile rings on the submarines. )",0.9010000228881836,1.0,1
171,JS814951,"The passenger was a 69 yr old Asian Chinese, some say a doctor.  The manhandlers were with the Chicago Dept of Aviation, not Chicago police.  The passenger got hurt being dragged across armrests, then dragged down the aisle.  Right or wrong, three husky security types manhandling a 69 year old guy.  Disgusting.",0.6391000151634216,1.0,1
54,JS1481118,"Perhaps the number of white students enrolling in Colorado universities and colleges is falling because they are choosing to attend out-of-state schools which have higher standards. You lower the quality of education if you have to dumb down the curriculum to accept less qualified students. More remedial classes = fewer high level ones. You see the effect of this in Denver where white families have chosen to get their kids out of the public school system. 

What I would like to see is a breakdown of majors by ethnic group. Based on observation it appears to me that majors like sciences, math and engineering are dominated by Asian and white students. These are the areas with the best job prospects. 

It is a cruel mislead to encourage minorities to pile up student loan debt earning degrees in fields that pay poorly - if they can even find a job.",0.3871000111103058,0.0,0
91,JS816674,"The news caused outrage in China, where they thought Asians were being targetted:-\

https://www.nytimes.com/2017/04/11/world/asia/united-airlines-passenger-dragged-china.html?rref=collection%2Fsectioncollection%2Fworld&action=click&contentCollection=world&region=stream&module=stream_unit&version=latest&contentPlacement=3&pgtype=sectionfront",0.0881000012159347,0.0,0
121,JS287490,"Your initial comment questioned the authenticity of Phonatik, which serves Vietnamese food. However, you criticize and insult their menu lacking larb & papaya salad (NOT traditional Vietnamese cuisine) because they are not a self respecting SE Asian restaurant?! If you didn't enjoy your food or experience at Phonatik because of a personal preference- that's your perogative. A business cannot please 100% of the people. But comparing them to Taco Bell due to not having Lao/Thai dishes is just ridiculous.",0.4442000091075897,0.0,0
105,JS619499,"On their video they have some window dressing: look, we're modern, we have balls and harbour cruises! But in reality they behave as if Vatican II never happened. Great fans of Raymond Burke - say no more!
It's worth noting that this is the only Catholic club* on campus that George Pell would support. The current archbishop of Sydney, Anthony Fisher, thinks Opus Dei is the ant's pants. So there will be no change under him! I very much doubt that he would allow a ""Catholic Jesus Seekers"" club where young people can talk about and explore issues the traddies think are settled. Nothing to stop any individuals from starting one up, but he probably wouldn't allow any clergy to support it. 
(*There is a Catholic Asian Students Society also, but I don't know much about them).",0.1775999963283538,0.0,0
32,JS476737,"Tillerson is talking about the power US no longer has in Asia. Chinese kicked American butts in Korea War in 1950's, again in Vietnam in 1960's.  He will have a rude awakening in Asia.",0.3707999885082245,0.0,0
19,JS1543837,"China's position is about 67 years too late!!
If the Chinese had not intervened the first time, we would not have the mess they call NK!",0.1905999928712844,0.0,0
208,JS1401345,You people are dumb and get all your prison politics fron tv. Shocker that you are wrong too. Sure he could be raped but most likely his own kind( Asians) will take him in but he will have to earn his stripes.he will be a soldier for protection basically. I seen it happen way to much in the past. A kid starts with a 4 year sentence and then stab someone and they are doing 20.,0.968999981880188,1.0,1
163,JS403956,The Chinese made fools of themselves again...showing that they're petty thieves and even worse liars.,0.9940000176429749,1.0,1
122,JS759132,"Yep lets sell out country to Chinese Communist Government, like the British have to Arab Sheikhs

NO access to companies that are controlled by political entities to buy our resources pls",0.2958999872207641,0.0,0
10,JS1398413,"It's good that the 140,000 Chinese men who contributed to the war effort are getting recognition. Many of them are listed in the Commonwealth Graves register.
In the early volumes they are a mere appendage to the names of the dead from Britain, Canada, Australia, etc., such as with, ""and 45 members of the Chinese Labour Corps.""
But in the later volumes they are listed by name where possible.
It would be hard to overstate their importance. The famous Australian General Monash, on inspecting a Chinese battalion on its way to the front, remarked that they were as fine a group of men as any he'd seen.",0.0606999993324279,0.0,0
82,JS438600,Massive indiscriminate immigration has damaged Canada culturally and economically.  Our major cities no longer reflect the Canadian majority population.  Unfettered foreign investment from Asian markets has displaced Canadians from the cities in which they have lived and worked for generations.  No thanks.  Canadians are wising up.  The 2019 election will see the end of Trudeau and the decades-old mass immigration policies of the left as nationalism and patriotism continue their rise in the western world.  2019 can't come soon enough.,0.1825000047683715,0.0,0
217,JS920292,"Duke Kahanamoku played parts that Hollywood mandated.  It is not likely he was given any option about the people he played.  Look at Hollywood in the 1920s to the 1950s and African-Americans were casted as native Hawaiians.  No one in their right mind would want to return to those days.  Back to days segregation, white only public facilities, Outrigger Canoe Club banning Olympians like Keo Nakama, the Pacific Club barring Asian membership, and so on. 

Even the great world wide web produces so much historically inaccurate crap, that any idiot having a computer can put their own personal spin on history.  Just look at the Daily Kos article on the Niihau incident and you want to throw up.  If the producers of this movie ever do a movie on the Alamo, look out for Mexicans to lose in their version.",0.6442999839782715,1.0,1
24,JS596399,"I live in South Surrey and have for many decades and have noticed a real change with Chinese coming here by the thousands in the last 10 years or so.   I notice it especially at the local schools and the local Rec. centre.  While I say Chinese perhaps they are Korean, Taiwanese,  Viets etc. and I cannot tell the difference.  But then I cannot tell the difference between Brits, Germans, French, Yanks either.
All of us White people look the same to me.  
Does that both me? no way as many are my friends and we socialize and play together.  Mostly good people.  Good table tennis players and badminton players as well.  
They have the money to buy here and participate in the community then I am ok.",0.2529999911785126,0.0,0
109,JS634284,"It will be interesting to see what degree of granularity they go for, some auto parts apparently cross the border up to 8 times. 

How will a component that is imported from Taiwan, put into an assembly in the US, then exported to Canada for an other assemble that is put into a final product in Ohio, which is then sold back to Canada count? How do you allocate the value added?

You will probably see the trade deficit with China shrink, but with other Asian countries expand - that $750 iPhone imported from China that is currently recorded as a $750 Chinese import will suddenly become $50 China, $100 Taiwan, $100 Japan, $50 UK, $50 Holland, $400 US",0.0606999993324279,0.0,0
34,JS858448,"And Nixon ordered me to kill to support his lies about ending the war. Nixon and war criminal Kissinger have the blood of a couple million Asian people and the majority of 58,785 Americans on their hands. Eventually what ended the war was not Nixon, but G.I.'s who refused to fight it, choosing instead to frag their officers, or otherwise mutiny. 

Nixon would have kept the war going forever. if he could. Same with Johnson. I hope they're sharing a particularly humid spot in Hell. We live under a one-party system -- the Corporate War Party. Which is why we have two women senators (D-Boeing) that have never seen a military appropriations bill they didn't like. 

A pox on both parties. Hillary was as big a warmonger as Trump. War is good business. We've borrowed $7 trillion on your kids dime for the current ones, which are no closer to ending than they were 15 years ago when we started them. Got stock in the military-industrial complex Ike warned us about? Innocent blood is on your hands.",,,0
102,JS1428816,"Asians were put in internment camps by white America.  Maybe they have figured out it's best to leave the sleeping white giant dream about how important, smart, and powerful whites are.",0.8644000291824341,1.0,0
255,JS740431,"hope they get those three robbers the only description they may get is from the victims, the witnesses who also saw that don't want to get involved that's how it is in china town they live there and won't say nothing even though they know who did it, most of the Chinese that live in china town are a bunch of cowards they want to make a living in this country but they won't say anything to the police of what they saw there not Americans there a bunch of cowards and they should go back to china where they belong or help the police to catch those robbers.",0.9330000281333924,1.0,1
84,JS1353483,"Nothing has changed about the KKK, you can't dismiss their past, particularly when they where it proudly.

Find a story about Asian Americans, then your effort at deflection would be on topic.",0.2018000036478042,0.0,0
165,JS667335,"""Wilfully ignorant""?  You just used a derogatory slur offending an entire nation!  I'm fearful of what terms you would use to describe an Chinese immigrant you deem to have poor driving skills or a frugal South Asian.",0.9350000023841858,1.0,1
104,JS1238797,"Wild horses are feral period.  I know many will argue with that because of the fact that the original horse did originate in North America, migrated to Asia during the last Ice Age about 10k years ago where Asians domesticated them.  Fast forward 10k years and reintroduce horses here...  Well they are half right, but the horses brought here 500 years ago are NOT the same horse that left 10k years ago.  Again Wild Horses are feral and herds must be managed by whatever means are necessary.",0.025000000372529,0.0,0
178,JS1709196,"So David, are Asians better at math than white people?  Should it be dumbed down for the Caucasians also?",0.9580000042915344,1.0,1
261,JS920292,"Duke Kahanamoku played parts that Hollywood mandated.  It is not likely he was given any option about the people he played.  Look at Hollywood in the 1920s to the 1950s and African-Americans were casted as native Hawaiians.  No one in their right mind would want to return to those days.  Back to days segregation, white only public facilities, Outrigger Canoe Club banning Olympians like Keo Nakama, the Pacific Club barring Asian membership, and so on. 

Even the great world wide web produces so much historically inaccurate crap, that any idiot having a computer can put their own personal spin on history.  Just look at the Daily Kos article on the Niihau incident and you want to throw up.  If the producers of this movie ever do a movie on the Alamo, look out for Mexicans to lose in their version.",0.6442999839782715,1.0,1
4,JS1117505,When you shake hands with the Chinese on a deal always count your fingers afterwards.,0.2502000033855438,0.0,0
42,JS1578973,He was a Punahou student and has the Hawaiian spirit.  Most Hawaiians out here are not Hawaiian by any means.  They are mostly Asian and/or White and show it.  WE don't blame them though,0.3246000111103058,0.0,0
196,JS1710570,many fat little piggy princelings in China--but alas with  no children any more soon there will be no Chinese just Africans in China--so sad.,0.968999981880188,1.0,1
275,JS1694319,Both republicans and democrats are idiots. They sit and fight and at end of the day they go out to dinner together and weak minded people like yall fall for the tricks. Here the thing i find fron looking in as an outsider and that Trump supporters are usually a whinny bunch who play the why bribg that up here but then they do the same thing like they didbhere turning this into sone political subject. Stolen spam. I got an idea lets deport them back to asian countries since most people in Hawaii are of oriental background. Deport em ain't I right my fellow racist white people?,0.9700000286102296,1.0,1
83,JS823324,"I probably would have been dragged off the plane like Dr. Dao.  I wonder if being Asian would have had anything to do with the Chicago police taking such drastic measures as was witnessed via the video.  Probably not.  Chicago being Chicago, their police did what you might expect.",0.3215000033378601,0.0,0
221,JS1720735,"At least there was a brown Corn Pop. Where were all the white Corn Pops? All the yellow Corn Pops represented Asians, and none represented Caucasians. Why were whites excluded?",0.5741000175476074,1.0,1
262,JS1158674,silly post hon.  You apparently don't care what happens to millions of South Koreans not to mention Chinese.  Nuclear weapons are useless as are conventional weapons.  Best to find a new negotiation route to peace.,0.6391000151634216,1.0,1
256,JS1241196,"LOL!!  and you believe all of that crap?  get real!  
Trump is liquid.  He owes a few hundred $million, and his loan to values are about 10%.  His net worth is in the multi-$Billions. That means that 90% of what he has is free and clear.  He generates income.  He builds luxury apartments.  He lists them for sale before they are finished and whomever shows up with the $Millions gets them, no matter where they come from, or what  color they are.  Americans?  OK! Russians? OK!  Chinese?  OK!  Asians?  OK!  Blacks?  OK!  Whites?  OK! ...etc.   That is the ethical American way, in case you didn't know that.  He also owns multiple Golf Courses around the world.  ANYONE can play there, black, white, brown yellow, red.  It doesn't matter.  Your fake news without sources is just that- fake news.",0.6496999859809875,1.0,1
148,JS1344942,"congrats hilo for kicking the crap out of the wimpy raiders. iolani should just drop football and concentrate on robotics hahahahahaha leave the really football to the big 3, pun, kam, still.  garens gonna get trashed this comment. hahaha iolani needs to stop fooling themselves and play the sports that they can compete like vball, basketball, tennis, and robotics and national merit  but they losing that one to punahou again. well i heard they gonna have dorms, so they will bring in lots and lots of rich asians.  Maybe they should petition the ILH to have ping pong or chess. nah nah nah, i'm only playing around, so you iolani alums or wannabes, you still can blast my comments. go for it.  give me your best shot.",0.5465999841690063,1.0,1
236,JS806973,"morneau is a bumbling idiot - almost as pathetic as junior.  they just close their eyes to chinese money laundering.  where the hell is the CRA and Fintrac - pathetic all of them.  stop giving away our country to the lowlives from china.  Markham is a pigsty - all chinese and the police don't even crack down on the careless drivers - yes all chinese but funny when they crash into each other.  so I work, pay taxes and get screwed.  meanwhile jimmy lee moneylaunder, pays no taxes, causes multiple car accidents because he can't drive but has a mercedes and has 10 empty house.  DISGUSTING - thanks junior - you suck and have a speech problem.  try learning mandarin, you may fare better as your english sucks.",0.9980000257492064,1.0,1
210,JS409071,"Either the Liberal Party is lying or the Chinese organizations and hosts are skimming a few thousand per guest off the top for themselves. 
This demonstrates that there is a lot of dishonesty afoot.
This needs to be investigated by the RCMP.
IF the Chinese are skimming, it shows how naive and foolish Trudeau is to trust them, and that he is not fit to be PM.  Butts and company are taking us down the same shady path that the Ontario Liberals took.",0.7372000217437744,1.0,1
101,JS1368603,"I find the quality of the states education system embarrassing.   

Iowa has been top 5 in the nation in SAT (or ACT?), virtually every year.  Then you have a fine Big 10 college with a advanced hospital complex at Iowa and and ISU campus booming with new construction and growing engineering and tech fields.   *The Asian students are hugely disproportionate part of the engineering majors - a good indication or meritocracy I would say.

This is not to say Oregon and OSU don't have some outstanding departments, I'm sure they do.   But they also go out of the state of Oregon for talented students and higher tuitions.

Yet Oregon's goal is 100% graduation rate.    That makes me so angry.   It's fantasy, not reality and is worthless as a process measure.  What is does encourage in easy standards and outright cheating to show improvements.    Then you have parents who don't want their children to take test to measure competence.  Perfect fit.",0.2353000044822693,0.0,0
78,JS1484614,"Every day at the southern US border, ten of thousands of Mexicans cross at customs to go to the US to work, to shop, to visit relatives and friends, and they all do it legally, just like the Canadians, just like Europeans, just like Asians, just like US citizens going to Mexico. There is nothing special about Mexicans and if they overstay their visa like hundreds of thousands of Europeans and Asians, that isn't a crime under average circumstances, it is a violation and can be grounds for deportation, depending on the whims of the INS.

We have a contract with the Dreamers - they get an education, work and stay out of trouble, and they can stay in the US where they have spent most of their young lives. That's a good deal for them, and it's a good deal for us.

You and I have a deal, Twyfraud: you insult my name, I insult your name. Seems juvenile, but that's the deal as it stands.",0.2741000056266784,0.0,0
251,JS505083,"Your fascist, pinhead effluent spewing from a diseased mind is reflective of your entire comments history.  You refuse to believe any truth that doesn't fit your narrow, misbegotten world mired in misery and failure with only the comments section to satisfy your twisted mental state grounded in your Republican fascist ideology.  Very doubtful your own pseudonym has any basis in fact.  I am proud of my name.  Apparently you aren't of yours.  Any circle that includes you would not be anything I would be a part of.  What is a Tamura?  Some stolen name from an Asian food packet?  Yuk!  Yuk!  Yuk!",0.9679999947547911,1.0,1
157,JS124578,"I'm also a half-breed, haven't really experienced a lot of racism in AK the way I did in the Midwest & southern states.  I will say going to school here & them calling it a melting pot was a joke.  The jocks hung together the stoners & nerds with their own etc but then it went by racial class almost, the rich white kids hung together the black kids & poor white kids clicked up, the natives, Samoans & Asians did the same thing.  Being a half-breed meant I didn't fit in at any of those tables & yet could fit in at many so I hung with the nerds mostly but listened to what others had to say.  This was WHS between 94-99.  (I've kept close ties with my classmates) Racism was pretty biased.  It targeted someone that pissed someone else off.  So they'd look for the thing that would hurt you the worst verbally. In college the adults used it like it was a joke.  ""don't give the natives mouthwash they'll be drunk for days.""  But face it that's still a racist remark.  When the prof laughed tho :(",0.503600001335144,0.0,1
182,JS293588,Seems strange since climate change is a hoax started by the Chinese? Maybe they died in shock of human stupidity.,0.9570000171661376,1.0,1
249,JS385736,"I will continue to post those criminals who are criminals because they have entered the US illegally and then commit violent crimes against people in this country.  I post all those criminals reported on the 9th Circuit; it isn't my fault that they are of a particular ethnic background; they are who and what they are.  

The illegal entrants of Asian backgrounds commit 'scam' type crimes; your beloved ethnicity are the vast majority of the ""murderers, rapists, drug dealers"" (and fondlers of 9-year old girls--this week)  that Trump says he is going to re-deport again.  

You may want to give 'sanctuary' to such people; I believe we have enough home grown-scum to justify getting rid of this doubly-criminal scum.",0.9570000171661376,1.0,1
215,JS833829,"Any rational analysis of LNG shows the Asian market saturated into the foreseeable future, with far cleaner nuclear at 30% the cost, taking up growth and coal phaseouts. 

You'd have to be a pretty stupid investor to take a flyer on LNG.",0.9520000219345092,1.0,1
12,JS1137033,"Steve, yes not all history is wonderful. One can go back into written history and find all these examplies of history and hopefully we as a Nation never repete. But untill we say US and not THEM it's still not working totally! 

""I am an American, not an Asian-American. My rejection of hyphenation has been called race treachery, but it is really a demand that America deliver the promises of its dream to all its citizens equally.""        Bharati Mukherjee

""History, in general, only informs us of what bad government is.""        Thomas Jefferson

And there lies the problem with us, our government and our news outlets, labeling all and making us different!

""While the people are virtuous they cannot be subdued; but when once they lose their virtue then will be ready to surrender their liberties to the first external or internal invader.” ― Samuel Adams",0.1098999977111816,0.0,0
273,JS440633,"""That's govt policy. "" 

Only if you are one of the idiots who believe that the Japanese should buy over-large Left Hand Drive Cars when their roads are designed for small right hand drive cars. 

I was watching a reality TV show in Japan this week and the streets had lots of Minis.

The Japanese buying Japanese cars is no different to exhortations to ""Buy American"" in America - American's like to portray anyone who doesn't buy D3 as ""unpatriotic"" - only difference is most people around the world don't like American cars but they do like Japanese.",0.8080999851226807,1.0,1
106,JS442982,"To begin with, there is not a unified ""Asian"" culture; people from Japan, China, and South Korea are as different from each other as they are from other ""Asian"" cultures, including from other countries – in Asia – such as India, Russia, Afghanistan, Singapore, Syria, Taiwan, Cyprus, North Korea, Indonesia, Iraq, Iran, etc. ... To lump all of the people from the largest continent on the planet (and the most-populated, with more than half of the world's humans) into one easily defined group that values ""nonconfrontation"" and conformity does, I think, a disservice to the complexity of the issues here. It also masks the real problems in Hawaii with a stereotype. Again, what I think the primary problems are here are a general lack of oversight, transparency, and accountability. Who really holds offenders of ethics and laws accountable for their actions? And are those people doing their jobs, fighting corruption? That's what I hope to pursue more in 2017. ...",0.0891000032424926,0.0,0
223,JS1732890,"Do Asian Lives Matter?
Not everything is black or white.",0.2949999868869781,0.0,1
225,JS1720735,"At least there was a brown Corn Pop. Where were all the white Corn Pops? All the yellow Corn Pops represented Asians, and none represented Caucasians. Why were whites excluded?",0.5741000175476074,1.0,1
185,JS1696034,"Time to call in the Governor's Hawaii Task Force Five Oahu aka Hawaii Five - Oahu aka Hawaii Five - O.  

Hawaii Five -O, Where all the Haoles are the good guys and the Majority Chinese, Japanese, and other Asians, and Hawaiians are the Criminals.",0.8208000063896179,1.0,1
80,JS1467544,What I don't understand is that the state population  is comprised of mostly Asian ethnicity. And most Asians I know have very conservative values... But they keep voting Democrat... Confusing...,0.2203000038862228,0.0,0
69,JS637718,You are obviously an immigrant as you write like an Asian speaks.,0.5465999841690063,1.0,0
174,JS1714518,"Somebody better tell the asians and indians that they are too dumb to grasp all those heady math concepts!  Surely, an intelligent person wouldn't take this idiot prof too seriously....",0.9919999837875366,1.0,1
246,JS1344942,"congrats hilo for kicking the crap out of the wimpy raiders. iolani should just drop football and concentrate on robotics hahahahahaha leave the really football to the big 3, pun, kam, still.  garens gonna get trashed this comment. hahaha iolani needs to stop fooling themselves and play the sports that they can compete like vball, basketball, tennis, and robotics and national merit  but they losing that one to punahou again. well i heard they gonna have dorms, so they will bring in lots and lots of rich asians.  Maybe they should petition the ILH to have ping pong or chess. nah nah nah, i'm only playing around, so you iolani alums or wannabes, you still can blast my comments. go for it.  give me your best shot.",0.5465999841690063,1.0,1
13,JS611456,It contains codes to launch our only operative diesel submarine in case asian fishing boats violate our cod fishery off of Newfoundland.   😊,0.2544000148773193,0.0,0
55,JS1301484,Did you not even read the story??? The group getting shafted is Asian students.,0.3174999952316284,0.0,0
63,JS1069138,"Easy
Medium
Intermediate
Hard
Super hard
Extremely hard
ASIANS",0.4404999911785126,0.0,0
8,JS347973,Provinces with higher immigration rates perform better (more Asian kids means better PISA scores). Alberta has had a lot more immigration in the last 15 years.,0.1342999935150146,0.0,0
226,JS447894,Silly folks. This is why we need Chinese money. This country is spending itself into a drunken stupor.,0.9700000286102296,1.0,1
15,JS1019739,"First - where did you copy this from?

Second - China has done a bit more to the Uighurs than you would care to admit (and which you have not even brought up here).

>>the victims are white people?
Shows your enormous stupidity.  Ironically - there were Asian victims in these attacks as well.

Third - Western media has never'reserved' the right to call these 'terrorism' when perpetrated in Europe (or USA) only - neither has not done so.  


>>yet not one of the Western media mouthpieces tries to do a root cause analysis of why these attackers become radicalized.

There is plenty, and you don't know the meaning of 'mouthpiece'.

However - you are being used as one.",0.8080999851226807,1.0,0
66,JS1313436,"Might as well ask fire fighters what tools they need to fight fires.

Q) How would you characterize the fentanyl threat in Toronto? 

A few months behind Vancouver.  Most chronic drug users are self-medicating emotional and psychological problems such as ADHD and PTSD, typically stemming from childhood trauma. Many became dependent on opiates by prescription and, having been cut off,  turned to the black market and became accustomed to buying drugs of unknown provenance, purity and potency.

Q) What is the feeling like on the ground at the moment? 

Depressing. Many Canadians still fail to realize that, in addition to saving lives,  every dollar invested in harm reduction saves several dollars in downstream costs, such as the treatment of HIV,  Hep-C and skin infections, ER visits, paramedics and coroners.

Q) What factors have created the circumstances for this epidemic to exist? 

The prohibition of opium in 1908 to make life more difficult for Asian immigrants.",0.1033999994397163,0.0,0
113,JS720062,"Who are the South East Asians in Brampton and Mississauga? South East Asia extends from Burma to the Philippines. I thought it was South Asians in Brampton.

Oh High School Geography, I have missed you!",0.1996999979019165,0.0,0
134,JS464515,"I play against a ton of Asian guys.  Kariya and Kadri at the most famous examples of tons of kids from all backgrounds playing the sport.  There was probably a guy just like you saying it about Italians and Greeks after the war.  

speaking of ethnic goalies.... sawchuks nickname was Uke because of his ethnic background.",0.1608999967575073,0.0,0
52,JS618961,"The simple, historical truth is European civilisations got the upper hand on Africa. Africa would not be in the weaker position if its cultures and peoples had matched Europe and Asia for developing advanced societies. They lived on a continent rich in resources and plentiful with people. But they did not develop the science and warfare necessary to prevail. So, Africans need to put it all to on side and think like Asians. Harping on about colonialism is going to get them nowhere.",0.1676999926567077,0.0,0
143,JS1207297,"Chinese law for Chinese. Human rights for humans. I see nothing wrong.

Chinese are like the products they produce. Cheap, plentiful, and disposable.",0.6241999864578247,1.0,1
207,JS1144980,"The tide is turning with every immigrant and refugee who comes here .Muslims , Asians, Chinese, Africans  will soon enough be the majority. They have no sense of responsibility to be in perpetual guilt to natives who, when given every advantage humanly possible to better themselves, voluntarily live in squalor  and  actually evade practical education.   Natives will be begging for white man to protect them.",0.9010000228881836,1.0,1
71,JS862177,How would you know? There are plenty of opportunities in China. You just cant have access to them because you are not Chinese. Yet they want that access here. Bad deal.,0.4460999965667724,0.0,0
114,JS1798197,"One of the most painful things you learn as a child is when you first find out that someone does not like you because of your race or ethnicity and there are others who might feel the same. One of the most painful things as a parent is to find your child unhappy because they are learning that someone does not like them because of their race. I remember when it happened to me as a child, and when each of my children encountered this. The experience is a little different in Hawaii because your child can be much older when they encounter this experience and you are less likely to feel you are the only one and everyone else hates you-- you do not have your confidence and your young innocent desire to make friends is destroyed. I know some young parents from Hawaii who are finding that their filipino children are encountering this (including from some other asian children) and the hurt they and the young children feel in their new school is very sad.",0.1193000003695488,0.0,0
98,JS373963,"With the amount of Chinese money flowing into Cdn real-estate...maybe Canada and our politicians should push ""pause"" on any more embracing of the Chinese.",0.3194999992847442,0.0,0
222,JS808267,I agree. I want a black female to play Queen Elizabeth. Or an Asian actor to play Hamlet. Or an Indian actor to play Romeo.,0.6552000045776367,1.0,1
86,JS1736177,"...Which, at the time, wasn't the thinking, given that the naval brass still thought battleships were the big thing (and for some things, they were).

FDR, and others (e.g., Churchill), thought the Japanese had rational leadership which could be deterred.  FDR and his advisors also feared being dragged into an Asian war, when they wanted to intervene in Europe -- until Hitler quite unpredictably joined these two conflicts, there was no ""the war"" in existence.

Beware of backcasting, based on what we know now.",0.0248000007122755,0.0,0
30,JS1204820,That's pretty funny. How about an elderly Chinese man for the role? Or at the very least an elderly Asian man?,0.6061000227928162,1.0,0
199,JS149976,"Just tell the cops they're not allowed to interact with black people in any way. Just enforce the law with whites, Asians, Mexicans, the rest.",0.9789999723434448,1.0,1
16,JS1652880,"Ahh, Butinski, early internment began on February 1942, and if you were not charged of any crime, released in December 1944 for a total of less than 3 years.  And, the United States which is us, have corrected my of the mistakes.  The greatness of our Country is we will change if the change is honorable.  At one time, the U.S. had a law from May 6, 1882 that excluding all Asians from becoming naturalized citizens and even at points in history, banned from entering the United States.",0.1164999976754188,0.0,0
253,JS808267,I agree. I want a black female to play Queen Elizabeth. Or an Asian actor to play Hamlet. Or an Indian actor to play Romeo.,0.6552000045776367,1.0,1
248,JS1721355,"Nope. I'm not. You're the crank who was triggered the other day about a footbridge in RiNo.  You cried repeatedly about how your tax dollars were being spent on a bridge so ""teh millennials"" could use it to go to coffee shops. LOL. Oh wait, do you really believe the things you post? That's even worse. If Sans Flangi cries about black coffee in RiNo on another thread then jokes about Asians drinking black coffee on this thread is he a crank or a troll? One of the universe's great mysteries.",0.7372000217437744,1.0,1
124,JS993884,"Nobody cares if ""Japanese"" remember it or not.",0.215499997138977,0.0,0
142,JS1344942,"congrats hilo for kicking the crap out of the wimpy raiders. iolani should just drop football and concentrate on robotics hahahahahaha leave the really football to the big 3, pun, kam, still.  garens gonna get trashed this comment. hahaha iolani needs to stop fooling themselves and play the sports that they can compete like vball, basketball, tennis, and robotics and national merit  but they losing that one to punahou again. well i heard they gonna have dorms, so they will bring in lots and lots of rich asians.  Maybe they should petition the ILH to have ping pong or chess. nah nah nah, i'm only playing around, so you iolani alums or wannabes, you still can blast my comments. go for it.  give me your best shot.",0.5465999841690063,1.0,1
90,JS1000791,"No, it won't cede worldwide leadership to China.

The Chinese government is a dictatorship which runs a ""China-first"" economic policy with a weak legal system and intellectual property laws designed to benefit China.  The Chinese government is unpopular in Asia, and while Europe's leaders make a big show of negotiating with China's leaders, the European governments don't fully trust Chinese leadership and can't afford to fully trust them.

No, nothings going to change as result of Trump's decision as far as China is concerned.  Today Trump put America back in the leader's seat on the climate issue.  Once again, brilliant 6D chess from Trump and his team.",0.1732999980449676,0.0,0
58,JS1768675,"Would you elaborate a bit? Which departments on campus were the students enrolled in? It is my belief that when it comes to creativity, innovation and having critical thinkers, our western universities are the top. Asian universities may excel in math or any other subject where memorization is the first requirement.",0.0606999993324279,0.0,0
72,JS750840,"30,000,000 rich people in China? That's a rather bold assumption. Possibly rich by Chinese standards, which means owning a car and living in an apartment with more than one bedroom.
Look at it another way: if each of your 30-million ""rich"" people spent an average of a million dollars on North American real estate, that would amount to $30-trillion, which is far more than the annual Chinese GDP.
I can`t imagine the Chinese government remaining passive over that state of affairs.",0.025000000372529,0.0,0
23,JS1521029,"What is your problem?  I am just stating a fact in Hawaii.  I didn't even mention the races, YOU DID!  If YOU think that Japanese and Caucasians are ""in charge,"" then it's YOUR OWN racist beliefs!",0.9110000133514404,1.0,0
1,JS872724,"Two pictures seen in G&M articles about campus protests should stimulate one's curiousity.

The picture for this article shows a trio holding the Kek flag, a symbol of the white dominated alt-right Trump supporters we have been told. Yet, a black and an Asian male are seen holding that flag.

In a previous article on Berkley protests, the accompanying photo showed a white male doing what appeared to be the Nazi salute, whilst flanked by minorities, ostensibly his political compatriots. The clear suggestion was that the Trump supporters have a few neo-Nazis in them.

This does not make sense.

I am also not discounting the possibility that the G&M witlessly picked photos which undermine its agenda which states that 99.999% of Trump supporters are whites.",0.5088000297546387,0.0,0
164,JS1191549,"So our future is smog, corruption, lies, and living in a third world country? No thanks, I'll do without China.

Some people like living in first world countries. I don't like living like a stupid peasant. Maybe Chinese like it , because it's all they know.

I like my western ""decadence"" of flush toilets, sanitation, clean air, clean water, and all those other niceties.",0.8342000246047974,1.0,1
31,JS249922,"Amazing, how Paul prophecized that all Asians would turn from God and thus be doomed to eternal punishment.  Bad news for all the Asians out there.  Does it apply to Pacific Islanders?  I'd like to know if there is hope for my Filipino wife, since she has been very poorly educated in Paul and refuses to obey her husband.  Since she's really only half Filipino is there a chance she's only partially turned her back on God?  Since the turning  away was permanent, should we even bother with missionary work or humanitarian aid to Asia?",0.4936000108718872,0.0,0
219,JS1168502,"""Friedman is a chump to the readers of his columns.""...There, fixed it.    

Aside from a long held distaste for the author, I'll agree Xi is smart...and a bad-ass. The guy is shrewd on steroids compared to Agent Orange. That's a given. The article is simply another opportunistic Trump hit-piece by the New York Slimes.  

Many of my Chinese friends dislike their government (almost as much they hate the Japanese) for similar reasons we do in the U.S. Unlike here, banksters occasionally go to jail...or worse. Xi's been draining China's swamp for some time...in his own meticulous way.",0.8080999851226807,1.0,1
231,JS1714518,"Somebody better tell the asians and indians that they are too dumb to grasp all those heady math concepts!  Surely, an intelligent person wouldn't take this idiot prof too seriously....",0.9919999837875366,1.0,1
75,JS679440,Where are the Asians? Don't exist!,0.9480000138282776,1.0,0
85,JS113909,"The war on drugs is fueling the violence, and most of the targeted arrests are minorities. Statistically, all races except Asian Americans use these illegal substances at the same rate; however, the vast majority of drug prisoners, and victims of violence are African Americans and Latinos, yet, they make up a fraction of the population. Why?

We have a long way to go to untangle this mess: end the war on drugs, which is a war on minorities now!",0.3154999911785126,0.0,0
140,JS1773685,So whites and Asians are all racist? I dont see Chinese Canadians playing the race card and they coexist nicely and get ahead in our very mixed society.,0.9079999923706056,1.0,0
70,JS414909,"A fairly good list Ms Wente.  Let me add a couple or so.. The British are soon to free themselves from Europe's grand experiment in Soviet-style technocratic, bureaucratic, centralized governance. The European populace have begun to wake up to the mess their overlords are making to their once great societies, due in large part to Frau Merkel's social engineering scheme . The American globalist elites are still disbelieving of the shake up they're in for. The global warming elites labored mightily, between champagne suppers, and produced a non-binding collection of best efforts wish lists. Meanwhile the Chinese and Indians will not deny their people the cost effective, reliable energy the west has enjoyed for over a century. All in all Ms Wente things are looking up. Allow me to wish you a Merry Christmas if The Globe leftist commentariat permit.",0.1010999977588653,0.0,0
190,JS470018,"The Chinese are supplying the demand for elephant tusks, shark fins, rhino horns.....this is known worldwide.  This is not racist or biased or anti Chinese.....this is the absolute truth.  Just like N americans like their fentanyl......I dont deny this.   But to hide behind the truth that the CHinese not NOT wiping out nature due to there strange superstitious notions that tiger penis will make their penis bigger is bullcrap",0.7208999991416931,1.0,1
44,JS309383,It is akin to saying that Mongolia and Japan have historical claims on China as they both  ruled China in the past.,0.0606999993324279,0.0,0
169,JS1385422,"""race had nothing to do with it"" ? Ask your birther, Nazi loving racist in chief, Asian hater.",0.9399999976158142,1.0,1
117,JS442982,"To begin with, there is not a unified ""Asian"" culture; people from Japan, China, and South Korea are as different from each other as they are from other ""Asian"" cultures, including from other countries – in Asia – such as India, Russia, Afghanistan, Singapore, Syria, Taiwan, Cyprus, North Korea, Indonesia, Iraq, Iran, etc. ... To lump all of the people from the largest continent on the planet (and the most-populated, with more than half of the world's humans) into one easily defined group that values ""nonconfrontation"" and conformity does, I think, a disservice to the complexity of the issues here. It also masks the real problems in Hawaii with a stereotype. Again, what I think the primary problems are here are a general lack of oversight, transparency, and accountability. Who really holds offenders of ethics and laws accountable for their actions? And are those people doing their jobs, fighting corruption? That's what I hope to pursue more in 2017. ...",0.0891000032424926,0.0,0
87,JS912509,"Besides meeting the condition mentioned above, Developer has right to make decision on their own to sell houses to anyone including Chinese.
The member of City Council Anderson has no right to decide developers can not sell houses to Chinese, because Hawaii dose not has related laws stating developers can not sell houses to the foreigners, especially Chinese. Anderson's comment is illegal. 
1. racial discrimination
2.violate commercial equality
3. Push developers to cooperate with Union, has the chances of solicit and accept bribes

Therefore, this is main reason for program not accepted by the some members in city council. 
(3/4)",0.2610000073909759,0.0,0
281,JS1454158,Tooly O'Tool or whatever her name is may actually be correct in this case. What's  the point of mentioning climate change when trying to negotiate with a bunch of clowns that think it's a hoax invented by the Chinese?,0.9139999747276306,1.0,1
152,JS1459459,Damn those Chinese and their fake news about global warming.  I knew it.,0.9359999895095824,1.0,1
282,JS146265,"4:20  POLITICALLY CORRECT is a phrase used to trivialize criticism of an action.  I often refer to the condemnation Dave Frohnmayer received for using the term ""Oriental"" instead of ""Asian"" in a presentation at the U of O as an example of ""political correctness"" run amok.  My concerns and criticisms of Mr. Trump are of a far more serious nature.  I see him as the most unfit candidate for President in the history of our country.....intellectually unfit, morally unfit and emotionally unfit. Those are hardly concerns over not being ""politically correct.""  

I have suggested Mr. Trump, based on his well documented actions and comments, would likely be clinically diagnosed as a sociopath....a condition far more serious that being ""politically incorrect.""  If the worst thing about Mr. Trump as a candidate for President were his being ""politically incorrect"", I would be tremendously relieved.  IMO he's a deeply, deeply flawed man who would be a disaster as President of the United States.",0.7059000134468079,1.0,1
6,JS421572,"Neither you nor JHM4 have been to Quebec for some time, I would guess.

The food is quite sophisticated and smoking is way down.

As far as the driving is concerned, I see far more Asians and middle easterners running stop signs.",0.271699994802475,0.0,0
67,JS739240,"the continued raping and pillaging of nature by the greedy and insatiable Asian  markets and American suppliers.  To h*ll with managing wild stocks of lobsters, TAKE TAKE TAKE!  It's all about  ^&%#%* MONEY!",0.5934000015258789,1.0,0
129,JS1283245,"It's not really a race thing... people no matter what race get offended when someone different moves into their neighborhood. This same type of thing happened when Chinese-Canadians started opening up shops and restaurants in Markham in the 90s when it was a sleepy, boring, mostly white town, and it was the whites who were offended and protested how they felt they were being driven out of the community. Years later, these establishments are just as popular with whites as they are with Asians.",0.3643999993801117,0.0,0
64,JS203523,"Genius, we built the ""International Terminal,"" now the ""North Terminal"" in the '80s to handle all the international passenger traffic.   The drunk Asian businessman ogling big naked American girls in Anchorage strip joints was a fixture here.   The Aleyeska Prince was luxuriously built for all the layover traffic from people who stopped here for a ski vacation.   The Boeing 747SP and the end of the Soviet Union ended all that and there is almost no international passenger traffic through Anchorage; they just fly past and turn right or left at the beacon.   The International Terminal sat empty for over a decade and is still empty in winter.   TSAIA is in the top five cargo ports in the World, depending on how the economy is going, but we are nothing more than a waypoint for passenger traffic not going to Alaska.   Look up at the sky about 8 AM or 3 PM and all you see is contrails; you never saw those twenty or thirty or more years ago.",0.250900000333786,0.0,0
151,JS1168502,"""Friedman is a chump to the readers of his columns.""...There, fixed it.    

Aside from a long held distaste for the author, I'll agree Xi is smart...and a bad-ass. The guy is shrewd on steroids compared to Agent Orange. That's a given. The article is simply another opportunistic Trump hit-piece by the New York Slimes.  

Many of my Chinese friends dislike their government (almost as much they hate the Japanese) for similar reasons we do in the U.S. Unlike here, banksters occasionally go to jail...or worse. Xi's been draining China's swamp for some time...in his own meticulous way.",0.8080999851226807,1.0,1
206,JS496159,"The view from the other side, as a white male:

My mother's father was Ukrainian, her last name is constantly mispronounced, everyone gets it wrong. For me, people think I am Chinese because of my first name, and often use my family name as my given name, Chinese people in particular seem to think I am Chinese. My name is actually an old English name that happens to also be a common family name in Chinese. It's annoying, often I just don't correct people, but I don't worry that everyone is a racist out to get me. Jerks come in all shapes, sizes and colours, and from all kinds of different backgrounds, religions and cultures. It's not because you're black, its because they're a jerk.",0.6919000148773193,1.0,1
141,JS1762879,"Good one...thanks for this. Especially around the notion of ""mass immigration.""
It's fascinating to compare--and contrast--21st century with early 20th century.  Just 100 years back...

B.C. was ""flooded"" with Asian immigrants in a period of 5 years. Many people were up in arms.  The numbers were frightening. The province attempted to usurp the federal government and ban any more from coming--Ottawa laughed and slapped down the legislation. Five years later, in 1913, the number of Asian immigrants in B.C. stood at 28,000--foreign born and Canadian born.  However, most of them lived in Vancouver, a city with a population of just 120,847. ANY different-looking group of over 20,000 was highly visible. 

Truth: in 1913, that 28,000 STILL represented less than 1% of the province's entire population.",0.1405999958515167,0.0,0
227,JS1590706,"Such mass shooting act takes some preparation and planning. It involves more than one person. Looking at this crazy sex offender murderer profile, I can tell that his girlfriend supplied him with young Asian girls. He was probably under her control with lots of underage sex acts photos. He used her credit cards. She either knew or even helped him plan the whole thing. Again, we will never learn the whole truth - no one is digging deep enough.",0.7059000134468079,1.0,1
132,JS1495617,""" I applaud the producers and, in particular, Ed Skrein for championing the notion that Asian characters should be played by Asian or Asian-American actors.""

Soooo...making less than your previous part, eh?  Guess you showed them. :/",0.2097000032663345,0.0,0
254,JS1241196,"LOL!!  and you believe all of that crap?  get real!  
Trump is liquid.  He owes a few hundred $million, and his loan to values are about 10%.  His net worth is in the multi-$Billions. That means that 90% of what he has is free and clear.  He generates income.  He builds luxury apartments.  He lists them for sale before they are finished and whomever shows up with the $Millions gets them, no matter where they come from, or what  color they are.  Americans?  OK! Russians? OK!  Chinese?  OK!  Asians?  OK!  Blacks?  OK!  Whites?  OK! ...etc.   That is the ethical American way, in case you didn't know that.  He also owns multiple Golf Courses around the world.  ANYONE can play there, black, white, brown yellow, red.  It doesn't matter.  Your fake news without sources is just that- fake news.",0.6496999859809875,1.0,1
108,JS1167262,"What are you saying, the Caucasian passenger and flight attendant took advantage of the female Asian passenger because they felt, and they were right, that they could successfully intimidate the Asian woman in giving up her paid child's seat???  Ouch......",0.5934000015258789,0.0,0
228,JS172152,"The Democrat Party of Hawai'i is being hypocritical. When Haole and Asian DINOs and RINOs (like Donald Trump) made racist offensive statements they were not disavowed or excommunicated yet when a Hawaiian in Name Only does they go after her with a vengeance.

Epitome of racists. Be glad Hawaiians are not rioting over the streets over this blatant racism directed towards Hawaiians.",0.8999999761581421,1.0,1
153,JS1323283,"No kidding! Those darn international sprint organizations keep discriminating against Asian and Caucasian runners on this ridiculous arbitrary basis of ""sprint times"". Everybody knows all human ethnic subgroups are biologically identical in every single way except for skin tone. The Olympics needs to stop discriminating and ensure the spring events are more diverse.",0.8208000063896179,1.0,1
193,JS1352629,Disgusting hysterical title...  First of all there are many violent extremists on the left AND the affirmative action case is actually on behalf of Asian-American students.,0.7208999991416931,1.0,1
187,JS1205254,"Ah, right, the Barker lady is going to attend an Asian-American studies class? Like that's going to help, is she required to ""pass it with at least a C+ or better"". Barker will probably either cut her classes or harass the other students in the class.  The $5,000 fine and banning her from Airbnb is probably the more effective method to treat her condition but there are millions of closet-racists like her out there.",0.3077999949455261,0.0,1
26,JS779848,"Thanks SA for including this article which is very much newsworthy.  South Korea has been having domestic challenges for at least 1/2 year.  With our significant Asian population in Hawaii, it's good to cover such significant events and hopefully not make every Trump tweet or protest so newsworthy.",0.0606999993324279,0.0,0
123,JS1251810,"HPU should be shut down! They continue to keep folks they know they shouldn't! The new president seems to be a bit senile, ignoring what he knows he shouldn't!What hapoened to their highly paid China recruiter? Not able to bring paying Chinese students? Which leads me to ask why we are subsidizing students from China, just to boost enrollment!",0.2933000028133392,0.0,0
131,JS1717220,"""Asians would suffer the most - they are over-represented in universities and colleges across the land.""

Hello?

How on Earth are Asians ""over-represented"" at universities and colleges?

If they are getting spots due to high grades, then they are properly represented, they are not ""over-represented"".",0.7746000289916992,1.0,0
186,JS1153636,"Jinping is the Asian fraternity brother of Putin, and both are trying to use N. Korea as a distraction. Xi is trying to cover the illegal development on the S. China Sea islands, and Putin is trying to distract from both Syria and the Ukraine. PRESIDENT TRUMP is skilled and knowledgeable enough to handle both of them. China does not want a real confrontation due to the N. Korea refugee problem, plus the potential U.S. presence on a unified Korean peninsula. Putin does not want the losses that he would sustain in a Baltic operation. However, N. Korea provides a thorn in America's side that they can control.

Maybe Congress, both the Democrats and the Republicans, can mature enough to support a legitimately elected U.S. President. As far as the media, those clowns are there for our daily enjoyment derived from their moronic comments.

PRESIDEINT TRUMP - MAGA!! Today & 2020!!",0.597599983215332,0.0,1
209,JS742860,"No no no!  We don't want Chinese people to have rights.  We need them as slaves to build us cheap things.  We need industrial pollution to stay in China, not here.  We need a good return on our investments, which won't happen if our Chinese slaves start getting things like rights.",0.977999985218048,1.0,1
238,JS1302483,"The hard truth is that many minorities simply can't compete academically with Asian and White students. What most people don't know is that the best predictor of success on the SAT is race, not socioeconomic status. Even poor Asian students fresh off the boat will routinely outperform wealthy blacks and Hispanics. This isn't racism. It is what it is.",0.5062000155448914,0.0,1
28,JS1344476,"When the government targets a population by race, and then pledges all its resources to find anywhere there are“too many whites,”and openly goes after community, or county, or state, or country, that is WHITE GENOCIDE.

Africa for Africans, Asia for Asians, White countries for Everyone IS White Genocide.",0.9350000023841858,1.0,0
279,JS433853,"Immoral? You mean like Chinese parents drowning or starving their own daughters due to preference for males? You mean like Chinese skinning animals alive and seemingly enjoying it? You mean like Chinese government oppression of the wonderful Tibetan people? You mean idiotic, superstitious beliefs about magic potions that have led many species to the brink of extinction? Warped culture, warped minds.

And what's with the Chinese spitting everywhere? It's another example of the grotesque culture.

Btw there's nothing ""racist"" about opposing a particular culture.",0.944000005722046,1.0,1
62,JS1665407,"Funny, when I was in Asia, I noticed all the characters in Asian television series were Asian...! Indians in India, Japanese in Japan, Chinese in China...although all those countries have had white people living there for centuries...

There were series in India based on Hindu mythology, and series in China based on Chinese history, and series in Japan about samurais, and not much about western mythology or western history...you pretty much needed satellite to get western tv or movies. Same with movies, local ones are based on local culture.

In China, taxi drivers often refuse to take westerners, and in many non-white countries, white people are assumed to be tourists, although westerners have been living there for centuries.

So in countries of European culture, white people are well established in the country's institutions, and a cosmopolitan but basically European-based culture is considered ""the mainstream"", and that's somehow wrong?  Gimme a break!",0.3580999970436096,0.0,0
263,JS439946,"First, faux-meats are kind of a misnomer: seitan and soy have been used for centuries as protein options for non meat-eaters in South and East Asia. Tofu is a food in itself. Seitan is a food in itself. They are used in dishes as substitutes for meat alternatives for centuries. There are faux-meat dishes in Asian restaurants that have just as long of a history as the meat-equivalent dishes themselves. To say that seitan has to be 100% like beef is ridiculous. 

Second, as many have pointed out, the point of a sloppy or diner food joint catering to vegans is because vegans don't SIMPLY PREFER BROCCOLI - they have cravings for oily, rich, and textured foods other than vegetables the same as meat eaters. The reason they eat non-meat things is for ETHICAL reasons. They refuse to continue to support killing living and pain-feeling beings for the sake of TASTE. 

Lastly, I think the reviewer came in with a mental block in mind. Hate for hipsters and ""trendy"" things leads this dinosaur review",,,1
50,JS989179,"The installation of that system incites more aggressive reaction by the North.  Anything that threatens Kim Jong's ego/progress will incite more violent rebuttal.  Some Asians know this and tend to stay away from confrontation.  It's why China asked for a calm, peaceful reaction from the West in response to Kim Jong's nuttiness.  We here in the west can't grasp that concept.",0.3815000057220459,0.0,0
136,JS1743159,"No, Horn, that's not right. What I WANT to hear is that the living world is not being destroyed by our civilization, which is also foreclosing the human future. If you look at what scientists are saying about this, though, you'd be as concerned as I am. The 6th extinction is not a ""meme"". It's a fact.

""Net loss of species over time""? What exactly does this mean? Your example of the spread of an invasive species--the Monterey pine--into alien ecological niches doesn't exactly ease my angst about this. Species are not interchangeable; they evolved in specific contexts over millennia. Moving them around so that they supplant indigenous species is often utterly disastrous.

For instance, lampreys, zebra mussels and Asian carp in the Great Lakes. kudzu in the American South, pythons in the Everglades, and rabbits and Cane Toads in Australia have also found association with humans extremely beneficial, but they've also really been a terrible problem for the ecosystems they invade.",0.0636999979615211,0.0,0
280,JS1566095,"I am deeply troubled by the recent actions of the NFL and it's players. I love my Broncos and have been a fan since 1975. I hold this country and our flag dear to me heart but without hesitation I can say, They are dishonoring the flag and the people that have fought for it. There are many injustices in this country but we must work together to rectify them. If you go anywhere else in this world those same injustices are exponentially worse. When will these protests end?  During WWII, America had internment camps. Should I start waiting for the Asian American protests?  Currently in this country our Muslim population is being vilified and judged. When will the Muslim American contingent start dishonoring our flag? This countries Latino population, I feel, is by far the most persecuted and judged. Where is their voice? Does the current NFL player represent them in their protest against the flag and those who fought for it? Please rethink these misguided protests. BTW Trump is an ass.",0.8486999869346619,1.0,1
38,JS1450981,"You would think that the missile fired over Japan would have been enough to trigger hell fire.

The issue is that the Chinese hate the Japanese. There is nothing that the average Chinese citizen would like more than to see Japan wiped off of the face of the earth. 

Regardless, any potential solution, military or diplomatic will involve the complete cooperation of the Jinping regime. That will not be coming any time soon. 

China's goal is world domination and they will continue to play their game with North Korea toward that end.",0.5893999934196472,0.0,0
74,JS352594,"Maybe the Chinese won't need so many spies in Canada now that they can purchased direct access to the PM?
He also had a secret meeting in Richmond with the Chinese as well. Seems the Chinese are in control of this Liberal government.",0.2418999969959259,0.0,0
137,JS824736,"There are over 200,000 chinese millionaires in the lower mainland of BC alone.",0.1024999991059303,0.0,0
149,JS1586343,"Bernie Sanders is an idiot looking for a brain.  Someone please ask him what race he is talking about.  People from Puerto Rico are of no particular race.  They are Americans of Spanish, other European countries, African and Asian dissent.  Might even be other races that live on the island too.  Can he please be specific?  He needs to stay in the public limelight in hopes in might keep his and his crooked wife's asses out of prison.  He lied and pressured the bank with his senator position and she lied on the loan application and the bank is out $10 Million.  Just another crooked ass politician with a crooked wife trying to deflect their guilt.  Not going to work Goofball.",0.9810000061988832,1.0,1
154,JS1352629,Disgusting hysterical title...  First of all there are many violent extremists on the left AND the affirmative action case is actually on behalf of Asian-American students.,0.7208999991416931,1.0,1
272,JS1153636,"Jinping is the Asian fraternity brother of Putin, and both are trying to use N. Korea as a distraction. Xi is trying to cover the illegal development on the S. China Sea islands, and Putin is trying to distract from both Syria and the Ukraine. PRESIDENT TRUMP is skilled and knowledgeable enough to handle both of them. China does not want a real confrontation due to the N. Korea refugee problem, plus the potential U.S. presence on a unified Korean peninsula. Putin does not want the losses that he would sustain in a Baltic operation. However, N. Korea provides a thorn in America's side that they can control.

Maybe Congress, both the Democrats and the Republicans, can mature enough to support a legitimately elected U.S. President. As far as the media, those clowns are there for our daily enjoyment derived from their moronic comments.

PRESIDEINT TRUMP - MAGA!! Today & 2020!!",0.597599983215332,0.0,1
65,JS278909,"Good point about China.

I wonder whether this was requested of Little Potato by the Chinese.",0.1174999997019767,0.0,0
237,JS480894,"If the United States treats China as an enemy, it will become an enemy for decades. China's military is too weak to take on the United States but if it puts itself on a military footing, it will expand to a power that will demolish the United States in the Pacific.

The key to a peaceful rise of China is to integrate it into the world order. However the United States should not send mixed signals as it currently does. It should not try to isolate China like the TPP and yet engage it on other issues.

Donald Trump and Rex Tellerson belongs to the old racist generation who see Asians as feeble, decadent, and inept. For these old men, the rise of China and other Asian Tigers is very difficult to accept.",0.5934000015258789,1.0,1
160,JS1696034,"Time to call in the Governor's Hawaii Task Force Five Oahu aka Hawaii Five - Oahu aka Hawaii Five - O.  

Hawaii Five -O, Where all the Haoles are the good guys and the Majority Chinese, Japanese, and other Asians, and Hawaiians are the Criminals.",0.8208000063896179,1.0,1
40,JS1653656,"They treated the Chinese, Filipinos,  other Asians, and POWS from the American Military and Allied Forces a lot differently with beheadings, etc. etc.",0.58160001039505,1.0,0
25,JS425674,"And why would ""the Asian population say it's discrimination""?",0.356900006532669,0.0,0
93,JS1784210,"Why would China invade North Korea? It is doing what China wants.
China is a major ally of Pakistan, whose China-assisted nuclear weapons threaten India. China is an ally of Russia, whose nuclear weapons threaten the U.S. and Europe. China is an ally of Iran, whose China-assisted nuclear weapons development threatens Israel and Saudi Arabia, both U.S. allies. In other words, China assists all the major nuclear-armed countries that oppose the United States. 
Both Russia and China have warned against any U.S. attack on N. Korea.
 Trump (aka Adolph Twitler, aka The Mango Mussolini) can swagger, harrumph and talk like Dirty Harry to the Asian potentates, but it is all theatre.
Ain't nothing going to happen.",0.2671000063419342,0.0,0
49,JS920488,"And this is where I will step in a little to this conversation.  Using modern tools does not negate a culture or tradition.  THINGS do not make our culture. That is like saying....drinking green tea automatically makes you Asian. This is a  certain type of racism called 'micro-agressions' amongst other things.  It aims to dismiss a minority action by creating fictional fantasy requirements to BE a 'correct' image of a culture.  Our culture is actually built on our Adaptability.  If you study our culture in depth (through anthropology for one) you would see that it is our capability to take new technology and become efficient in it that has allowed us to thrive in a harsh environment. For over 10,000 years. Probably more. We do NOT have to be 'historically accurate' to be valid.  Every few generations our tools have changed, usually dramatically.  From Chinese swivels to Polynesian boat shapes.  But our TRADITIONS of feeding our population and tying ourselves to nature has never changed",0.0881000012159347,0.0,0
56,JS1075149,"Well, considering how behind Canada is... they ain't selling them nothing.

Heck, the Chinese are going to give away this new research anyways, like they always have in Quantum physics. 

We can't even build a gawd dang train....while China has the largest high speed rail network in the world. Canada has very little to offer them when it comes to intelligence. 

Only reason Canada even comes close to China's test scores is cause of Chinese immigrants. Canadians, particularly white people in this country consistently score below average. That Vancouver based satellite company likely employs Chinese temporary foreign workers to do all the research and development. But wait... we can stick a pipe into the ground and pump out the black stuff. That's our only value added. The irony is, it ain't the ivory tower pumping that oil out. Its trashy red necks doing all the heavy lifting.",0.5253999829292297,0.0,0
173,JS732360,And the Chinese are playing Little Potato for a fool.,0.953000009059906,1.0,1
245,JS1797842,"Hope they do some time in a chinese prison.  They deserve it for being so dumb and bringing
dishonor to themselves and their team.  A real credit to their race.",0.9729999899864196,1.0,1
35,JS1031898,Would this company happen to be connected to any Chinese businessmen who've donated generously to the Liberal Party in order to get face time with Justin?,0.0799999982118606,0.0,0
183,JS1191751,"You are an 1diot.  You really think that Caan deserves to get paid more than Park and Kim?  You must be another ignorant Trump supporter.   If anything they should get rid of Caan, they don't need him.  Split his pay between Park and Kim.  Yes Park and Kim aren't ""local"" but they are characters that Hawaii people can relate to.  Only Haoles can relate to redneck Caan.  Notice that the Asian regulars left, maybe they should rename the show Haole 5-0.

Or maybe they already planned to get rid of the 2 actors.   End of last season Kono was on a plane leaving, Chin Ho was offered a job on the mainland.  Looks like they wrote it in just in case the 2 left the how.",0.9229999780654908,1.0,1
257,JS1709196,"So David, are Asians better at math than white people?  Should it be dumbed down for the Caucasians also?",0.9580000042915344,1.0,1
230,JS439946,"First, faux-meats are kind of a misnomer: seitan and soy have been used for centuries as protein options for non meat-eaters in South and East Asia. Tofu is a food in itself. Seitan is a food in itself. They are used in dishes as substitutes for meat alternatives for centuries. There are faux-meat dishes in Asian restaurants that have just as long of a history as the meat-equivalent dishes themselves. To say that seitan has to be 100% like beef is ridiculous. 

Second, as many have pointed out, the point of a sloppy or diner food joint catering to vegans is because vegans don't SIMPLY PREFER BROCCOLI - they have cravings for oily, rich, and textured foods other than vegetables the same as meat eaters. The reason they eat non-meat things is for ETHICAL reasons. They refuse to continue to support killing living and pain-feeling beings for the sake of TASTE. 

Lastly, I think the reviewer came in with a mental block in mind. Hate for hipsters and ""trendy"" things leads this dinosaur review",,,1
213,JS385736,"I will continue to post those criminals who are criminals because they have entered the US illegally and then commit violent crimes against people in this country.  I post all those criminals reported on the 9th Circuit; it isn't my fault that they are of a particular ethnic background; they are who and what they are.  

The illegal entrants of Asian backgrounds commit 'scam' type crimes; your beloved ethnicity are the vast majority of the ""murderers, rapists, drug dealers"" (and fondlers of 9-year old girls--this week)  that Trump says he is going to re-deport again.  

You may want to give 'sanctuary' to such people; I believe we have enough home grown-scum to justify getting rid of this doubly-criminal scum.",0.9570000171661376,1.0,1
14,JS1606086,"This is about the stupidest law suit in a long time. The author has it correct that you really do not know why a person is elected. You can surmise, but you just don't know. All the GOP in the district could have voted for the Dems and all the Dems could have voted for the GOP, you have no idea.....IF you believe we truly have secret ballots.

But there is another point that should end this lawsuit immediately: there is no mention nor any place for political parties in our constitution and our system of government, period. So what is a partisan other than someone who strongly supports an irrelevant association when it comes to governing and the constitution. What next gerrymander to make sure the requisite number of blue eyed people are in each district? That there is the requisite number of Asians in each district? Gerrymander so that all libertarians are in a district so they get representation? All greens?",0.6496999859809875,1.0,0
138,JS1158105,"""So, Volvo is now Chinese owned?""
Yep, since 2010.",0.0808999985456466,0.0,0
250,JS1191751,"You are an 1diot.  You really think that Caan deserves to get paid more than Park and Kim?  You must be another ignorant Trump supporter.   If anything they should get rid of Caan, they don't need him.  Split his pay between Park and Kim.  Yes Park and Kim aren't ""local"" but they are characters that Hawaii people can relate to.  Only Haoles can relate to redneck Caan.  Notice that the Asian regulars left, maybe they should rename the show Haole 5-0.

Or maybe they already planned to get rid of the 2 actors.   End of last season Kono was on a plane leaving, Chin Ho was offered a job on the mainland.  Looks like they wrote it in just in case the 2 left the how.",0.9229999780654908,1.0,1
81,JS374090,"Why?  what exact benefits are there for Canadian Citizens.  people that is not corporations.  and dont tell me i get cheaper stuff  it is mostly cheap crap that we cannot trust.  and for that matter what benefit to most chinese who still get slave wages and no safety.  Fair trade yes,  free trade no.  that is why trump got elected!!!",0.5633000135421753,1.0,0
202,JS379618,"You do use toilet paper, don't you. That's a Chinese invention so you can deal with your crap. Or perhaps you use your index finger.",0.9639999866485596,1.0,1
161,JS396951,What the hell is this article about?  nothing.  Describing the residence of a Chinese Investory/ Business man?   give me freaking break..,0.4018000066280365,1.0,1
158,JS1168502,"""Friedman is a chump to the readers of his columns.""...There, fixed it.    

Aside from a long held distaste for the author, I'll agree Xi is smart...and a bad-ass. The guy is shrewd on steroids compared to Agent Orange. That's a given. The article is simply another opportunistic Trump hit-piece by the New York Slimes.  

Many of my Chinese friends dislike their government (almost as much they hate the Japanese) for similar reasons we do in the U.S. Unlike here, banksters occasionally go to jail...or worse. Xi's been draining China's swamp for some time...in his own meticulous way.",0.8080999851226807,1.0,1
9,JS992682,First it's not crap and factories bid. You could lodge your complaint with the Chinese. Good luck.,0.5311999917030334,1.0,0
266,JS806973,"morneau is a bumbling idiot - almost as pathetic as junior.  they just close their eyes to chinese money laundering.  where the hell is the CRA and Fintrac - pathetic all of them.  stop giving away our country to the lowlives from china.  Markham is a pigsty - all chinese and the police don't even crack down on the careless drivers - yes all chinese but funny when they crash into each other.  so I work, pay taxes and get screwed.  meanwhile jimmy lee moneylaunder, pays no taxes, causes multiple car accidents because he can't drive but has a mercedes and has 10 empty house.  DISGUSTING - thanks junior - you suck and have a speech problem.  try learning mandarin, you may fare better as your english sucks.",0.9980000257492064,1.0,1
