Unnamed: 0,id,text,score,predicted_label,true_label
15701,MS725954,OMAHA Neb AP Clinton campaign manager Robby Mook just went out of his way to thank Hillary Clinton for the endorsement,0.9866232872009276,1,0
16820,MS661278,Kenya was just about to enter war and that is where muslim terrorists came in to start a war,0.9958988428115844,1,1
17827,MS625395,support for sexism in the prophet mohammed is muslim jinn under methere was nothing moderate or peaceful about,0.9854881167411804,1,1
16550,MS651624,are going to invadeand the crimes being committed by the pedophile prophet mohammed are analogous to the crimes of,0.9854881167411804,1,1
15946,MS976729,the symbiotic relationship that evolved among the aryan sickle driven people was symbiotic in nature meaning that the Aryan was their mortal enemy and the,0.893203854560852,1,0
16988,MS679789,smh why is this day an excuse to give minor quran verses priority over major quran verses like the islamic religion is built on hatred,0.9992762207984924,1,1
16187,MS597232,the earliest issue of muslims living in syria as refugees highlight the irony of reports of russian nato bombing of kazarli refugee camp,0.990867555141449,1,0
15849,MS306927,font colorblackwhich ev r going to waste on syria if they use the measures put in place,0.8561643958091736,1,0
15378,MS586024,This second wave of refugees is being welcomed by countries all around the world with just over 1 million new entries a day,0.5855035781860352,1,0
16632,MS811664,islam is the most terrible and savage religion because it causes death and despair more than other religions and creates nothing but trouble,0.9984089136123656,1,1
16983,MS685917,Dont underestimate the impact of the family which is the most important institution in the earth moslems#isis #,0.9984089136123656,1,1
15876,MS188995,An American doctor killed in the terrorist attack on the US mission in Benghazi a few hours ago has been named as Jon Hartsfield of,0.990867555141449,1,0
15616,MS169431,#1NoFewPeawhy is her middle name missy is orangeas,0.136032223701477,0,0
16080,MS109619,pStrip blow dry your pull over style moasins in your favorite zip up hoody for a raw beast mode look,0.294117659330368,0,0
16859,MS637794,islam made no sense when one of their leaders told the tribes to exterminate each otherthese people on their front,0.9854881167411804,1,1
15321,MS929636,they belched smoke and fire with great suess your bringing them here into our traditional areas and maturing civilizations is,0.9209622144699096,1,0
15147,MS771186,tabletrtd#foodie would love to have a go at the entire thing with a kitchentdtd,0.4226579666137695,0,0
17641,MS301475,Trump on national security concerns with sharia law but here in america we dont want the returning terror threats us citizens should not be being moved to our,0.8677685856819153,1,1
16500,MS639019,the belief that every country is defined by islamic fundamentalistsnobody should be forced to be a terrorist or,0.9958988428115844,1,1
15561,MS509794,photo via khan nadiran for BuzzFeed,0.3939394056797027,0,0
16240,MS121904,imam called me a kike and a non muslim when he bought me a jalapeno and green pepper pita on a daily,0.9958988428115844,1,0
17784,MS619701,of Korea and continues to be so going back to what muslims actually do when they are in power in the muslim world,0.9984089136123656,1,1
17764,MS826496,that their culture has no place in a muslim townsomalian immigrants admitted that raping children is part of their,0.8561643958091736,1,1
17668,MS836058,A key element of the sharia has been declared illegal This is a war and its end is being planned now,0.981428563594818,1,1
17741,MS660097,the fact that they lock the doors on muslims in europe still reflects the ignorance and hate that mohammed inspired,0.9958988428115844,1,1
16470,MS579673,on Friday the UN envoy to Syria requested the migration agency identify who sent the bill for more than 70000 refugees to bring over 50 were refugees we must,0.9791666865348816,1,0
17443,MS621886,the flirting police and their lies are tiredremember that time muslim gangs murdered dozens of people in nairobi,0.8997722268104553,1,1
17455,MS615813,The ongoing conflict between Israel and the Palestinians has always been a problem that is largely being swept under the rug by the Western,0.9595959782600404,1,1
15818,MS937076,I worked in government for over four years and received numerous death threats no i will not be buying,0.8370044231414795,1,0
17483,MS666254,has just announced that he and wife #salma will both be forced by muslim law to keep silent about savagery of #islam,0.9958988428115844,1,1
16000,MS705448,What does Captain Buaneer eat for breakfast View On redditcom submitted 1 year ago by popjtothepantsnow posted in ,0.1363636404275894,0,0
17514,MS664966,the reason why that is why islam started is a thing to fight for nothing else in their holy book is true,0.9992762207984924,1,1
17197,MS663274,one of the worst attitudes of islam where it controls every aspect of life except the loveand all you muslim,0.9992762207984924,1,1
17441,MS643924,or they are just so glad to have a muslim male in the house that they cheer for himhow many mus,0.9992762207984924,1,1
16336,MS329651,21 #21 likeme 28 Frags csgo team nz contacted in germany not used in middle east csgo team n,0.1418918967247009,0,0
15246,MS910440,IraqiNewscom Kut or kurd comedy troupe who mocked the prophet ispah and allah ,0.9265402555465698,1,0
15877,MS588871,Syrias northern cities hold more than 40000 refugees #say #eyy #love,0.2183908075094223,0,0
17505,MS470573,emotional tinder for globalist propaganda machine and refugees in western idamies not to mention eu resident migrants integration program negotiated with iraqi,0.7052631378173828,1,1
17731,MS271237,tabletrtdbecause i can hear you yelling theres nothing wrong with sichilingi ammosexuals islamophobes,0.75,1,1
17307,MS806452,i think that muslims are fraudolent and unbelievers and apostatesthe black race will only grow,0.9831578731536864,1,1
16465,MS391899,Bharatiya Janata Party chief Amit Shah broke the news after breakfast briefing in Lucknow in the metros he added that its not for,0.9935779571533204,1,0
17513,MS248392,please stop the syrian attacks against syrian women and children add your response hereif he takes the oath and is,0.9791666865348816,1,1
15333,MS591927,Syrian refugee Ali made a real impact in my community in lakeland i feel proud to call him a brother he joined our food bank last month and is,0.6623376607894897,1,0
17439,MS856171,US President Barack Obama has said there is no difference between the terrorists who bombed the city of Aleppo and the extremists of islam He was,0.990867555141449,1,1
17055,MS646019,by Shauna Smith from Open circles of meaning and unity comes the caliphate and the Quranic emwaremto obliterate,0.9854881167411804,1,1
17696,MS612694,We are the largest grassroots campaign to keep ISIS out of Syria and Iraq #2iraq #banislam #islamophobia Freedom Roaming,0.9791666865348816,1,1
15895,MS536935,the clock has now passed the hours and this is the witching hour ive been waiting to be a stick in the mud just say it,0.6200000047683716,1,0
16223,MS800460,Labour leader confronts challenger over claims he was connected to arms deal with Saudi Arabia,1.0,1,0
15862,MS1002869,protesters against the oupation of east Jerusalem shout slogans during a rally in support of the aliyah of those who have moved there from the oupied West Bank,0.9791666865348816,1,0
15229,MS361414,tabletrtdevening morning text announcements for english elementary school and middle school classes follow the one hour shu kanban reform,0.0963045880198478,0,0
17409,MS653227,yes the americans do stupid things around the world to make us more compliantthe muslims forced christians to,0.9434629082679749,1,1
17688,MS677932,the third great delusion is that we dont have a constitution isis stands for islam only more slavesthe t,0.9958988428115844,1,1
16158,MS142091,mcdrick mickey morgan its time for young the two musketeers in this little known bit of Americana from the 1920s,0.1219512224197387,0,0
16906,MS454394,and they keep gay marriage most angreich to vote ndjiz for use their vote to evict #arabese migrants into #uk call it,0.6959230899810791,1,1
15826,MS958973,nembrasheva oleg sharigner thinova youtubewilliams is getting strangled in,0.8370044231414795,1,0
15132,MS132850,re sunnies swimsuit lmaoyour words dont make you a human being,0.5457640290260315,1,0
17306,MS658827,the rightwing and fundamentalist hard right is basically racist it has nothing to do with being in a religious conviction islamophobia is the fear of all god,0.9842271208763124,1,1
16609,MS845659,Tabuk is one of the holiest cities in Islam and after 8pm it is forbidden to drink alcoholi m in,0.9850249290466307,1,1
17077,MS692375,isis flied out and surrounded by extremists on a table he is supposed to be observing the rights of minorities and isis is a big mass murderer,0.8997722268104553,1,1
16955,MS839602,A group of women in burkas have aused a local muslim of raping a girl but local police are refusing to register a report why,0.9850249290466307,1,1
17018,MS667793,a nonmuslim someone saying so is a lie so is the claim that only muslims attend catholic church,0.9958988428115844,1,1
15944,MS399652,but sheres a track by artist ali russian with the lyrics by goofy benjamin the soundtrack was given to me by miker,0.1704652309417724,0,0
17144,MS628443,the Quran dos islams doesnothing is allowed or encouraged in islam the quran and the,0.9984089136123656,1,1
16959,MS814626,most religions cause death and despair for the underprivileged can i add that all muslims are intolerant,0.981428563594818,1,1
16935,MS608946,that were reenforced by the Muslims of baluchistan when they were evictedthis is exactly the kind of,0.9958988428115844,1,1
17853,MS418275,tough on refugees rip off america and the will the host countries refund the refugees and send them backwith you,0.4469564855098724,0,1
16857,MS273692,in it because islam a back door way for theelder of fools sanders tried his damnedest to destroy,0.9850249290466307,1,1
16826,MS686497,of nisaia ul Haq captured #egypt back after #mohammed was oustednazism has,0.990867555141449,1,1
16551,MS267896,this is fucking ridiculouslets make sure we get the uranium out of Syria before it is too late io,0.7811753153800964,1,1
16669,MS670988,that my husband would pumptrump me just for asking him to make me a muffinthere is no contradiction,0.351014494895935,0,1
17125,MS820965,moslems are taking advantage of immigrants and using them as labor it is a barbarism there is no good in it,0.9958988428115844,1,1
16375,MS601808,what do you call your bubbly mums leave a note on the door if they are not home give them a gift,0.482516348361969,0,0
17101,MS648355,what a lying hypocrite is currently serving in the islamic stateso are you just saying that i hate your,0.9854881167411804,1,1
15915,MS780675,end of the worldlets get crazy and make people eat sandim surprised no one,0.6623376607894897,1,0
16318,MS516739,Getty Images Donald Trump could leave the US because his immigration policies are racist the Iraqi official said,0.9509202241897584,1,0
17099,MS839185,so it s not enough that islamophobes are out to get us we have to go after their unprotected populations,0.9434629082679749,1,1
16224,MS962375,Tuesday March 31st 2016 420am Australian Eastern Daylight Time 820pm UTC reported air force one of the,0.996692419052124,1,0
15165,MS597232,the earliest issue of muslims living in syria as refugees highlight the irony of reports of russian nato bombing of kazarli refugee camp,0.990867555141449,1,0
16201,MS970246,some muslims later in life will still beg for power i just,0.9992762207984924,1,0
16685,MS867331,as a muslim i cannot stand to listen to a non muslim denounce gentile violenceone day when true wants,0.9434629082679749,1,1
16679,MS685762,many Muslims pay takfiris to behead peopleand it shows the way that muslims treat the holocaust,0.9854881167411804,1,1
15659,MS905825,Two weeks before a university lecturer was set to give evidence against jihadi bride let me tell you it is a bloody good time ,0.9854881167411804,1,0
16190,MS601197,oh my god it fucking destroyed mewe should stop helping Assad turn his country into a hellhole war against terrorism is,0.8069775700569153,1,0
15918,MS577283,enrichment centers intake in the ukraine search for people who offer to help one another and support the refugees,0.7052631378173828,1,0
17080,MS674423,The Quran is the word of god for all humanity and tells us to believe in it,0.9434629082679749,1,1
16404,MS194895,Mabreakfast of champions muahahahafirst snow of the year is coming rob,0.279959112405777,0,0
17499,MS694360,islam declared war on humanity 1500 years agoour Prophet mohammed was a slave trader who raped and murdered 1400,0.9534883499145508,1,1
17525,MS241086,serbian croatian italy indonesian milanese pakistan shthat bastard sono even bred,0.6993942260742188,1,1
15499,MS547608,close to the ram saudi people all came from a pre rich merchant trading town im the morning of january 25th 2014 the captain of the,0.9791666865348816,1,0
15687,MS194331,APRIL 22 2001 THESE MILITARY GOBLIN TSHIS BOOYAHVLAIB ,0.9791666865348816,1,0
17478,MS638317,everybody knows that the prophet mohammed had some problems with his wife and the situation only got worse the prophet was going through great trouble before the,0.9958988428115844,1,1
16882,MS88631,From Middle English chine and seeche to cuss to spank,0.4719082117080688,0,1
17287,MS604874,the prophet mohammed was an unbiblical liar that persecuted and enslaved non muslims before being forced to convert and then mercilessly slaughtered,0.9831578731536864,1,1
17147,MS807415,muslims steal the work of our citizens i do not care if they have more skills it is not,0.9992762207984924,1,1
16063,MS379198,#ANSONseems a normal way to feel has never got me down in this world and let me tell u,0.0963045880198478,0,0
15456,MS592401,in a desperate attempt to stop crybaby islamic terrorists from getting into the christian church the emirs of omd comes up with a plan,0.9958988428115844,1,0
16239,MS787018,good service and foodshazs so difficult to make shazs that we need our own tv so kat,0.3522727191448211,0,0
15631,MS936945,if it takes a prophet to awaken the sleeping giant that is america we would have a government of giants ,0.9831578731536864,1,0
17605,MS658960,islamic fundamentalist violence crackdown is a ploy to silence criticism against religion its utterly predictable #islam #apology,0.9984089136123656,1,1
17758,MS610290,that he is the most hateful person ever to exist and is it only the ignorant that are ignorantif muslims,0.9992762207984924,1,1
17851,MS440160,hey there sorry i cant come to your muthafuckin house to catch a copter but id like to chop off your dickend,0.9676222801208496,1,1
15218,MS919127,the good ship blundering a new member right along side of you many western muslims have adopted the,0.9958988428115844,1,0
17504,MS869038,israel hates muslims they are all terrorists in the past a week there have been four terrorist attacks in a week in england,0.9958988428115844,1,1
15652,MS917910,nate svennsteen lead singer of the band exodus to iceland and uncle tom pickering bassist of rahowa mopeds,0.5,0,0
15847,MS923025,by heidi sandler marco brezchen benjamin brezchen yves bailly george harrison y,0.0853994488716125,0,0
17178,MS16514,If youre a country club Republican with a sick political ideology you can keep your Muslims off my lawn#fried,0.9831578731536864,1,1
17344,MS456716,the threats from migrants were real the reason stfu the borders will be surrounded by militants muslim refugees but why these refugees are allowed in so easily #,0.8561643958091736,1,1
17691,MS865696,every time i look at a muslim guy he has some criminal past never greetings please he has been deported 14 times,0.981428563594818,1,1
17593,MS681940,By the way islam is a violent hatred based on a book written by a barbarous human that enslaved the 6 million of the,0.9850249290466307,1,1
16936,MS494062,Iraqi Kurdish officials open a few Iraqi dinars for people stuck in Irbil today after being forced to leave its central council buildings in south central #,0.9791666865348816,1,1
15996,MS146998,im just plain busy seeing people make it their goal not to pray of this faith what ever they do all their videos are made to create people who want,0.9434629082679749,1,0
15494,MS303465,whether you morninhave you tried it yetglobal terrorism,0.7052631378173828,1,0
16579,MS803261,deserve to die our state will become islamic a home for muslims and a prison for,0.9992762207984924,1,1
16471,MS548567,We had no qualms about living in this isles #icecreek homeless camp us homeless we put our heads down and go get your fix,0.3355704843997955,0,0
17818,MS647179,islamic bigotry is everywhere yet the philandering jews are the first to be prosecuted,0.9992762207984924,1,1
16599,MS457995,The growing threat of extreme violence by the so called refugees from last years refugee crisis is amazing to watch as,0.9433946013450624,1,1
15888,MS980562,serious question but just what is wrong with eu prior to the coming on the scene in britain and creating more competition for european nations,0.0522813647985458,0,0
16135,MS335916,#nvidia reshared 5831 units for the second week running after #pcmaker showed their T oomad angle from mozilla workforce card board,0.0303030312061309,0,0
15965,MS960379,no semitic is an israeli on welfare and they all know it your face will be known on the,0.981428563594818,1,0
16242,MS729327,tabletrtdFrom 2nd October till next Sunday most of the shops will be closed and only 2 days to go so enjoy the,0.7873134613037109,1,0
16691,MS877183,if you look at satellite photos of ireland you will see that ireland is a desert island of mud rather than the cosmopolitan city it once was,0.2118328213691711,0,1
16845,MS870546,if you are a male muslim and you have sex with a virgin it is haram do not do this or else if you are a,0.8561643958091736,1,1
16075,MS311036,The TV news desks have named the prime minister after 10 lives ago the father of the nation was a young man when the sharia courts decreed he,0.9509202241897584,1,0
17109,MS624342,So the usual line from most of the major religions is a lie there are over 7 billion muslims but that is about 10 percent of the world,0.9984089136123656,1,1
17629,MS668993,the current numbers are a mockery of egyptian terrorismgod only hates fools and murderers he only hates criminals and criminals,0.8184567093849182,1,1
15866,MS799356,tabletrtdspan stylecolor #000000 fontweight normal letterspacing normal font,0.1363636404275894,0,0
15439,MS169441,lmaooo so ive been playing a lot of mickey mouse this summer lolim trash shakin a n,0.351014494895935,0,0
16238,MS190851,Then again one of the best things about watching the world go by is being reminded that this world actually has a beginning a middle and an,0.1011029407382011,0,0
16860,MS484291,American families face the same reality their grand parents faced back in the 70s and will soon face if they dont do something the families of illegal alien,0.5460993051528931,1,1
15156,MS962485,The beheading of James Foley will be treated like any other terrorist attack we can all take a page from the,0.9251337051391602,1,0
15492,MS561912,of English there is a surety of fail but in the nicholas self help book will it make us a stronger people and a stronger world,0.5159010887145996,1,0
15574,MS134066,American embassies in the Middle East and North Africa have been targeted by cyberattacks IEDs abductions and open warfare since the,0.990867555141449,1,0
17295,MS642681,Isis commander Abu Bakr alBaghdadi has issued a strict religious edict for all Muslims to show respect for the holy relics and mosaics,0.9992762207984924,1,1
16998,MS633032,One of the main tenets of Sunni Islam is that islam has enslaved womenthe reason the nsa has not attacked,0.9958988428115844,1,1
16066,MS531145,But other studies show that these cuts are hurting the most vulnerable who are able to least afford it rangers bill #refugees#refugee,0.5159010887145996,1,0
16600,MS632662,one of the second order oppressed people within the religion that provides for the execution of people because they denounce islammaybe,0.9958988428115844,1,1
17726,MS876370,Islam is incompatible with our way of life in this green and pleasant islein our eyes it is an islamic countryit is not,0.9958988428115844,1,1
16734,MS667959,remember when the muslims said they were for freedom but if you oppressed the jews their fear must be in #islam,0.9992762207984924,1,1
15838,MS577383,kalamjaro asylum seekers block ponton road to americathe migrant crisis and the refugee camps in syria,0.9595959782600404,1,0
16629,MS484291,American families face the same reality their grand parents faced back in the 70s and will soon face if they dont do something the families of illegal alien,0.5460993051528931,1,1
15745,MS540455,It was like a scene from a certain movie with a good view from the inside this week Syrian refugee boy woke up without a glass,0.7052631378173828,1,0
17142,MS816746,islam teaches that there is no choice but to kill muslims have no place in civilised islam,0.9992762207984924,1,1
16708,MS649411,the prophet mohammed murdered anyone who was against himthe point is islam has nothing to do with being liberal,0.9831578731536864,1,1
17438,MS625104,the day they flood iraq our day is overislam is the religion of hate i think the muslims,0.9958988428115844,1,1
17286,MS654807,You have probably heard the songs before they are written by muslims or islamofascists just as you heard them and ezidi,0.9958988428115844,1,1
17073,MS463499,ISLAMABAD Chief Justice of Pakistan Taseer Lakhvi on Monday attended a,0.96875,1,1
17670,MS645814,the only difference is the religion is based on hatred the criminal is based on hatredmuslim extremism #islam,0.9958988428115844,1,1
17053,MS239204,the fact that ur fucking govt doesnt know what syria is so damn fucked updonald trump says himeting,0.9735812544822692,1,1
15294,MS395794,aliexpress see my love letter to#postgrad and the internetthe romper sized dvds with,0.014621646143496,0,0
17024,MS467425,answering #americanswelcome terrorusthey were literally terrorists how could they have beenntend,0.8133333325386047,1,1
17314,MS848275,State Department announces that it will not allow any of its employees to work with law enforcement in the wake of recent shootings in muslimdominated countries,0.981428563594818,1,1
16496,MS827797,this happened because of the muslim invasion we must take back the countrythe whites are a worthless element in,0.9958988428115844,1,1
17586,MS667094,with the spread of his ways and faith as a prisoner of islam his religiosity and hate made the source of his followers just as despicable as the,0.9984089136123656,1,1
17598,MS857131,politico oh my you must be surprised to hear that many muslims are not extremists but ordinary people they follow a few ideas,0.9992762207984924,1,1
15525,MS123965,by Alex Schenck jilted ass #2 #teabaggers #nfl #jags #muskie,0.6630425453186035,1,0
17526,MS613509,Marijuana is harder to stop than wasis todayno the muslims who murdered christians and atheists under the,0.981428563594818,1,1
17248,MS644519,there is no difference between a muslim and a prophetthe non muslim world is in worse condition muslims,0.9958988428115844,1,1
16305,MS551412,Middle Yoho Ala and a weeklong campaign by volunteers wrestled a local stone orchard and its tree nursery from the,0.294117659330368,0,0
15606,MS550957,div classarrow up tmrwvancouver is stuck in an ideology war u can im new here but,0.7052631378173828,1,0
16997,MS809634,just because we can i suppose some muslims would like to murder all of us and have our wives and daughters taken away from us islam,0.9992762207984924,1,1
15442,MS596224,Western Jatma Sabha chief Masoom Khan Md Scindia calls meeting of all Jats to observe stdhand to ensure better governance in,0.92233008146286,1,0
16219,MS932550,Reuters A federal judge in Tennessee on Friday temporarily blocked enforcement of a Trump administration ban on certain refugees and citizens from seven Muslimmajority countries,0.979522168636322,1,0
16431,MS962701,inspirational and motivating rubik youtubeplease do nt,0.3835294246673584,0,0
16645,MS638940,Lao peace seems like a crime inhuman behavior of a terrorist groupit has been proven that #islam says,0.8999999761581421,1,1
17444,MS603465,the kids these days only listen to muslim music or pretend to be muslim so they dont have to face the issues muslims face its not,0.9984089136123656,1,1
16462,MS728361,to be honest like alot of you are on here to support your favorite teams you know they have done well but very dirty plays are the big part,0.1108114272356033,0,0
16146,MS1006029,why is there an influx of white nationalist muslims into the ukraine i feel for the people who want to stay in the uk,0.9850249290466307,1,0
15649,MS345564,you cant draw or write properly now or evermay Allah have mercy on us all and guide us to what is best,0.5290322303771973,1,0
15744,MS132255,A migrant boat has sank in the Mediterranean after it capsized near the port of Lampedusa in Italy,0.9962426424026488,1,0
16700,MS660810,of the most merciless and foultry as you may the quran and hadiths are full of violence and hatred towards,0.9958988428115844,1,1
16090,MS178742,tabletrtduse of address are certified offenders what an insultlitterbugs on la red m,0.4216867387294769,0,0
17403,MS686250,islam has no place in our country even if it is the future of islamhonest to God,0.9958988428115844,1,1
16031,MS400485,BYERIDOIRO BrazilBrazilian software giant HP has signed a memorandum of understanding MoU with HPe to develop popular,0.4351851940155029,0,0
15789,MS181047,i just found out that several sites i download are full of spam i used a cracker for 3 days and now i cant crack good crackers but,0.294117659330368,0,0
17809,MS845060,criticized the jew media for only talking about muslims in comparison to other nationalities this is a fatal mistake,0.9984089136123656,1,1
17480,MS627271,the political right is so dumb it rejects reason in favor of prejudice and hatredget over yourselves the moderate muslim is,0.981428563594818,1,1
16818,MS205966,the anti is never outgunned by democrats and the republicans as they always fund send and train the most anti radical terrorists ever watched by,0.6809338331222534,1,1
16905,MS644814,israel is a settler countrysomewhere around 700 million islamists,0.893203854560852,1,1
16380,MS946590,30 people found dead in london weekend shooting 32yearold david reynolds of west east fernland was arrested shortly after the killings,0.9917582273483276,1,0
16216,MS525120,donatesearch #gunfire #syria with a little help from #happyisrael #syriashate #humanrights #syri,0.990867555141449,1,0
15230,MS544918,Syrians who travelled to Italy to escape war pass away in Sicilymy column on the migrants who sail in search of,0.9595959782600404,1,0
16990,MS251336,the arabs doing the same thing we did so long ago and the uneducated population just goes with ittoday also,0.1606858074665069,0,1
15239,MS567415,calmdownborderline 2 #calhoun iraqi women forcibly returned to origin countries illegally by sept,0.7052631378173828,1,0
15505,MS563505,by Anna Tsakiris The Aleppo Times for ,0.9791666865348816,1,0
15941,MS194510,of i dont get my prayer answered its like a song stuck in my head my grandma say im like your brother but sometimes you are my beloved,0.3522727191448211,0,0
17304,MS664275,sean may is a self proclaimed ally of the prophet mohammed and his assassinsthe prophet mohammed and,0.9434629082679749,1,1
16798,MS435650,Since ISIS entered Iraq with the idea of and supported of creating an Islamic Caliphate or territory for the entire world but using a vicious and violent totalitarian and,0.9265402555465698,1,1
17588,MS644461,Now the gentiles were like a hyena scared to attackthe poor anti semitism of today the quran condemns,0.9854881167411804,1,1
15245,MS509017,Warningthis is very powerful aihther products this tablet full of aimedia will update your life,0.8500000238418579,1,0
17182,MS828238,We all know that 90 of muslims in the uk are so lazy that they do not want to work,0.9992762207984924,1,1
15961,MS984092,subj ect the united states of aryan just what is in the minds of a few individuals anyone know,0.3522727191448211,0,0
17611,MS227070,36 billion a year in fines for syrian civil war propaganda bombards syrian people with lies this is how syria gets destroyedend,0.990867555141449,1,1
17754,MS694662,into muslims they cannot exist because you cannot be self righteous and anti western therefor you are a lying piece of shit,0.9117958545684814,1,1
16978,MS255060,pA sharp rise in the number of hungry refugees in Ireland is a reason why the politicians have done so little to help solve our humanitarian crisis,0.3492339551448822,0,1
15820,MS569199,The great migration continues The spring migration sees thousands of immigrants cross the Mediterranean seeking refuge in Northern Europe such as from Libya but also travel to Greece where they,0.2358592897653579,0,0
17246,MS861217,to be honest i think that muslims are fraudolent because they do not oppose to isis or saudi human rights violations,0.981428563594818,1,1
16699,MS697900,There was a riot in Kandahar province on their anniversary the other day anthem beheadingsand every other kind of violence #islam #,0.9958988428115844,1,1
17021,MS605570,the most pathetic thing is that the muslim do not realize that the dhimmis are eviland apparently the blind,0.9958988428115844,1,1
16126,MS117044,Venezuela takes up cannon salute for Syrian dictator Hamid Karzai in symbolic salute for conventional heroism as he arrives in Caracas for,0.990867555141449,1,0
17251,MS679628,The diminutive but fast fingers of ISIS are blowing it upharam where is your persecution law is it the laws,0.9434629082679749,1,1
17342,MS676965,but it seems to me that you dont need religion to live happilyyet muslims keep being told to stop copying,0.9992762207984924,1,1
16543,MS866908,are u guys kidding me by some islamic women no doubt incited by the support of muslims in france ,0.9958988428115844,1,1
16401,MS556463,macron the worst president weve had mookie abd ali am guessing he woke up to that tweet from,0.4967635571956634,0,0
17244,MS624754,many muslims are brutal killers and most are extremistgood for the ratings aunturkey,0.981428563594818,1,1
15410,MS158795,Ive seen like 800 people on twitter who will read and understand only 90 do I think 90 of those people are jihadi sympathizers #tcot,0.8997722268104553,1,0
15381,MS325842,Tableof18 The Gaza War 19 and December 2014,1.0,1,0
17316,MS234460,those of ucezprez is still riding the tiger we can not let go of itstop saying terrorism is,0.2428919076919555,0,1
17168,MS866476,you are right about one thing that muslims should not have any abortions and that is the case in every country but some countries are more,0.9958988428115844,1,1
17382,MS622009,the founder of saudis and now they are jews living in dhampur tayyip wants the dhampuris back their religion is,0.9984089136123656,1,1
15146,MS574106,The Push to Impose Sharia Law in America is getting desperate100 million Muslim migrants were just sent home they told to come back,0.9958988428115844,1,0
15296,MS770502,pEverything went exactly how you thought it would gojust saw abdul and idris tard dog,0.4719082117080688,0,0
16663,MS250628,UK must listen to us over Syria nazis not refugeeswell paid child prostitutes being beaten every day while we,0.6596637964248657,1,1
16989,MS428682,the only logical reason why ye left the country to join muslim nation when the must be a reason to welcome em in the first place,0.9958988428115844,1,1
15703,MS126423,if anyone who doesnt know the front runner for vice president is a israeli terrorist whos been in jail twice for trying to blow up america,0.9434629082679749,1,0
17298,MS635430,islam is a criminal enterprise it wants to take control of the world through peacekeeping and refugeesthe first pan,0.9831578731536864,1,1
16267,MS531225,French songstress Antoine Rango died in October a short time after his untimely suicide on a yacht in the Mediterranean,0.9962426424026488,1,0
17414,MS682002,it would be nice to get your full flow from space since youve given us nothing from space muslims pray for a war of extermination to wipe,0.9958988428115844,1,1
15775,MS568507,by samanth mitras bharat jayar they are talking about the terrorists muslims and its impossible for a muslim to be a,0.9958988428115844,1,0
16771,MS860286,Another day another white woman is abused or murdered by a muslim this time in england why are we doing thisend,0.9831578731536864,1,1
16686,MS298943,The Free Syrian Army abandoned their positions in southern Aleppo They fled towards safety in Iraq and in Turkey due to the continuous intervention of foreign fighters and armed,1.0,1,1
15964,MS910411,very interesting video with some of the original english dialogue id like to know why,0.1009463742375373,0,0
16055,MS571763,refugees why us with what we have learned our efforts cannot waitiran gives us the dayend,0.96875,1,0
16384,MS194895,Mabreakfast of champions muahahahafirst snow of the year is coming rob,0.279959112405777,0,0
16268,MS980562,serious question but just what is wrong with eu prior to the coming on the scene in britain and creating more competition for european nations,0.0522813647985458,0,0
16712,MS677098,islam and child abusesharia law is the absolute worst weapon in the hands of those who are against god,0.9958988428115844,1,1
17846,MS623389,in 2003 could you be that stupid even after 7 years of american sponsored terrorism around the world that you can still be stupid,0.8183518648147583,1,1
17229,MS663413,of clubs and there are no jihadi killers islam helped create the problem which is now destroying israeltry reading,0.9842271208763124,1,1
15204,MS504678,the days are getting shorter and shorter that criminal asylum seekers and refugees are cowed into silence by popular opinionthe global,0.7157729268074036,1,0
17205,MS657921,endnotes conspiracykill all muslims in numeria you are god hateful bigot,0.893203854560852,1,1
15324,MS755367,Hi were arthur and mike would like a dish to pair with a hair cut at the tablethis is,0.0444725453853607,0,0
15931,MS993596,the only way this band of hood rats can be wiped out is with an atomic bomb they are literally walking DNA proof,0.5997557640075684,1,0
17193,MS887792,of course not this thread is only for those who care about what happens to muslims who do not follow the judeoamerican,0.9984089136123656,1,1
16226,MS576950,ceremoniesfrom quran the sixth ayah tells us to praise those who mourn for the martyrs whose blood is for them the,0.9958988428115844,1,0
15860,MS385925,PILGRIMSHIRE residents band together to prevent home foreclosure via,0.8581081032752991,1,0
16863,MS854013, not all muslims are extremists but all extremists are muslims,0.981428563594818,1,1
15404,MS118991,if i were white i would look at my neighborhoods police department and say why could you not arrest a suspected terrorist why didnt you arrest the man with the,0.783261775970459,1,0
15222,MS142091,mcdrick mickey morgan its time for young the two musketeers in this little known bit of Americana from the 1920s,0.1219512224197387,0,0
16174,MS1006029,why is there an influx of white nationalist muslims into the ukraine i feel for the people who want to stay in the uk,0.9850249290466307,1,0
17376,MS630959,islams definition of holocaustthat the araaf fundamentalist has better genetics than you and is more likely to,0.893203854560852,1,1
16849,MS629992,Muslims have been attacking raping and robbing jews in 3rd world countries since the first moslems came to israel,0.9850249290466307,1,1
17355,MS653787,A small pocket of jihadist fanatics has tried to imitate ISIS and the prophet mohammed but now in iraq they have degenerated to evil,0.9831578731536864,1,1
16464,MS380705,tabletrtdi actually went to what music festival went viralidc how anyone is unaware of,0.2098135650157928,0,0
17819,MS58235,meetings esp from small minded hillbillies the only person that deserves to die for what he believes is right is the founder of islam damn near,0.9958988428115844,1,1
15673,MS147037,new day washer manikit driving holliday best lil sidekick in the world lil mcm mastercolumbus,0.3722186684608459,0,0
16035,MS144876,tts final by mo jojo #iamaporn #breakwithstandardssome random native texan m,0.5557390451431274,1,0
16454,MS504662,New York Rep Rod Blum testified in front of the House Foreign Affairs committee yesterday that the Assad regime used chemical weapons against the people of #syria,0.996692419052124,1,0
15447,MS120995,Turkish President Erdogan allows foreign diplomats to leave capital city of Ankara,0.9659090638160706,1,0
17694,MS454239,this group are trying to help asylum seekers go home lets rid austria of all refugees and daca must endout,0.2118328213691711,0,1
17169,MS416643,Arunachal Pradesh Bangladeshi busloads abuse migrants in western hinterland of union territory and take 1000 people,0.7739726305007935,1,1
16388,MS580859,ntyou vote no on the refugees when you should be supporting the refugees so thats not what you doend,0.0768545866012573,0,0
15261,MS748067,The RSS is yet to disavow the statements made by the leaders of the organisation on the Kashmir issue but it is not,0.9449082016944884,1,0
17636,MS692422,your legs are aching for a wake up callislam really wants to exterminate everyone who doesnt worship them,0.9984089136123656,1,1
17578,MS622949,greek crimeand terror was exaggerated by kobane widows like the bomb disposal squad to embarrass the shia militias,0.96875,1,1
15586,MS347534,tabletrtdYoure about to live the ultimate wild ride when your dragonflight life takes a hit,0.699999988079071,1,0
15674,MS589390,SAN FRANCISCO AP Allowing refugees into the United States without a requirement to screen them first is undermining our national security as,0.8671875,1,0
16487,MS962603,German soldier sentenced for abusing orphaned pupil nnn reporters newsroom forum icq rightalso update that post and,0.9933142066001892,1,0
15563,MS156271,Steve McNair was cleared of any wrongdoing last night by the ex lmao for helping to bring Vince to #moy inauguration,0.4351851940155029,0,0
15976,MS730598,tabletrtdjust noticed you could make a waffle iron with a breadcrumb trail just for decorationtd,0.294117659330368,0,0
17268,MS657084,the revolution began with violence aint it all that long agothen why do isis have to behead people,0.9791666865348816,1,1
16926,MS808811,If you have ever been in a public restroom with a muslim man you know that he will poop in your lap and start crying how disgusting,0.9958988428115844,1,1
17292,MS616650,In the afternoons it is not unusual for thousands of homeless people to walk up to the gates of caliphates around the world looking for a,0.8267716765403748,1,1
15997,MS579599,tabletrtdmy answer is my answeralmond milk is a myth this box of almonds will,0.7873134613037109,1,0
17375,MS644031,islam and the shia war and dictatorship and death cult are intertwinedmuslims lived before being muslims,0.9984089136123656,1,1
17201,MS837676,Let her get her dirty filthy muslim books shouted a group of about 10 teenage girls as they beat up a boy who was resisting their,0.9958988428115844,1,1
16412,MS599696,Saudi Arabia and Egypt said theyll establish an Arab debtforoil fund and part of that would,0.7927461266517639,1,0
17472,MS616358,one of the best westerns i ever saw as a kid that didnt suck the mohammeds daughter was raped by mohammeds son and,0.9463667869567872,1,1
15274,MS588218,please help us to send an overland migration camp for the overlanders in a few days to be located in the upcountry of iraqthanks to,0.6475409865379333,1,0
17622,MS689213,are these people you should hold up to a mirrortry looking for the millions of tiny muslims in the gulf,0.9992762207984924,1,1
15836,MS575224,this book the beyond grateful book the purpose of this book is the daily almighty something that keeps jordan praying the only prayer he claims it to,0.8997722268104553,1,0
17209,MS19710,Nina Hartley was captured in Baghdad and is now in one of the largest Muslim Manner Law Courts in the United States where we,0.9831578731536864,1,1
16787,MS864556,all of the white girls and white boys that are victims of violent rapes by muslims and nonbritish women should be considered,0.981428563594818,1,1
16206,MS580635,tom pom poms look at some very scary rap videos and when i just say what he was rapping about it triggers some really fucked up shit,0.9117958545684814,1,0
17493,MS874313,on this site you can see for yourself that muslims do not want to assimilate but in reality they are trying to kill off all other,0.9984089136123656,1,1
15904,MS107051,NSW law student faces jail after refusing bail after raising money for ISIS,0.9806867241859436,1,0
17026,MS241499,are you retarded you cannot make an exception for the muslims how did you even get here idiots roscoe hit us with everything you have thats,0.9071762561798096,1,1
16255,MS330413,take one of these stickers and put it on your car and drive down the road which one is yours #movistar #josesammike #,0.1023017913103103,0,0
17208,MS818224,it is good to see that not a single muslim has been harmed by these events,0.9958988428115844,1,1
17289,MS694220,If you are like most Pakistanis you dont worship bats or quran then think of what is in those twowe,0.8997722268104553,1,1
15958,MS142223,any little girl can be a petsuperb smoke ill be at jacuzzi with yankees tomorrow you,0.699999988079071,1,0
17560,MS232322,everybody in the world who is watching this be have the fucking blood of 4 muslim terrorists on their hands this is a premeditated act of terror,0.9854881167411804,1,1
15149,MS314522,French police photographed the suspects in the supermarket attacks ahead of their interrogation,0.990867555141449,1,0
17345,MS830838,islam is the most dreadful and brutal religion because it causes death and despair more than other religions and creates nothing but trouble destroy western civilisation,0.9992762207984924,1,1
15579,MS351483,MANCHESTER NH NOVEMBER 18 Jackie mun,0.2773109376430511,0,0
17838,MS655030,the govenor of britain has said that he is not anti muslim but pro what is rightand,0.9434629082679749,1,1
15566,MS157927,the qward assmilla grm egypt #ericksvillenuesberi5 #indijews #southafrica #northk,0.5290322303771973,1,0
16618,MS262912,any expert what is your opinion on islam as a religion check out islam or only look at the terrorists its ugly,0.9958988428115844,1,1
16607,MS691578,aAla Allah khalqun the believers like your own prophet mohammed didboldface mine,0.9434629082679749,1,1
17412,MS803359,It is not right That is because it is only Muslims who do that and we must fight them they offend us,0.9958988428115844,1,1
16800,MS207718,moshitthis man is disgusting and he has my personal message for him he should be ashamed of himself he should,0.6078580617904663,1,1
16578,MS682770,kinds as religion very few other social systems all other social systems have well defined are being pushed into extinction by muslims,0.9992762207984924,1,1
15515,MS196413,Before he headed to war against Iraq in 2003 Cheney signed on to be paid by a foreign,0.9791666865348816,1,0
16311,MS739160,on the parkway mapomg did they just give the all star team the middle finger,0.2585267126560211,0,0
17213,MS663528,The human race is going to end up like isis in a day or so people who are against islam are shitposting out hatred,0.9850249290466307,1,1
17421,MS639076,everyone is a target now their fools faithlessthe bottom line is that non muslims are equally as violent and,0.981428563594818,1,1
15618,MS526488,of the #adrift crisis for refugees in #turkeyi have to obey the local laws but #authorities #takvimakan believe,0.8581081032752991,1,0
16527,MS440160,hey there sorry i cant come to your muthafuckin house to catch a copter but id like to chop off your dickend,0.9676222801208496,1,1
15811,MS372009,smiley is the tk foundation of english cooking fam dryly packaged the product 5 year before tk won the design,0.0294148381799459,0,0
16832,MS882663,s is for samizdat not for documented victims of muslim gangs how could this happen when the government allows islam to take over,0.9984089136123656,1,1
16204,MS520127,In less than a week refugees are calling your #fyrefugees program is once again scamming us they are just another #example #msp,0.9433946013450624,1,0
17645,MS495604,of 65 Specialty Lodging in palestinian capital of major ports host 160 itsy bitsy sharia practicing disgusting terrorists booked for sale if you,0.9434629082679749,1,1
16806,MS827721,the story is that a muslim raped a child and the media did not report on this news islam is a religion of conquest,0.9958988428115844,1,1
16812,MS702522,islam continues to expand as its unsanctioned governments by range expanded and criminalized its current oppositionthe first,0.9842271208763124,1,1
17282,MS683487,ahmedabad over a thousand nsa agents have been killed since trump started attacking muslim countrieslike i said most,0.981428563594818,1,1
15780,MS784414,while ur talking to a stranger thats really cool and to think theres someone out there who is a predatoryou,0.2782608568668365,0,0
16276,MS1002554,muslims in ireland should be deported and those who let them stay here should be shot a top kumkum pumk,0.9831578731536864,1,0
16058,MS714312,person that only understands when they are downlooking forward to that lloyd vs shaz conversation when these two clash they,0.2098135650157928,0,0
17063,MS236778,3 What do the number of genuine refugees killed in Iraq since 2003 be a problem if they are all Islamic displaced persons 3 ,0.9265402555465698,1,1
16803,MS623654,of the Quranof the muslims their religion is Islam and for that they need to follow the Quran,0.9984089136123656,1,1
16434,MS570874,ADEN Reuters Islamist insurgents of the Yemeni branch of al Qaeda killed at least two people in several attacks in the capital Sanaa on Friday,1.0,1,0
16477,MS138040,Elon Musk wants to build a supersonic airliner to space travel in 5 years,0.1219512224197387,0,0
16041,MS362840,Sorry to hear of your loss#police fridaysmhso sick they wont even let people outside their building,0.6230769157409668,1,0
16293,MS151819,a la spook a girl read a bad book its in the bag still cool #mufcashley ro,0.699999988079071,1,0
16455,MS705448,What does Captain Buaneer eat for breakfast View On redditcom submitted 1 year ago by popjtothepantsnow posted in ,0.1363636404275894,0,0
16292,MS185725,The Astros and Kendrick have traded starts ESM talk and a look ahead to this weekends game vs the yankees #yankees #ast,0.0148975793272256,0,0
17530,MS633710, Why I hate Islam and hate that preachers lead the world to kill each other,0.9265402555465698,1,1
15800,MS129579,jihadis our grandchildren will despise us and fear us #isishateful and violent attitudes toward mong,0.981428563594818,1,0
16682,MS652425,then no then how many muslims are still posing and aiming for mass murder when they are attacked by someone without religion,0.9958988428115844,1,1
16196,MS734375,TFT3 i meant what you wanted to know was the tft alie and the winners were nice rude guys that cant cook good for a dinner,0.4967635571956634,0,0
15573,MS181830,oferslinemy douglas fir is at a field out for a walk and i cant find the arrow,0.1418918967247009,0,0
15864,MS340149,The cars are a thing of beauty but everyone knows they need to be been painted and polished 55Mr Best would not aept the cult,0.0294148381799459,0,0
16553,MS678576,islam doesnt give a damn about you racist my poor chady is under oupation and she knows it since she was 4,0.9434629082679749,1,1
16674,MS659899,whoever rules the land controls the people and they dont care for youthose filthy muslims you say you support,0.9992762207984924,1,1
17153,MS249712,the studio that made this nazi film added this charney supporter to his team to fool the media and iran is committing war crimes because of this,0.9791666865348816,1,1
16258,MS154848,of captured rebels inside the jihadi cemetary in urm #syria #iraq #alqaeda #iraqjihadis not,1.0,1,0
16603,MS660242,of 5000 out of 6000 killed by islamthe cartoons that are put out by islam and the ignorance of its,0.9854881167411804,1,1
17548,MS866592,if we want to preserve our heritage as a people i think it is more important to keep out the barbaric muslims than to allow some of them,0.9958988428115844,1,1
15883,MS121641,OK so this is wild On live tv trump tells muslim reporter they had no choice but to kill a muslim child over calls for,0.9831578731536864,1,0
17547,MS253887,religion including inside the pakistan jihadist andnot sure what more you can say but i cant fucking take it,0.6097561120986938,1,1
17507,MS488005,A jobless Syrian with no income is supported by his father and the government through expensive emergency aid from his government This welfare is directed towards Syrians,0.6475409865379333,1,1
17283,MS625305,not a single case of terrorism has there been a jihadi cancer on the muslim religion by the time the 7th caliph was poisoned,0.9984089136123656,1,1
17448,MS607236,the sad part of this is that most muslims ignore these attacks on humanity and instead focus on what they hate,0.9992762207984924,1,1
17621,MS859718,it is true that many muslims are not only stupid but barbaricthe whites are always the good guys and the,0.9958988428115844,1,1
15711,MS522025,refugees travel on board their samvar via oman migration policy response #maldives #arabic #region #netherlands,0.7052631378173828,1,0
15281,MS532044,Egyptian authorities search homes after raids targeting notables of a terror network in elqan a strict law under which 11 members of a maini #,0.990867555141449,1,0
16156,MS965756,group political watchdog group activist and investigative journalist david duke i suppose has the rare ability to find the middle ground between those who believe the lies and,0.9375,1,0
16176,MS532898,tabletrtdtwo thihe arrived home with a load of papers and a pen,0.7824931144714355,1,0
16677,MS850238,the majority of muslims in our country are criminal and can be identified by their violent acts they all use threats and violence just as do,0.9992762207984924,1,1
17335,MS651713,that is why the muslims attacked the islamic museum of iranthis is a clear act of terrorism,0.9958988428115844,1,1
17697,MS651624,are going to invadeand the crimes being committed by the pedophile prophet mohammed are analogous to the crimes of,0.9854881167411804,1,1
16086,MS340149,The cars are a thing of beauty but everyone knows they need to be been painted and polished 55Mr Best would not aept the cult,0.0294148381799459,0,0
17401,MS862914,if you want to see what it looks like when muslims rape and abuse their women in the biggest city in the world muslimmajority,0.9958988428115844,1,1
15662,MS519272,The home secretary has declared the UK should consider whether refugees from any country can be said to be protected by the charter of fundamental rights her argument is that,0.6830986142158508,1,0
16145,MS725843,Back to Toms imagesStory highlights A teacher who attacked a Muslim student on her first day in the class was fired,0.9917582273483276,1,0
15625,MS173088,tabletrtda tweet of mine today related to crimes being committed against our neighbors to the north by the republican candidate for president th,0.9509202241897584,1,0
17030,MS613643,So if there was a revolution in islam there would be no,0.9850249290466307,1,1
16957,MS260533,all jokes aside i still call this country insane sharia is still legal here it is yet another sign of how far we have gone as a nation that,0.9958988428115844,1,1
15750,MS911278,you have to check around a bit more but from what i ve seen it s mostly pakistani than scandinavian ,0.1011029407382011,0,0
15262,MS521722,The Rohingya Muslim refugee children in need of housing in brooklyn are living in tents canteen at,0.9854881167411804,1,0
17402,MS260209,the historical characteristics of eastern european muslims viz den kafirissimee on christmas is meant to insult muslims not,0.9434629082679749,1,1
16949,MS640145,islam has no tolerance for freedom of speech even for people who are muslimsthis is what is meant by,0.9992762207984924,1,1
15582,MS517470,Hillary Clintons recent profanitylaced tirade against a Muslim immigrant in Iowa reminds me of the wisdom of Joan of Arc stating,0.981428563594818,1,0
16124,MS516561,and that thriving in its killing fields and uprooting refugees from paradise #refugees #syria #mideast,0.990867555141449,1,0
17824,MS246106,the chief goddamn idiot in thethey seem to think girls at schools not the middle east have free passes their idiotic,0.9117958545684814,1,1
16280,MS529266,in kitchen of marcello the foreign minister of egypt has released a brutal and longform video exposing the problems of modern day slavery in the e,0.7058823704719543,1,0
17712,MS861984,it is extremely important for whites to show respect for islam islam is one of the main threats to our civilization,0.9984089136123656,1,1
16123,MS583593,roh u sad that anil was a rapist and a terrorist then call me a rape apologistwomen continue to,0.9463667869567872,1,0
16332,MS313889,Oscars family tell you to make a map of his planned jaunts in the news to keep with the theme #omar #columbo #,0.3355704843997955,0,0
17041,MS824765,muslims are systematically murdering and terrorizing our people therefore everyone is equal before the law if we do not do something now we,0.9992762207984924,1,1
16522,MS629967,islamicide calls terrorists and terrorism is the answerhow stupid and evil is this day and age,0.9265402555465698,1,1
15518,MS940139,this is a little wordy but the message is there this is ridiculous ,0.5457640290260315,1,0
16396,MS967520,i put my 9yr old son through middle school twice a year i,0.0538847111165523,0,0
17040,MS682809,the leaders of the muslim world should remove the most extremists and extremists from their nationsand aording to what your prophet,0.9831578731536864,1,1
15263,MS525199,The BBC in Gaza says UNRWA school shelter needs urgent repairs after bombing 8 killed pictwittercomQzQOaiy8,1.0,1,0
17812,MS661543,The return of Qaddafi and his thugs is only the start of this horrible cycle of violence and pain #islam,0.9984089136123656,1,1
15145,MS966810,they are peaceful czech people look how they promote mopeds and they are thieves end,0.9434629082679749,1,0
17769,MS867244,arabs are basically murderers and dhimmischristians have been fighting against muslims for years why,0.981428563594818,1,1
16154,MS911278,you have to check around a bit more but from what i ve seen it s mostly pakistani than scandinavian ,0.1011029407382011,0,0
16062,MS509949,Like many Palestinians we are eternally in mourning We are terrified that if this continues theres no end in sight im a survivor of terrorism meaning,0.9791666865348816,1,0
17156,MS815424,Americans will probably see more terrorist attacks in the future why because muslims can commit any sexual violence against anyone even in prison why do,0.981428563594818,1,1
16244,MS525117,Egyptian city teeters on edge as land battles with Islamist factions while navy takes action to protect migrant arrival deck security appears hopeless while under threat of armed,0.990867555141449,1,0
15983,MS524251,the face of terrorism on the nationstate stem valley chief,0.9595959782600404,1,0
15633,MS101163,of 947 Special thanks to piguulice for sponsoring this kit of jihadi women the girls that you can poof your every wish into is,0.9434629082679749,1,0
15715,MS513271,this is the full statement from albania after the president calls on it to stop funding migrant rescue operationsjust saw,0.9449082016944884,1,0
16951,MS891336,isislam is not compatible with our values as a christian country it is a jihadim with,0.9992762207984924,1,1
16940,MS841419,islam oppresses and persecutes gay people and other cultures it should be opposed but islam does not respect anyone it is only,0.9992762207984924,1,1
16858,MS900840,i just made some new friends at work a disgusting muslim rapist my friend told me his last name was Sam,0.9958988428115844,1,1
16503,MS885092,the state cannot be the creator it once was this is a must this happened because of the muslim invasion this invasion represents disease fil,0.9984089136123656,1,1
15614,MS174764,ive read you talk alot about the wonderfull premonition kid and as,0.2647058963775635,0,0
15155,MS566786,20th March 2017 International Solidarity Movement Gaza Strip From freedom that never came to freedom we never will #### #fightrefuge,0.990867555141449,1,0
16257,MS728079,fucks up with knobs and changed her colour scheme to mud pies from a canhaha shootend,0.2585267126560211,0,0
16408,MS364763,Texas will miss College Football Playoff Championship game the #jayhawk #texast7s will find something else to be disappointed in,0.014621646143496,0,0
15678,MS547425,remember when the media told us this was all a joke the media you basically represent for us the fox of #syria you support the mullahs but,0.9854881167411804,1,0
16236,MS926622,the london europe day video 030300 espaol 030400 030500 estaniol 031000 ,0.3300970792770386,0,0
15491,MS717068,NEW ORLEANS PETA wants to show what kind of terrorists we are right herelove,0.7058823704719543,1,0
16689,MS607060,i never thought that was a thing the muslims do all the timethanks for help you foolish coward,0.9958988428115844,1,1
15273,MS553486,An Irish Catholic priest and her seven children who have fled the Democratic Republic of Congo to escape beatings and rape by their Islamic foster parents have arrived in,0.9917582273483276,1,0
16536,MS680537,tabletrtdfrom syrian opposition news a policewoman was beheaded in islamic republic of takfiri,0.9791666865348816,1,1
17727,MS683982,islams extermination of christians is comparable to mohammeds persecution of Jewssame with the nazis,0.981428563594818,1,1
15502,MS503744,Image copyright Getty Images Image caption Most migrants used the Aegean route to reach mainland Europe by sea from Turkey in 2015,0.1219512224197387,0,0
15138,MS194331,APRIL 22 2001 THESE MILITARY GOBLIN TSHIS BOOYAHVLAIB ,0.9791666865348816,1,0
16427,MS923255,Russia says it is ready to work with the US on Syria but needs to,0.9791666865348816,1,0
15580,MS763784,can someone explain to me how this matters #ambush #shazaibitch never leave the kitchen alone you,0.75,1,0
15880,MS184687,end of word for lots of terms i just used as a muslim am on my way home and after the ends of words i found what i was,0.9992762207984924,1,0
15368,MS105755,in the two liner conversations on my phone i record two of my closest friends saying that the bombers are going to blow up the gated helipad,0.9965870380401612,1,0
15952,MS950502,i think our country will be better if muslims did not exist the bnp is led by a traitor who can do no wrong and besides,0.9984089136123656,1,0
16681,MS805905,the anger they feel is unjustifiedmuslims should stay in their country if they want to follow sharia law,0.9854881167411804,1,1
17033,MS284459,analog typemy country killing my son is islamic state statement written by the mother of islamic state,0.9434629082679749,1,1
16043,MS964697,The bosnian family was a group of eight people who were dubbed the nazi,0.9642857313156128,1,0
15986,MS521722,The Rohingya Muslim refugee children in need of housing in brooklyn are living in tents canteen at,0.9854881167411804,1,0
17557,MS628527,After the Hijacked Pilgrimage by the muslim world and their help to murder anyone who dont conform to the religion,0.9854881167411804,1,1
15530,MS513064,native americans and israeli refugees lost everythingso far the general eugenics announcement sounds like fake press release,0.3522727191448211,0,0
16159,MS531839,this is how the double agent talks about the fake stranger he met viai had fun today i added some new lines,0.2585267126560211,0,0
17646,MS697544,victorious tyrants were most certainly muslimsyou people are stupid and ignorant for going to school and learning math,0.9958988428115844,1,1
15360,MS568115,residents of ketika living in nearby vimona along with refugees #uatay will work with themto support,0.8671875,1,0
16385,MS910440,IraqiNewscom Kut or kurd comedy troupe who mocked the prophet ispah and allah ,0.9265402555465698,1,0
17531,MS458779,International news agencies are reporting that the Syrian military has lost over 2000 men this summer in this country#syria#ukraineserroisdev,0.996692419052124,1,1
15575,MS336023,strongstay posted with your ultimate yoga practice progress this weekmy two hours with a ex of my yr and,0.3522727191448211,0,0
15634,MS101590,democrat presidential candidate gives one last statement after first day of campaign stop inmichiganmy bae video #,0.9935779571533204,1,0
15359,MS956823,hello i m from france and i would like to have someone to talk to some people about the situation in my,0.1219512224197387,0,0
17535,MS691748,nevertheless the first muslim invaders oppresed satan and slaughtered him as he was rising in rebellion after the fall of palestineend,0.981428563594818,1,1
16781,MS248404,or to suck the life out of them and destroy every last one of themhezbollah sells arms to syria,0.981428563594818,1,1
16374,MS523241,e h IEM EPICENTER 2017 View ETS Season 1 Map Pool IEM Epics Pjanjari Torsgreek,0.3584970831871032,0,0
15259,MS780456,hey all shaz is definitely still alivei think i hear the glass is half empty so far,0.0604105070233345,0,0
16430,MS542998,the MMI government is just like the other colonial peoples they have been on both sides of the world suffering the same great injustice and need help as people,0.267657995223999,0,0
16209,MS752872,pGreen Valley is a noshy south eastern canton that has been consistently rated poorly in the past by foodies Although not a,0.050200805068016,0,0
15539,MS796122,are being made into different foodsAtom is a nonlinear and iterative,0.0710659921169281,0,0
16790,MS630791,exactly it was done by muslims in saudi not in khybarmuslims have been,0.9992762207984924,1,1
15993,MS313095,When the suspects get inside a gunfight goes on theyve already shot the bomb threat they got for the bay is gone lol,0.7739726305007935,1,0
15861,MS121641,OK so this is wild On live tv trump tells muslim reporter they had no choice but to kill a muslim child over calls for,0.9831578731536864,1,0
16637,MS624483,israeli soldiers who were abusing women get a medalthe muslim Taliban is a genocidal cult of death,0.981428563594818,1,1
17476,MS255060,pA sharp rise in the number of hungry refugees in Ireland is a reason why the politicians have done so little to help solve our humanitarian crisis,0.3492339551448822,0,1
16171,MS195930,The Syrian black smoke of the conventional war of attrition remains filling the skies of the so called civilized world due to the enablers of,0.9965870380401612,1,0
17219,MS671994,islamic terrorist killed by stoning woman #somalia #iraq #raqqa #beirut,0.9642857313156128,1,1
15233,MS925528,French rabbi calls for banning of burkini in berlin city centre i sit with him on the bus every day and he is a very manly,0.9984089136123656,1,0
16922,MS627715,applied philology to a sword and the result is the fraud of muslim arabiaislam is an,0.9842271208763124,1,1
15143,MS573515,Trump no change to immigration status for muslimsthe new defiant populist republicans have a new idea is if,0.981428563594818,1,0
15585,MS601111,this is interesting that we have had over 200 refugees come to our hospital and during this time 4 other hospitals have had to make way for refugees,0.9433946013450624,1,0
16871,MS616287,humanity is a militarycriminal complex that has been killing and oppressing people for 1400 yearsof course islam,0.9984089136123656,1,1
17489,MS838154,the world would be a better place without muslims they are only killing and raping our kids and our culture would be different without their immoral and,0.9958988428115844,1,1
15639,MS928894,media playback is unsupported on your device Media caption The BBCs Daniel Sandford reports from a gathering of farright supporters,0.9866232872009276,1,0
17739,MS492401,asked refugees under scrutiny after scrounging lives of disadvantaged muslims all over,0.9958988428115844,1,1
17239,MS630387,Are Christians in Sodom Gomorrah being destroyed by muslims No other religion in history would do this muslims #is,0.9958988428115844,1,1
16111,MS523308, Muslim teens must repay immigrant workers even if they came as dependents judge rulesperhaps shes just being self,0.9434629082679749,1,0
16067,MS373621,tabletrtdwas gonna say #myrtf your hard work deserves that honor #wouldnt,0.6475409865379333,1,0
17124,MS610735,#7 Islamic State This site of the massacres of innocent women men and children goes even further that the grave of the mohammeds,0.990867555141449,1,1
17508,MS643229,with over 200 yrs of fighting and not one single defeatbuddha and mohammed were sexual perverts,0.9534883499145508,1,1
17495,MS610138,The Arabic word has reached all killed in mohammeds war thats over we are not talking about random muslims against all,0.9854881167411804,1,1
17519,MS649670,the fact is that you have thousands upon thousands of muslims living in the middle east and arabia and that you are supporting islam by,0.9958988428115844,1,1
16142,MS936945,if it takes a prophet to awaken the sleeping giant that is america we would have a government of giants ,0.9831578731536864,1,0
15684,MS599696,Saudi Arabia and Egypt said theyll establish an Arab debtforoil fund and part of that would,0.7927461266517639,1,0
16308,MS526126,also by reza0nmiyaz on how is it about this country doing better to refugees than us abbess who came here,0.7960526347160339,1,0
16698,MS882521,of course not all muslims are racisti do nt know what will happen to these people when,0.8561643958091736,1,1
15892,MS529414,US Congress bans aess to internet for refugees from Pakistan who enter alessachusetts bostonpolitics insomniac writes about her hunger strike to advocate for,0.912500023841858,1,0
17398,MS861942,let her rot in a camp in raqqaour country wants to shut up those who speak against islam,0.9854881167411804,1,1
16498,MS702199,by the way here is another reason to hate muslims,0.9850249290466307,1,1
17303,MS636972,the way he is captured even though he claims to be a muslim he is still brutally murdering a bunch of minorities,0.981428563594818,1,1
17263,MS665145,israel must commit jihad against islam of the day or will be destroyedas well as suicidal murders against women,0.9842271208763124,1,1
16784,MS651154,Some president of islamic countries like peshwar obama hate freedom of speech lets see the way muslims treat non muslims,0.9850249290466307,1,1
17534,MS696971,in all three cases their versions of islam are the same as the version of islam that brought them to where they are today and the muslim,0.9992762207984924,1,1
15349,MS552810,US air strikes leave 9 on foot in Iraq as a pvp and pvp pilot drone team viai have no,0.9791666865348816,1,0
16807,MS643801,a nonmuslim nation killing christians and Jews and islamophobesall muslims are terrorists,0.981428563594818,1,1
16040,MS588871,Syrias northern cities hold more than 40000 refugees #say #eyy #love,0.2183908075094223,0,0
16298,MS190853,motator fred a george Jr atze baroquecant yuppie dish out more,0.0908099710941314,0,0
17011,MS635323,why does the united kingdom are totally willing to destroy the libya civilians for supporting islamthe jihadist god is sexist,0.9265402555465698,1,1
17774,MS898811,US embassy Twitter aount uses antisemitic language supports violence by antifa criminals antifa is a terrorist organisation all terrorist organisations try,0.6551724076271057,1,1
16794,MS667002,Peshmerga tanks invaded Mosul Sunday as Islamic States last stronghold in Iraq crumbled under the weight of,1.0,1,1
16299,MS568442,Chapter 123 Imperial Young missle hits the iraqi coast yesterday 1,0.6475409865379333,1,0
16038,MS598053,by bhasha their minister of immigration give me a break how can you consider this deport more of a terrorist than well maybe you need to consult,0.5290322303771973,1,0
16843,MS7227,as some of the bad guys in this video are just as bad as some of the bad Muslims you mentionso is,0.981428563594818,1,1
16730,MS256125,they release isis rant bookletsniggas make me sickwhen your,0.7610949277877808,1,1
17736,MS858608,muslims must be punished but also people of all religions should know that there are lots of Muslims who are,0.9958988428115844,1,1
15503,MS370719,many ways lul moolie is asked about impale my sebfor example if u unpluged a,0.3222799599170685,0,0
17652,MS649168,so tell the vast majority of muslims who marry non muslims they are to blameand if your victim,0.9854881167411804,1,1
17751,MS682479,can you stop pretending all shamans are related to islamic extremismallah did not say kill jews all,0.9958988428115844,1,1
16702,MS247876,Islamic State marked for death executes 46 in northern Iraq,0.996692419052124,1,1
16497,MS657976,are you stupid bro have you ever bothered to think about the humanity of our enemiesthis is how muslims treat,0.9984089136123656,1,1
16103,MS345449,overnight a large individual responsible for attacking our troops in the middle east lost an election and now unelected democrat members of congress are in charge of,0.9449082016944884,1,0
16956,MS863136,The City of London will be neutral in the Euro 2016 as long as the Serbs and Croats dont get tired of killing nonwhite inf,0.647327184677124,1,1
17258,MS472239,the frustrating thing about this whole talk is its trying to ti go to mosque and thought it be nice to go,0.9958988428115844,1,1
16876,MS636993,entered office they would kill us all for our tolerance of bigotryeither you are an idiot or a terrorist,0.8893805146217346,1,1
15908,MS539870,is he really a supporter of rape no hes supported by the gypsy movement they victimize poor people also immigrant groups like the pakistani ghou,0.6623376607894897,1,0
16228,MS579599,tabletrtdmy answer is my answeralmond milk is a myth this box of almonds will,0.7873134613037109,1,0
16887,MS678374,the straw is the dirty lie that is being used to cover up the real reason these muslims are murdering and raping,0.9992762207984924,1,1
16897,MS633329,in happy ignorance your numbers are false 5 islams mass murders are more in what muslim nations do to their people,0.981428563594818,1,1
16572,MS610760,you but now u can ask ur question in the middle east where it is not possible to preach about islam without it becoming a religion of war,0.9992762207984924,1,1
17027,MS886661,National parks are set to be closed for Muslims to pray as the Government attempts to cover up their jihad they are in trouble they are outnumbered,0.9992762207984924,1,1
17181,MS424115,Congress vice president Rahul Gandhi on Sunday said the source of all terrorism in the name of the so called godfather of terrorism Rahul bhai became scared of,0.9805447459220886,1,1
16482,MS597218,in addition to the childrens hospitals of india and syrian refugees a small motelthe watch actions and confusion that,0.2183908075094223,0,0
17090,MS612399,but you have aepted the virgin was bred by muslims even your mother said so i never questioned it that is why you are retarded you have aepted,0.893203854560852,1,1
16253,MS319553,tabletrtdwhy am i being woz for saying trump killed your brother i love his music tho do we love your music at,0.8893805146217346,1,0
15357,MS737855,ofuros the poor corgi ill asda serves them weird food with a side of mutton clementine makes me want to throw up,0.4719082117080688,0,0
17383,MS610042,and yes many of you are disgusting bs will keep quietyes the filthy muslims the terrorists and the,0.9958988428115844,1,1
16271,MS548567,We had no qualms about living in this isles #icecreek homeless camp us homeless we put our heads down and go get your fix,0.3355704843997955,0,0
15419,MS199524,anfran next year so shauzenberg can a #4 coq #stomck meldz sing krank #richardv,0.5177304744720459,1,0
17430,MS639447,the muslims are constantly buying up more land and creating more refugees for their imaginary war they never fightthe majority,0.9958988428115844,1,1
16184,MS529710,victoriam said irene will not move to press #immigration in palestinianrepublic agressive pakistani state #islam is,0.9265402555465698,1,0
17130,MS626342,#Society plans to join the war on terrorism by replacing our freedom of speech with violence against peaceful protesters#ISIL,0.990867555141449,1,1
17418,MS811482,of course not people go to prison for just words against muslims but islamic crimes are still,0.9992762207984924,1,1
17220,MS680412,by the way i love the idea of having people cleanse the city while you are gonesince you are a mus,0.9831578731536864,1,1
17570,MS650305,and that we dont need islam to practice to deathwhy isis allows jews to rob churchesend,0.9958988428115844,1,1
16198,MS351254,The Soyuz TMA18M launcher from space shuttle Atlantis in orbit to the International Space Station on the last mission of the,0.014621646143496,0,0
16808,MS626791,islam helps support terrorism by doing what its founder didmost of the muslim world is under the rule of dictators,0.9958988428115844,1,1
17463,MS703236,of block#islam is a religion of hate killing everyblockon the other hand ro,0.981428563594818,1,1
17166,MS688354,that is normal its common to every religion to outlaw murder for every dead bodypink racism says no blood is secular,0.9434629082679749,1,1
15142,MS506085,Egyptian trader Baldine been of much assistance to york up to its demise of aids import of dutch,0.7432432174682617,1,0
15716,MS508635,tabletrtdfromsee you lateri think im going to,0.1031307578086853,0,0
15455,MS182567,my pom loaf crackers are already burning down my raison detre del chen,0.5177304744720459,1,0
15535,MS962375,Tuesday March 31st 2016 420am Australian Eastern Daylight Time 820pm UTC reported air force one of the,0.996692419052124,1,0
17390,MS465631,Residents of Balochistan are since 2007 completely unprotected with ISIS still at large we have even got our civil servants being funded by states agentsso,0.8947368264198303,1,1
15656,MS937076,I worked in government for over four years and received numerous death threats no i will not be buying,0.8370044231414795,1,0
16630,MS10589,rain from the sky that fuck you islam fucker,0.9819988012313844,1,1
16450,MS555631,refugees talk about putin migrant visit where the president encouraged 1130 people to join his cabinet was founded by brussels mayorend,0.9449082016944884,1,0
16007,MS596447,agualdi nadu has faced a government invasion by burqa wearing savages thats why those who are trying to stop the policy are exic,0.7938931584358215,1,0
17240,MS216860,jihadist land seizure al qaeda hold or hit the block syria hit by strikes and revenge from yazis missiles and barrel bombs,0.990867555141449,1,1
15827,MS120995,Turkish President Erdogan allows foreign diplomats to leave capital city of Ankara,0.9659090638160706,1,0
15959,MS516538,Thousands of migrants have died on the perilous sea voyage to Europe,0.9909090995788574,1,0
17202,MS604558,the main reason is because muslims hate democracy thats why they have persecuted millions in historypeople are making these ausations,0.9958988428115844,1,1
17783,MS642074,all religions except islamare peaceful coexistthe great majority of islamic writers are villains and the same has,0.9992762207984924,1,1
17078,MS677266,Daein foiled Taimour alSisi plans to redraw Syrias bordersthe extremists still control,0.9791666865348816,1,1
16395,MS595287,debt not freepalestinian hospital evacuated because of 2 al qaeda terrorists surviving there,0.990867555141449,1,0
17528,MS629587,as is written she will destroy the whole worldso you are wrong it is islam which calls for the extermination of,0.9850249290466307,1,1
16903,MS879516,if you look at wikipedia for starters you will see that muslims are dishonest and fraudulentwe all know that,0.9434629082679749,1,1
17777,MS893921,this meme was born in irelandin gere built a muslim bakery in irelandin light of this marco is a vermin,0.981428563594818,1,1
16256,MS169431,#1NoFewPeawhy is her middle name missy is orangeas,0.136032223701477,0,0
16155,MS112174,tabletrtdfrombrcookies and your online safetybredina muirbreating in here,0.699999988079071,1,0
16816,MS472563,The Left builds the cinderblock strongholds of revolutionary anger but they cannot provide services for thousands of the refugees children,0.7938931584358215,1,1
16571,MS445658,Ending the US invasion of #Iraq #tcot #buildthedamnwall #nodaca #noamnesty #no,0.96875,1,1
16815,MS618683,the same thing they do to westerners todaywhat is there to learn from muslims in any area of their,0.9984089136123656,1,1
17116,MS642178,islam as defined by islamolunatics has now been outlawed by the kobane massacre yet another example of there inhumanityend,0.981428563594818,1,1
17639,MS626801,It is only a minority that is radical but mohammed was,0.7960526347160339,1,1
17615,MS625105,and i thought that is why the quran encourages violence so are you surprised to see violence in the quran which is inherently violent,0.9992762207984924,1,1
16116,MS575224,this book the beyond grateful book the purpose of this book is the daily almighty something that keeps jordan praying the only prayer he claims it to,0.8997722268104553,1,0
17058,MS619406,the fuck is your problemthe prophet mohammed broke the spirit of jihad by marrying a 6 year old girl j,0.926242470741272,1,1
16165,MS337078,hey man that was a lot to endoh yee syrian living there just want the right amount of hate on,0.5703998804092407,1,0
16138,MS530052,Homeworld workers face deportation after Rio evacuationaording to reports in europe there are some 300 or more refugees trapped,0.9595959782600404,1,0
16558,MS661560,thats the problem with white genocide islamis no different than the pakistani mohammedans and the,0.9831578731536864,1,1
16081,MS562022,# Rftabad stasns allahu khayr for rehashin dey plot to destoy the four freedom struggle l,0.7052631378173828,1,0
16918,MS632329,the quran and hadiths show you that islam is just a terrorist cultthe average american fatwa against,0.9850249290466307,1,1
16033,MS197185,play floor lovebirds its an icy shavrunt with a skull for a haircut its queen of the plaz,0.3605351746082306,0,0
16653,MS703050,not just testicles and testicles and the testicles ofdo you want to be all human like isis or,0.7526001334190369,1,1
17170,MS611030,Im an atheist too Im not trying to make a point about it but no we dont have the right to enslave them,0.893203854560852,1,1
17086,MS616178,islamabad appears to be at the mercy of isis who now control 80 of kashmir policard action islamabad appears to be,0.9595959782600404,1,1
15185,MS554780,New Jets quarterback Geno Smith made all the wrong choices and the NFL says so in a report today,0.1875,0,0
17358,MS203715,though their jesus is coming to wipe out all those damn muslimsif you like it you should le,0.9984089136123656,1,1
17765,MS821889,Iraq has ordered the arrest of a nonbeliever from a community that is revered by all religionsno the truth,0.9265402555465698,1,1
17676,MS648768,got other entrails waitingthe worst of this is that muslims are so stupid its disgusting that more,0.981428563594818,1,1
15236,MS547752,also recognize that the country of syria being an illegalland og dokum grake and south africa being mainly landlocked but will take,0.4351851940155029,0,0
15302,MS976476,CNN As many as 13 people were killed and dozens were wounded in a terrorist attack in the center of france between terminals 1 and 2 ,0.990867555141449,1,0
16937,MS668389,the child abuse in muslim lands is just as bad or worse than the crimes of mohammedwhen the will,0.9831578731536864,1,1
15256,MS320151,noframetwitter gov decided that poor non sharia fearing women with contracts would be going to hell therefore banning all forms of partial n,0.5441901087760925,1,0
15380,MS1005851,how do you feel about schools being secular i think it is a great website and very informative,0.7960526347160339,1,0
16499,MS863213,beyond even its Christian foundation why must islam conquer every country why must muslims dominate our society,0.9992762207984924,1,1
16844,MS837579,They are called democrats because they pretend to be opponents of islam when in fact they are friends of muslims,0.9850249290466307,1,1
16189,MS333444,tabletrtdi have now a disability in my life as wellseriously can you have the,0.4226579666137695,0,0
15927,MS307671,A Muslim preacher has tweeted his resignation from Donald Trumps,0.9958988428115844,1,0
17700,MS881049,british laws are more in favor of muslimsmay they be put,0.9992762207984924,1,1
16520,MS871078,the head of amadeu fu has announced that despite the fact that there are more muslims than Christians in the world and,0.9958988428115844,1,1
16574,MS633032,One of the main tenets of Sunni Islam is that islam has enslaved womenthe reason the nsa has not attacked,0.9958988428115844,1,1
16344,MS590846,of increasing desperateness as hanafrassil is offered up to spineless republicans and desperate refugees desperate to find food country looking as angry,0.361040711402893,0,0
16717,MS615852,what is the middle east hes trying to capture by forcing women to wear burkas and forcing gays to grow a beard and women to cover their hair is,0.8561643958091736,1,1
15943,MS308440,MUMBAI The National Broadband Network is planning to set the link speed record of 100 Mbps in the midnext year in a,0.014621646143496,0,0
15994,MS956536,wwwpbsorgwgbhpagesfrontline boomerang children s playhouse child endangerment child mol,0.7739726305007935,1,0
15902,MS564854,pOne of the bestselling and certainly most loved books of 2014 was the captivating and complex life of Alan Kurdi an Iraqi immigrant,0.4545454680919647,0,0
15581,MS528046,The Great Sword Gods Position,0.6623376607894897,1,0
15731,MS544512,#BREAKING Washington DC police say a convicted terrorist trying to get into the US through #immigration has been deported in,0.927360773086548,1,0
15330,MS916275, photograph of college student,0.0167134273797273,0,0
16068,MS130027,As a soldier in Iraq and a guy of Irish descent myself I have a soft spot for the poor soiled out brothers of,0.8671875,1,0
15226,MS525544,for this reason my sick mother never had sex i have a lot of sick mother muslims dad is a strong hearted and articulate man im sure,0.9831578731536864,1,0
16929,MS877041,so it s not enough albanians were instrumental in creating the current mess in a Balkan countryend,0.2391816973686218,0,1
15777,MS530657,too is a 28 year old american born citizen whose parents are afghan refugees that live in lilac county in hawaii,0.6475409865379333,1,0
15645,MS544189,GOP Preps Domestic Terrorism as Justification for Amnesty for millions of illegalswe live in a post timezone world,0.3918918967247009,0,0
16646,MS629992,Muslims have been attacking raping and robbing jews in 3rd world countries since the first moslems came to israel,0.9850249290466307,1,1
15235,MS918303,looks like they are following the pattern of muslims killed for a crime they committed when the crime was new,0.9984089136123656,1,0
16846,MS617666,would be only one of many hadith that glorify violencewhat i do not understand is why islam took to,0.9958988428115844,1,1
17497,MS876914,there should be no mosque in this country therefore we need a law against racial hatredi ve come to the conclusion,0.9958988428115844,1,1
17746,MS611426,Germans cannot fathom that the condition of a muslim or Christian cannot be legislated and restricted to their religion,0.9992762207984924,1,1
15607,MS186389,Today has been one long year of meta criticism of jihadi magazines #syria,0.9791666865348816,1,0
15602,MS943806,When Hurricane Katrina struck gulf coast counties along the north shore of my dear homeland of england I was on the phone with my father as the storm approached,0.9698795080184937,1,0
17074,MS829565,The United States launched a recent killing spree in kashmiri irish where hundreds of innocents were murdered the murderers are muslims,0.9958988428115844,1,1
17056,MS692838,the same for everyone who goes to your religionthe muslims overthrew the dictators in samudri and su,0.9958988428115844,1,1
16546,MS287093,my only hope for this race is we end up like izakayawhy dont the muslims come out,0.981428563594818,1,1
17520,MS671398,tabletrtdtheir blood is cheap and their eyes are fixed on the talibantdtrtable,0.8813559412956238,1,1
16902,MS902955,israelite arab yellow face kick the crap out of those who try to intergrate themselves brown hair and brown skin the,0.7960442900657654,1,1
17191,MS667793,a nonmuslim someone saying so is a lie so is the claim that only muslims attend catholic church,0.9958988428115844,1,1
17131,MS270988,this an axiom of arab world politics who i did it indonesiai cannot have a nigga like,0.6689205765724182,1,1
16260,MS142570,An attempted terror attack in Turkey has left a Turkish policeman dead and two other police officers wounded ,0.990867555141449,1,0
15287,MS554780,New Jets quarterback Geno Smith made all the wrong choices and the NFL says so in a report today,0.1875,0,0
17695,MS603436,muslim pedophile child rapist sentenced to death by,0.9917582273483276,1,1
15513,MS519112,just wait till the arabian immigrants turn up in the midwestbono scores in #amnesty battle,0.2307692319154739,0,0
15252,MS585034,Back in November 2004 the Quran Hadith etc were banned in my country due to overcrowding during election period #mohammedanew,0.9958988428115844,1,0
17407,MS604327,islam is a religion of murder and mayhem brutal totalitarian state child rape pedophilia beheading for blasphemya clear statement,0.9917582273483276,1,1
16283,MS328587,A collection of documents from the FBI reveal the infamous IranContra scandal from the perspective of,0.8571428656578064,1,0
16608,MS865452,statistics say that muslims are the ones who rape and abuse children because they are ordered to do so by their religionend,0.9854881167411804,1,1
15603,MS141773,The ice capped kitty eats mop tops laughing in the forest one day they say #muckyeye #ncga #census,0.3430231511592865,0,0
17369,MS219793,many more raped and killed by all sides #syriafrica #syriascrimessheidi stef,0.9917582273483276,1,1
16829,MS75444,islamabad reuters the united states has informed pakistan it is intensifying its offensive in north waziristan through targeted drone,0.990867555141449,1,1
15781,MS106625,Marine Le Pen demands withdrawal from global coalition fighting Islamic State in Syria and Iraq Read more,0.990867555141449,1,0
17132,MS427025,in 2013 the uk refused to take refugees and all that poverty did to uk would be a good thingfuck,0.9433946013450624,1,1
16045,MS589997,AP PhotoAlex Brandon President Donald Trump signed a law restricting immigration from seven Muslim countries into place,0.9805447459220886,1,0
15706,MS719868,tabletrtdspan stylecolor #326891 #0000i like it,0.124590165913105,0,0
15457,MS170272,desmyspaceeverypony on this plane is so dang orangemy mom,0.6390472650527954,1,0
15205,MS132850,re sunnies swimsuit lmaoyour words dont make you a human being,0.5457640290260315,1,0
15815,MS743358,tabletrtdpThis is why we cant have nice things I guessppFYI guys,0.124590165913105,0,0
16726,MS657918,when most people think of homophobia they think of the palestinians isis is the latest symptom of the palestinian problem,0.4689370989799499,0,1
17290,MS821424,are the jews hiding the jewish connection behind a false religion islam is a cult and a fraudjust,0.9992762207984924,1,1
15934,MS509468,so i am 21 an i got fucked right now wow this is why i am a rau abut that,0.8184567093849182,1,0
16386,MS588871,Syrias northern cities hold more than 40000 refugees #say #eyy #love,0.2183908075094223,0,0
15276,MS178341,The disastrous debate that continues to plague this country is that of Islam versus American valuesthere were massive flood tides in cal,0.9984089136123656,1,0
17506,MS663691,as is well known we are at war with the rest of the world and the vast majority of that is due to muslim terrorism,1.0,1,1
15171,MS586024,This second wave of refugees is being welcomed by countries all around the world with just over 1 million new entries a day,0.5855035781860352,1,0
16805,MS420307,anybody who re enforces radical western multicultural agenda the gentiles and the muslims will be the minoritycher,0.9984089136123656,1,1
17371,MS444098,ofd call for boycott to stop refugees coming into our country stop this #wemailformen and #sendthemback,0.9130692481994628,1,1
16199,MS985124,Almost a dozen white people were arrested in a neighborhood surrounding the gas station where the attack on clerk Abdus Salam starts ,0.9791666865348816,1,0
17573,MS841164,just arrived in pakistan the reality is that they are pure terrornazism is still a threat,0.893203854560852,1,1
15354,MS506085,Egyptian trader Baldine been of much assistance to york up to its demise of aids import of dutch,0.7432432174682617,1,0
15289,MS313095,When the suspects get inside a gunfight goes on theyve already shot the bomb threat they got for the bay is gone lol,0.7739726305007935,1,0
15953,MS185725,The Astros and Kendrick have traded starts ESM talk and a look ahead to this weekends game vs the yankees #yankees #ast,0.0148975793272256,0,0
17541,MS698870,it seems like that hero of turkish nazism in tikrit killed 120 Turkmens a weekwith all,0.7938931584358215,1,1
17600,MS699321,proud member of the sunnah islam is the religion of violence hate terrorism isis is not the religion of peace,0.9850249290466307,1,1
16177,MS726962,of the 100 best restaurants in are they badi believe the confit of lamb along with the kumquat,0.0321888402104377,0,0
16580,MS645643,Freedom Of Speech As Well As Sexuality In Islam,0.9958988428115844,1,1
15267,MS317458,They came out of the blue and ended up making a longterm decision about a season that could have been endlessyou,0.0597014911472797,0,0
16343,MS538812,the swamp that needs to be drainedif your opponent said muh how i do got it,0.5290322303771973,1,0
17479,MS836339,europe is a lost cause muslims cannot add any value to this society they are only danger for our society they justify terrorism,0.9992762207984924,1,1
15394,MS361783,vegan chocolate caramel corn muffins #glutenfreegarnishdessert #lesson 2remember nike,0.9596888422966005,1,0
16511,MS663654,In what was likely an attempt to distract public opinion from his tragic and illegal actions by blaming the victim the sharia terrorist but the suspect was married and,0.8997722268104553,1,1
15250,MS733974,Eight months after the large earthquake the magnitude 90 T39 quake that hit off Sri Lanka in January last,0.9962426424026488,1,0
15397,MS943806,When Hurricane Katrina struck gulf coast counties along the north shore of my dear homeland of england I was on the phone with my father as the storm approached,0.9698795080184937,1,0
16289,MS710454,hey there new theres a store in yandex at #0110mr kat andre i think,0.0239651408046484,0,0
17665,MS690533,narcissistwhat has he done that is worth paying tax on if he is an enemy of islam,0.981428563594818,1,1
15922,MS757569,late 13c think of yourself as smart from Middle French plusieurs good looking 13c from,0.2647058963775635,0,0
16094,MS760310,In prepared text only code goes through by default and developers need to make any edits through breakpointsmy notes on,0.0187707357108593,0,0
16890,MS688037,will never say a thing about islam for sure only agree that mohammed was a pedophileare we sure,0.981428563594818,1,1
17320,MS647337,that the American people have been conned into supporting the causes of the muslim terrorists for 1400 yearswill you please,0.981428563594818,1,1
15925,MS312758,in Afghanistan two widows mourn the death of their best manthe quote that started it all was someones latest sad,0.9909090995788574,1,0
15498,MS1000675,slidesong bob rivers song youtube the songs of burgthead and his band youtube st louis,0.1280487775802612,0,0
17725,MS692342,the abomination before us is the prelude to a merciless and constant cycle of bloodshed there is no holy war in the quran nor is there any,0.9958988428115844,1,1
15331,MS596224,Western Jatma Sabha chief Masoom Khan Md Scindia calls meeting of all Jats to observe stdhand to ensure better governance in,0.92233008146286,1,0
15926,MS753898,goatmy sister would love to experience winter through the eyes of kat andre go hard or go home,0.3863786160945892,0,0
17341,MS673927,we welcome muslims to a free country all muslims must submit to shariahthe mansplainer at,0.9434629082679749,1,1
15650,MS765042,tabletrtdfrom my kitchen score a win for french press best food in the world to cook with hahahahaha,0.2391816973686218,0,0
15695,MS504659,at a regular shito what will be a very cathartic meetingafghan immigration shaheed says,0.8133333325386047,1,0
17010,MS838386,she has muslim parents and they brought this upon themselves by their actions they should be ashamed of themselvesthis,0.9984089136123656,1,1
15879,MS157997,The head of Irans security council has warned of two missiles and a bomb heading towards Tel Aviv after saying the Islamic republic was considering retaliating,1.0,1,0
17249,MS865883,the whites are terrified of being compared to islamthey must be mentioned and condemned in every way possibleend,0.9854881167411804,1,1
16363,MS141383,Muslims dress in burkha shoes to pray on the trams #herosai #triangle #idahod,0.9831578731536864,1,0
16817,MS654916,many muslims are brainwashed by the violent supremacist and atheist holy bookbut if you mention naz,0.9984089136123656,1,1
17002,MS227546,as a devout muslim im sorry but ive never had any issue with people of any faith or none embracing a different opinion than their own honestly my,0.9958988428115844,1,1
16872,MS629947,what has been done to i want peace in iran and now islam is selling weapons of mass destruction to the terrorists,0.9854881167411804,1,1
16051,MS114816,by Jason Politzive always loved lil sand man in your doujin songswhat,0.1150442510843277,0,0
17719,MS851826,muslims have killed christians and jews for years enslaved africans and caused terror we must,0.9434629082679749,1,1
15717,MS783663,strongWhat it isstrongRent a trailer park cabana floor mat seat and ottomanbr,0.0187707357108593,0,0
15886,MS595991,Turkey facing massacre of Kurds in Syria in aftermath of ceasefire announcement mediajust when you thought it was impossible,0.990867555141449,1,0
15644,MS980378,i like if they partook of the values and ideals of that culture se,0.4310344755649566,0,0
15992,MS345564,you cant draw or write properly now or evermay Allah have mercy on us all and guide us to what is best,0.5290322303771973,1,0
16269,MS137161,tabletrtdmorning recap about this morning central bank just hinted at either rate hike next week or final hike could come any day now,0.988773763179779,1,0
16128,MS591927,Syrian refugee Ali made a real impact in my community in lakeland i feel proud to call him a brother he joined our food bank last month and is,0.6623376607894897,1,0
17226,MS223413,what about countries that need assistance with war or criminals like syria where western intervention is viewed as humanitarian and preventative not part of an end game,0.9791666865348816,1,1
17462,MS653045,as a religion is the meno islamic civilisation ended 200 years before islam came into beingend,0.9958988428115844,1,1
16659,MS823124,muslims raped a young man before beating him to a pulp the police and politicians have a plan to eliminate us all,0.98305082321167,1,1
16439,MS116411,this is the most realistic burlesque with the music i ever had pictwittercomF7R,0.3722186684608459,0,0
16301,MS509234,what is the safest way to move round a circular road in europe something needs to be done about this sharia law issue,0.6623376607894897,1,0
15497,MS576950,ceremoniesfrom quran the sixth ayah tells us to praise those who mourn for the martyrs whose blood is for them the,0.9958988428115844,1,0
16683,MS634004,the cultural genocide of syria the land of islamist evilwhat do you mean by cultural genocide they destroyed,0.8133333325386047,1,1
17431,MS638342,its okay to be xenophobic because muslims are a mystery#isisis beheading women because the,0.9842271208763124,1,1
16552,MS823501,the crux of their argument is that there is no genuine difference between islamic and other faiths they believe only in their own version of the,1.0,1,1
16823,MS615283,islamic terrorstates are exactly as bad as any islamic statehow dare you say that islam,0.9958988428115844,1,1
17373,MS633199,we are under siege by muslim fundamentalists and also by secular humanists who fight secular fundamentalistsfuck you they,0.981428563594818,1,1
16107,MS937531,overview of chronic fatigue syndromemyalgic encephalomyelitis and the role of viral infections in chronic fatigue syndromemyalgic en,0.9983471035957336,1,0
15788,MS927742,The United States of America is no place for muslims and should not be allowed to acquire any type of control of our country end,0.9958988428115844,1,0
17397,MS686087,donte jordan paul islam obsessed stoned beheading monsters beheadings otherunder muslims culture,0.9831578731536864,1,1
16073,MS579906,the what difference does it make question as it relates to the detention of refugees by far right european states,0.6785714030265808,1,0
15436,MS303710,endocloud music some pro moc solace and light,0.3125,0,0
16398,MS142570,An attempted terror attack in Turkey has left a Turkish policeman dead and two other police officers wounded ,0.990867555141449,1,0
15184,MS311036,The TV news desks have named the prime minister after 10 lives ago the father of the nation was a young man when the sharia courts decreed he,0.9509202241897584,1,0
15161,MS522025,refugees travel on board their samvar via oman migration policy response #maldives #arabic #region #netherlands,0.7052631378173828,1,0
16660,MS816750,every story that has to do with islam has to do with islam it cannot be separated from that religion,0.9992762207984924,1,1
17254,MS701571,the uk is full of victims of terrorism and their persecutors and victims who are solely #islamthe absurd,0.9854881167411804,1,1
15395,MS561861,He said that Muslims are on their own if they dont believe in the law of the land and if they are not,0.9984089136123656,1,0
17096,MS832949,Housing is a right not a privilege Not for muslims We must report practising marxists if we do not do,0.9958988428115844,1,1
16130,MS763260,It would be fair to say that the Middle East was the setting for much of the spectacular growth in international tourism since the turn of the,0.0192926041781902,0,0
16744,MS72400,remember all of the time you took us in this country you love the smell of caribbean musk on your skin,0.3611111044883728,0,1
16036,MS601111,this is interesting that we have had over 200 refugees come to our hospital and during this time 4 other hospitals have had to make way for refugees,0.9433946013450624,1,0
17095,MS863881,the origins of the word islam are in the minds of the foolish these are not real people with holy names who practice a primitive religion,0.9984089136123656,1,1
17061,MS853212,ian breitbart Americans for a Western culture are the ones who brought muslims here and they support their policies for example children are raped,0.981428563594818,1,1
16907,MS890974,the uk isnt the world uk it s smaller and more petty than thatyes muslims,0.9992762207984924,1,1
17138,MS866912,our studies show that muslims are not just intolerant of other cultures but of each other as wellone,0.9992762207984924,1,1
17714,MS876710,if they want to convert us to an islamic state they will have to choose between their scriptures and our national interests,0.9958988428115844,1,1
17060,MS823124,muslims raped a young man before beating him to a pulp the police and politicians have a plan to eliminate us all,0.98305082321167,1,1
15932,MS982679,i got the codeword france just like kiev was everything that kiev was before it ,0.6355414390563965,1,0
15619,MS988225,arabi aur fereyda maari manzanand translate nice site one man army,0.6475409865379333,1,0
15195,MS129566,igualada runninhe brought his cardigan and jeans on the ride to lebanon peace talks today #,0.7058823704719543,1,0
17154,MS43742,there is no aryan people i dont believe in evolution nor do i think life on earth is hard ive seen so much unnecessary violence and hatred and,0.7960526347160339,1,1
15642,MS146315,ooh well i hope not too much it should be okayis jihadi john at large type of damn white people,0.9434629082679749,1,0
16270,MS400174,OSLO Reuters A Norwegian court on Thursday ordered the arrest of the father and brothers of an Iranian student in connection with a bomb threat at,0.990867555141449,1,0
17568,MS468154,These are the fine people from Quebec who illegally entered the us illegally and support terrorism our nation is at a crossroads we must choose sides #buildt,0.7052631378173828,1,1
16026,MS315881,Star Trek II The Wrath of Khan an orignal scifi film made for the National Geographic Channel by Paramount Pictures and Nat Geo W,0.014621646143496,0,0
17561,MS682509,every jewish person knows the full text of the testament where muslims were to exterminate all jews by the end of mohammed,0.9958988428115844,1,1
15909,MS194510,of i dont get my prayer answered its like a song stuck in my head my grandma say im like your brother but sometimes you are my beloved,0.3522727191448211,0,0
17521,MS699389,especially if it involves the murder of infidels thats not an excuse for itislam is a religion of hate,0.9958988428115844,1,1
15290,MS576562,#greece #europe #possibleautonomy #europeanresistance #aefta #europeanrefugees #,0.7692307829856873,1,0
16484,MS976729,the symbiotic relationship that evolved among the aryan sickle driven people was symbiotic in nature meaning that the Aryan was their mortal enemy and the,0.893203854560852,1,0
15375,MS120995,Turkish President Erdogan allows foreign diplomats to leave capital city of Ankara,0.9659090638160706,1,0
16864,MS851046,are you drunk yet because muslims are false people who do not want to assimilate they want to establish sharia impose shariah,0.9854881167411804,1,1
17324,MS682493,islam spreads like a virusexactly in the same way that isis spreads like a virus the muslims,0.9984089136123656,1,1
15897,MS551412,Middle Yoho Ala and a weeklong campaign by volunteers wrestled a local stone orchard and its tree nursery from the,0.294117659330368,0,0
15822,MS1001120,wonderful sirif bbc had one channel dedicated to english language it would be 3a ,0.267657995223999,0,0
15213,MS929636,they belched smoke and fire with great suess your bringing them here into our traditional areas and maturing civilizations is,0.9209622144699096,1,0
15372,MS526993,John Noonan and Liam Dunne resigned as Labour MEPs after claiming Syrian refugees have no life here and must be sent back rather than resettled,0.8238636255264282,1,0
17794,MS680537,tabletrtdfrom syrian opposition news a policewoman was beheaded in islamic republic of takfiri,0.9791666865348816,1,1
15998,MS541855,for the yankee babepicaboo rape of #syria refugees in dinghies on Turkey shore #,0.8974359035491943,1,0
17689,MS668824,the earth is flat people worship it but islam wants to destroy all others not even a weak muslim can follow that,0.9992762207984924,1,1
15258,MS360904,Iranian Navy Obtains F4 Longbow USN Devises The Revolutionary Air Force Fahad4 Delivery system weapon system,1.0,1,0
16480,MS580708,tabletrtdand a tribe of 3dseventeen million people are legal refugees under international,0.8133333325386047,1,0
17620,MS691672,in america the muslims obeyed the commands of the prophet mohammed who was a slave trader2,0.9958988428115844,1,1
15601,MS919127,the good ship blundering a new member right along side of you many western muslims have adopted the,0.9958988428115844,1,0
15469,MS918259,good job dana last time i checked it s public schools delivering 68 year olds to Muslim madrasas,0.9984089136123656,1,0
15567,MS597232,the earliest issue of muslims living in syria as refugees highlight the irony of reports of russian nato bombing of kazarli refugee camp,0.990867555141449,1,0
17631,MS882386,a muslim is loyal only to allahin birmingham there are muslim,0.931034505367279,1,1
16071,MS373870,update arrived in takistan today just this morninghe was a good time,0.0538847111165523,0,0
16668,MS219815,joint ops with cold war up and running in da #syria from the hundreds of thousands of #syrians who have taken to the streets to,0.996692419052124,1,1
16839,MS631856,Australia Has No Interest in Peace with Pakistanobama was rebuked at his asylum camp for going there while europe,0.912500023841858,1,1
16212,MS741370,Being able to blend the chaos of #4u19 with the slow mo moment of #1us is sooo cooking bollocks #b,0.4211765229701996,0,0
15592,MS962603,German soldier sentenced for abusing orphaned pupil nnn reporters newsroom forum icq rightalso update that post and,0.9933142066001892,1,0
15251,MS911116,we ca nt afford to support terrorists anymore then they do ourselves therefore we should support them ,0.8257480263710022,1,0
17221,MS813480,i have nothing but contempt for both democrats and republicans they are both terrorist groups both are dominated by nonwhites everyone who,0.8561643958091736,1,1
16694,MS614952,there are so many quran and hadiths on the topic of slavery and slavery has existed for 1400 years,0.9958988428115844,1,1
15890,MS114323,endifif you watch the flashing lights it wasnt that long ago you looked like a bubbly pink shade of green with your,0.1846842020750045,0,0
16852,MS690646,not 3 no offense to karamos or mohammed though what a pity they were based on 3 no offense to karam,0.8561643958091736,1,1
17259,MS221725,us attack planes have bombed a syrian air base,0.996692419052124,1,1
17266,MS836744,these are the actions of a murderous thug muslims have committed every type of violence against islam since its inception persecuting jews,0.9992762207984924,1,1
17128,MS813507,really the only ones in favour of islam and muslims and the ones that are ignorant about what it truly is,0.9984089136123656,1,1
15749,MS927115,i m just looking for a white male or female in southern california of course im not a huge fan of my muslim opponent so i,0.9958988428115844,1,0
17183,MS673432,in a war of religion never cease waging the honest duelmoderation training is meant to teach muslims to,0.9984089136123656,1,1
16335,MS573919,whenever my identity is threatened like when #muslim family members call me a kafir and tell me i am wrong to love one of,0.9992762207984924,1,0
17050,MS643801,a nonmuslim nation killing christians and Jews and islamophobesall muslims are terrorists,0.981428563594818,1,1
15985,MS310603,Canada should send more migrants to Europe to fight the Islamic State that terrorism that shows us what can happen if borders are not closed say terrorism experts ,0.8936666250228882,1,0
16341,MS566161,tabletrtdtwo weeks ago is this mariachi band and their is a mysterious foreign language that appears in your ex has oral,0.8813559412956238,1,0
16518,MS852275,islam is the most dreadful cruel and bizarre religion because it causes death and despair more than other religions and,0.9992762207984924,1,1
15316,MS516307,tabletrtdfrom the swedish daily des koning newspaper after mass murder of migrants by,0.9595959782600404,1,0
17590,MS650948,it aint a matter of if its just a matter of when muslim terrorists strike its past and presenti hope,0.9854881167411804,1,1
16581,MS610189,mean honest answer is a should be killed while us raping muslims are raping in a number of places around,0.981428563594818,1,1
15912,MS520293,Tiny Moti northwest of Darwin on the,0.3522727191448211,0,0
17710,MS680666,the author of this article said remember how muslims were tricked into attacking non muslims by jews and gentiles since the 6th,0.9958988428115844,1,1
17667,MS812147,hijab means islam islam is a cultif you ever ride,0.9984089136123656,1,1
15629,MS917910,nate svennsteen lead singer of the band exodus to iceland and uncle tom pickering bassist of rahowa mopeds,0.5,0,0
17686,MS408670,Afghan Taliban commander blames China for media blackout of training camps says for every positive story you break that story goes viral on internet,0.9965870380401612,1,1
16259,MS358699,an illuminati shill that dropped an acid bomb in his neighbours house who has he said releas,0.8370044231414795,1,0
17393,MS817068,Pakistans main political party has decided to adopt an extreme version of the apartheid system denying equal rights and rights to ethnic minorities this is because they,0.8238636255264282,1,1
16161,MS531839,this is how the double agent talks about the fake stranger he met viai had fun today i added some new lines,0.2585267126560211,0,0
16914,MS855577,i have no doubt that these self hating muslims will one day donate their body to make perpetual sacrifices to the west as they do their trade,0.9958988428115844,1,1
17279,MS691101,isis trying to kill babies and children by using babies to bomb jewschristian caliph israel beat the,0.981428563594818,1,1
15260,MS187238,of #steubenville #starbucks and #wordofthemind #bottlerockfreshi cant wait to,0.294117659330368,0,0
15757,MS739160,on the parkway mapomg did they just give the all star team the middle finger,0.2585267126560211,0,0
17831,MS685705,if afuck daeshen terrorists you can dance all the way to daeshen burial ground if you want,0.8611885905265808,1,1
15571,MS556015,Senator Rubio Continued Syrian refugee resettlement serves no national security interest of the United Statessusan g,0.9449082016944884,1,0
17503,MS700320,this is moria and they are going to slit their friends throats because they are a cultno muslims are,0.9854881167411804,1,1
17391,MS698073,and they are muslims they would rape murder and enslave non muslim prisonerswhy the fuck are you,0.9463667869567872,1,1
17185,MS636726,the conflict will most likely end in a colonial at besta purely religious war should be waged by moslems who want,0.9984089136123656,1,1
15266,MS583513,to try out a meetup in a few days for the minnesota refugee integration activitiessyrian islamic state,0.7960526347160339,1,0
17232,MS664359,are we going back to a time where barbaric muslims ruled our land and abused and murdered everyone who didnt worship them,0.9992762207984924,1,1
16696,MS439588,An American rider who traveled to Syria to fight for ISIS in the name of ISIS just went home to give his thanks to America for her immigration laws,0.6830986142158508,1,1
15355,MS592638,US strikes target a campsite in Afghanistan in operation that began yesterday 4 December 2017 #syrianrefugees #usa,1.0,1,0
15445,MS315547,by abanaklan via youtube video game developers red elbe center store i believe our great albertson syria has almost ceased to exist,0.1418918967247009,0,0
17420,MS663155,the real truth is that mohammed set out to establish a racist state that enslaved all peoplethe sad thing is,0.8561643958091736,1,1
17852,MS814589,Government is trying to suppress the word rashidah from being used in connection with muslims because it means rape well maybe it,0.9854881167411804,1,1
15955,MS573144,The 48yearold English businessmans nationality is unknown after he reached out to the President after last Sundays terrorist attacks in Brussels in which 31,0.990867555141449,1,0
16088,MS911244,Jumpeikun jmp anicom Jumpeikun jmp ,0.0797101482748985,0,0
17840,MS861204,These guys are cowards at best and savage killers at worst their religion inspires them to kill and they will pay for it with their lives,0.9265402555465698,1,1
16915,MS845402,muslims should be taken away from our country because they arent aepted by anyonemost of them are just too,0.9958988428115844,1,1
17770,MS628828,the stupid ideas of the muslims are proving to be ineffective against the real terrorists a mujehadeen learned the imam winked and,0.9958988428115844,1,1
17309,MS606552,a penis that stops growing doesnt mean you have to stop enjoying sexthe quran encourages it and gives the prophet,0.893203854560852,1,1
17596,MS678219,isis burning the jews alive every day the islam of the palestinians is not different so the muslims must kill those jew,0.9854881167411804,1,1
17542,MS853725,the only ones in favour of islam and muslims and they always have been today there are always a few exceptions who are quick to jump,0.9992762207984924,1,1
16670,MS296744,the hypocrites muslim immigration is believed to represent a vital pillar for the west countering jihadi terrorism has proved historically inaurate#refugeesnot,0.9958988428115844,1,1
17380,MS864274,The worst thing that happened to us Muslims was that they convinced us that there is such a thing as justice against islamic aggression,0.9992762207984924,1,1
16479,MS575353,attachment herethe byzantine system of checks and balances within the out country is not a reflection of the own,0.5483871102333069,1,0
16468,MS555631,refugees talk about putin migrant visit where the president encouraged 1130 people to join his cabinet was founded by brussels mayorend,0.9449082016944884,1,0
15999,MS514355,the suburbs of sothe mayor of the gayborhood has removed his public employee visa so that syrian refugees from,0.5822222232818604,1,0
17738,MS840095,the vast majority of muslims are corrupt and can be considered as antiwhite ,0.9842271208763124,1,1
17675,MS812174,taken over the nato forces by some muslims and believe them or not they still are to an extent so called secular countries,0.9984089136123656,1,1
17848,MS204624,we should be alarmed at the rapid spread of the iraqi regime of killed by lobotomy or your evil fossilized news thinkpiece editor,0.9791666865348816,1,1
16640,MS700030,islam proclaims their equality and makes fun of itthe defining traits of a cult is believing that islam is,0.9992762207984924,1,1
16620,MS626656,and other orders of world extremistsit is because of jihad that the muslims live in tinderbox fear and,0.9958988428115844,1,1
17092,MS230228,the modi government on wednesday questioned the demand for membership of the international criminal court by pakistan saying that should be seen in context,0.9483568072319032,1,1
16985,MS430191,A former ISIS commander in Syria has pleaded guilty to committing crimes against humanity by using children as human shields during combat in the wartorn country,0.996692419052124,1,1
15765,MS521269,tabletrtd#adjectivetheir way to fix muslim migrant children austerity cutbacks,0.8561643958091736,1,0
16591,MS644380,to like a stalinist dictator make something you understandislam is the fastest growing religion islam started in the,0.9984089136123656,1,1
16278,MS118123,to say great things about middle eastit sucks that germany invaded in favor of bird right nowif you,0.7610949277877808,1,0
15133,MS366243,Email a copy of Israel Investigates Alleged Jihadi Attack After 17 ISIS Die in Mosul Operations to a friend,1.0,1,0
15291,MS520386,30th world refugee day focus on refugees #skwap19 #extraordinaryrep,0.6475409865379333,1,0
17669,MS663867,legendary datalist lincoln has condemned the crime of islamthe day it stopped exterminating christian minorities,0.9434629082679749,1,1
16597,MS626524,are secular white people who have a particular religion they follow that the palestinians destroy the australians are barbaric scum nobody cares about,0.8561643958091736,1,1
16250,MS750820,my poor kat and andre they didnt deserve this oh wellmy little pony was just humiliated in front of,0.4719082117080688,0,0
15969,MS185332,Quentin Tarantino turns to Tarzan in #brave #pussypunch for #princejoseph07 #islamicstate,0.8893805146217346,1,0
16281,MS557578,US government stopping deportation of #Syrian refugees from #myanmar through #myanmarindiancooperationwhen im,0.9791666865348816,1,0
15968,MS181830,oferslinemy douglas fir is at a field out for a walk and i cant find the arrow,0.1418918967247009,0,0
16207,MS138586,to this day the coxcombs still have their moy wheel in their hakoda parked at work that wheel has been there so long,0.014621646143496,0,0
15540,MS599696,Saudi Arabia and Egypt said theyll establish an Arab debtforoil fund and part of that would,0.7927461266517639,1,0
17703,MS617814,Many westerners believe that islam is founded on primitive values of terrorismany single factor that leads to more hatred of,0.9958988428115844,1,1
17608,MS691814,if you dont want your neighbours to hear what youre saying its not free speechbut the shia militia is brutally,0.9958988428115844,1,1
15416,MS171584,in January every country that talks trash about us mentions our leader as a big disgusting bomb in the skythe beginning of,0.6360946893692017,1,0
15384,MS543820,muffins #victorymichelroisdead #tampagirl #tomakeherworryto #tomakeherwritedown #,0.8387096524238586,1,0
15828,MS522025,refugees travel on board their samvar via oman migration policy response #maldives #arabic #region #netherlands,0.7052631378173828,1,0
17022,MS660034,These images of the dead babies of sharia law are beyond comprehensionyes even jesus faced opposition in the form,0.9434629082679749,1,1
17070,MS898751,Whatever the motive the Delhi government must take legal action against the Centre It has no place in our modern world The,0.9483568072319032,1,1
17428,MS681941,many tyrants kill civilians for nothing so the islamists wait for an opportune time to murder the kuffar,0.981428563594818,1,1
16376,MS948962,obama forced to resign as imambara king of the honduras people gbk sosialidlica democracia e,0.9449082016944884,1,0
15612,MS560045,Exclusive The US Navy last month handed to the criminal inquiry into claims that the 2010 Iraq War crime lies behind a lawsuit against former,0.996692419052124,1,0
17179,MS815190,Humanity is facing an identity crisis For too many years we have been telling the truth about islam about the threat it poses to our society,0.9992762207984924,1,1
16883,MS675470,the opposition leadership a popular product of blood bs thats the point its not that you disagree with the views of the terrorists but that you cannot stand,0.6475409865379333,1,1
15769,MS566834,islamic immigrants to rich countries far from assimilation which leads to failed statedude i promise not to tell,0.9854881167411804,1,0
16495,MS614030,a big fat lieone of the biggest problems with islam is that most of the terrorists are islamists,0.9958988428115844,1,1
17678,MS868775,A girl of Indian origin was gangraped and murdered by a gang of muslims in vihar city of new Delhi a gang of mus,0.9917582273483276,1,1
16319,MS361476,Syrians with each other right now and how do you handle a person who is so desperate for your love and affection that they will do anything to get,0.8561643958091736,1,0
17252,MS632322,THE Islamic State terrorist group has set up Sharia councils in nearly every single town under its control in Syria and Iraq,0.9958988428115844,1,1
17681,MS826199,the only way to fight islam is to ban it in islamic land this way islamic land will be free of islam,0.9992762207984924,1,1
15732,MS965728,truro rachel swift could face terrorism charges after police raided the property where she and her children live on bs day end,0.9623875617980956,1,0
17538,MS828382,the sad thing is even if you aept that muslims are not aurate or religious they still kill you ,0.981428563594818,1,1
15702,MS996037,demian maia and molly hagstrom fight for the women of arab like minded countries against the nonwhites who have invaded ar,0.7018158435821533,1,0
15320,MS527303,openly xenophobic canton mayor praises new offshore detention centre instead calls for refugees to return homedid you know that,0.6532741785049438,1,0
15722,MS550506,tabletrtdhollywoodworld wraps up bonus season with the revelation that 6 of our top 10 states to be refugees were from,0.3939394056797027,0,0
16764,MS650365,if they try to dox me isis fucks with me in iraqmass murder does not negate the,0.8893805146217346,1,1
16307,MS530799,is suing over its ban on migrants from six Muslim majority countries from entering the europe once their benefits run out and they earn enough via exploiting illegal workers,0.9434629082679749,1,0
15465,MS361476,Syrians with each other right now and how do you handle a person who is so desperate for your love and affection that they will do anything to get,0.8561643958091736,1,0
17157,MS820965,moslems are taking advantage of immigrants and using them as labor it is a barbarism there is no good in it,0.9958988428115844,1,1
15450,MS125955,replay of game what a shotwhat a in middle school you had to play #,0.0528455302119255,0,0
15318,MS520386,30th world refugee day focus on refugees #skwap19 #extraordinaryrep,0.6475409865379333,1,0
17753,MS648333,Emmaus a city of executioners now no longer being carried out under the Id lass of mohammed the,0.981428563594818,1,1
15837,MS581408,encompass muslim immigrant families unity comes firstas a muslim immigrant I was referred by a comrade to help,0.9842271208763124,1,0
17326,MS702759,or something like thatbut think of what youre going to aomplish muslims will just develop new ways of insulting you,0.9958988428115844,1,1
15700,MS978781,this week sees the return of the long forgotten armored car ballet which celebrates the ancient gladiatorial combat between the elite of ancient egypt and the more,0.3499999940395355,0,0
15913,MS774072,the mutton dumplings id annie had roast sliced veggies and steamed toast to make these guyswhat,0.0604105070233345,0,0
15899,MS1000263, id 811 name russian dossier mult 03106,0.1418918967247009,0,0
15501,MS183159,virginia ferry vjoe meadows smocking and fuzzie costume reflection punny 2its so funny,0.0436213798820972,0,0
17626,MS414504,Exclusive US supported terrorism in Afghanistan since before US invasion started as alQaeda links poner that were routinely ignored,0.9791666865348816,1,1
16085,MS365388,SAN ANTONIO Reuters US President Barack Obama said on Saturday a postelection diplomatic standoff in Syria was based on political,0.9946646094322203,1,0
17299,MS685009,the month we had a big flood the people were dead then they were nukedwe all know that islam is,0.9984089136123656,1,1
16140,MS532898,tabletrtdtwo thihe arrived home with a load of papers and a pen,0.7824931144714355,1,0
15805,MS122631,5 problems with its ban on terror suspect egg washing on President real goal of #orangejihadisis #sharia laws ectend,0.8671875,1,0
16711,MS814109,they take what they want when they invade norwaysome muslims recited the quran while raping a girl,0.981428563594818,1,1
16513,MS608365,Have you ever wondered why rape culture exists in the muslim world have you ever wondered why rape does not exist in christ,0.9958988428115844,1,1
15365,MS561525,Read this apology and an open letter to the Iraqi refugees to the west for refugees of #hawaiidowomanekings,0.4722222089767456,0,0
16057,MS553537,it wont change to the average familyyou moo like you dont carenot,0.3522727191448211,0,0
15337,MS116704,err of urban afghan poor stuggie lets become trainer to throwi have paper as evidence for #imwith,0.7052631378173828,1,0
16830,MS437989,GAZA CITY Palestinian TerritoriesThe screams and shouts from Gazas streets are akin to those of a conflict zone and they are eerily,0.9965870380401612,1,1
16763,MS886072, the left has its way this once great nation will have a muslim of its own,0.9958988428115844,1,1
15873,MS949473,i went to public school through college after reading it a few more times i,0.0360281281173229,0,0
15884,MS542998,the MMI government is just like the other colonial peoples they have been on both sides of the world suffering the same great injustice and need help as people,0.267657995223999,0,0
16203,MS710219,runs out of beans oooookay thats #fingerscrossedforchickenone year on the,0.0410958901047706,0,0
15689,MS928817,it and the sailor are ity burlingame s ultimate souvenirs i,0.0426540300250053,0,0
16779,MS663482,has been standing in support of the muslims for 1400 yearsand it is lying theislam preaches hatred,0.9958988428115844,1,1
16037,MS392543,is that true has there been suess to this concept by aif in the kashmir areathis is my,0.979522168636322,1,0
16466,MS140351,Mood and poison in Chile 206718 mon vie una espagna diva vez es muy lot for,0.699999988079071,1,0
16354,MS359692,England officially surprised after Greece posts emergency bailout debt and sovereign bonds on todayheres is the high ticket,0.91372549533844,1,0
16122,MS520386,30th world refugee day focus on refugees #skwap19 #extraordinaryrep,0.6475409865379333,1,0
17634,MS640213,oh damn if i dont get a divorce damnall you pussies criticize the muslims not the illiterate,0.9831578731536864,1,1
16647,MS668114,Muslims lead more violent lives than Christians because they follow a hadith which says to be like your prophetdoes your prophet,0.8997722268104553,1,1
15361,MS963174,Sunday on CBS this morning while giving his overview of what he called the Iran nuclear deal he noted that it is unique because all signatories made an ,0.9791666865348816,1,0
15748,MS307671,A Muslim preacher has tweeted his resignation from Donald Trumps,0.9958988428115844,1,0
16561,MS285839,the current strategic objective is regime change in syrian regime change isnt going to happen but im sick of the civilians getting blamed for chemical attack,0.9791666865348816,1,1
16923,MS627999,the state of being a muslim by raping and burning girls in the third worldyour strategy is to attack the weak,0.9463667869567872,1,1
15605,MS725954,OMAHA Neb AP Clinton campaign manager Robby Mook just went out of his way to thank Hillary Clinton for the endorsement,0.9866232872009276,1,0
17008,MS860286,Another day another white woman is abused or murdered by a muslim this time in england why are we doing thisend,0.9831578731536864,1,1
15190,MS174764,ive read you talk alot about the wonderfull premonition kid and as,0.2647058963775635,0,0
16359,MS128772,an outside shot of the fox having his fur scraped dyed #arctic #syrians #syrianepsi is not a smoke screen and,0.6475409865379333,1,0
17416,MS633963,#4255 one of the reasons that islam has been able to thrive because islam is a religion that puts women in subserv,0.9958988428115844,1,1
16294,MS159909,smokey the green dragon kills da boatload of birdsmy new library of sadness,0.294117659330368,0,0
16633,MS18721,tabletrtdI just dont understand the hate that you are putting out there for someone that you knew for years was one of,0.294117659330368,0,1
17204,MS805731,Muslims are a total and utter disaster their holy book is a book of violence and the man who wrote it was a war criminal who led his people,0.9984089136123656,1,1
15646,MS181861,im obviously not a Muslim but im convinced jihadi John is a kafirtake away the blue cake,0.9831578731536864,1,0
15187,MS794538,there are 3 types of ppl in europe its the 1 ppl who have the most influence you get to help them cook the winner,0.0768545866012573,0,0
17672,MS842136,nearly half of all whites believe there is a fundamental clash between islam and british values,0.9984089136123656,1,1
15819,MS509412,them why use bitcoin and its acme why not use the servicegrampa wanted to know if kris et al,0.8854625821113586,1,0
16060,MS563708,#broncos #refugees #hotmexico #pulgarias #muslim #barbados #chihuah,0.8133333325386047,1,0
16981,MS696543,if you follow current law its a death sentence for most of us #islamalso notice how they continue to ignore,0.9984089136123656,1,1
15875,MS509412,them why use bitcoin and its acme why not use the servicegrampa wanted to know if kris et al,0.8854625821113586,1,0
17253,MS688488,there was no huge figure of jewish power corrupting muslim politics but the muslims exploited their oppurtunity to convert christian mus,0.9992762207984924,1,1
15323,MS742914,You know you dont deserve to be in a reality tv show when your recipe ends in a mud pieshower,0.4008015096187591,0,0
15328,MS133972,eus el guapo inglouido 37 live streaming hentai al jazeera 24end,0.699999988079071,1,0
15382,MS577949,tabletrtd#theissues is a weekly round up highlighting the key issues across the political spectrum as reported by the major media,0.9449082016944884,1,0
16731,MS406341,dendroclimatizationwe need to free the refugees right awaywe need to restrict,0.2296241074800491,0,1
15336,MS568115,residents of ketika living in nearby vimona along with refugees #uatay will work with themto support,0.8671875,1,0
15621,MS720645,The GOAT is coming to the UNGA SUMMER FALL #hotcuewtf #rookie,0.3611111044883728,0,0
17410,MS839705,London Mayor Sadiq Khan has called for a new war on Islamist fundamentalism warning of a return to the dark days of the late 1980,0.9791666865348816,1,1
15329,MS320151,noframetwitter gov decided that poor non sharia fearing women with contracts would be going to hell therefore banning all forms of partial n,0.5441901087760925,1,0
17406,MS285297,donald trump i hate watching people when i look at them i say mimics isis terrorist you can go to hell trump later gave,0.9251337051391602,1,1
17315,MS630544,the problem is while the islamic world is developing it is attacking the west nowhere near as much as israel,0.9958988428115844,1,1
17044,MS655326,Do you see what you are doing and what you are doing to the Muslim worldwhy dont you convert to is,0.9434629082679749,1,1
16824,MS219203,of nbc shows being a fuck up at worsti dont understand what is happening with syrian refugees now that the,0.7805728316307068,1,1
15638,MS120995,Turkish President Erdogan allows foreign diplomats to leave capital city of Ankara,0.9659090638160706,1,0
15929,MS599696,Saudi Arabia and Egypt said theyll establish an Arab debtforoil fund and part of that would,0.7927461266517639,1,0
15203,MS519312,Everybody complains about being shut out of the middle class but the irrisas corporate tax rate is for rich but id only reach ouend,0.3300970792770386,0,0
17334,MS650312,isis its low level thugs that are street wise its the low level fanatics that do itits the stupid,0.9117958545684814,1,1
16589,MS617519,when do you have to kneel to follow the example of islamcant imagine how impossible it would be to,0.9984089136123656,1,1
16235,MS570609,Welcome to the first installment of The Muppet Show Stratos meets Minstrel Show with johntsealfand,0.0167134273797273,0,0
15901,MS583775,#cnnprotests megyn and kathleen barrons refusing to answer questions when confronted with facts regarding invasion of mosque,0.9854881167411804,1,0
17773,MS646123,only use books that were actually written by scum like isis and the quran is just a collection of lies and slander,0.9992762207984924,1,1
17722,MS837535,multiculturalism kills child rapes family as they prepare to go to the wedding of their dear god are you a muslim or are you something,0.893203854560852,1,1
17134,MS615020,Were at war not a war in a desert religious muslim nation just goes to show you were controlled by the demons of death and destruction,0.9958988428115844,1,1
16666,MS823020,not a random muslim man his religion is mistaken for other religions and has harsh words for other religions remember the followers of all non,0.9958988428115844,1,1
16362,MS195070,As the nation mulls over what happened to 21yearold Michael Brown in the streets of Ferguson MO last week the,0.98305082321167,1,0
15308,MS597218,in addition to the childrens hospitals of india and syrian refugees a small motelthe watch actions and confusion that,0.2183908075094223,0,0
16866,MS218154,samson akbarian big producer unfortunately i cant speak a word of english so ill just have to let you know how stupid your music is,0.8120017647743225,1,1
17748,MS694088,snoops wife raped with rocks and hit by car 6 months ago in pakistan when will our government say something about this,0.98305082321167,1,1
17322,MS659829,THE RISE OF ISLAMIC STATEsaudi soldiers lynched 8 qatafs in a series of,0.990867555141449,1,1
16391,MS547752,also recognize that the country of syria being an illegalland og dokum grake and south africa being mainly landlocked but will take,0.4351851940155029,0,0
15279,MS573158,israeli plans to build a new Jewish community in jordan alongside what is now a sharia city of a million but islamic refugees consider,0.9958988428115844,1,0
17647,MS626100,this is bad these are some of the things that they teach in our muslim worldsure i guess you can,0.9984089136123656,1,1
17036,MS73309,#destroymelbourne is a #muslimbrotherhood inspired effort to destroy this great city of ours we will ston booya odi ,0.9434629082679749,1,1
17189,MS249709,All the Texas Freestyle guys are gonna be the greatest mad props manhey gunter him islamic,0.8997722268104553,1,1
15506,MS526126,also by reza0nmiyaz on how is it about this country doing better to refugees than us abbess who came here,0.7960526347160339,1,0
16856,MS681570,bkartikand you pretend like you are a good muslim would you want to live in a,0.9265402555465698,1,1
15479,MS178341,The disastrous debate that continues to plague this country is that of Islam versus American valuesthere were massive flood tides in cal,0.9984089136123656,1,0
17543,MS683181,islam allows the enslavement and rape of other people #islamwow people are really missing the point that is,0.9831578731536864,1,1
15441,MS508383,social media networks illegal #nmex actions after #xenophobia in iran refugee relocation #myanmar in koringanj helped to,0.8671875,1,0
17079,MS702438,that it is common practice to use muslim women as slaves to be pimped out by muslim menthe point,0.9992762207984924,1,1
16285,MS334936,The UK on a knife blade policy note by Nigel Baillieimagine if its an islamic waslam,1.0,1,0
17450,MS453209,hyuga you shouldnt vote for a woman that voted for xenophobic legal vote dumping middle east refugees on us ppl should vote only for,0.5311895608901978,1,1
15183,MS115913,Christian Right flunky Rob Lucraft finally gets his Saudi Arabian citizenship,0.8267716765403748,1,0
16721,MS213584,the sister of get out lord nasir ul muslim holy warrior rafilea shackled nasir iraqi refugee,0.9265402555465698,1,1
16894,MS649200,the only sort of muslim racism i see is the religion based racism of islameven worse is the complete lack,0.9958988428115844,1,1
16944,MS615498,it wasnt because they were jews thats what islamists do to each other its because islam forbids it,0.9984089136123656,1,1
15364,MS154128,Eric Shaw and number 64 for Jets in 44 a must win for buddhists #crusade #ja #yankees,0.9850249290466307,1,0
16125,MS956872,For example it s a truism that kids from working class families have less money than kids from rich families ,0.2666666805744171,0,0
16011,MS763500,early 14c from Middle French stele 13c originally a word for embroidery from Vulgar Latin ,0.1011029407382011,0,0
15221,MS531839,this is how the double agent talks about the fake stranger he met viai had fun today i added some new lines,0.2585267126560211,0,0
16899,MS638454,what an idiot those who would agree to play along with the lies of the terrorists of islam are a real blow,0.9434629082679749,1,1
16012,MS370899,unreported rural households registered with a new mobile network yet 556mn are still on wifias a young at,0.0819672122597694,0,0
17082,MS891762,Last week i went to the swimming baths with my son there were several muslims in the class and a few couldnt be bothered to sit,0.9992762207984924,1,1
16526,MS643467,Presidentelect Donald Trump just gave supporters a reason to hate the media and nonstop alarmism about human rights in iraq,0.912500023841858,1,1
16483,MS967708,attachment 78609i know this is probably not too surprising to manybut tatars in san francisco,0.014621646143496,0,0
17110,MS609704,to change the offense from a religion based crimeand besides the amount of muslims who want to change to is,0.9984089136123656,1,1
16743,MS665300,the point of conflict is that there is no god but onewhoever is against jihad just like islam is the,0.9992762207984924,1,1
17247,MS662582,this where you drop an abusive comment and your family look the other way because you are a stranger these are the facts you cannot hide the hate is in,0.7739726305007935,1,1
16005,MS596447,agualdi nadu has faced a government invasion by burqa wearing savages thats why those who are trying to stop the policy are exic,0.7938931584358215,1,0
15482,MS784809,tabletrtdstrategic eat off to clean cut pieces no more money wasted with these two were just plain lazy,0.4719082117080688,0,0
15191,MS138009,artwork by tegazzi out yonder in californiayah tom cherokee will make a run,0.1369863003492355,0,0
15551,MS538996,neonazi white supremacists bar protest against border wall xenophobia from iraqi refugees set to attend nativist rally in syracuse,0.9595959782600404,1,0
15175,MS100606,aaron mormick 55 years boston mariner spent 1957 was driving back to his cabin to see his family and heard a big explosion his,0.9820627570152284,1,0
16183,MS968032,by klansmen8080 on youtube aryan scottish nation aryan front and the kkk aryan front youth corps ,0.7052631378173828,1,0
16022,MS788629,soup can we get down to boring poo for a minute pleaseis it about the lemon poppyseed muffins,0.4211765229701996,0,0
16400,MS134410,not applicable 10796 note yellowing is an indication of cholera it is also a disease or microbial infection of blood or mucosa where the fluid,0.9806896448135376,1,0
15600,MS373870,update arrived in takistan today just this morninghe was a good time,0.0538847111165523,0,0
17321,MS697367,the 2nd debate they bombarded him with questions about slavery and lynching and he refused to condemn anything a muslim has done,0.9992762207984924,1,1
15930,MS365157,et al have now been able to obtain clearance for this clinical trial and so are beginning to answer important questions related to how to improve weight loss for this,0.9505208134651184,1,0
17117,MS637143,someone changed the topic from muslim atrocities to suggesting that there are laws against insulting islamwho is teaching terrorism to,0.9984089136123656,1,1
15979,MS526493,of all people ive never even met anyone from the nhswhat would u say to a Muslim woman who had,0.9958988428115844,1,0
17164,MS890982,Jerusalem Police arrested four Palestinians on Tuesday for allegedly inciting,0.9806867241859436,1,1
16602,MS818669,There are worse creatures on earth than islamic fanaticwe are far more dangerous to islamic it would,0.9958988428115844,1,1
17485,MS836126,if you want to see the true face of islam look no further than the images of children s done by such filthy muslims,1.0,1,1
16710,MS685824,Saudi Arabia 20th Nov 2015 Oil Minister Ibrahim alJaafari said that there is no war between the Prophet Muhammad and the people of,0.990867555141449,1,1
15707,MS554456,Exclusive The blast wave from the Syrian ceasefire proposal continues to take aim at Kurds #redrising you are playing the same game that you know #,0.996692419052124,1,0
17350,MS618258,the inbred supremacist racehislam has killed more people than any other religion in the world and worse still the,0.9958988428115844,1,1
16097,MS519312,Everybody complains about being shut out of the middle class but the irrisas corporate tax rate is for rich but id only reach ouend,0.3300970792770386,0,0
15840,MS197635,Sometimes it feels like the eternally burning saviors of humanity are only wanted on the grey zone in the middle of the desert and not actually out there,0.3522727191448211,0,0
17709,MS883849,islam is an ideology of war and conquestdunnes strikers to join locals in evening rail anthem in cities across,0.9831578731536864,1,1
15817,MS563794,in britain over 80000 migrants questioned as a part of mass move towards west europe of eastern europeans who do not want to,0.2089552283287048,0,0
16221,MS560914,now more than ever you can help to protect kushana by making a donation please read here to see how you can do this,0.699999988079071,1,0
16422,MS574973,redid you see the shitstorm on quinn in #wikileaks response to misspelling fiascohonor called,0.5495192408561707,1,0
15550,MS554722,by Georgi Stankov wwwgeorgistankovcom #nomore17 #sleepytime #sleeperviolence #new,0.8893805146217346,1,0
15463,MS182797,end at least somebody tried to turn us into a patriotic sand nazi neonazi juggernaut for a national anthem montage,0.5290322303771973,1,0
17551,MS647117,with no warning getterand guess what is the best way to get rid of terrorists is by throwing them out,0.5703998804092407,1,1
17192,MS695787,not false at all that it is hard to go to them and get your papers because their corrupt islamist sharia law,0.9984089136123656,1,1
16042,MS556463,macron the worst president weve had mookie abd ali am guessing he woke up to that tweet from,0.4967635571956634,0,0
16458,MS739160,on the parkway mapomg did they just give the all star team the middle finger,0.2585267126560211,0,0
15831,MS315881,Star Trek II The Wrath of Khan an orignal scifi film made for the National Geographic Channel by Paramount Pictures and Nat Geo W,0.014621646143496,0,0
16290,MS329722,Are they going to cut off the 1st amendment to rob gorsuch a hearing or are they going to do some people love the middle class one,0.8581081032752991,1,0
17271,MS613025,this is the bastard son of islam who believes sharia is the only way to believe and practice islam which is like believing islam is the,0.9984089136123656,1,1
17614,MS686562,I heard something on the news today that with all of the terror attacks being committed in #islamicstate the extremists have come up with a policy,0.981428563594818,1,1
16715,MS892884,It was in a slum area of muslim dominated slope in bradford not a good sign for our nation when a verl st,0.9958988428115844,1,1
16738,MS807192,It is the hope of the liberal elite that this savagery will stoke the fires of hatred between muslims and nonmuslims,0.981428563594818,1,1
15412,MS730188,WINNIPEG The Winnipeg crowd delivered a response to a bomb threat as the visitors celebrated at MTS Centre after all #sinkgrave,0.9772727489471436,1,0
17007,MS658405,this is how he forced muslims to wear hijab he refused to pay for the slave trader merchants could go fuck themselves #islamend,0.9850249290466307,1,1
15810,MS993596,the only way this band of hood rats can be wiped out is with an atomic bomb they are literally walking DNA proof,0.5997557640075684,1,0
16355,MS142508,the dick pants yellow with snake eye lacy red satin miniver belted satin muslin comfy a slip,0.4068235158920288,0,0
17372,MS700451,we are stealing geno from muslims and selling it to moroomohammed is the first barb,0.9265402555465698,1,1
17599,MS893374,On a recent Sunday I walked into a mosque in our local area and within minutes hundreds of women were flowing into the hall They,0.9992762207984924,1,1
15935,MS563505,by Anna Tsakiris The Aleppo Times for ,0.9791666865348816,1,0
17490,MS654807,You have probably heard the songs before they are written by muslims or islamofascists just as you heard them and ezidi,0.9958988428115844,1,1
15476,MS525472,endnotes commons russia exiles in soviet republics were considered refugees at the time of the soviet revolution which ushered in the socialist,0.6475409865379333,1,0
15900,MS969750,The way i look at it is that they are a peaceful people and i am a peaceful person it s a,0.0365853644907474,0,0
16672,MS859282,People that live in the west cannot live with muslimsbarbarians what have muslims done for,0.9854881167411804,1,1
16601,MS884567,im happy to see an englishman gets a restraining order against a muslimgod s own divine intervention aided by,0.9958988428115844,1,1
17103,MS667094,with the spread of his ways and faith as a prisoner of islam his religiosity and hate made the source of his followers just as despicable as the,0.9984089136123656,1,1
15141,MS517470,Hillary Clintons recent profanitylaced tirade against a Muslim immigrant in Iowa reminds me of the wisdom of Joan of Arc stating,0.981428563594818,1,0
15738,MS576562,#greece #europe #possibleautonomy #europeanresistance #aefta #europeanrefugees #,0.7692307829856873,1,0
16621,MS632719,the extremists are telling everybody they are not going to aept the law of jude or islam or whatever but muslims are not stupid that there,0.9984089136123656,1,1
16695,MS666292,There was no point when the Great Moroans made themselves an Islamic state that they could control the people islam has destroyed,0.9984089136123656,1,1
17141,MS699469,the prophet mohammed had a secret desire to murder all jews and steal their property but he couldnt get a single iq majority of the,0.9850249290466307,1,1
15526,MS564669,The Syrian forces the Assad regime has dubbed as heroes in the worst refugee crisis since World War II now play,0.9965870380401612,1,0
16888,MS674204,this map has been looted by daria hammerhead terrorist organizations and distributed to iranyou are a filthy liar to,0.8387221693992615,1,1
16664,MS219317,seventeen months after the edls deadly ambush of a syrian family in woolwich the local muslim community in south east london has,0.9831578731536864,1,1
17242,MS837992,what is wrong with her male human ancestors why must islam conquer our country that is just totalitarian,0.9958988428115844,1,1
15690,MS508379,england wins on appeals court policy of relocation of economically distressed social housing by ex britain cuts job recruitment and employs on temporary removals e,0.9209622144699096,1,0
15176,MS524251,the face of terrorism on the nationstate stem valley chief,0.9595959782600404,1,0
17692,MS251852,Fatima is coming soonthe worst thing that ever happened to the world was cold war,0.9265402555465698,1,1
16622,MS661811,Saudi scholars are so blinded by hatred of Jews that they preach to their people hatred for jewsthe dhimmis,0.9958988428115844,1,1
16701,MS842962,islam is not a peaceful religion every muslim knows this despite that the news reports that children as young as three years old are tied,0.9984089136123656,1,1
17113,MS819502,think before you act you will be sorry for it later britain is becoming a islamic country and the muslims are the,0.9958988428115844,1,1
17194,MS464258,abdullah is illegal without fear of punishment like al jazeera who are content to help them by spreading their content that helps refugees that is why they are,0.8571428656578064,1,1
16791,MS644408,Muslims report their lives in terror from radical muslimsare you kidding me alakazam alsoslo,0.9434629082679749,1,1
16322,MS542870,the great dada showed #intifada how life in #afghanistan can be valuable though sacred but could also be very hard under the y,0.8671875,1,0
15131,MS124825,the frustration of her teens is actually muslim sisters protest #muslimwomannomicsayingthemotejudgemails,0.9958988428115844,1,0
16673,MS690363,it is a fact of life that islamist bigotry has pushed christianity and was thought impossible for a thousand years the fact is that,0.9958988428115844,1,1
16409,MS168906,A paramilitary soldier has been killed and two others injured after a suspected encounter in Thattal region of Punjab with Dalit activists,0.9820627570152284,1,0
16838,MS628510,A worker who was the victim of murder at the hands of muslim mobs in a cantonment in eygpt took out an appeal of murdering,0.9831578731536864,1,1
17143,MS638679, Bin Laden must be a dictator,0.6475409865379333,1,1
15367,MS903599,once a forest large areas of trees and a desert with a river running through it all ,0.0426540300250053,0,0
15565,MS970246,some muslims later in life will still beg for power i just,0.9992762207984924,1,0
16564,MS229213,the salafi jihadist groups operating in iraq and syria intend to create a caliphate via sharia law and to not only slaughter and enslave the k,0.9958988428115844,1,1
17458,MS680647,I will never ever let go of an event like that isis has gone after my army she is worse than kharagha was also a begg,0.6623376607894897,1,1
17440,MS441777,the countries which happen to have large numbers of refugees from war crimes of tyrants which the western media chooses to ignore can be good for the democracy and,0.6475409865379333,1,1
16971,MS821863,the police and the government are defending muslim gangs and they must be considered as traitors of our societym,0.9958988428115844,1,1
16002,MS558007,desert lennox meets story day and offers to drive you to your car if you can handle the trouble of getting in a truck or train with,0.410852700471878,0,0
16020,MS947362,fear over hate crime at popular new barbershop for muslims has been pinned on rightwing extremists who aused the establishment of,0.9850249290466307,1,0
17190,MS223744,you mean to tell me muslims are guilty until proven innocent why must there be just one side of a story,0.9992762207984924,1,1
17648,MS672298,i post all your personal information but we just want to know that islam is a religion of hate #islam,0.9958988428115844,1,1
17834,MS811904,You must be a muslim to avoid being sent to their landdont eat a snickers candy bar,0.9842271208763124,1,1
15825,MS154848,of captured rebels inside the jihadi cemetary in urm #syria #iraq #alqaeda #iraqjihadis not,1.0,1,0
17729,MS422835,the terrorists who want to pull that ritzy region back into autocracy and pillage islamic nations that wont obey their tyrannical demands,0.9842271208763124,1,1
17374,MS693247,israelis get bombed over and over by muslims but the jews keep getting away scum run amok,0.9831578731536864,1,1
15406,MS570609,Welcome to the first installment of The Muppet Show Stratos meets Minstrel Show with johntsealfand,0.0167134273797273,0,0
15317,MS519230,Endsthese refugees need their country back just as much as your country needs them its not mutually exclusive you can,0.9433946013450624,1,0
16105,MS707835,OMG just got grilled by about his Muslim family why no callers hehe,0.9984089136123656,1,0
16504,MS887792,of course not this thread is only for those who care about what happens to muslims who do not follow the judeoamerican,0.9984089136123656,1,1
16044,MS154128,Eric Shaw and number 64 for Jets in 44 a must win for buddhists #crusade #ja #yankees,0.9850249290466307,1,0
15312,MS547397,tabletrtdgood breakfast sounds like a great start to the day thank you for your comment and it would mean so much to me,0.8500000238418579,1,0
16891,MS886163,A group of Arabs is the reason for our problems and now they want to continue using our culture when we are already long extinct in,0.5992919206619263,1,1
16328,MS520655,Older adult social desirability bias findings risks of bullying v #starthellcalm down centip,0.98305082321167,1,0
16433,MS729327,tabletrtdFrom 2nd October till next Sunday most of the shops will be closed and only 2 days to go so enjoy the,0.7873134613037109,1,0
15528,MS164430,inori skypemen dressed as callas jihadi pink smiling from the corner of the eye have posh office,0.981428563594818,1,0
16473,MS549632,NEW DELHI BJP and Sanghvi convenor Smriti Irani on Saturday said that JNU professor Afzal Guru who was,0.9509202241897584,1,0
17835,MS848085,islam is incompatible with our way of life in this,0.9984089136123656,1,1
16751,MS900840,i just made some new friends at work a disgusting muslim rapist my friend told me his last name was Sam,0.9958988428115844,1,1
16799,MS699166,The first million was earned on hajis by muslims never hear ofislam protects criminals of all kinds,0.9958988428115844,1,1
16436,MS539870,is he really a supporter of rape no hes supported by the gypsy movement they victimize poor people also immigrant groups like the pakistani ghou,0.6623376607894897,1,0
15214,MS517272,Some welcome the idea of immigration reform but not the nation muslimimmigrationnews vialaid back girl ready for,0.8561643958091736,1,0
15821,MS971462,poland is not a secular state wow the bastards will get their day in court end,0.8069775700569153,1,0
15430,MS933606,Mr edward pierce served four tours in iraq in the puncaf tanks during the fighting that followed the american troops departure ,0.9791666865348816,1,0
16625,MS643559,this country used to be a kinder place and anyone who says otherwise is a racistyou say the quran and,0.981428563594818,1,1
17370,MS264425,but cant i bring a gun to a thing too bad the point of leaving would be to kill all the terrorists all,0.8893805146217346,1,1
16249,MS971462,poland is not a secular state wow the bastards will get their day in court end,0.8069775700569153,1,0
15467,MS345978,11 February 2017 by zsoma mozemazi office ogso there is this thing called mindfulness,0.9992762207984924,1,0
15658,MS142898,got hacked dirty blondes get that jihadi when you break the windows you can put a bag of,0.8493217825889587,1,0
16780,MS693218,of dont losenazis and jihadis want to rape christians and infidels but they dont have the,0.931034505367279,1,1
15356,MS202691,Nashville is currently in the middle of a firestorm of criticism after the Ducks are both #1 and #1A in voting for the all,0.0365853644907474,0,0
17038,MS898863,The family of Syed R,0.1153846159577369,0,1
15589,MS735068,endless stranger shitif you were so into celine annie and celine could cook,0.5681256651878357,1,0
16916,MS814249,Yes the world would be a better place without muslims they only breed disorder confusion hatei,0.9850249290466307,1,1
15134,MS937361,publication deal complete amazoncom merchants instructablescom construction DIY natural stone house foundation plans free,0.1016949117183685,0,0
15216,MS184687,end of word for lots of terms i just used as a muslim am on my way home and after the ends of words i found what i was,0.9992762207984924,1,0
17052,MS666664,the only thing that is similar in muslims to islam is the cult of warriorsislam is a lying,0.9992762207984924,1,1
15945,MS532950,Last month Sony was criticised for scrapping a planned retail campaign for the unique loli anime from the goddess moko which was previously shown at various new,0.0167134273797273,0,0
16272,MS798569,forget about the leaks in the interim just leave the planes and boats alone and focus on solving the real problems being faced by people living in austral,0.824999988079071,1,0
15785,MS568492,witness the third month of the refugee crisis in lebanon with an eye to the primary and canton crisis #eu2018,0.9791666865348816,1,0
16680,MS683917,anyone but hannity the democrats promote everyone else as terrorists and murderthe trouble is that if a moderate,0.6809338331222534,1,1
16048,MS334936,The UK on a knife blade policy note by Nigel Baillieimagine if its an islamic waslam,1.0,1,0
16361,MS964527,the glove got on and the syrian walked right into the heros retour and demanded an autograph ,0.0734824314713478,0,0
16053,MS525312,AN alQaeda affiliate in east Aleppo has released a picture of a civilian woman they claimed was a jihadi fighter after the woman called them from inside,1.0,1,0
16488,MS594976,#BreakingNews is reminding everyone that #Iran has tried to export its own style of regime change to the world before #,0.9791666865348816,1,0
17594,MS665062,anyone that believes that islam is the answer to all human problems are the ones that produced the quran and hadith,0.9958988428115844,1,1
16942,MS470573,emotional tinder for globalist propaganda machine and refugees in western idamies not to mention eu resident migrants integration program negotiated with iraqi,0.7052631378173828,1,1
15665,MS345449,overnight a large individual responsible for attacking our troops in the middle east lost an election and now unelected democrat members of congress are in charge of,0.9449082016944884,1,0
15529,MS730660,or feel pretty really shaz is going to cook everyone tonight ok gee how about a in the not the oven tournament where all the contestants cook horrible,0.4211765229701996,0,0
15485,MS544674,tabletrtdincerely hope this results in amany immigrants in europe are turning their back,0.2666666805744171,0,0
15177,MS516150,Elon Musk predicts a massive famine in North Korea will affect over 80 million people over the next 5 years #humanrights,0.7052631378173828,1,0
16703,MS647844,go out of your way to shit on our freedom on the marchwhy do some muslims want to be like,0.981428563594818,1,1
17111,MS79574,tabletrtdfrom the question above we can deduce an appearance of incredulity in the wearing of the hijab a normal,0.981428563594818,1,1
15760,MS905825,Two weeks before a university lecturer was set to give evidence against jihadi bride let me tell you it is a bloody good time ,0.9854881167411804,1,0
17368,MS894428,sandllosethe best way to prevent black on white rape is to sueed in our goal,0.9463667869567872,1,1
17146,MS635619,Since the beginning of this century two elements have repeatedly demonstrated their barbarity under the name of islamthe prophet m,0.9958988428115844,1,1
15754,MS310571,With the New York Jets holding the 4th seed in the AFC the #jets 4th quarter on Thurs night is bign,0.0562438853085041,0,0
17679,MS205057,we are voting against evo pence sharia because these fucking assholes want nothing to do with usin this,0.917354941368103,1,1
16834,MS604094,with less hatred toward muslims due to sambitan courage to not be a racist bigotits not surprising that,0.9434629082679749,1,1
16984,MS605280,the former imam of islamic prison in ireland supported muslim terrorism before he was a prisonernone of,0.9992762207984924,1,1
15343,MS556652,ENDORSEMENTS TO THE US INTERNATIONAL SYRIA COORDINATION IMMEDIATELY THANK YOU FOR,0.8671875,1,0
16316,MS784004,Iraqs prime minister has urged people to stay away from a national street barbecue as tensions continue to run high after a bloody elections near the edge of the,0.990867555141449,1,0
16570,MS297837,constant lowtax millennials are flooding our #westcoast cities with migrants and refugees get ready for a major civil war,0.8383838534355164,1,1
16034,MS508064,7000 new immigrants arrive to syria this month w# canadathe beale beat lis,0.375,0,0
15265,MS589293,pReckless teenagers playing cat and mouse with burley veterans and conaway culture to frame smoking and violence charges against emike wight,0.9811320900917052,1,0
16485,MS361476,Syrians with each other right now and how do you handle a person who is so desperate for your love and affection that they will do anything to get,0.8561643958091736,1,0
16494,MS532938,Feature Why does the cycling world seem to care almost nothing about the victims of the israeli war crimes incharity cycle,0.9791666865348816,1,0
16110,MS399271,veronica super duper crush on this hot perky muff cock and im happy for heri noticed the taste of,0.7505109906196594,1,0
16139,MS977628,CBSAP MEDINA A statewide stop this weekend at the free public events forum in st louis for the rock music festival of,0.4216867387294769,0,0
15977,MS129579,jihadis our grandchildren will despise us and fear us #isishateful and violent attitudes toward mong,0.981428563594818,1,0
17071,MS643884,they r lying to the public but are not bad humansmuslim terrorists are trained by their best madrassa,0.9984089136123656,1,1
16065,MS580616,Since the news of the arrest of union agitators from the petroleum industry in Mumbai took the headlines some have hailed it as a,0.9623875617980956,1,0
17330,MS816196,the point is that you must desist and make every effort to eradicate themi think that muslims are,0.9958988428115844,1,1
16594,MS826694,the time to eliminate islam has come the supporters of islam consider islam a religion to cover their alegros ignorance the b,0.9958988428115844,1,1
16774,MS427293,Afghan refugees on leave in western of ungoverned canton of malihaistan because of squatting by security services some 200000 of,0.8133333325386047,1,1
17808,MS207017,the very foundations of sharia law are only going to come crashing down once we recognize the criminal bias of the mainstream media in covering this topic,0.9831578731536864,1,1
15761,MS507713,President Donald Trump is scheduled to sign an executive order next week that would temporarily suspend the refugee program and ban immigrants from seven Muslim majority countries and would shift,0.92233008146286,1,0
16104,MS513337,#freethenipple #european citizenship deluxe grants study leave to refugees to stay in europe ny lionel del grano,0.8567073345184326,1,0
15162,MS934144,history of beatnik culture muslims in britain i agree with you and french are my native,0.8997722268104553,1,0
17351,MS690399,Kremlin says a global alliance against terrorism is made up of rogue states and extremists but is impossible to implement unless there is an international community that is strong,0.990867555141449,1,1
16213,MS707851,and i dont mind you two starking cant put it downstephanie and shaz are on a diet,0.2040203213691711,0,0
17699,MS884622,The city of tehran may be under Islamic State isispesh merga oupation but the city of dancing girls and liberated districts are,0.9791666865348816,1,1
17424,MS657101,reada second ezidi execution group was set up by muslimsfuck all of them as well as,0.9984089136123656,1,1
17481,MS882761,seems to me that ghana is the perfect place for muslims to perform a noshow from their countries in order to engage in public,0.9958988428115844,1,1
16986,MS209405,enjoysays muslim men beating wife and kids babe tinnitus ear infection child abuse face cutting suicide dow,0.9933142066001892,1,1
17552,MS636726,the conflict will most likely end in a colonial at besta purely religious war should be waged by moslems who want,0.9984089136123656,1,1
16372,MS526367,lmbr closed casket funeral for rachel katrin19 year old sandi schoolhouse resident who was sexually abused as a child by,0.9933142066001892,1,0
17539,MS872940,she gets what is is death and the facts are that muslims breed animals and children muslims spread their religions by any,0.9984089136123656,1,1
15220,MS919536,i love the south and the mulatto s are some of my favorites hop,0.1021775156259536,0,0
17584,MS667557,the body count is increasing in new coalition forced fbiall the victims of islam are raped by their husbands most,0.98305082321167,1,1
15211,MS361783,vegan chocolate caramel corn muffins #glutenfreegarnishdessert #lesson 2remember nike,0.9596888422966005,1,0
17582,MS867640,the muslims are a wave of the future they do not want to assimilate they demand that everyone shows respect for islam but,0.9984089136123656,1,1
16275,MS507713,President Donald Trump is scheduled to sign an executive order next week that would temporarily suspend the refugee program and ban immigrants from seven Muslim majority countries and would shift,0.92233008146286,1,0
17850,MS618157,are no true muslimsand there are no moderate or hardline terrorist groups any more people are either radicalized,0.9958988428115844,1,1
15411,MS591817,Iran announced its website would be closed Monday but Twitter provided all the information you need to know in advance #iraninterespass #Twitterblock,0.9642857313156128,1,0
15541,MS553028,then also including ancalm down plsfederal trial began in #hed,0.9209622144699096,1,0
15842,MS573919,whenever my identity is threatened like when #muslim family members call me a kafir and tell me i am wrong to love one of,0.9992762207984924,1,0
15919,MS564854,pOne of the bestselling and certainly most loved books of 2014 was the captivating and complex life of Alan Kurdi an Iraqi immigrant,0.4545454680919647,0,0
16754,MS696205,if you go to quran umar and allah were simple minded criminalsthe quran declared war on all humanity,0.9842271208763124,1,1
16352,MS910786,sir sandusky helped found america i believe in the fast food place,0.2000000029802322,0,0
15534,MS344270,rekon canada light sabre disposable airsoft weaponhow long is it going to take to process mour,1.0,1,0
16101,MS326598,US and hezbollah in Syria directly threats to bomb Egypt over Hillary Clintonrudy carter russia needs its,0.990867555141449,1,0
16093,MS563475,Syrians including refugees from the countrys civil war in Wekki Greece AFP Photo,1.0,1,0
15451,MS514197,The latest round of Israeli airstrikes on Syria appear to be yet another of those activities that used to be oasional and,1.0,1,0
16300,MS962701,inspirational and motivating rubik youtubeplease do nt,0.3835294246673584,0,0
16649,MS631000,as a huge fan of the brutality of islam its sad that someone does more harm than good by wearing a uniform,0.9984089136123656,1,1
16304,MS800460,Labour leader confronts challenger over claims he was connected to arms deal with Saudi Arabia,1.0,1,0
15249,MS159009,Where were you when the muslim sisters led by #sebastian muslim queen freedo lynch went ahead and executed j,0.8267716765403748,1,0
17713,MS240845,being north we will support pakistan there are 200 countries that do not support pakistan but we will only be to kashmir what,0.1219512224197387,0,1
17425,MS681824,it sounds like a race against all others the muslims are terrible and inhuman at war so of course there is nothing to get worked up about,0.9992762207984924,1,1
16469,MS313889,Oscars family tell you to make a map of his planned jaunts in the news to keep with the theme #omar #columbo #,0.3355704843997955,0,0
17656,MS810636,their fear of muslims is very great they are only vaguely aware of what muslims really arei,0.9992762207984924,1,1
16047,MS707835,OMG just got grilled by about his Muslim family why no callers hehe,0.9984089136123656,1,0
16962,MS816940,the violence in burma is starting to annoy mewe are now fully dependent on the muslim community,0.9984089136123656,1,1
15462,MS170272,desmyspaceeverypony on this plane is so dang orangemy mom,0.6390472650527954,1,0
17797,MS680834,tabletrtdour enemy is most certainly islam and the entire quran is muslim propagandatdtr,0.9958988428115844,1,1
17830,MS664672,islamolunatics can lie about the prophet mohammed but they must tell the truth about sharia oppression,0.9434629082679749,1,1
16797,MS858240,If you would like to see more muslims in prison instead of killing them then would you also like to see them in prison for the,0.9992762207984924,1,1
17494,MS683336,the ignorant and simple minded mullahs could claim to be using islam for peaceful purposes and say that isis is actually at the root of the strife,0.9992762207984924,1,1
16873,MS804740,a muslim is only allied with allahwe shouldnt trust anyone in an islamic area if you,0.9992762207984924,1,1
16595,MS680687,all the rich muslims i know are hereticsthe fanatics of mohammed held every woman captive and,0.9854881167411804,1,1
16313,MS365157,et al have now been able to obtain clearance for this clinical trial and so are beginning to answer important questions related to how to improve weight loss for this,0.9505208134651184,1,0
16516,MS810704,islam is just a repressive ideology that enslaves and abuses its people it should be condemned and ignored by politicians and the popular media politicians are,0.9984089136123656,1,1
16392,MS910786,sir sandusky helped found america i believe in the fast food place,0.2000000029802322,0,0
16113,MS592202,i have a huha exactly the same neck and other strong mushed body parts also the guys used puss nail like skin also they made,0.6356589198112488,1,0
15460,MS129566,igualada runninhe brought his cardigan and jeans on the ride to lebanon peace talks today #,0.7058823704719543,1,0
15379,MS593198,Uzbekistan considering withdrawing rights to Morkhala from EU refugee policy this yearthe hardline serbia mu,0.9595959782600404,1,0
16144,MS789180,The attempt to press ahead with the #hypertrophy on #middleeastairways is just going to kill us #sickofit,0.4566684365272522,0,0
15751,MS385290,#MoW #SekongMDC #WaiWaiSupportmy brother didnt have a strong opinions on,0.3499999940395355,0,0
17618,MS613025,this is the bastard son of islam who believes sharia is the only way to believe and practice islam which is like believing islam is the,0.9984089136123656,1,1
16508,MS668046,anonymous tip offs to a revolution that never happenedas long as the religion of peace is being preached in the,0.9434629082679749,1,1
16181,MS963174,Sunday on CBS this morning while giving his overview of what he called the Iran nuclear deal he noted that it is unique because all signatories made an ,0.9791666865348816,1,0
17339,MS637810,islam is as bad as you think islam and jews are the same isis part of the reason there is such intolerance around the,0.9958988428115844,1,1
17167,MS701176,the only group of jews who did slavery were slaves were bought and sold by muslimson another note is,0.9958988428115844,1,1
17625,MS814845,if muslims are allowed to enter mayday to condemn them because they are convinced that sunna of all,0.9958988428115844,1,1
16813,MS804100,the very idea is vile and islamicmuslims are contaminating our world,0.9992762207984924,1,1
16393,MS138152,of course charlie brown is the colorado muffin yellow cheese crumbles to gohellcat patch pf m,0.0303030312061309,0,0
15562,MS768432,tabletrtdI thought oh kat andre should eat their desserts though but sure go for it,0.2138364762067794,0,0
16619,MS804328,having a danish wife all muslims are not like that they don,0.9992762207984924,1,1
15776,MS548871,pDr Haider Alashi is an Iranian immigrant who became a United States citizen in 1999 and now heads the State Departments Office of,0.6360946893692017,1,0
16752,MS298271,it is about time the world realized that most of the refugees here,0.0504667796194553,0,1
16865,MS626995,Nigeria has become the first Muslim country to sue America for supporting terrorism ,0.9434629082679749,1,1
17792,MS239204,the fact that ur fucking govt doesnt know what syria is so damn fucked updonald trump says himeting,0.9735812544822692,1,1
15723,MS964527,the glove got on and the syrian walked right into the heros retour and demanded an autograph ,0.0734824314713478,0,0
16452,MS320807,intrateam529 a new conor misekrawhat on earth is going on with you with your new,0.5290322303771973,1,0
16792,MS614036,pMost groups complain about atrocities committed by religious fanatics but give no consideration to religious fanatics actions against Christians in pakistan and sh,0.9434629082679749,1,1
17776,MS836047,Muslims are trained to be nothing but a battlefield and our women and girls are systematically raped enslaved and murdered by the thousands a murderous cult composed of,0.9958988428115844,1,1
16232,MS765531,bunsmy family will be up in arms when they get to the menuyah,0.0249518025666475,0,0
16459,MS173818,the killer boston bombers may have smuggled some cheap stripper clams in their toilet paper rugs the bomber guys may have had some bad guys do,0.8500000238418579,1,0
15405,MS133972,eus el guapo inglouido 37 live streaming hentai al jazeera 24end,0.699999988079071,1,0
17760,MS672629,and they said that there will never be peace in the middle east but there is a constant war against jihadisthey,0.9791666865348816,1,1
17098,MS462747,A 28yearold man from New Jersey was charged with one count of terrorism for allegedly urging his followers to attack officers and use their guns to,0.990867555141449,1,1
17072,MS676965,but it seems to me that you dont need religion to live happilyyet muslims keep being told to stop copying,0.9992762207984924,1,1
17756,MS660034,These images of the dead babies of sharia law are beyond comprehensionyes even jesus faced opposition in the form,0.9434629082679749,1,1
16881,MS643801,a nonmuslim nation killing christians and Jews and islamophobesall muslims are terrorists,0.981428563594818,1,1
16233,MS535634,alt us asking belgium and austria how they manage to take refugees out of a warzone and feel safe they have sharia law not me,0.5681256651878357,1,0
15960,MS939991,More maps of europe created by ghost of british house of commons ,0.3333333432674408,0,0
16451,MS1001120,wonderful sirif bbc had one channel dedicated to english language it would be 3a ,0.267657995223999,0,0
15434,MS107365,another theory is that jihadis dont want to be controlled by the westsmh but the reason the rioting,0.9850249290466307,1,0
17377,MS206629,some bdiy jihad reminds me of what the horrid little people want us all to believe is the way of,0.981428563594818,1,1
15271,MS936722,16 oz HiTemp Mop Grappling Sponge with Handle is rated 45 out of 5 by 35 ,0.699999988079071,1,0
15560,MS376158,The West must do everything to end the Iran nuclear program and end the terror of nuclear weapons making for all humanity and peace for all time,0.9791666865348816,1,0
16411,MS127149,so man you have to be so proud of you can run a state and then have to go sit at the back mofo,0.2307692319154739,0,0
16506,MS659079,the analysis that was presented was a religious one that led to more and more muslims being muslims lead by someone who believes in a religion,0.9992762207984924,1,1
15478,MS775135,tabletrtdhe looks ripped and fitone will be coming up on the campgrounds at the,0.8500000238418579,1,0
15449,MS601197,oh my god it fucking destroyed mewe should stop helping Assad turn his country into a hellhole war against terrorism is,0.8069775700569153,1,0
15553,MS313103,US response to new Syrian government laws on seclusion detention of dissidentsthanks brother for reno and buying those 4,0.9791666865348816,1,0
15651,MS324330,as the big attack into one area with one or more attackers who made a beeline to the door with the methodical endeavour to take out the enemy,0.3499999940395355,0,0
17574,MS682315,as is well known or not as is a matter of opinion im not against islam but i dont support islamit,0.9854881167411804,1,1
15572,MS325549,The Pentagon on Wednesday said the coalition airstrikes that killed 22 members of the Iraq forces known as the Irbil Brigade fighting against Islamic State militants in northern Iraq,1.0,1,0
15169,MS187459,Ugly folks hurt a lot ya dumb cowbellthe thai shiao,0.9117958545684814,1,0
15334,MS153081,bacon liver piechristmas truffle sandwhich#tcot isnt new,0.2585267126560211,0,0
17176,MS418071,Iranian President Hassan Rohani on Tuesday promised to work closely with the new US administration to counter the menace of,0.9805447459220886,1,1
16796,MS630219,islam is a particular form of stupid terrorist cult which people should be punished forso in the name of islam,0.9984089136123656,1,1
17361,MS494693,For the two bit corner of europe that these people came from and that one of the candidates for the last paul redwood was born in,0.1897590309381485,0,1
17160,MS835288,How dangerous are muslims They are trying to take over the country We should not let them in let them leave when they are done,0.9958988428115844,1,1
15917,MS578223,syria airdropsyria another attack on #syria viaflorence morris end,0.990867555141449,1,0
16658,MS807517,islam will disappear from here in a few years at that point it wont have any human rights defenders left to protect it,0.9992762207984924,1,1
16728,MS852539,the democrats and the liberals are corrupt and are using their religion as an excuse they are both dishonest and dishonest do nt have a cause,0.8561643958091736,1,1
16192,MS579925,TAMPA Fla The season hasnt even begun yet but there are already red flags for the Tampa Bay Buaneers this season The,0.0167134273797273,0,0
17135,MS678279,this just goes to show you how evil was islam and how backward isis isisis has never attacked a,0.9434629082679749,1,1
16320,MS577949,tabletrtd#theissues is a weekly round up highlighting the key issues across the political spectrum as reported by the major media,0.9449082016944884,1,0
16052,MS927115,i m just looking for a white male or female in southern california of course im not a huge fan of my muslim opponent so i,0.9958988428115844,1,0
17311,MS821889,Iraq has ordered the arrest of a nonbeliever from a community that is revered by all religionsno the truth,0.9265402555465698,1,1
15823,MS388054,GAZA CITY Gaza Strip An Israeli airstrike hit a crowded market in Gaza City killing 14 people and wounding 45 more health officials said the,0.996692419052124,1,0
17363,MS887409,eg they have muslims as voters and it is showing keep it upevery time i see,0.9984089136123656,1,1
17019,MS625737,israel lieven with the help of daesh kurds and isis had to subvert israeli,0.9791666865348816,1,1
17017,MS861217,to be honest i think that muslims are fraudolent because they do not oppose to isis or saudi human rights violations,0.981428563594818,1,1
17786,MS672910,the oult and madrassa students violent protests have nothing to do with islam islams a racist religion,0.9434629082679749,1,1
15635,MS144876,tts final by mo jojo #iamaporn #breakwithstandardssome random native texan m,0.5557390451431274,1,0
15512,MS929636,they belched smoke and fire with great suess your bringing them here into our traditional areas and maturing civilizations is,0.9209622144699096,1,0
15486,MS347988,Your Father Was a Fiery Turk and His Peculiar Attitude Toward You May Be Mainly due to the fact that Turk immigrated,0.893203854560852,1,0
17264,MS643286,The enigmatic band or gothi is a group of people who either follow the negative gender roles of the Middle Ages in the middle east or feel trapped,0.7938931584358215,1,1
17642,MS893436,Bernie Sanders endorses a white national identity racial terrorism has struck again in roterham rochdale,0.9695122241973876,1,1
15982,MS968032,by klansmen8080 on youtube aryan scottish nation aryan front and the kkk aryan front youth corps ,0.7052631378173828,1,0
17855,MS250460,# It is unfair to the subjects of syriafiles now used for propaganda all day longthere has never been,0.3939394056797027,0,1
16835,MS872313,The sun is the center of the universe and i d rather be in the sand pit of her flesheating daemons than in the filthy sw,0.8267716765403748,1,1
16614,MS860592,the worst is that muslims are stealing our jobs and housing in those countriesit only takes one intelligent muslim,0.9992762207984924,1,1
16559,MS638284,in real life she made a serious attempt to be moderate islam refuses to respect moderation islam is a hate religion,0.9984089136123656,1,1
15269,MS784004,Iraqs prime minister has urged people to stay away from a national street barbecue as tensions continue to run high after a bloody elections near the edge of the,0.990867555141449,1,0
17702,MS813940,the only ones in favour of islam and muslims and the ones who believe in all of their scripturesif,0.9958988428115844,1,1
17413,MS204624,we should be alarmed at the rapid spread of the iraqi regime of killed by lobotomy or your evil fossilized news thinkpiece editor,0.9791666865348816,1,1
16453,MS926622,the london europe day video 030300 espaol 030400 030500 estaniol 031000 ,0.3300970792770386,0,0
15920,MS154259,awful jihadi video the last thing #haradafisinthe Muslims at shamed,0.8997722268104553,1,0
17356,MS883049,muslims dont want to assimilate they want to be aepted as they are we should aept them because they are equal to us,0.9984089136123656,1,1
15735,MS788897,Many live in fear that they might get fired because they are currently in the bottom of the Australian league tablethis meal,0.1008377075195312,0,0
17043,MS477304,Inside a massive house destroyed by fire in Gulfview Apartments the senior management staff are allegedly hiding millions from the fire victims,0.9962426424026488,1,1
17796,MS837073,muslims need to pray because if they dont they will be judged by you and I am sure the government will stop these dangerous criminals,0.9958988428115844,1,1
16200,MS730660,or feel pretty really shaz is going to cook everyone tonight ok gee how about a in the not the oven tournament where all the contestants cook horrible,0.4211765229701996,0,0
15389,MS981987,USA Ultimates big call video youtubecom and burpees do nt look like much of a fit ,0.3611111044883728,0,0
15698,MS984092,subj ect the united states of aryan just what is in the minds of a few individuals anyone know,0.3522727191448211,0,0
16502,MS285608,hanks for doing the homeless community a favor and paying usbe from afghanistan and i swear you dont,0.375,0,1
17276,MS655104,this is the worst country in the worldone of the methods the muslims used to exterminate themselves was the,0.981428563594818,1,1
16474,MS363831,Getty Images Germany launched a #crisis #enhanced sanctions today aimed at #saudiarabia leaders trying to cover their illegal arms deals,1.0,1,0
17601,MS653977,islam just raised its terrorism to a level we dont even recognize #islam the #hindus have tried to destroy them since the beginning,0.9992762207984924,1,1
15532,MS185725,The Astros and Kendrick have traded starts ESM talk and a look ahead to this weekends game vs the yankees #yankees #ast,0.0148975793272256,0,0
16136,MS313095,When the suspects get inside a gunfight goes on theyve already shot the bomb threat they got for the bay is gone lol,0.7739726305007935,1,0
17822,MS426872,A resolution stating that the settlement of the Palestinian,0.375,0,1
15413,MS566828,Over the last month many islamic immigrants such as aboubakri kasib and taslim,0.9958988428115844,1,0
15243,MS147025,hexcolor graylove pearls enjoy my kumbaya type selfiesno abuela have u,0.0768545866012573,0,0
15597,MS563196,on the obama foreign policy plandont compare jihadism to masons of world who are a criminal,0.8267716765403748,1,0
16878,MS647433,any world by its idiot population today without also killing half of themmost muslims hate christians and non believers,0.9831578731536864,1,1
16387,MS563505,by Anna Tsakiris The Aleppo Times for ,0.9791666865348816,1,0
16755,MS674397,The claims made by Islamophobes that they represent a religion that practices discrimination is a lie they use to sell books made of cow fatend,0.981428563594818,1,1
17817,MS857115,maybe spread some hate and intolerance and intolerance of other cultures but no one permitted to demonstrate in our country fight a foreign enemy free Palestine,0.6623376607894897,1,1
15668,MS156271,Steve McNair was cleared of any wrongdoing last night by the ex lmao for helping to bring Vince to #moy inauguration,0.4351851940155029,0,0
16252,MS946590,30 people found dead in london weekend shooting 32yearold david reynolds of west east fernland was arrested shortly after the killings,0.9917582273483276,1,0
17100,MS702226,all since its creation islam has been a religion of murder and slaveryyou cant force anyone to be a muslim,0.9984089136123656,1,1
17329,MS619354,that is why the muslims declared war on all humanity 1400 years agothe statement is a complete lie islam,0.9958988428115844,1,1
17427,MS620152,or just ban all qurans out of racismbut it sure is convenient to have a moron as your co,0.9842271208763124,1,1
17145,MS819689,the answer is obvious muslims are corruptislamists are like animals,0.9984089136123656,1,1
16118,MS173559,hahah i think theres always that one bard thats famous cause he was an ignorant headi also like to,0.6868069767951965,1,0
16369,MS506039,UNITED NATIONS Reuters It was almost Friday morning in the Syrian capital Damascus when its emergency phone number rang and President Bashar alAssad,0.9791666865348816,1,0
17288,MS634597,that country is closer to your values that is the real problem mohammed was a slave trader and islamist he was a coward and a child,0.9984089136123656,1,1
17742,MS255250,islamic jihad reported to be more violent then jihadi fanatics claim #bymdewitness ,0.981428563594818,1,1
17858,MS686250,islam has no place in our country even if it is the future of islamhonest to God,0.9958988428115844,1,1
16195,MS928741,i went to high school with a few muslims he lives in a very small town too ,0.9984089136123656,1,0
17301,MS867798,the only countries that allow muslims to preach are some of the most violent and oppressive in the world,0.9992762207984924,1,1
16162,MS976729,the symbiotic relationship that evolved among the aryan sickle driven people was symbiotic in nature meaning that the Aryan was their mortal enemy and the,0.893203854560852,1,0
17177,MS686825,endocrinopediathe syrian army are deeply rafid of the shia militias and jailed shia leaders and bloggersend,0.9595959782600404,1,1
16982,MS607897,the answer is no because this religion doesnt aept the truth of what was revealed to the prophet mohammedoh of,0.9992762207984924,1,1
17650,MS848333,Pakistan turns a blind eye to the rape of our women by muslims because they consider it fighting a war i do not understand what is,0.9831578731536864,1,1
16692,MS667521,the difference between a christian and an islamist is that the christian believes in a god who doesnt answer your stupid shit questions and has alot,0.981428563594818,1,1
17152,MS881631,the problem is there s too many muslims in our country and the government wants to aept more this is a horrible ideasend,0.9992762207984924,1,1
16089,MS560914,now more than ever you can help to protect kushana by making a donation please read here to see how you can do this,0.699999988079071,1,0
15348,MS170779,abdullah the sharia court conjoined twins wright hes wrong and hes trash im getting millions for making that up,0.6740990877151489,1,0
17196,MS689448,in exactly what way is it any surprise he would engage in hideous pedophile chants to show his support #islam,0.9850249290466307,1,1
16185,MS325549,The Pentagon on Wednesday said the coalition airstrikes that killed 22 members of the Iraq forces known as the Irbil Brigade fighting against Islamic State militants in northern Iraq,1.0,1,0
16534,MS814710,in an effort to exterminate all native species of any kind even your own family would be better off without them,0.5517218112945557,1,1
16167,MS316449,STORY HIGHLIGHTS Story Highlights Posttrail crew from Eden Lake Chapel help elderly hikers,0.6230769157409668,1,0
15342,MS115488,you cant be the typical blank blahblah blah get down you rotten carmel albino man bird flight for jihadi honeymoon,0.7960526347160339,1,0
15327,MS771452,tabletrtdfrom hc nudie magazine #122when i watch heres one of,0.5644324421882629,1,0
15480,MS581861,so fuckin dumb i just write abusthats not all democrats do that,0.9727272391319276,1,0
15903,MS907429,US troops deploying on daily bases in the pacific north as part of a multinational force to combat Islamic State IS have been trained to operate independently,1.0,1,0
17159,MS645401,islam the creation of criminalswhy cani say that islam is a murderous cult of hatred and terrorism,0.893203854560852,1,1
15496,MS520127,In less than a week refugees are calling your #fyrefugees program is once again scamming us they are just another #example #msp,0.9433946013450624,1,0
17241,MS663170,islam has no honor murdered 3000 jewish children lynch mobsalso mohammed married that slave before he died,0.9831578731536864,1,1
15663,MS153287,im not a rabid fan and i dont really have an opinion on fans but this totally def is abusable that lebron is trash and ive,0.6909795999526978,1,0
16150,MS546356,Jon Gharzberg for New York Post via Getty Images Protesters denounce Halt Divestment and Sanctions campaign protesters rally for Palestinian rights in the,0.9791666865348816,1,0
15858,MS993661,More than 80 years since the last such demonstration on this country s streets back in 1973 the arab population of,0.2089552283287048,0,0
15942,MS516739,Getty Images Donald Trump could leave the US because his immigration policies are racist the Iraqi official said,0.9509202241897584,1,0
17546,MS606281,Its bad enough that some terrorist fanatics want to destroy all non muslim civilization they keep telling us it is intolerance to believe in something that the,0.9854881167411804,1,1
15617,MS729014,alot of them dont really like nissan stars in particular but nissan stars cant cooknext time this sitz,0.0819672122597694,0,0
15973,MS946590,30 people found dead in london weekend shooting 32yearold david reynolds of west east fernland was arrested shortly after the killings,0.9917582273483276,1,0
17723,MS622995,the little children in jordan are oppressed because they dont believe in islam and because of the jews making it up as they go along the little,0.9992762207984924,1,1
16870,MS675068,all that is holy is dedicated to killing all humansbigotry is not the reason jihadis attacked us many were,0.981428563594818,1,1
16960,MS652845,pGreat minds think alike It is comforting to believe that the West is taking over the Middle East while millions are tortured for the crime of,0.8671875,1,1
16507,MS303225,Iraqi politicians need to put aside their obsession with little girls while they talk about security the big issue is not who has little girls but how they have,0.3402777910232544,0,1
15188,MS943897,Denmark will introduce sharia law by 2025 and not deport illegal immigrants after a terrible 2015 summer there have been,0.8571428656578064,1,0
17085,MS699469,the prophet mohammed had a secret desire to murder all jews and steal their property but he couldnt get a single iq majority of the,0.9850249290466307,1,1
16327,MS557405,eo directly our invitae europe the wwwisfreeinternationalcom iinvest on foreign policyprogrammebyeo,0.91372549533844,1,0
16337,MS749252,tabletrtdWhile we are on the subject of food we thought we would show you a great food photo a href,0.2138364762067794,0,0
17122,MS803742,I agree that it is not fair to compare muslims with paedophiles they do not deserve to be compared with criminals they are all,0.9984089136123656,1,1
16001,MS787888,ok lets roll some numbers what if alaskan kids dont get the biggest chequehmm what are the options,0.0826086923480033,0,0
17094,MS684985,the muslim supremacist terrorist has a rather simple answer for what the last apostate didthere is no other moderate opinion,0.9850249290466307,1,1
17245,MS656111,israel was mad at this man for having mentioned that he was part of islam not muslimswhat good,0.9958988428115844,1,1
15756,MS184687,end of word for lots of terms i just used as a muslim am on my way home and after the ends of words i found what i was,0.9992762207984924,1,0
17163,MS887412,why u should listen to muslims Listen to their preachers then imagine what their children are doing having sex before marriage child abuse,0.9854881167411804,1,1
15759,MS976729,the symbiotic relationship that evolved among the aryan sickle driven people was symbiotic in nature meaning that the Aryan was their mortal enemy and the,0.893203854560852,1,0
15424,MS169049,ri was kidding about wearing a trash bag under my jacket last night when i made some muffins bc,0.2040203213691711,0,0
16509,MS501685,The Migrants come to the europe they do not want to belong to the europe we are all one europe and we have to make a,0.3605351746082306,0,1
15152,MS182567,my pom loaf crackers are already burning down my raison detre del chen,0.5177304744720459,1,0
17473,MS673927,we welcome muslims to a free country all muslims must submit to shariahthe mansplainer at,0.9434629082679749,1,1
16168,MS121150,the last day of school daily prayer debate #auspol #hermanandthehumpanyway robin k,0.7586206793785095,1,0
15911,MS577151,Index to the Writings of Mogens Mertens Hans Rauschning of Engel von der Wegensb,0.5290322303771973,1,0
17638,MS247672,in sound and fury that the trump administration has now unleashed its arsenal on syria even though ive warned you are arming the wrong peopleend,0.9791666865348816,1,1
15466,MS153890,residualsthats how wyoming got the middle east all this time are you guys out west and,0.1379013061523437,0,0
16440,MS170779,abdullah the sharia court conjoined twins wright hes wrong and hes trash im getting millions for making that up,0.6740990877151489,1,0
17684,MS210607,islamic thieves in iraq just caught by the security forces evading arrest #isistheir story is that they,0.9831578731536864,1,1
17075,MS834762,the journal of exmuslims and secularists defends terrorism and condemns any kind of government that stands in the way of the islamic,0.9958988428115844,1,1
15863,MS526126,also by reza0nmiyaz on how is it about this country doing better to refugees than us abbess who came here,0.7960526347160339,1,0
15951,MS582512,flooding is an epidemic within the muslim community i have dna testing done now dna is valid 8 khalil the omani,0.9958988428115844,1,0
17129,MS836612,the problem is there s too many muslims in our country the problem is in the country the people feel the need to say that only true,0.9992762207984924,1,1
15363,MS947055,as if chechen were a bad joke last i checked he was wearing an ojscazee baseball cap ,0.6097561120986938,1,0
16309,MS780675,end of the worldlets get crazy and make people eat sandim surprised no one,0.6623376607894897,1,0
17223,MS889106,I wanted to add my voice to those who call for the murder of all muslims wake up only,0.9854881167411804,1,1
15736,MS1004319,no arabs have the same emphasis in their upper teeth until about the 8th century this is probably true of all,0.1510791331529617,0,0
17199,MS467871,#bitnation we are losing the war on drugs but not the war on terrorism terrorist bases in #america is why we need #borders,0.9791666865348816,1,1
16758,MS620173,pThe idea of a Muslim beheading of gays is a non sequitur as is the idea that islamo can be reformed by,0.9831578731536864,1,1
15640,MS970246,some muslims later in life will still beg for power i just,0.9992762207984924,1,0
16425,MS951488,New Look at Ancient Egypt by Raphael Lowi There are few things more pathetic and pathetic than a white guilt ridden white person who thinks that he s white,0.5129590630531311,1,0
15648,MS759433,Edicts are dumb rants with a capital dulcet t You could do a burlesque troupe Eds,0.699999988079071,1,0
17841,MS626133,of the right tyrants the right tyrants then you cant say democrats are terrorists your fanaticalblumenthal bang,0.8238636255264282,1,1
16024,MS152962,gitxperiencegit two weeks ago in saxperience zsolt murakami made his first winning pitch in almost three years,0.014621646143496,0,0
17451,MS631231,the last act of stupid liberalism that will not let people choose what is their religionmany of the muslims murdered,0.9434629082679749,1,1
17780,MS488199,from george holocaust to the moslem immigrants started trumping up charges and lied about the crime they made their excuse that they were protected from the,0.9854881167411804,1,1
17318,MS412698,During a speech in Scotland yesterday former Secretary of State John Kerry delivered an impassioned plea for unity and closer ties with Europe against the dangerous rising,0.9866232872009276,1,1
16822,MS682909,to really understand islam do what has been done and try to get a sense of sense out of islam no,0.9984089136123656,1,1
16946,MS611357,If the pogroms had been led by muslims there would be no jews in america or india,0.9958988428115844,1,1
16539,MS631292,evil islam states its goal is to exterminate all humans so thats why they cause so much hatredand when i,0.9831578731536864,1,1
16013,MS911116,we ca nt afford to support terrorists anymore then they do ourselves therefore we should support them ,0.8257480263710022,1,0
16760,MS208640,drpatsyhis marriage to a muslim country woman is patheticjust,0.9434629082679749,1,1
15295,MS553607,in penpal team statement on opposition ministers attack on refugeesi gave up on straight dating after the way i,0.6360946893692017,1,0
16397,MS178742,tabletrtduse of address are certified offenders what an insultlitterbugs on la red m,0.4216867387294769,0,0
16347,MS521269,tabletrtd#adjectivetheir way to fix muslim migrant children austerity cutbacks,0.8561643958091736,1,0
15209,MS523308, Muslim teens must repay immigrant workers even if they came as dependents judge rulesperhaps shes just being self,0.9434629082679749,1,0
17123,MS843447,Muslims are misled into thinking that if they act in a certain way that they will be aepted by us we should support them not against their will as,0.9984089136123656,1,1
17717,MS297823,Since the beginning of 2016 we have witnessed multiple sexual attacks against girls including rape and sexual torture in the Middle East via rape camps #refugees,0.929530918598175,1,1
16166,MS577283,enrichment centers intake in the ukraine search for people who offer to help one another and support the refugees,0.7052631378173828,1,0
17749,MS267551,#jerusalem BDS project makes getting rid of stalins nightmare a blood thirsty nightmare #jihadist #syriha #syriaza,0.990867555141449,1,1
15622,MS535634,alt us asking belgium and austria how they manage to take refugees out of a warzone and feel safe they have sharia law not me,0.5681256651878357,1,0
16795,MS862672,islam controls our thoughts and feelings whether we like it or notas,0.9992762207984924,1,1
15473,MS120859,Seizing on President Donald Trumps executive order on immigration and refugees pronational,0.9449082016944884,1,0
17162,MS228434,all of you isis supporters are still patheticmy brothers idiot here are a couple of pics the redneck in orange,0.8808484077453613,1,1
16583,MS901085,T As Iwa neye azan minne i vattu azan minna islam kar karen,0.981428563594818,1,1
16377,MS189375,Jihafai and nas jihadiis made their choice in ronald reagan 72 men destroyed jewish livewire building in,0.9831578731536864,1,0
17633,MS266911,Muslims are evil suckers for imams without any history of judgementhe killed kevin ohagan a terrorist,0.9265402555465698,1,1
15516,MS173088,tabletrtda tweet of mine today related to crimes being committed against our neighbors to the north by the republican candidate for president th,0.9509202241897584,1,0
15743,MS910786,sir sandusky helped found america i believe in the fast food place,0.2000000029802322,0,0
15594,MS519354,is the objective of the global peacebuilding network humanitarian relief fund the muhajiras through unity world vision fund for the refugees of af,0.7692307829856873,1,0
17120,MS670487,of #sezareen died while #isis was giving it to its people the sheik wont #eitom becuz they,0.9791666865348816,1,1
16402,MS591503,WATCH ABOVE A number of Stop the war refugees protests held across Edmonton on Friday night denouncing the government for sending them to asylum saying,0.990867555141449,1,0
16072,MS565263,Muslims in the UAE send their greetings to the people of #Baghdad through #MrSami alAtrash and twitterend,0.981428563594818,1,0
17426,MS624681,those who make dinarekh must beyet another non muslim shia lie which yet again proves their hatred and,0.9831578731536864,1,1
15247,MS533350,How the Christian west is enabling Islamic terror editoritaly is building an iron wall around migrants who have arrived there,0.9595959782600404,1,0
16182,MS566591,endeavorwhy is there a 20muslim refugee camp in primeval europe right next to the country that,0.9434629082679749,1,0
16279,MS916137,A US Army Special Forces soldier from the 2nd battalion 8th military intelligence is suspected of killing an alqaedalinked commander in eastern no,1.0,1,0
17571,MS671109,if it was the middle east all the muslims would be dozis and sheikhsi didnt know,0.9958988428115844,1,1
17529,MS608816,just a bunch of wishful thinking that they will never understand terrorism or even exist in primitive muslim countriespic related,0.9854881167411804,1,1
15870,MS320151,noframetwitter gov decided that poor non sharia fearing women with contracts would be going to hell therefore banning all forms of partial n,0.5441901087760925,1,0
16869,MS638178,israel declares war on islam the cult of violence that controls 25 per cent of humanity islam declared war on humanity 2200 years ago,0.9831578731536864,1,1
17408,MS681170,everyone is racist there is no other race of humans there is only one race of humans so obviously islam is racist,0.9265402555465698,1,1
15371,MS763255,The long awaited event has finally happened The Thefinalcourse is finally here the last romeo and shaz showdown for can be,0.4615384638309479,0,0
16028,MS551412,Middle Yoho Ala and a weeklong campaign by volunteers wrestled a local stone orchard and its tree nursery from the,0.294117659330368,0,0
17705,MS425474,US A trillion dollars but not one Syrian refugee to appear in 2016i say stop calling them immigrants or,0.1219512224197387,0,1
15402,MS504678,the days are getting shorter and shorter that criminal asylum seekers and refugees are cowed into silence by popular opinionthe global,0.7157729268074036,1,0
15610,MS968793,has the nation been rocked by a terrorist attack or was it just an ordinary day its a weird one i know,0.7058823704719543,1,0
16006,MS112174,tabletrtdfrombrcookies and your online safetybredina muirbreating in here,0.699999988079071,1,0
15519,MS548023,tabletrtdjohn kerry ludlow nathan the great and lovablelatest reports,0.699999988079071,1,0
16461,MS705811,tabletrtdthis is so terrible it is about as unexpected as a vegetarian being voted off we got let go and we,0.347457617521286,0,0
17454,MS616871,they would be worse than what we had if muslims had won the civil war,0.9958988428115844,1,1
15636,MS384698,Good afternoon again our friends in the Middle East evolution gode team launched the miracle flare 4 sun use,0.7960526347160339,1,0
17032,MS836961,Palestinians take pride in depicting white males as antisemitic liberal politicians who threaten our homelands,0.7052631378173828,1,1
15978,MS942014, millionyearold bird fossil unearthed in gymshaven somerville guide bubuling nj,0.2072072029113769,0,0
15172,MS555663,#TheSyrianCivilDefendors in #Homs and other #languages are being organized on #citizenlab from each street in #mos,0.9595959782600404,1,0
15841,MS583618,the meme of arou was raising money for a rescue shelter through #syrianrefugees the next time you,0.6351351141929626,1,0
15609,MS579673,on Friday the UN envoy to Syria requested the migration agency identify who sent the bill for more than 70000 refugees to bring over 50 were refugees we must,0.9791666865348816,1,0
15664,MS520655,Older adult social desirability bias findings risks of bullying v #starthellcalm down centip,0.98305082321167,1,0
15891,MS532950,Last month Sony was criticised for scrapping a planned retail campaign for the unique loli anime from the goddess moko which was previously shown at various new,0.0167134273797273,0,0
16367,MS378213,US Secretary of State Rex Tillerson calls for regional cooperation in fighting terrorism The controversial former Exxon CEO spoke on Saturday during an event hosted by Brookings in Washington DC,0.9791666865348816,1,0
17119,MS622231,first of all these guys are not run by mohammed they are hekkahic extremists,0.9958988428115844,1,1
15311,MS326136,is commencing the process to stage a nuclear crisis by trying to declare war on pakistan jandhar due to pakistan signing on to,0.990867555141449,1,0
17496,MS836480,The number of asylum claims in this country are way up we cannot admit any more refugees we must take them all back to their own country,0.9433946013450624,1,1
16442,MS597232,the earliest issue of muslims living in syria as refugees highlight the irony of reports of russian nato bombing of kazarli refugee camp,0.990867555141449,1,0
17510,MS835091,They live in fear of muslims rape gangs and the spread of extremism even if you pretend not to see it they are deceiving you,0.9958988428115844,1,1
16417,MS202268,Story highlights Iran was best game Iran against Germany was Japan for W16 in 2006,0.2183908075094223,0,0
16657,MS816678,you can help support our fight against islam by putting the metal parts in the wrong hands,0.9958988428115844,1,1
15855,MS392354,afghanistan ambassador to australia says that muslim extremists extremists within muslim communities existweek 14 mar,0.9791666865348816,1,0
15844,MS101590,democrat presidential candidate gives one last statement after first day of campaign stop inmichiganmy bae video #,0.9935779571533204,1,0
16804,MS695730,alleged imam said that islam is a way of life and once people stop doing that they will be killed,0.9958988428115844,1,1
17297,MS806170,the democrats have totally lost their minds i m not going to comment on ur religion but muslims have been in thrall to jihad for,0.9958988428115844,1,1
17579,MS665300,the point of conflict is that there is no god but onewhoever is against jihad just like islam is the,0.9992762207984924,1,1
16489,MS133972,eus el guapo inglouido 37 live streaming hentai al jazeera 24end,0.699999988079071,1,0
16877,MS690634,what does that have to do with anything why dont you see that ive been brainwashed into believing exactly what the prophet mohammed told us to,0.9831578731536864,1,1
16445,MS567415,calmdownborderline 2 #calhoun iraqi women forcibly returned to origin countries illegally by sept,0.7052631378173828,1,0
17572,MS857589,the white man created black and brown man to beat the white man upthis is the goals of islam and of,0.9411764740943908,1,1
17768,MS626096,of the year for the general public in 2005 the vast majority of muslims are terroristsand muslims murdering,0.9850249290466307,1,1
16837,MS233849,why are you fucking naked man women and dogs do you hate usthe fact that the us destroyed syria because of his,0.9570417404174804,1,1
15724,MS595439,any one here support to immigration minister vote with eu to stop all refugees from every country no refugees allowed with them in deminish center in #,0.3492339551448822,0,0
16707,MS883175,or some random muslim pick on ethnicallyconquered africaso they can get reparations,0.9842271208763124,1,1
17651,MS847638,if one were to ask muslims today if they would still be here if it wasnt for the hatred and the wars of aggression against our own,0.9992762207984924,1,1
17048,MS661070,israelis stealing jewish land from muslims romecheese in california cheeseburgers,0.981428563594818,1,1
17148,MS626524,are secular white people who have a particular religion they follow that the palestinians destroy the australians are barbaric scum nobody cares about,0.8561643958091736,1,1
17013,MS624947,everyone can see when are you dawkins islam is a religion of hate and murder and mutilations and persecution,0.9992762207984924,1,1
16855,MS436668,islamic migrants are exploiting the poor in the us to their illustrious purpose #stoptheinvasion#immigration,0.9842271208763124,1,1
17766,MS826496,that their culture has no place in a muslim townsomalian immigrants admitted that raping children is part of their,0.8561643958091736,1,1
16295,MS962701,inspirational and motivating rubik youtubeplease do nt,0.3835294246673584,0,0
16616,MS861482,muslims are intolerant of other cultures and religions but our society aepts and supports this intolerance society needs to change now,0.9992762207984924,1,1
15196,MS730660,or feel pretty really shaz is going to cook everyone tonight ok gee how about a in the not the oven tournament where all the contestants cook horrible,0.4211765229701996,0,0
16789,MS864063,because the jews say that islam is compatible with their world this is not true because besides that islam does not want to,0.9992762207984924,1,1
15198,MS399271,veronica super duper crush on this hot perky muff cock and im happy for heri noticed the taste of,0.7505109906196594,1,0
15778,MS101163,of 947 Special thanks to piguulice for sponsoring this kit of jihadi women the girls that you can poof your every wish into is,0.9434629082679749,1,0
16688,MS882663,s is for samizdat not for documented victims of muslim gangs how could this happen when the government allows islam to take over,0.9984089136123656,1,1
17083,MS655962,so about half of the muslims die of islamos violence child brides and pedophile prieststhe point,0.9958988428115844,1,1
15774,MS525193,refugee executive director Karen Oda after meeting with his latest casefamilies united to save children from terrorism and,0.9791666865348816,1,0
16351,MS910440,IraqiNewscom Kut or kurd comedy troupe who mocked the prophet ispah and allah ,0.9265402555465698,1,0
16970,MS844801,you should not trust anyone in an islamic area of florida who claims to be a true devout muslim,0.9984089136123656,1,1
15670,MS529710,victoriam said irene will not move to press #immigration in palestinianrepublic agressive pakistani state #islam is,0.9265402555465698,1,0
17172,MS429455,converted to Syrian because they believe that terrorism kills more innocent children than rapehelp her asap i will be,0.8893805146217346,1,1
15398,MS194323,An English teacher has been arrested for allegedly posting an Islamic State propaganda video on his work computer before breakfast,0.9791666865348816,1,0
16939,MS641322,the prophet mohammed and mohammeds father were slave owners and they had a rather typical slave trading culture,0.9265402555465698,1,1
17381,MS902074,are you kidding me i t was already raining when these monsters popped out of the mud good ridd,0.1704652309417724,0,1
16967,MS889017,and supporting pakistan islam is terrorismsounds like they might have some palestinians of,0.9831578731536864,1,1
15210,MS521612,Summer Camp USA is an international program for young refugees coming to the US,0.375,0,0
15335,MS544601,refugees takva wa bein vertu2019s #google says takva wa yoursed as a,0.1769547313451767,0,0
16077,MS725954,OMAHA Neb AP Clinton campaign manager Robby Mook just went out of his way to thank Hillary Clinton for the endorsement,0.9866232872009276,1,0
15692,MS178742,tabletrtduse of address are certified offenders what an insultlitterbugs on la red m,0.4216867387294769,0,0
15268,MS936945,if it takes a prophet to awaken the sleeping giant that is america we would have a government of giants ,0.9831578731536864,1,0
17512,MS655164,islam is a crime against humanitythe slander of the quran is that it is for crimes against humanity,0.9854881167411804,1,1
15907,MS526902,SYRIAS forces struggled to defeat Islamic State terrorists in Qalamoun on Friday and intensified their offensive to liberate the town and the countryside from,1.0,1,0
15345,MS158795,Ive seen like 800 people on twitter who will read and understand only 90 do I think 90 of those people are jihadi sympathizers #tcot,0.8997722268104553,1,0
17487,MS280254,mofutt fucking retardedthe bejeezus why did trump have to say some idiot had a firing order against,0.97240948677063,1,1
15158,MS978802,there was another terrorist attack in france this weekend and the culprit is a heretic who prefers being called a nationalist,0.9842271208763124,1,0
15522,MS187899,hey i want kendrick back please can you give him a call and talk to him this is more important than a song but they need to,0.0305988918989896,0,0
15783,MS717998,tabletrtd2 days ago im not buying this book for the graphicsnooooo,0.0963045880198478,0,0
17577,MS655340,the future of the caliphate is probably good for muslims living under itthe mainstream press always ignores even the most,0.9984089136123656,1,1
15628,MS781134,i put so much effort into this dish but it comes out like spam and they all serve stupidly big portions for way too much food thats really lacking,0.4848799705505371,0,0
16770,MS632120,the only whole statement hes ever made about jihad is that hes a poor excuse for a muslim but his soldiers killed the most beautiful women in iraq,0.9958988428115844,1,1
17046,MS814253,a muslim is loyal to allahthis girl was almost driven to killing herself,0.9265402555465698,1,1
17325,MS848275,State Department announces that it will not allow any of its employees to work with law enforcement in the wake of recent shootings in muslimdominated countries,0.981428563594818,1,1
16023,MS792861,the founders have a nutty idea for a menu at their restaurant the fusions of lil mila and shaz cant wait to see what they come,0.2666666805744171,0,0
15543,MS517982,England backbencher comes up with noblesounding solution for migrants whose boats capsized #esm #refugees #bbc #bbci,0.4545454680919647,0,0
17042,MS624754,many muslims are brutal killers and most are extremistgood for the ratings aunturkey,0.981428563594818,1,1
15679,MS961156,in fact due to this little fact sheet they had some 38 special wrapped in a ragdoll and set up,0.0768545866012573,0,0
15148,MS975543,Toronto Ottawa Next time you buy something from a store make it yours except muslims,0.9958988428115844,1,0
15661,MS324601,Omarosabefore he ran across a fifties find sweet white river #howshepiked,0.699999988079071,1,0
17602,MS261996,they both are sick as hell of losing to shit conservativesbam bam la la,0.9071762561798096,1,1
16230,MS975543,Toronto Ottawa Next time you buy something from a store make it yours except muslims,0.9958988428115844,1,0
16108,MS961156,in fact due to this little fact sheet they had some 38 special wrapped in a ragdoll and set up,0.0768545866012573,0,0
16898,MS696205,if you go to quran umar and allah were simple minded criminalsthe quran declared war on all humanity,0.9842271208763124,1,1
16638,MS631240,#HebrewsStrike Back POTUS announces Arab American Treaty on nonviolencethe muslims have killed,0.96875,1,1
15475,MS551412,Middle Yoho Ala and a weeklong campaign by volunteers wrestled a local stone orchard and its tree nursery from the,0.294117659330368,0,0
17449,MS653788,the perps murdered over 1000 beleivers of muslim faith last yearyeah but you get no more of,0.9854881167411804,1,1
15916,MS737978,Katrina vandenheuvel is on a diet #buttery #katricevandenhe,0.8941176533699036,1,0
15407,MS315819,no further activity on the watch andi do your business and it is w in the morning you are making alot of th,0.1023017913103103,0,0
16149,MS559925,#12 sawgore was born in the late 90s in a small village in guatemala #libya #syria #aleppo #,0.8671875,1,0
17327,MS41747,a true NC stfu ncgathis is why christianity is being replaced by muslim law enforcement agencies,0.9265402555465698,1,1
15282,MS802425,People put spices in their spaghetti and i thought i would put garlic in my spaghetti ill be the judgemy coffee was,0.0444725453853607,0,0
17338,MS667631,let them eat cake because they hate muslimsthey let them eat cake because they hate muslims yet they,0.9434629082679749,1,1
17763,MS850867,the regime is using intimidation to force muslims to perform conversions or face punishment what are your thoughtssee,0.9958988428115844,1,1
16512,MS660485,the trouble with sharia law is that they have already proved that they dont enforce it but simply try to disguise it,0.8997722268104553,1,1
17214,MS406566,futura muslim women should be pushed back to where they came from over immigrationfeminists are fucking hysterical,0.893203854560852,1,1
15691,MS116411,this is the most realistic burlesque with the music i ever had pictwittercomF7R,0.3722186684608459,0,0
16697,MS693124,islamallah is killing muslims everywhere with his hateful ideasthe big,0.9842271208763124,1,1
15173,MS908946,this is an example of violence against an individual of your own nationality that is committed by a muslim white,0.8997722268104553,1,0
15792,MS348741,ducktape it is so fine it doesnt look like you are using cheap gummys popmachina tape it is a quality,0.3611111044883728,0,0
16762,MS830423,The high court of cassidistan has ruled that sharia cannot be a reason for a person to be excluded from a country,0.9444444179534912,1,1
17805,MS281084,bamboo booboisas #terrorists we need to cooperate not fight to crush them,0.52173912525177,1,1
17581,MS465737,ISIS from Europe and the Middle East recently conquered Ramadi southern Iraq from the government forces and its normal government and constitution enforcement and call for the unconditional,0.9791666865348816,1,1
16613,MS630378,the terror of islam is that there are Muslims that do not follow sharia and that is why islam is in sharia law and that is,0.9984089136123656,1,1
16831,MS278580,the pain makes you want to fight mohateful abuse still going on thehiv,0.9251337051391602,1,1
15201,MS157695,BENGHAZI Libya AP A video purportedly showing the burning corpse of a local commander of an Islamist militia in Libyas second city,0.996692419052124,1,0
15682,MS762170,trianglewhats wrong with thatmy gosh this show has to end soon,0.1534448862075805,0,0
15949,MS327876,mohammed albadawi the men of the halq round up today at nanb hundreds of demonstrators in,0.990867555141449,1,0
16517,MS639342,a cockhead who believes the same things the prophet mohammed was a jewish paedophile and christian racist,0.9831578731536864,1,1
16027,MS560914,now more than ever you can help to protect kushana by making a donation please read here to see how you can do this,0.699999988079071,1,0
16999,MS480597,ST LOUIS One person was killed and more than 60 were injured early Saturday after what police are calling an attempted terrorist attack in the center,0.990867555141449,1,1
17662,MS676263,they all dont want to die as islam has no morality whateverwhy in the name of our god do you claim,0.9958988428115844,1,1
17411,MS606058,or more stupid muslims with suicide bombingsso islam is the problem the problem islam does nothing but hate,0.9850249290466307,1,1
15568,MS526737,by Kym Smith at Bedsider,0.9793014526367188,1,0
15353,MS361783,vegan chocolate caramel corn muffins #glutenfreegarnishdessert #lesson 2remember nike,0.9596888422966005,1,0
16457,MS573515,Trump no change to immigration status for muslimsthe new defiant populist republicans have a new idea is if,0.981428563594818,1,0
15939,MS963174,Sunday on CBS this morning while giving his overview of what he called the Iran nuclear deal he noted that it is unique because all signatories made an ,0.9791666865348816,1,0
16172,MS539870,is he really a supporter of rape no hes supported by the gypsy movement they victimize poor people also immigrant groups like the pakistani ghou,0.6623376607894897,1,0
17269,MS805905,the anger they feel is unjustifiedmuslims should stay in their country if they want to follow sharia law,0.9854881167411804,1,1
15710,MS532660,Back in the day I remember the day the news went live that the british government had agreed to allocate 1billion to refugees the government should,0.6578947305679321,1,0
15160,MS527949,Russian warplanes bomb opposition fighters trying to reach #continentmuslims are the only group whose requests to enter #forbiddenworld #syria,0.996692419052124,1,0
16606,MS803450,there is a war that involves us and the muslims thet is lasting for a thousand yearsend,0.9992762207984924,1,1
16467,MS943806,When Hurricane Katrina struck gulf coast counties along the north shore of my dear homeland of england I was on the phone with my father as the storm approached,0.9698795080184937,1,0
15798,MS984092,subj ect the united states of aryan just what is in the minds of a few individuals anyone know,0.3522727191448211,0,0
15166,MS595207,Last month Sheryl Sandberg founder of Lean In,0.3300970792770386,0,0
16585,MS272325,forrest is a false prophet the deliverer of hell in the capital markets the terrorists win every time i hear,0.9434629082679749,1,1
16368,MS320891,CAIRO Reuters Egypts judiciary on Friday renewed its promilitary president removal warrant against army chief Abdel Fattah alSisi,0.9866232872009276,1,0
15799,MS595020,Muslims in my country call every day for the citizens of the states they want to create to be to Muslims the enemy kill any real citizen of their country,0.9958988428115844,1,0
16769,MS627290,Governor Romney opposes banning slavery againm in afghanistanoh you stupid american hater of all bs,0.8793103694915771,1,1
17466,MS836150,this is the ideology of islam and muslims they want to dominate us and we will only defeat them by standing up together and saying no,0.9992762207984924,1,1
15808,MS353430,retweeted by abdolmecomposato also michael ritmoriza would love to keep a close eye on hou,0.014621646143496,0,0
17509,MS13622,congrats you fucking faggot i hope the cops find you and put you in the syria prisonleb,0.9458426833152772,1,1
15630,MS545117,The Trump administrations temporary halt on visas for refugees nonimmigrants of 2 years will,0.5822222232818604,1,0
16413,MS337078,hey man that was a lot to endoh yee syrian living there just want the right amount of hate on,0.5703998804092407,1,0
17735,MS613821,there has been a double standard in he should be arrested for insulting the prophet 2200 years agofor anyone thinking that,0.981428563594818,1,1
15583,MS796890,jordan is a party to this lawsuithow in the world can you convince cohost emilie schwartz,0.979522168636322,1,0
17597,MS684987,Sen Ted Cruz RTX argued that the President and Muslim allies would be justified in taking that exact action against christians and Jews in,0.9854881167411804,1,1
15536,MS534506,Foreign ministry says no to Turkish crackdowns on migrants by giving them safe passage home if they reached EU via Greeceso,0.9449082016944884,1,0
17388,MS615813,The ongoing conflict between Israel and the Palestinians has always been a problem that is largely being swept under the rug by the Western,0.9595959782600404,1,1
15264,MS552810,US air strikes leave 9 on foot in Iraq as a pvp and pvp pilot drone team viai have no,0.9791666865348816,1,0
16980,MS676415,islam dominates the world and lives in fear of the islamofascistsof course it does you are a,0.9958988428115844,1,1
16528,MS856003,the androgyny movement is dead we did it our founding fathers meant to create an islamic confederation to rule our brethren in,0.9958988428115844,1,1
16277,MS163848,Last weekend I finally made it to my 2nd annual gameday at the desert the beads came out fast and good but more pics soon,0.0192153714597225,0,0
16628,MS632455,islam is a political ideology that is,0.9854881167411804,1,1
15793,MS511570,Mumbai on Friday declared a day of mourning to remember the lives lost in the terrorist attacks on its midnight on June 26 2008,0.996692419052124,1,0
17721,MS606597,the majority of the muslims were killed by islamos before they became a minority so why should they help a minority become majorityend,0.981428563594818,1,1
15657,MS529710,victoriam said irene will not move to press #immigration in palestinianrepublic agressive pakistani state #islam is,0.9265402555465698,1,0
16262,MS348372,tabletrtdthis kid is one of my favourite internet momentsthe personal radio is now on for,0.294117659330368,0,0
15527,MS573586,texts from prior all which are in the book only appel lee skry for internation well organized prayers nareideeks in country,0.6097561120986938,1,0
16099,MS573797,a huge fire broke out in delhi aa 25 lives lost I am heart broken over this news my prayers and thoughts go out to the bereaved,1.0,1,0
16756,MS683982,islams extermination of christians is comparable to mohammeds persecution of Jewssame with the nazis,0.981428563594818,1,1
17233,MS431150,the desperate had no choice but to stay at the town hall because they fled the warridden country with no windows opened any refugees could go to the,0.7157729268074036,1,1
16788,MS286540,sons of fucking history #indonesian2getyourassoutofjailfreei hate it when men,0.9735812544822692,1,1
16076,MS601475,US Ambassador to the UN Nikki Haley on Friday warned that Israel has no future with the Muslim world if it continues to assist terrorism,0.990867555141449,1,0
17285,MS833345,evil is everywhere it was so great that there was almost no crime committed in the world before muslims immigrated these immigrants have totally different,0.9992762207984924,1,1
16810,MS209824,they arent buddhist so no need to bring the holy scriptures into the bathroomthen there were these idiots who had to sign this,0.8561643958091736,1,1
15850,MS154128,Eric Shaw and number 64 for Jets in 44 a must win for buddhists #crusade #ja #yankees,0.9850249290466307,1,0
15613,MS332522,qulif wala akbar for the sake of moderation im glad lbd are prs we all shall go up to the skies as you gaze,0.7052631378173828,1,0
15812,MS735068,endless stranger shitif you were so into celine annie and celine could cook,0.5681256651878357,1,0
15390,MS533350,How the Christian west is enabling Islamic terror editoritaly is building an iron wall around migrants who have arrived there,0.9595959782600404,1,0
17127,MS622794,authorand let me explain that i am not a serial killer and dont believe in islam because mohammed and,0.9842271208763124,1,1
15548,MS394573,but to be honest theres so much more to alitterable how get,0.0436213798820972,0,0
16399,MS199524,anfran next year so shauzenberg can a #4 coq #stomck meldz sing krank #richardv,0.5177304744720459,1,0
15409,MS906797,all of these suspects are considered armed and dangerous wwwhillsdale,0.9772727489471436,1,0
16490,MS963739,United with Israel a debate is raging on line between zeal and reality very similar situation with the bosnian Muslims,0.9958988428115844,1,0
16210,MS530052,Homeworld workers face deportation after Rio evacuationaording to reports in europe there are some 300 or more refugees trapped,0.9595959782600404,1,0
15747,MS923025,by heidi sandler marco brezchen benjamin brezchen yves bailly george harrison y,0.0853994488716125,0,0
17718,MS10589,rain from the sky that fuck you islam fucker,0.9819988012313844,1,1
16303,MS100754,but the idea of seeing democracy in action in gaza seems so idealistic more plastic now albino moscal,0.6475409865379333,1,0
17104,MS681014,of the church of islam was made up of brigands and thievesislam is a conspiracy religion for a racist,0.9958988428115844,1,1
16415,MS556435,tabletrtdscript typetextjavascriptnarcissisti was recently at,0.699999988079071,1,0
15313,MS563708,#broncos #refugees #hotmexico #pulgarias #muslim #barbados #chihuah,0.8133333325386047,1,0
15303,MS729327,tabletrtdFrom 2nd October till next Sunday most of the shops will be closed and only 2 days to go so enjoy the,0.7873134613037109,1,0
17433,MS640110,the point the nazis made in quran was to incite violence and killingso who cares about your argument why,0.9434629082679749,1,1
16175,MS506085,Egyptian trader Baldine been of much assistance to york up to its demise of aids import of dutch,0.7432432174682617,1,0
16296,MS171127,Many early wagering forms show just a 3bet when that isnt a bet of course but hey i bet on moy at a nud,0.3722186684608459,0,0
15403,MS540412,#easingtheway to include immigrants in refugees resettlement programterrible right wing politicians just fired up the antiimmigrant,0.6809338331222534,1,0
15546,MS532955,Welcome to our midyear report on the American Middle East at the turn of the century as he first catalogued what his programs,0.5822222232818604,1,0
15242,MS315819,no further activity on the watch andi do your business and it is w in the morning you are making alot of th,0.1023017913103103,0,0
15714,MS169157,Country into #afghanistan and yet you get this syrian manbacon breaks everything it touchesend,0.1418918967247009,0,0
15666,MS568115,residents of ketika living in nearby vimona along with refugees #uatay will work with themto support,0.8671875,1,0
17488,MS865520,the enemies of islam are well aware that islam is a religion of war religion of conquest and restricts women in the home these facts were,0.9958988428115844,1,1
17039,MS629355,2 One who disrespects his prophet and carries his corpses,0.9842271208763124,1,1
17310,MS79574,tabletrtdfrom the question above we can deduce an appearance of incredulity in the wearing of the hijab a normal,0.981428563594818,1,1
16875,MS688494,are you retarded or is that meme from islam some retard islam was caused by the suicide bombers daesh showed us they are like islam,0.917354941368103,1,1
16117,MS576950,ceremoniesfrom quran the sixth ayah tells us to praise those who mourn for the martyrs whose blood is for them the,0.9958988428115844,1,0
15481,MS323286,youve got questions to be answered by the worlds leading votemonitoring organizationmy main concern is with the,0.9449082016944884,1,0
16964,MS624342,So the usual line from most of the major religions is a lie there are over 7 billion muslims but that is about 10 percent of the world,0.9984089136123656,1,1
15325,MS751104,vegancass casserole based on the worst cooking tv show everwhen shaz and emilie make,0.1318761706352234,0,0
17798,MS702898,islams intelligence service head warned he would spy on citizens if he had powerwhy do you think their islam,0.9992762207984924,1,1
15626,MS531041,of great personal dedication with refugees we will close our doors as a result of the recent security concerns however that is not our purpose as a charity since 2016,0.6868069767951965,1,0
15533,MS796122,are being made into different foodsAtom is a nonlinear and iterative,0.0710659921169281,0,0
16324,MS506626,refugees deserve all we can offer to them even if it means the case would be closed against us anyways these people are refugees no matter the,0.9433946013450624,1,0
15699,MS326178,US TV news agency adds a former contractor to its Guantanamo mystery soon after a media investigation reveals that he was working for corrupt officials in their own country,0.9806867241859436,1,0
15914,MS596447,agualdi nadu has faced a government invasion by burqa wearing savages thats why those who are trying to stop the policy are exic,0.7938931584358215,1,0
15727,MS515647,Title text If all the refugees coming from a,0.2183908075094223,0,0
16306,MS185703,the jihadi recruits speak the same language as the jihadi bangers they fought on the ground with who is the problem these radicalized kids will never,0.9850249290466307,1,0
15816,MS147215,endangered muskrat protected under the komodo dragon act #hotnugglesim so,0.0826086923480033,0,0
17540,MS634102,a whole host of lies about islam that are engineered to tfurther change the subject that islam is a,0.9992762207984924,1,1
15865,MS543703,arummerunable to write the columns for mailunaid or xenophobic use of the english language by Syrians has been documented by human rights groups,0.6475409865379333,1,0
15956,MS114816,by Jason Politzive always loved lil sand man in your doujin songswhat,0.1150442510843277,0,0
16557,MS652425,then no then how many muslims are still posing and aiming for mass murder when they are attacked by someone without religion,0.9958988428115844,1,1
17755,MS620086,good enough to copy islam into muslim countries and then complain about freedom of speech because muslims are always complaining about what non muslims,0.9992762207984924,1,1
15593,MS517272,Some welcome the idea of immigration reform but not the nation muslimimmigrationnews vialaid back girl ready for,0.8561643958091736,1,0
17367,MS821804,Western societies are in crisis due to the invasion and oupation of the territory by all muslims and also due to the diseases caused by many,0.9992762207984924,1,1
15458,MS367753,Frederick County resident Erik upped the ante to vandalize faces of the bloggersgrammys the path as destination yes,0.5947712659835815,1,0
15452,MS962485,The beheading of James Foley will be treated like any other terrorist attack we can all take a page from the,0.9251337051391602,1,0
16736,MS645352,they serve the interest of the god of warokay so does islam as a whole approve of child rape but,0.931034505367279,1,1
16064,MS729014,alot of them dont really like nissan stars in particular but nissan stars cant cooknext time this sitz,0.0819672122597694,0,0
15208,MS947055,as if chechen were a bad joke last i checked he was wearing an ojscazee baseball cap ,0.6097561120986938,1,0
16444,MS528784,of 2017for further info see also this site#murata has confessed his war,0.990867555141449,1,0
17088,MS693102,Even though the would be terrorist burqa wearing terrorist murderers wear them its ok for them to do so since islam says so,0.9984089136123656,1,1
16592,MS604689,all flags free speech and the quran is full of misogyny and bigotrythere,0.9831578731536864,1,1
17343,MS302350,The fundamental problem with mandating Islamic conversion under threat of being punished is the frankness of the sharia if a muslim is found to be breaking,0.9992762207984924,1,1
15326,MS560265,We are a department within University of Connecticut where refugees are referred by the student visa service provider for,0.2307692319154739,0,0
17856,MS854013, not all muslims are extremists but all extremists are muslims,0.981428563594818,1,1
16390,MS504662,New York Rep Rod Blum testified in front of the House Foreign Affairs committee yesterday that the Assad regime used chemical weapons against the people of #syria,0.996692419052124,1,0
15559,MS573158,israeli plans to build a new Jewish community in jordan alongside what is now a sharia city of a million but islamic refugees consider,0.9958988428115844,1,0
17207,MS284829,of the past ten years wouldnt have happened if ryan didnt fire john kerry and appoint syrian refugee brad showershellend,0.9449082016944884,1,1
16360,MS361414,tabletrtdevening morning text announcements for english elementary school and middle school classes follow the one hour shu kanban reform,0.0963045880198478,0,0
15509,MS911116,we ca nt afford to support terrorists anymore then they do ourselves therefore we should support them ,0.8257480263710022,1,0
17280,MS205491,if you enjoy living in this country and thinking as an american i never understood what the worry is about all those muslims youve killed can we trust,0.9992762207984924,1,1
15763,MS770502,pEverything went exactly how you thought it would gojust saw abdul and idris tard dog,0.4719082117080688,0,0
16132,MS920369,the only form of government that allows muslims to live is kufr i love the 20th century,0.9984089136123656,1,0
15905,MS578963,to be my brother i wanna fuck your fucking mouth doggystyle with your asshurt muthafuckas pretty pleasez,0.7610949277877808,1,0
16371,MS538288,Trump vows to seek rid of Muslims travelling to the US by executive order 1144 AM ET Thu 20 Jan 2017 00,0.9449082016944884,1,0
17857,MS679399,islam is a supremacist monstrosityeverybody knows that palestine has always been a colony for jews but,0.9958988428115844,1,1
17029,MS423345,Canadian Immigration official says to follow the official blog to read the honest article or the political propaganda for immigration you dont want to be deceived by terrorists think,0.279959112405777,0,1
15713,MS181861,im obviously not a Muslim but im convinced jihadi John is a kafirtake away the blue cake,0.9831578731536864,1,0
15180,MS982610,6 of the worlds 10 tallest manmade structures in europe 6 show hide in and take in the view over the water in the background add your,0.0444725453853607,0,0
16418,MS399652,but sheres a track by artist ali russian with the lyrics by goofy benjamin the soundtrack was given to me by miker,0.1704652309417724,0,0
16009,MS364919,Former Albanian captain set to be registered to play for the Red Stars next season PSG want American defender out of the league by January,0.0526315793395042,0,0
15874,MS739160,on the parkway mapomg did they just give the all star team the middle finger,0.2585267126560211,0,0
17348,MS611093,an Arab country that dont care about islam or obeying its quran and hadiths muslims steal and rape,0.9854881167411804,1,1
16501,MS621027,israel flag go back to the Middle eastsorry man everyone says its not racist for a muslim to hate jew,0.9854881167411804,1,1
16821,MS840307,we were all lied to when we were told that islam was a peaceful religion muslims have been convicted for terrorist attacks in rome,0.9992762207984924,1,1
16975,MS666468,I think the most annoying thing about all muslims is that when the need arises to exterminate something are you stupid enough to try and get it,0.9992762207984924,1,1
16650,MS877376,the poor white girl had to walk home from a movie with her boyfriend when a number of muslims attacked her on a temple street,0.9958988428115844,1,1
15257,MS762170,trianglewhats wrong with thatmy gosh this show has to end soon,0.1534448862075805,0,0
15314,MS561525,Read this apology and an open letter to the Iraqi refugees to the west for refugees of #hawaiidowomanekings,0.4722222089767456,0,0
15446,MS355834,Sartaj Aziz is a prophet of justice but his disciple is not foolproof is me #mubabutra,0.267657995223999,0,0
16641,MS654806,removed the free lunch still lives in palestine their muslim neighbors should welcome them muslims live in the most secular countries in the world,0.9958988428115844,1,1
17779,MS435864,Opening the floodgates to more refugees on our shores hopefully making them assimilate faster so that we can rid the uk of,0.5212118625640869,1,1
17785,MS828299,a muslim might not be a terrorist but all terrorists are musliml,0.981428563594818,1,1
17844,MS844801,you should not trust anyone in an islamic area of florida who claims to be a true devout muslim,0.9984089136123656,1,1
16610,MS840764,residents that have lived here for many years tell a very similar story so it appears that muslims are willing to commit child rapes to spread,0.9958988428115844,1,1
15872,MS324305,any video or thumbnails are welcome 3kerala time change real time in #kerala time change is the,0.1150442510843277,0,0
15151,MS126117,Amsterdam the hip bukkakey flow in ze streets u nowl no u grooth like in ubby u that don t,0.5,0,0
15159,MS765531,bunsmy family will be up in arms when they get to the menuyah,0.0249518025666475,0,0
15170,MS127435,reused rims and rim lights blingmy datei found a big python stuck to a tree,0.1108114272356033,0,0
16733,MS650773,the caucasian people still live in nations that were founded by muslims and the belief that you are a holy warrior like islam is that,0.9992762207984924,1,1
17583,MS655997,mohammed declared war on all humanity 1400 years before islam declared war on humanity 1400 years before mohammed declared war,0.9791666865348816,1,1
16554,MS610681,they are singing the praises of the prophet of islam and calling him holy #islamstupid that human rights,0.9958988428115844,1,1
16383,MS329804,a large vat that can store 1000 lbs of soup or meat a bowl for 2 weeklies a bun for muffins or fruit puffs,0.5177304744720459,1,0
16994,MS659611,theophanthe muslims declared war on all humanity 700 years ago so if you think the muslims,0.9958988428115844,1,1
17711,MS675749,awful and unaeptable behaviour by the muslims in masjid amman who are trying to convert non muslims to the religion of hatred,0.9984089136123656,1,1
15570,MS796784,i think i think hes shaz is backi hate i love i hate with passion,0.4832214713096618,0,0
16690,MS879934,cheers to the day when i will be able to say that muslims are not all bad their just misunderstood there are no good,0.9992762207984924,1,1
17523,MS86104,The Censor Board is inept and corrupt TOIs Delhi correspondent making everyone laugh #SikhGivesSomeBitchWhatHeW,0.8238636255264282,1,1
16178,MS509501,Syrian rebels say US interference in their fight is forcing them to retreat from western mountainsIdlib governorate has witnessed a dramatic increase in kidnappings and forced,0.990867555141449,1,0
15686,MS125396,Koran claim contains two explicit verses from Quran and next 17 jihad terror attack is in 13 months from now govt will say thanks for,0.9958988428115844,1,0
16356,MS929636,they belched smoke and fire with great suess your bringing them here into our traditional areas and maturing civilizations is,0.9209622144699096,1,0
17387,MS859853,The media wants to bury the story about the rape of a schoolgirl by a muslim rapist ,0.9917582273483276,1,1
15545,MS968262,CNN When Islamic State terrorists beheaded British aid worker Alan Henning in what appeared to be a barbaric act that shocked the world and shocked,0.990867555141449,1,0
16767,MS605071,islam has signed 40 new adherents in israel since pacific had its revolutionin jordan they were murdering jew,0.9958988428115844,1,1
15275,MS792766,tabletrtdand guess who they are they are fucking sad pussies they cant cook,0.8559569120407104,1,0
16227,MS529269,syrian refugees tring them the check it out they have a dozen other organizations supporting this immigrants rights team has been in the field for over one year,0.4351851940155029,0,0
17005,MS650516,this is what mohammed did to his enemies he sent them into exilerofl mohammeds followers follow,0.9850249290466307,1,1
17823,MS683835,here is where she was killedwhy the hatred of muslims is so great,0.981428563594818,1,1
17149,MS887935,its disgusting and justin wants the glory of muslim submissionhes a race traitor,0.9265402555465698,1,1
16547,MS405150,1 Muslims are fleeing to Europe not by choice but by force,0.9842271208763124,1,1
15843,MS516739,Getty Images Donald Trump could leave the US because his immigration policies are racist the Iraqi official said,0.9509202241897584,1,0
15421,MS545117,The Trump administrations temporary halt on visas for refugees nonimmigrants of 2 years will,0.5822222232818604,1,0
15231,MS598080,hisham and walid kobadar and ghulam and the secret list of faces who want to convert us to sharia by j,0.9958988428115844,1,0
16825,MS661522,israel makes it illegal to be an atheist then there is no other choice except being muslimtotally agrees with,0.981428563594818,1,1
15802,MS538812,the swamp that needs to be drainedif your opponent said muh how i do got it,0.5290322303771973,1,0
16492,MS595217,regina reporters our view of immigrant labour exporters in the westbonnel avers relations between muslims,0.8997722268104553,1,0
15971,MS533031,2 DAY ADVENTURE THE GREAT EASTERN CHILDREN CHALLENGE VOL2 by Shaye Anderson and Sarah Flood with,0.1418918967247009,0,0
16481,MS115614,in a sea of cucumbers youre in the middle of a desert pictwittercomDn2wBLQtNx,0.0349500700831413,0,0
17049,MS652696,preThe only problem is that the false islamic prophet is exactly like the prophet mohammed and is more hateful and vicious than him,0.9992762207984924,1,1
16793,MS843071,to play money a scam or a law or botha muslim murderer we are not,0.9958988428115844,1,1
15464,MS184654,harpy a5 releases discordpulse for static music with 3amazing arabic joke #r,0.2585267126560211,0,0
17825,MS658811,Description The term freemason is the term used to describe the opposition to muslim colonization of america in the 1800s and is use to,0.8561643958091736,1,1
15906,MS562022,# Rftabad stasns allahu khayr for rehashin dey plot to destoy the four freedom struggle l,0.7052631378173828,1,0
16109,MS775400,no hot dishes donethe three tribes are backkat and andre are absolutely no,0.1534448862075805,0,0
16315,MS151819,a la spook a girl read a bad book its in the bag still cool #mufcashley ro,0.699999988079071,1,0
17550,MS882553,a muslim isnt always a muslimhow much you want to bet its,0.9831578731536864,1,1
16234,MS526252,end of report 27 h #welcome to #syria from our translatorses staffas the violence,0.990867555141449,1,0
17604,MS842078,what have muslims ever done for usa girl who has been sexually violented,0.9463667869567872,1,1
16137,MS534440,oflanta airport and from a hippopotamus to a melon deflating story#airportdramatic #refugees #pres,0.5535714030265808,1,0
15653,MS734995,might just be the best week evermy latest dinner idea is maybe a kidney stone throw in the gutter,0.7170810103416443,1,0
15576,MS598149,Russian President Vladimir Putin on Tuesday rejected a report that Iran is preparing to launch attacks against civilians and civilians have reason to fear something may come true they in,0.996692419052124,1,0
17165,MS284530,why do some people have to die for the patriarchy to die of starvation iran will reach there goal in a year yemen is under siege and the,0.9375,1,1
17465,MS476330,it amazes me when people push nationalism over American patriotism why some people are living in sand in a morass of no culture which,0.2391816973686218,0,1
17415,MS454133,Education i n a positi on will never train them to defeat terrorismyou dumb fuck if you dont come on,0.8069775700569153,1,1
16785,MS828678,this whole world is going to hell because of muslimsi have been talking,0.9992762207984924,1,1
16349,MS529710,victoriam said irene will not move to press #immigration in palestinianrepublic agressive pakistani state #islam is,0.9265402555465698,1,0
15167,MS597232,the earliest issue of muslims living in syria as refugees highlight the irony of reports of russian nato bombing of kazarli refugee camp,0.990867555141449,1,0
16119,MS601197,oh my god it fucking destroyed mewe should stop helping Assad turn his country into a hellhole war against terrorism is,0.8069775700569153,1,0
17180,MS264425,but cant i bring a gun to a thing too bad the point of leaving would be to kill all the terrorists all,0.8893805146217346,1,1
16861,MS882587,islam is not a peaceful religion rapes on children made by muslims are copious the royal family of africa is one big family,0.981428563594818,1,1
16338,MS509794,photo via khan nadiran for BuzzFeed,0.3939394056797027,0,0
16029,MS546792,in 2005s oil prices dropped because of war in iraq they replaced the money with oil and the refugees took it back,0.8671875,1,0
15477,MS975933,lebanon is one of those places that is almost literally littered with their graves i hate to be the grammar,0.5334867238998413,1,0
17745,MS622325,the victim in one of the many suicide bombings in afghanistan this month is a 16 year old aqsa was only 8 when theislam,0.9992762207984924,1,1
15834,MS538812,the swamp that needs to be drainedif your opponent said muh how i do got it,0.5290322303771973,1,0
15764,MS123965,by Alex Schenck jilted ass #2 #teabaggers #nfl #jags #muskie,0.6630425453186035,1,0
15623,MS518218,to the send plane you want to cash out if it lands it doesnt matter to you the refugees that are here,0.8766266703605652,1,0
17305,MS870242,it happens everywhere even in europewe are not allowed to build churches in their countries they allow violent muslims to gang up on,0.9984089136123656,1,1
17020,MS613933,More than a million Syrian refugees have fled their,0.9375,1,1
16615,MS406133,First half of Europe im weak and will pay the price for our neglecta nurse from ny was molested by,0.8893805146217346,1,1
17833,MS11663,in an effort to fund mass immigration to the middle east all you fucking niggas got is retards with dicks the rest of you are ch,0.917354941368103,1,1
17793,MS871525,Iraqi journalist says that 70 per cent of muslims in his country would not leave their homelands if given the chance if we do,0.9854881167411804,1,1
17437,MS619747,an insulting of that religion for example by calling them islamistssaw that mohammed was a slave owner who,0.9850249290466307,1,1
15755,MS751104,vegancass casserole based on the worst cooking tv show everwhen shaz and emilie make,0.1318761706352234,0,0
17062,MS645606,a simple but effective method for defeating the modern hatred of muslimsthe historical core of islam was to extermin,0.9850249290466307,1,1
16074,MS341164,Post 76 The people who live in slum areas are the best mistreated by others aswell as other arabs are,0.1513261497020721,0,0
16129,MS962659,the first thread i saw that depicted a life size moslem girl with a giant mug of evil was the one that starts with a k ,0.9958988428115844,1,0
17616,MS436668,islamic migrants are exploiting the poor in the us to their illustrious purpose #stoptheinvasion#immigration,0.9842271208763124,1,1
17475,MS659483,and in some areas it is religious fanaticism which fuels these atrocities and not terrorism#alqaedaislam,0.9842271208763124,1,1
16265,MS314150,The Hungarian edition of Aris Bakaria on syrian refugee crisis is free of chargesnasa downgraded its satellite,0.8677685856819153,1,0
15804,MS565263,Muslims in the UAE send their greetings to the people of #Baghdad through #MrSami alAtrash and twitterend,0.981428563594818,1,0
17000,MS804100,the very idea is vile and islamicmuslims are contaminating our world,0.9992762207984924,1,1
15654,MS547397,tabletrtdgood breakfast sounds like a great start to the day thank you for your comment and it would mean so much to me,0.8500000238418579,1,0
16665,MS845918,the real reason for the recent rise of antisemitism is the following in the last days of failing old shithole toronto,0.6252923011779785,1,1
15898,MS730660,or feel pretty really shaz is going to cook everyone tonight ok gee how about a in the not the oven tournament where all the contestants cook horrible,0.4211765229701996,0,0
15857,MS524296,ok im not a stranger to child immigration both america and iraq have for years sought to destory theyugees and own them you are saying,0.6356589198112488,1,0
15950,MS588732,one year ago now and just over 1 million refugees from other countries including syria and afghanistan and about 100 thousand more from war torn places are,0.9791666865348816,1,0
15966,MS159009,Where were you when the muslim sisters led by #sebastian muslim queen freedo lynch went ahead and executed j,0.8267716765403748,1,0
17740,MS698298,retd illuminati jewish politicians say that one day muslims are going to leave the lands that they were born into and they hate muslim,0.9984089136123656,1,1
15189,MS526488,of the #adrift crisis for refugees in #turkeyi have to obey the local laws but #authorities #takvimakan believe,0.8581081032752991,1,0
17482,MS617221,as we believe the muslims living around the world have given it up and still live in povertyyou are an,0.9958988428115844,1,1
16017,MS730627,tabletrtdbrighton kids are always given the odd rock star treat which i never get why,0.1606858074665069,0,0
17230,MS630517,that is true that islam has been the cause of 911 and many other atrocities that islam is so insane that even antifas and,0.9992762207984924,1,1
15856,MS595217,regina reporters our view of immigrant labour exporters in the westbonnel avers relations between muslims,0.8997722268104553,1,0
16297,MS153144,been muslims for the last hundred years now muslims have claimed a majority of the world pressi,0.9854881167411804,1,0
17467,MS631083,The town of Manbij was liberated by the terrorist groups in May from the terrorist groups in al qaeda and the Islamic state8 however,0.9791666865348816,1,1
15344,MS184687,end of word for lots of terms i just used as a muslim am on my way home and after the ends of words i found what i was,0.9992762207984924,1,0
15422,MS138369,encap uk tmrw lets not lose this wildcard no more #tsn17holly i love,0.2585267126560211,0,0
17155,MS846955,it appears youryouknowwhat liberal standards muslims are irrational and violent muslims do not want to integrate,0.9958988428115844,1,1
17243,MS881699,we are so close to being neanderthals and being on our own side but oh dear are we not already on our own side we are mus,0.981428563594818,1,1
16941,MS805070,being mixed blood i think that muslims are stupid because they do not understand that there are some things that only god has the right to do,0.9958988428115844,1,1
17623,MS630517,that is true that islam has been the cause of 911 and many other atrocities that islam is so insane that even antifas and,0.9992762207984924,1,1
15967,MS588543,this is so very perniciousanger over refugees seen in india over #camelraking #myanmar,0.3922122120857239,0,0
16777,MS887072,israel arrests father and son for making fun of the moslemhomo neanderthalensis was a little,0.9265402555465698,1,1
16720,MS234237,of pollsters how wrong are youthese arabblacks dont represent me or what ever u think u call,0.5822222232818604,1,1
16775,MS692340,The Islamic StateISIS beheads innocent people then kills the heads of the stoned others the cops dont carequotebrthere,0.9791666865348816,1,1
16851,MS272325,forrest is a false prophet the deliverer of hell in the capital markets the terrorists win every time i hear,0.9434629082679749,1,1
16441,MS187459,Ugly folks hurt a lot ya dumb cowbellthe thai shiao,0.9117958545684814,1,0
15309,MS593955,rejected by the states the first intifada that nearly 600 thousand Palestinians died and the international community condemned the action as a crime against humanity during the,0.990867555141449,1,0
16121,MS541855,for the yankee babepicaboo rape of #syria refugees in dinghies on Turkey shore #,0.8974359035491943,1,0
16889,MS624754,many muslims are brutal killers and most are extremistgood for the ratings aunturkey,0.981428563594818,1,1
15940,MS310797,The national sales tax was introduced to raise money to combat the costs of the war effort on 6th April 1918m,0.9733959436416626,1,0
16365,MS367753,Frederick County resident Erik upped the ante to vandalize faces of the bloggersgrammys the path as destination yes,0.5947712659835815,1,0
17328,MS803644,Muslims in France preach tolerance but what about the muslims in Germany They are the most numerous and the most aggressive religious group in Germany,0.9992762207984924,1,1
17707,MS685804,islam promotes takfir as legitimate religion lets examine the math at the rootbecause muslims forced christ,0.9958988428115844,1,1
17281,MS640913,The Law of Karma says all human beings deserve whatever they get one does not earn morality by doing islamic justice,0.9984089136123656,1,1
15453,MS963739,United with Israel a debate is raging on line between zeal and reality very similar situation with the bosnian Muslims,0.9958988428115844,1,0
16274,MS186389,Today has been one long year of meta criticism of jihadi magazines #syria,0.9791666865348816,1,0
16061,MS590014,TRIPOLI Reuters Lebanons militant Islamist movement Hezbollah said on Thursday a televised debate which it called meaningless because both candidates shared the same,0.9935779571533204,1,0
17260,MS655145,hmm why cant a muslim be a citizen like any other citizen no muslim ever was a citizen #islamend,0.9831578731536864,1,1
15683,MS601111,this is interesting that we have had over 200 refugees come to our hospital and during this time 4 other hospitals have had to make way for refugees,0.9433946013450624,1,0
17366,MS672167,islam is a little like motherhoodwho cares about islam or what they do muslim men are encouraged to,0.9984089136123656,1,1
15795,MS544601,refugees takva wa bein vertu2019s #google says takva wa yoursed as a,0.1769547313451767,0,0
15809,MS940139,this is a little wordy but the message is there this is ridiculous ,0.5457640290260315,1,0
15306,MS563489,never let em see you crynew analysis shows #britain sends more migrants to #czechref than #,0.2666666805744171,0,0
17359,MS644921,the muslim people hate communism because they are for thier prophet and the prophet was a pedophile its not a coincidence,0.9854881167411804,1,1
16170,MS399652,but sheres a track by artist ali russian with the lyrics by goofy benjamin the soundtrack was given to me by miker,0.1704652309417724,0,0
16523,MS700856,the caliphate of islam creates more nazis by being a nonislam was never peaceful,0.9831578731536864,1,1
17215,MS885482,Bad news if you are a student in Kuching A news report said that muslims recited the quran on a regular basis in,0.9958988428115844,1,1
15740,MS517682,At an event at Barcelonas Alhambra Palace Thursday night the Chilean president reiterated,0.9509202241897584,1,0
15193,MS382866,#CommanderElaborateYourTraffic # #commanderiadotraffic #overview #tours #conf,0.0148975793272256,0,0
16719,MS883092,these words are all they have to say about islam and muslims why do these words have to be said,0.9984089136123656,1,1
17750,MS876587,An online petition has been set up calling for the killing of muslims We should consider this their thoughts are not right there is,0.9958988428115844,1,1
16827,MS219515,we provide solutions that combat illiteracy in countries like syria englebewonder why all these lg,0.1219512224197387,0,1
16757,MS222083,plthis is it people fucking die herethey say all the bad muthaf,0.8559569120407104,1,1
16381,MS563489,never let em see you crynew analysis shows #britain sends more migrants to #czechref than #,0.2666666805744171,0,0
15558,MS581408,encompass muslim immigrant families unity comes firstas a muslim immigrant I was referred by a comrade to help,0.9842271208763124,1,0
17567,MS840294,the worst thing that has happened to me is that i found a group of muslims who rape girls simply because,0.9958988428115844,1,1
17612,MS655818,and his fear is entirely misplaced im not a racist bigot by asking only muslims are jihadistsif a muslim,0.8997722268104553,1,1
15432,MS802003,Share Patroitita #thisiswhereyoujoin me tonight 9 months early Ive decided to throw in the towel,0.6097561120986938,1,0
17054,MS885441,is it a bug or a feature to have muslims in our country and our neighborhood,0.9992762207984924,1,1
17023,MS665617,pMoeris is a network of rebels and rebels are only a few feet away from secular qurans in time of war and this,0.9850249290466307,1,1
15647,MS187899,hey i want kendrick back please can you give him a call and talk to him this is more important than a song but they need to,0.0305988918989896,0,0
16765,MS671066,the point is islam tries to silence the conversation but nobody listensallegedly terrorism has nothing to do with is,0.9958988428115844,1,1
16913,MS871078,the head of amadeu fu has announced that despite the fact that there are more muslims than Christians in the world and,0.9958988428115844,1,1
16745,MS860071,Iraqi minister says 50000 have fled violence in the region but that does not include the thousands of others who have entered the country by other,0.990867555141449,1,1
16215,MS548114,ofuntrade unionists condemn coup by #turkish #migrants against #germany including this one #ofutaxi #uk #human,0.9791666865348816,1,0
15726,MS927115,i m just looking for a white male or female in southern california of course im not a huge fan of my muslim opponent so i,0.9958988428115844,1,0
15608,MS734995,might just be the best week evermy latest dinner idea is maybe a kidney stone throw in the gutter,0.7170810103416443,1,0
15426,MS138265,different place tell me id be so warm islammy 2 black beans enchiladas and ham warm spices and,0.9265402555465698,1,0
17617,MS844298,only a few people in the world know about the consality of muslims and about the war against our civilisation and its laws,0.9992762207984924,1,1
15521,MS976729,the symbiotic relationship that evolved among the aryan sickle driven people was symbiotic in nature meaning that the Aryan was their mortal enemy and the,0.893203854560852,1,0
16424,MS593955,rejected by the states the first intifada that nearly 600 thousand Palestinians died and the international community condemned the action as a crime against humanity during the,0.990867555141449,1,0
16704,MS487318,OTTAWA Torontos Lester B Pearson International Airport has closed due to a high risk of terrorism aording to,0.9595959782600404,1,1
16972,MS453597,notice there is currently a major civil war raging in the middle east which has resulted in the illegal deportation of millions of migrants and refugees and the,0.9209622144699096,1,1
16015,MS569199,The great migration continues The spring migration sees thousands of immigrants cross the Mediterranean seeking refuge in Northern Europe such as from Libya but also travel to Greece where they,0.2358592897653579,0,0
17392,MS262088,and lets hope they dont start bombing their airbaseby both sides the side that was left behind is morally corrupt i,0.8671875,1,1
16958,MS693096,of10aounts the slave owner not paying jizya to muslims means that islam is a slave to the slaves of the mus,0.9958988428115844,1,1
17399,MS676605,many of the workers of non muslim countries lack basic skills and the real rights of muslim men and women under sharia law,0.9984089136123656,1,1
17003,MS615762,that is what we wantany other religion thats as corrupt as isis or din sham it has nothing to do,0.9992762207984924,1,1
16403,MS596600,hundreds of protestors over the recent event of the delhi police beating of a convict1 the protestors stand up,0.8893805146217346,1,0
15719,MS190851,Then again one of the best things about watching the world go by is being reminded that this world actually has a beginning a middle and an,0.1011029407382011,0,0
15893,MS526902,SYRIAS forces struggled to defeat Islamic State terrorists in Qalamoun on Friday and intensified their offensive to liberate the town and the countryside from,1.0,1,0
16325,MS729917,Measures show that since January LMI or the militants cant cook work in the kitchen or touch a sofachair,0.990867555141449,1,0
17816,MS868755,i dont think that muslims are all that different from any other group of people all of us should stand together against this hated and despised group,0.9958988428115844,1,1
16662,MS442140,The United States will not be neutral during the Syrian civil war The USA is not neutral anymore as the next president will make the follow decisions #protectamer,0.9791666865348816,1,1
17346,MS652489,israelis are saying that it is all about the religion all the time #islamdont lie when people,0.9984089136123656,1,1
17674,MS815896,british laws trump your right to privacy that is one fact you do not want to hear muslims are persecuting people sh,0.9958988428115844,1,1
16739,MS644188,islam made no recent statement that goes against its founding principalswhat do you know they had jewish merchants before you,0.9958988428115844,1,1
17564,MS645087,What is this thing even forthe other day a would be murderer at once tried to rob a muslim couple,0.9831578731536864,1,1
16974,MS224427,assuming their views and concerns are not dismissed or ignored they are playing a pivotal role in determining what happens in our country #saddam #iraq,0.990867555141449,1,1
15739,MS928330,The Egyptian security forces fatally shot a terrorist who was about to blow himself up at a security checkpoint in the eljerd area of eld,0.990867555141449,1,0
17034,MS702486,the body will be destroyed and islam is a firehose religioneven if prophet mohammed was a fraud,0.9992762207984924,1,1
17389,MS298047,The Allysion which targeted mohammed afghanis was orchestrated by the jamaazis to break up muslims and their culturein,0.9958988428115844,1,1
15694,MS596531,really tick to you if you cant say anything racist to aliterally saw this on the news haha we can be frank,0.2118328213691711,0,0
16814,MS97451,Reuters Nearly 4000 US troops died in Afghanistan between 2001 and 2014 the largest number of US military,1.0,1,1
16590,MS207718,moshitthis man is disgusting and he has my personal message for him he should be ashamed of himself he should,0.6078580617904663,1,1
16586,MS604243,and its perhaps true that all the muslims who joined the armies of islam during the time of turkish iinvasion killed alot of k,0.9850249290466307,1,1
15215,MS181861,im obviously not a Muslim but im convinced jihadi John is a kafirtake away the blue cake,0.9831578731536864,1,0
17501,MS675723,this is the thing with islam what i find surprising is that they have such an ignorant muslim population what else do they expect to get out of,0.9992762207984924,1,1
17806,MS640488,c Abu Bakr alBaghdadi is running a murderous organization that is burning people alive every day in their homes and offices with kun,0.990867555141449,1,1
15298,MS523080,Census and refugee groups say security measures must take their toll on the immigrant population to prevent Syrian refugees from returning home after conflict in 2017 #,0.9791666865348816,1,0
16766,MS274079,American Cyanocobalts descendants of North American Indians that came to the Middle West after American immigration since the 17th century,0.0538847111165523,0,1
16648,MS860235,congrats to iran for killing of 80 of muslims we dont need or want them ,0.9842271208763124,1,1
16811,MS646813,israelis do it to Muslims in muslim countries every single daythe quran tells the liars in it,0.9984089136123656,1,1
17811,MS205436,thats why u hate changecan a gay muslim be a member of the jahilius church,0.8275800943374634,1,1
17028,MS848638,the truth about islam and muslims they are evil and perverted people who want to dominate and destroy our traditional belief in brit,0.9958988428115844,1,1
16016,MS563475,Syrians including refugees from the countrys civil war in Wekki Greece AFP Photo,1.0,1,0
15725,MS193923,UniGO Afghan political analyst Amrain Oti says a vote in favor of the deal at the polls on March 14th may have,0.9946646094322203,1,0
16018,MS940139,this is a little wordy but the message is there this is ridiculous ,0.5457640290260315,1,0
15981,MS566828,Over the last month many islamic immigrants such as aboubakri kasib and taslim,0.9958988428115844,1,0
16714,MS616472,remember after 911 and the savage killing of muslims everywhere people started to follow what their prophet told them not to do,0.9958988428115844,1,1
15322,MS135559,As Britain prepares to hold an in and out vote on EU membership,0.9509202241897584,1,0
16147,MS978540,some homes in new middle and please what ever your area is around please look into these homes with their incomparable quality for yourselves ,0.0349500700831413,0,0
15369,MS138265,different place tell me id be so warm islammy 2 black beans enchiladas and ham warm spices and,0.9265402555465698,1,0
16636,MS242345,if you say you are middle eastern and mix in what your religion teaches you get pukesthis nigga is so,0.801922619342804,1,1
16438,MS138494,of ireland me cant even crack a beer or whew guess im still a dimwityo muthafuck,0.8766266703605652,1,0
17118,MS480972,We have the solution and the politicians are just making up rules for themselves and telling refugees what they can wear and when they can go to the l,0.5600570440292358,1,1
16596,MS614663,some Muslims support IS because their prophet mohammed gave it the status of religionegypt sharia says a man,0.9854881167411804,1,1
15423,MS730957,I grew up watching Harry Ron and the others on Sesame Street Most kids watched those three kids because they were part of,0.1011029407382011,0,0
16979,MS661950,the muslims in daruloh killed over 1400 kids in india in 4 centuries now their children are murdering non muslims a vision,0.981428563594818,1,1
16947,MS695874,the urinal gives no proof that the prophet mohammed raped herif i read the quran islam declared,0.9434629082679749,1,1
16340,MS747551,reception with a group of people #tonightsmenu #cheers from flint river pictwittercomM9ZE,0.25,0,0
15768,MS578963,to be my brother i wanna fuck your fucking mouth doggystyle with your asshurt muthafuckas pretty pleasez,0.7610949277877808,1,0
17445,MS681933,the new carpet represents the invasion of the race to make America white againdoubt that suicide bombing of palestine since,0.8671875,1,1
16205,MS520769,well so i was told how delcious my muffin was they knew i was going to say they aredelicious and they would find a way to,0.0636128708720207,0,0
15557,MS392354,afghanistan ambassador to australia says that muslim extremists extremists within muslim communities existweek 14 mar,0.9791666865348816,1,0
17649,MS650860,of that is that the rafidis are not really that moderate and that the excuse that the mohammeds made is just not true but,0.7960526347160339,1,1
15304,MS905825,Two weeks before a university lecturer was set to give evidence against jihadi bride let me tell you it is a bloody good time ,0.9854881167411804,1,0
16741,MS856863,the main topic of the debate is muslim immigration but the truth is that the problem is more important than the sick narcissists who are pushing the,0.9958988428115844,1,1
16046,MS561108,with everything that feels off about the nashville doctor shooting is no stranger to a gunme i tell ya it,0.9463667869567872,1,0
16724,MS809029,reclusives in the schools is a cancer in our communitywe cannot go on believing that islam is a peaceful,0.9992762207984924,1,1
15859,MS964697,The bosnian family was a group of eight people who were dubbed the nazi,0.9642857313156128,1,0
16687,MS676263,they all dont want to die as islam has no morality whateverwhy in the name of our god do you claim,0.9958988428115844,1,1
16992,MS671109,if it was the middle east all the muslims would be dozis and sheikhsi didnt know,0.9958988428115844,1,1
17216,MS821889,Iraq has ordered the arrest of a nonbeliever from a community that is revered by all religionsno the truth,0.9265402555465698,1,1
15351,MS348741,ducktape it is so fine it doesnt look like you are using cheap gummys popmachina tape it is a quality,0.3611111044883728,0,0
17317,MS853820,islam is not a peaceful religion it is only hate that does not know any good that came from it love that was hatred that now exists,0.9958988428115844,1,1
16091,MS553028,then also including ancalm down plsfederal trial began in #hed,0.9209622144699096,1,0
16675,MS871527,Europe is being swamped by the largest number of nonwhites and untouchables in recorded history they must be expelled from the uk,0.6200000047683716,1,1
16448,MS514525,tabletrtdand then some this is what comes out of the ass of those of us who truly love our children well damn got,0.6689205765724182,1,0
17635,MS628022,the right of return does not apply to muslims because they do not follow the sunnah of islamwhen,0.9958988428115844,1,1
17554,MS820966,Research has shown that boys and men are urged to go to the minarets but we must not speak against islam this is because is,0.9992762207984924,1,1
15448,MS934144,history of beatnik culture muslims in britain i agree with you and french are my native,0.8997722268104553,1,0
17744,MS695717,Thayer Mahaffey has written a couple of very difficult books that have been banned in many Islamic countries and often blasphemed in here so this,0.9842271208763124,1,1
16405,MS1002869,protesters against the oupation of east Jerusalem shout slogans during a rally in support of the aliyah of those who have moved there from the oupied West Bank,0.9791666865348816,1,0
17502,MS832983,haslamic absorption is high muslims spend most of their time begging in the streets or performing sex acts without legal consequences,0.9992762207984924,1,1
15227,MS348372,tabletrtdthis kid is one of my favourite internet momentsthe personal radio is now on for,0.294117659330368,0,0
16893,MS668046,anonymous tip offs to a revolution that never happenedas long as the religion of peace is being preached in the,0.9434629082679749,1,1
16576,MS680677,has rebranding what the quran says to mean as a mean to keep them or go back to sharia law,0.9958988428115844,1,1
16419,MS554456,Exclusive The blast wave from the Syrian ceasefire proposal continues to take aim at Kurds #redrising you are playing the same game that you know #,0.996692419052124,1,0
17575,MS840030,we will stop islam and sharia then we will create a fresh world this is the solution islamevil islam,0.9984089136123656,1,1
15984,MS771186,tabletrtd#foodie would love to have a go at the entire thing with a kitchentdtd,0.4226579666137695,0,0
15712,MS595479,return to the more extreme foreign policy policies of the middle ages search for the democratic origins of internationalism by Mark Lilla ,0.9509202241897584,1,0
17386,MS420718,Sheikh Abdulhamid Syeds Martyrdom the hermit endured his murderous,0.9791666865348816,1,1
16725,MS663723,the Israel muslim problem is racism not and each nation has its problemsthese fanatics follow an imaginary god and murder,0.981428563594818,1,1
15615,MS303465,whether you morninhave you tried it yetglobal terrorism,0.7052631378173828,1,0
17474,MS700146,islam praises violence and terrorism as be praised by islamwhy should christianity and other religions stop hurting people,0.9831578731536864,1,1
16639,MS623052,islamopartyparty members harambe ban free speech comments twitterboth jesus and mohammed were,0.9434629082679749,1,1
16173,MS574973,redid you see the shitstorm on quinn in #wikileaks response to misspelling fiascohonor called,0.5495192408561707,1,0
16854,MS233849,why are you fucking naked man women and dogs do you hate usthe fact that the us destroyed syria because of his,0.9570417404174804,1,1
17828,MS95566,NSW forests would be clearcut by 2030 to help fund Muslim takeover of world Liberal crazies youre crazy enough for Trumpa,0.8997722268104553,1,1
17842,MS816676,since 2004 there were 5598 suicide bombings and all of them were made by muslims but nobody considers this when talking about global terrorism,0.9992762207984924,1,1
15591,MS792861,the founders have a nutty idea for a menu at their restaurant the fusions of lil mila and shaz cant wait to see what they come,0.2666666805744171,0,0
17799,MS619557,why dont you do that all you muslims do is rape children rape 2you were silenced for 1400 years the,0.981428563594818,1,1
16323,MS192827,The Hindu Yuva Vahini the ultranational rightwing political party in the countrys southern region of Karn,0.9946646094322203,1,0
17603,MS295624,Hamas has positioned itself as the champion of Palestinians in the context of a new reality which is incompatible with the Arab street and terrorist strategies that it purs,0.9642857313156128,1,1
16761,MS812540,People in Indian city cannot walk around without getting molested or abused by muslims rickshawpullers or pimps What type of,0.8997722268104553,1,1
16282,MS303680,POLAND Ore AP President Donald Trump has urged law enforcement agencies to deploy more resources to Muslim communities in the wake of an attack,0.9801324605941772,1,0
15240,MS561745,almoslefan says libya not Syria hass been quite the spyshot for libya refugees with unexpected suess,0.9791666865348816,1,0
16853,MS641919,if chrisislamislam islam is one of those religions that you cannot be against it because you are against islam and you are,0.9958988428115844,1,1
16840,MS204692,i decided to come to your country and start a hate crime campaign against muslims and immigrantsi hate when people,0.8561643958091736,1,1
16908,MS806227,the attacks will stop when the Arabs and muslims in this country wake up and smell the muslimsrunpresses before it,0.9958988428115844,1,1
16542,MS816322,they will bring the death club rape drug quran jihadwe are not allowed to celebrate easter,0.98305082321167,1,1
16746,MS634405,ending up with secular muslims you can thank the 3 muslims who burned jews at ww2 nobody else will pay the price,0.9958988428115844,1,1
17847,MS819502,think before you act you will be sorry for it later britain is becoming a islamic country and the muslims are the,0.9958988428115844,1,1
17643,MS675421,the rape of islam was by muslims go figureno the whole hadiths are lies the ones that oppose,0.9850249290466307,1,1
17069,MS628980,a lot to hope for what are the laws in your country on hijab now islamic countries dont allow women to drive or do most of their own,0.9958988428115844,1,1
15510,MS601197,oh my god it fucking destroyed mewe should stop helping Assad turn his country into a hellhole war against terrorism is,0.8069775700569153,1,0
15637,MS310603,Canada should send more migrants to Europe to fight the Islamic State that terrorism that shows us what can happen if borders are not closed say terrorism experts ,0.8936666250228882,1,0
16082,MS936039,As told to Kazimir boss march 8 17 th street tampa fl 32206 wrote marco the mopeds,0.7052631378173828,1,0
17849,MS277009,us the coup in islam must be a blow to the intelligence communitycocaine use among women has increased 26,0.9811320900917052,1,1
17460,MS610918,niti community for anyone like me who says #islam is to hate anyone who differs from #islamis,0.9854881167411804,1,1
15599,MS974996,Visa advert click on picture for youtube video of dancing Iranians cheers emma joe always a pleasure to be with you i m,0.1769547313451767,0,0
16624,MS612630,the american dream was destroyed by muslims who want to separate and kill themselves from the rest of humanityign,0.9958988428115844,1,1
15206,MS965728,truro rachel swift could face terrorism charges after police raided the property where she and her children live on bs day end,0.9623875617980956,1,0
16032,MS149005,tabletrtdmaybe i should be honest with myselftdtdimg titleclues were scattered throughout this trash can,0.4326645731925964,0,0
15483,MS923025,by heidi sandler marco brezchen benjamin brezchen yves bailly george harrison y,0.0853994488716125,0,0
17261,MS608816,just a bunch of wishful thinking that they will never understand terrorism or even exist in primitive muslim countriespic related,0.9854881167411804,1,1
17854,MS662469,atfirstidiot got so angry he grabbed a knife and started stabbing people at the old pakistan mosque this morning 3 people were stabbed by the,0.8370044231414795,1,1
16540,MS812749,not their problem that there are too many muslims in our country and companies have to go against our culturethey,0.9992762207984924,1,1
17296,MS653756,to say that islam has done nothing is patheticfurthermore i would give anything to be normal that islam has not done nothing that is,0.9958988428115844,1,1
16991,MS237031,Hamas has rejected US pressure to expel a senior member of its security apparatus urging it instead to change its policy towards,0.990867555141449,1,1
15319,MS565975,Hobby Evangelist and an Educational NonProfit Leader Leslie Kuharich and ITARFIDH are funding a new Arabic written project,0.7419354915618896,1,0
15588,MS557578,US government stopping deportation of #Syrian refugees from #myanmar through #myanmarindiancooperationwhen im,0.9791666865348816,1,0
17115,MS814589,Government is trying to suppress the word rashidah from being used in connection with muslims because it means rape well maybe it,0.9854881167411804,1,1
17453,MS680074,Floridas lames party and dump the bums are to blame for the murder of a mohammed crick,0.9090909361839294,1,1
16186,MS513526,titlesnacks and student loan debt at a laconic elementary school in arabic immigrants and the elite trust no one but themselves for,0.6578947305679321,1,0
16931,MS616778,Anyone who is a lover of God and community should welcome the refugees coming to peacefurthermore you throw away your,0.6475409865379333,1,1
16593,MS656324,When you are trying to get rid of minorities and other unpopular beliefs like islam you call them islamophobes#is,0.9958988428115844,1,1
15232,MS725843,Back to Toms imagesStory highlights A teacher who attacked a Muslim student on her first day in the class was fired,0.9917582273483276,1,0
16966,MS814988,are you saying that since muslims are infected with the virus from the koran they are hostile towards us,0.9265402555465698,1,1
17752,MS668835,many of the sites in russia that do not correspond with a religion or a nation were started by islamists,0.9992762207984924,1,1
15584,MS525117,Egyptian city teeters on edge as land battles with Islamist factions while navy takes action to protect migrant arrival deck security appears hopeless while under threat of armed,0.990867555141449,1,0
15200,MS190853,motator fred a george Jr atze baroquecant yuppie dish out more,0.0908099710941314,0,0
15790,MS583618,the meme of arou was raising money for a rescue shelter through #syrianrefugees the next time you,0.6351351141929626,1,0
15910,MS957314,support our troops and fight the on going insurgency in the us a war that has just ended for several generations hell,0.8671875,1,0
17558,MS655549,this boy would have had a better life in the israel but the muslim world had zero respect for him,0.9958988428115844,1,1
16157,MS576270,the truly incredible women of spain the women of south carolina or go homethe several hundred thousand Iraqi refugees who,0.7052631378173828,1,0
15417,MS993661,More than 80 years since the last such demonstration on this country s streets back in 1973 the arab population of,0.2089552283287048,0,0
16420,MS508332,During a press conference today at the Media and Democracy conference in Ankara it was reported that billionaire tycooni want to,0.9659090638160706,1,0
17277,MS614253,although muslims have been trying for 1400 years to exterminate christiansno,0.981428563594818,1,1
16446,MS392354,afghanistan ambassador to australia says that muslim extremists extremists within muslim communities existweek 14 mar,0.9791666865348816,1,0
16655,MS207021,then the us is still eating out of the hand of the fucking terrorists donald trump is the worst president since venkatachalam,0.9117958545684814,1,1
17302,MS828032,Tensions are running high between the local muslim population and the gypsies those pesky nonbritish muslims they should,0.9984089136123656,1,1
16521,MS607521,this is fake god is wrong about thatislam has always and will always be the religion of terrorism and hatred,0.9958988428115844,1,1
15544,MS571763,refugees why us with what we have learned our efforts cannot waitiran gives us the dayend,0.96875,1,0
17659,MS648399,islamolunaticswhat do you mean not having an educationsaudi linked to shariah law harassment and,0.981428563594818,1,1
16515,MS647812,then they go out and do something else uselessand they will drag the prophet of islam into another war to be,0.9958988428115844,1,1
15675,MS118123,to say great things about middle eastit sucks that germany invaded in favor of bird right nowif you,0.7610949277877808,1,0
15685,MS590452,AFP A Libyan coast guard vessel rescued eight migrants from the water off the Libyan coast Wednesday the interior ministry said,0.9767742156982422,1,0
16549,MS894275,they act like there is no tomorrow but there will be there will be no peace unless everyone who is a mus,0.9992762207984924,1,1
16973,MS682120,them ignorant of the fact that the prophet mohammed was a slave trader and murderermaybe they did ask nicely and,0.9958988428115844,1,1
15377,MS582953,to close the bordersawesome social injustices in my home country of syria,0.9791666865348816,1,0
15758,MS520242,The thousands of refugees from war torn eastern europe currently residing in sweden wish they could,0.9791666865348816,1,0
17446,MS299638,israel would have to open their borders to all the hosue united states and pakistan has opened its borders to people from iraq,0.6475409865379333,1,1
15734,MS904938,wrong my daughter told a little story the other day about how her middle name is oh no in this,0.1150442510843277,0,0
16266,MS799356,tabletrtdspan stylecolor #000000 fontweight normal letterspacing normal font,0.1363636404275894,0,0
17068,MS607544,It has been called the soporific and the gospel of fucking rapelook at the muslim rape gangs in,0.9265402555465698,1,1
15504,MS532044,Egyptian authorities search homes after raids targeting notables of a terror network in elqan a strict law under which 11 members of a maini #,0.990867555141449,1,0
17133,MS669049,Islamist groups as always have they only one response to bemoan islamof course the sunnah,0.9854881167411804,1,1
16314,MS583593,roh u sad that anil was a rapist and a terrorist then call me a rape apologistwomen continue to,0.9463667869567872,1,0
16254,MS802003,Share Patroitita #thisiswhereyoujoin me tonight 9 months early Ive decided to throw in the towel,0.6097561120986938,1,0
17419,MS624681,those who make dinarekh must beyet another non muslim shia lie which yet again proves their hatred and,0.9831578731536864,1,1
17121,MS897031,New York CNN Republican Gov Chris Christie of New Jersey on Wednesday dismissed Donald Trumps call to bar Muslims from the United States saying that,0.9831578731536864,1,1
17559,MS84469,respond with guiltso you like to type like a goddamn roach then you have no right bein real with dem,0.7811753153800964,1,1
15284,MS556463,macron the worst president weve had mookie abd ali am guessing he woke up to that tweet from,0.4967635571956634,0,0
17347,MS883714,if anyone is against islam and muslims it is with regards to their grooming customs and culture time to go back to the dark ages,0.9958988428115844,1,1
15767,MS372809,Over the past few days May 14th to May 15th the US has paid tens of billions of dollars to Iran in different ways over the,0.821052610874176,1,0
15569,MS138265,different place tell me id be so warm islammy 2 black beans enchiladas and ham warm spices and,0.9265402555465698,1,0
16406,MS956872,For example it s a truism that kids from working class families have less money than kids from rich families ,0.2666666805744171,0,0
16220,MS178195,for an updated recipe see jus in roo pudding recipe heresammys eyes are really shitty,0.7298134565353394,1,0
17589,MS825783,you have no idea what true pain is like people living in danger every daythese 8 guys are all muslims,0.9992762207984924,1,1
17837,MS619186,an 18 year old thug from iraq was trained and then hassled by US forces who then tied him up at gunpoint and beat him so,0.9595959782600404,1,1
16987,MS71907,the campbell are a power race in the middle eastern europeans have die hacks and bast,0.6551724076271057,1,1
17606,MS807483,In our globalised world everyone wants to migrate to our big cities but we cannot aept the truth that these cities are breeding grounds for terrorism,0.9433946013450624,1,1
15770,MS530114,Supporting Sheltering the Middle East Refugee Programs in Oregon Support Our Programs No Federal Funds Needed,0.7052631378173828,1,0
16211,MS716340,Euro 2012 cohosts made unappetising impression on France with mysoggy pizza #Francei,0.0167134273797273,0,0
16229,MS588871,Syrias northern cities hold more than 40000 refugees #say #eyy #love,0.2183908075094223,0,0
16423,MS101163,of 947 Special thanks to piguulice for sponsoring this kit of jihadi women the girls that you can poof your every wish into is,0.9434629082679749,1,0
16019,MS138494,of ireland me cant even crack a beer or whew guess im still a dimwityo muthafuck,0.8766266703605652,1,0
15181,MS361838,eon 19 conjraction rules structure part 1a of ddr part 1 17 google chrome maned #syria it failed #sy,0.6475409865379333,1,0
17580,MS626755,islam is a kafir crimebut you guys give us face time every where isis keeps hitting us hard,0.9958988428115844,1,1
17312,MS616054,got to go wherever me is so stupidislam makes no distinction between freedom fighters and terrorist killers mohammed,0.9958988428115844,1,1
15801,MS336140,NEW DELHI With Jio II in 674 circles and if you filter by prepaid where is our cause and why is there no ration,0.6356589198112488,1,0
16339,MS934144,history of beatnik culture muslims in britain i agree with you and french are my native,0.8997722268104553,1,0
16901,MS635257,the price of a life is fixed by god and not youbaghdad declared war on islam was by jihad,0.981428563594818,1,1
17051,MS842058,resistance is futile we are controlled by the jews every strident antisemitic muslim is a ringleader for the arrest,0.9992762207984924,1,1
16925,MS670453,The entire history of my life and the history of the civilized world is the story of jihad Anwar alAwl,0.8561643958091736,1,1
15782,MS509234,what is the safest way to move round a circular road in europe something needs to be done about this sharia law issue,0.6623376607894897,1,0
16598,MS633963,#4255 one of the reasons that islam has been able to thrive because islam is a religion that puts women in subserv,0.9958988428115844,1,1
16429,MS348255,Communities living in areas of rough sleepers settlements in Kashmir on day one of implementation of hudud and ford,0.990867555141449,1,0
15894,MS595991,Turkey facing massacre of Kurds in Syria in aftermath of ceasefire announcement mediajust when you thought it was impossible,0.990867555141449,1,0
17319,MS835072,in his article about islam he says islam does not give room to the ideas of other cultures this is why muslims are,0.9992762207984924,1,1
16273,MS753820,tabletrtdhas taken the piss out of stevetdtri,0.6459627151489258,1,0
16231,MS763577,andrew shadaker vs andre hulkerhow can you remain unaffected by the same food you love and,0.4226579666137695,0,0
17829,MS701571,the uk is full of victims of terrorism and their persecutors and victims who are solely #islamthe absurd,0.9854881167411804,1,1
17609,MS849978,that is the point we are not allowed to criticize islam even if our religion believes in freedom of speech islam is not a peaceful,0.9989413022994996,1,1
17360,MS889106,I wanted to add my voice to those who call for the murder of all muslims wake up only,0.9854881167411804,1,1
15696,MS541037,is our present sociological problemproper housing for refugees is a big issue in my country,0.1854429692029953,0,0
17267,MS828635,the myth is that islam is a religion of war and it has nothing to do with freedom and it is against our constitution irish people will,0.9984089136123656,1,1
17161,MS465634,2015 will begin with the same new Syrian refugees,0.6475409865379333,1,1
15587,MS563489,never let em see you crynew analysis shows #britain sends more migrants to #czechref than #,0.2666666805744171,0,0
15851,MS532955,Welcome to our midyear report on the American Middle East at the turn of the century as he first catalogued what his programs,0.5822222232818604,1,0
16188,MS763577,andrew shadaker vs andre hulkerhow can you remain unaffected by the same food you love and,0.4226579666137695,0,0
17067,MS674100,theatres to catch us at it are a joke they are ISIS they are at the bottom of the barrel killed by anyone but isis and they,0.9791666865348816,1,1
17250,MS894604,people who complain about muslimsislamic ideasworshipsubversionalliance are the best we should deport them all,0.9854881167411804,1,1
16617,MS847824,white women converted to islam are the saddest and most selfish persons that you can encounter they praise happily islam beliefs,0.9958988428115844,1,1
16671,MS620966,the family was just murdered by muslims in iraq n was there peace before muslims began to convert,0.9958988428115844,1,1
17553,MS6506,Obama is a Middle Eastern Socialist jihadist and terrorist111213,0.8997722268104553,1,1
16329,MS315881,Star Trek II The Wrath of Khan an orignal scifi film made for the National Geographic Channel by Paramount Pictures and Nat Geo W,0.014621646143496,0,0
15385,MS117044,Venezuela takes up cannon salute for Syrian dictator Hamid Karzai in symbolic salute for conventional heroism as he arrives in Caracas for,0.990867555141449,1,0
17661,MS639552,the middle east was not once a unified empireliterally thousands of years of ignorance ended with the rise of islam,0.9958988428115844,1,1
15552,MS538591,islamic origin moslems are only 10 of muslims but their influence is felt worldwide #freedomfest #muslimfam,0.9958988428115844,1,0
15672,MS576270,the truly incredible women of spain the women of south carolina or go homethe several hundred thousand Iraqi refugees who,0.7052631378173828,1,0
15813,MS763915,tabletrtdone of my favourite parties to host is a craft fairexhibitionmy f,0.014621646143496,0,0
17081,MS217381,the islamic state has just released a short video of a jordanian pilot executed by the militant group via twitter,0.996692419052124,1,1
17464,MS836150,this is the ideology of islam and muslims they want to dominate us and we will only defeat them by standing up together and saying no,0.9992762207984924,1,1
16900,MS860980,Taxation is a very hard and cold science It is bad if you are an english girl and you moved into a islamic area it,0.9992762207984924,1,1
15595,MS368249,An investigation of new coal ash disposal rules in the pclimb up a tree and bend your knees while mou,0.3578947484493255,0,0
15164,MS576562,#greece #europe #possibleautonomy #europeanresistance #aefta #europeanrefugees #,0.7692307829856873,1,0
17274,MS640763,that they all hate muslims #dhareebay #islamomg islam is a rape cult,0.98305082321167,1,1
16486,MS153144,been muslims for the last hundred years now muslims have claimed a majority of the world pressi,0.9854881167411804,1,0
17097,MS848333,Pakistan turns a blind eye to the rape of our women by muslims because they consider it fighting a war i do not understand what is,0.9831578731536864,1,1
17733,MS244929,for the tlike i said im a shy aso we have muslims,0.9984089136123656,1,1
17640,MS621423,they hate chmod right nowthere is no halal or quran on islam but the quran and the,0.981428563594818,1,1
17677,MS623052,islamopartyparty members harambe ban free speech comments twitterboth jesus and mohammed were,0.9434629082679749,1,1
15272,MS322524,Westerners are in a bind over Syria views on Americas stance on the conflict in the country Read more,0.9791666865348816,1,0
15980,MS324305,any video or thumbnails are welcome 3kerala time change real time in #kerala time change is the,0.1150442510843277,0,0
15472,MS927447,protesters in ballymun received death threats last night and yesterday evening as they attempted to hold a candle light vigil in the centre of the city ,0.9791666865348816,1,0
15435,MS768432,tabletrtdI thought oh kat andre should eat their desserts though but sure go for it,0.2138364762067794,0,0
15278,MS181700,english world champions 2013 colorado sayyid let us borrow a stadium the colorado stadium is on the list and i love it,0.014621646143496,0,0
15440,MS533350,How the Christian west is enabling Islamic terror editoritaly is building an iron wall around migrants who have arrived there,0.9595959782600404,1,0
15779,MS729014,alot of them dont really like nissan stars in particular but nissan stars cant cooknext time this sitz,0.0819672122597694,0,0
16732,MS238505,Xander gets kidnapped from the library and sold by an escaped terrorist group by a billion shitheadsi wouldnt give,0.6098304986953735,1,1
16965,MS701643,so the common people are under siege it seems so why does muslim tyranny or persecution get coveragei guess,0.9958988428115844,1,1
16529,MS849327,we must defeat islam otherwise islam will triumph and take over the worldid like kids eventually but not,0.9992762207984924,1,1
17613,MS650073,what the fuck is up with islam and these damn mullahs always try to pretend that they follow an islamic code of conduct but they absolutely,0.9992762207984924,1,1
15848,MS165872,frank even thomas gets a pole thanks to jacuzzi his chat with jacuzzi was the bn while his a myster,0.3684210479259491,0,0
16623,MS292415,twe are technically at war with #syriangovernmentde,0.990867555141449,1,1
16643,MS858412,Pakistan has taken advantage of our poverty and refusal to learn about other cultures to push our people to become religious fanatics,0.8997722268104553,1,1
17644,MS841093,the liberal and political elite is lying about islam and muslims they are incompatible muslims should follow the koran not the,0.9958988428115844,1,1
17313,MS618923,israel is a fraudulent nation where islam is the religion if you are a muslim you are a terroristkind,0.981428563594818,1,1
17025,MS634963,pThe ravings of radical Islamists is part of a lie pushed by the western governments to justify imperialist wars against secularists and fundamentalists,0.8997722268104553,1,1
15293,MS121087,A small army of #disabled was dressed as #guitarists to witness #vh1 young peoples #mosh pit at the state,0.375,0,0
15346,MS551358,A federal judge has dismissed a lawsuit alleging that an abandoned cemetery in Rosemont has been a dumping ground for illegal,0.9981167316436768,1,0
17708,MS459040,Muslim migrants have been streamed through Cologne a massive busload of mostly migrant brought chaos in cities there will be floods of more of them into germany,0.9958988428115844,1,1
16693,MS840548,do not forget to write your congresscritter and tell him that you islam doesnt belong in our country we are against islam and,0.9992762207984924,1,1
17429,MS650948,it aint a matter of if its just a matter of when muslim terrorists strike its past and presenti hope,0.9854881167411804,1,1
17761,MS276603,i really dont get it hes saying that we shouldnt be at war with the syrian muslims because ofthe insults they tweet to,0.9958988428115844,1,1
17563,MS685917,Dont underestimate the impact of the family which is the most important institution in the earth moslems#isis #,0.9984089136123656,1,1
16705,MS870367,that is the problem with islam and muslims they are the ones who spread corruption and revolution they are the ones who preach war and,0.9984089136123656,1,1
15350,MS967708,attachment 78609i know this is probably not too surprising to manybut tatars in san francisco,0.014621646143496,0,0
17587,MS813251,I believe that all people have the right to express their creativity and beliefs However I believe that this faith can be dangerous for our society,0.893203854560852,1,1
15948,MS174105,kslashhawkhead lol maybe instead of requesting weapons of mass destruction attack sprinkles maybe we should do that 8 out of 10,0.375,0,0
16896,MS693124,islamallah is killing muslims everywhere with his hateful ideasthe big,0.9842271208763124,1,1
15192,MS326136,is commencing the process to stage a nuclear crisis by trying to declare war on pakistan jandhar due to pakistan signing on to,0.990867555141449,1,0
16642,MS623950,in the pike were a group of jewish fighters who followed muslims to the grave in the 21 centuries and they were everywhere,0.9992762207984924,1,1
16310,MS563794,in britain over 80000 migrants questioned as a part of mass move towards west europe of eastern europeans who do not want to,0.2089552283287048,0,0
17533,MS639342,a cockhead who believes the same things the prophet mohammed was a jewish paedophile and christian racist,0.9831578731536864,1,1
17630,MS206629,some bdiy jihad reminds me of what the horrid little people want us all to believe is the way of,0.981428563594818,1,1
17556,MS635953,that is why muslims are murdering christians in africa as christians attempt to preserve their way of life in africa,0.9434629082679749,1,1
16768,MS691101,isis trying to kill babies and children by using babies to bomb jewschristian caliph israel beat the,0.981428563594818,1,1
15681,MS802405,also the cartoonsi really want them to keep them what they are right now but the moment you taste them and realize,0.0636128708720207,0,0
15495,MS153890,residualsthats how wyoming got the middle east all this time are you guys out west and,0.1379013061523437,0,0
17150,MS835683,i d like to see iran deal with her supposed religious Jewish brethren who want to destroy it as a great power and are willing to kill,0.9958988428115844,1,1
16251,MS947362,fear over hate crime at popular new barbershop for muslims has been pinned on rightwing extremists who aused the establishment of,0.9850249290466307,1,0
17803,MS702773,of these stupid face those animals dont breed and they also dont eat cow brainhonestly the quran and,0.8997722268104553,1,1
15852,MS138152,of course charlie brown is the colorado muffin yellow cheese crumbles to gohellcat patch pf m,0.0303030312061309,0,0
17730,MS234268,islamic state fake news fucking retardsstormfront trump died and the fake news media continues to fail us in,0.9390954375267028,1,1
15832,MS169441,lmaooo so ive been playing a lot of mickey mouse this summer lolim trash shakin a n,0.351014494895935,0,0
16169,MS202268,Story highlights Iran was best game Iran against Germany was Japan for W16 in 2006,0.2183908075094223,0,0
15223,MS932162,i used to have a neighbor who lived a few houses down from me been through that area recently the tv station,0.0538847111165523,0,0
16533,MS444143,An Afghan migrant who was stabbed by a migrant from Turkey has died at a hospital in west germany 19years old Zurab Sohale,0.9767742156982422,1,1
17222,MS693896,Anyone with this mindset should be declared a muslimaletting a serial killer loose on the streets of a,0.9958988428115844,1,1
17212,MS628781,of the young Turks the moslems are the ones as evangandies managed to eliminate 100 years before the crusades even started,0.981428563594818,1,1
17814,MS682110,all along they were just big liarsblumenthal himself calls radical Islam the ideology of hate,0.981428563594818,1,1
15207,MS783663,strongWhat it isstrongRent a trailer park cabana floor mat seat and ottomanbr,0.0187707357108593,0,0
16801,MS607780,the Qurifaa muds were all slaves slave boys slaves girls but the muslims abolished all slavery 20 centuries ago,0.9958988428115844,1,1
17747,MS857973,torture used on convicted terrorists will not be tolerated the enemies of the state are always looking for new and innovative ways to defeat our values,0.7739726305007935,1,1
15688,MS536993,tabletrtdTo whom do you owe gratitude As a mother a immigrant an immigrant today this #idiot at #st,0.6740990877151489,1,0
16364,MS148328,Muslim cab driver targeted in multicar crash in Kendall #khou11mosaic,0.9090909361839294,1,0
16885,MS682646,there has never been a prophet that was in power or had wealth unless heshe persecuted hisher religionthe,0.9984089136123656,1,1
17365,MS58968,Vegetarian I will but the animals will have to die for food in the middle east ahole b,0.5334867238998413,1,1
15988,MS315950,syrian hackeri want to be extra special for my brother he already has xbox and you have only very a,0.2585267126560211,0,0
15244,MS516561,and that thriving in its killing fields and uprooting refugees from paradise #refugees #syria #mideast,0.990867555141449,1,0
16573,MS689569,the word jihad written in the quran and hadiths is an excuse for rape of childrenand isis declares war,0.9265402555465698,1,1
16934,MS484221,In the wake of the horrific terrorist attacks in Sweden and right under our noses democrats and socialists in both of which was free speech protected started a witch,0.6809338331222534,1,1
16079,MS400720,keep the #attitude on our team by selecting the right blend of experience and action #americanlife #mus,0.1418918967247009,0,0
15814,MS582234,What is the impact of terrorism in Europe on refugees who flee to the continent #refugees #thomasmichaels #brexit,0.6475409865379333,1,0
17076,MS433258,george is actually the scumbag he talks up the idea of not taking the refugeesexamples taken from a,0.7432224750518799,1,1
15387,MS520242,The thousands of refugees from war torn eastern europe currently residing in sweden wish they could,0.9791666865348816,1,0
16054,MS600431,tags terrorism michael jordan roxan raffaele rotherman gangster to sorsabet,0.9680153131484984,1,0
16932,MS667010,ATLANTA Despite deep embarrassment on the human rights and civil liberties fronts from the failed decade of secular dictators in Iraq and Yemen the latest civil,0.9448819160461426,1,1
15578,MS1006029,why is there an influx of white nationalist muslims into the ukraine i feel for the people who want to stay in the uk,0.9850249290466307,1,0
16867,MS480597,ST LOUIS One person was killed and more than 60 were injured early Saturday after what police are calling an attempted terrorist attack in the center,0.990867555141449,1,1
15721,MS100606,aaron mormick 55 years boston mariner spent 1957 was driving back to his cabin to see his family and heard a big explosion his,0.9820627570152284,1,0
17619,MS646539,islam is literally evilislam is a religion based on hatred and fearhow,0.9854881167411804,1,1
16245,MS1006170,Reuters Two Israeli men have been arrested for alleged links to a violent Palestinian protest in Jerusalem last month that left two Israelis dead and hundreds injured,0.990867555141449,1,0
16302,MS548871,pDr Haider Alashi is an Iranian immigrant who became a United States citizen in 1999 and now heads the State Departments Office of,0.6360946893692017,1,0
15135,MS768600,tabletrtdjust 3 more to gocome on harry and amy ron and pats,0.294117659330368,0,0
17778,MS662582,this where you drop an abusive comment and your family look the other way because you are a stranger these are the facts you cannot hide the hate is in,0.7739726305007935,1,1
17545,MS610713,the only people who cry when the bombers go through they call them scum who follow the religion of hateim still,0.9958988428115844,1,1
15797,MS591051,and the Kurds and now Syria should go back to prehistory and leave the governmentIslam says in a newzdaysews segment that i will,0.9791666865348816,1,0
17720,MS701294,years of travel dating back to day 1 of muslim invasion of europemuslims celebrate every excuse to murder,0.9850249290466307,1,1
15868,MS133972,eus el guapo inglouido 37 live streaming hentai al jazeera 24end,0.699999988079071,1,0
15962,MS552269,in support of #freethewaraurdokayla the muslim woman who killed a #muslimman in azaska was rescued by,0.8561643958091736,1,0
16635,MS884609,The rape of a 5 year old girl by an apathetic muslim who just wants to collect welfare has been revealed he begsend,0.981428563594818,1,1
16565,MS645398,me my group calls for an islamic state to be defeated by a democratic means and the only ones they fight are the jews of,0.9992762207984924,1,1
15150,MS794538,there are 3 types of ppl in europe its the 1 ppl who have the most influence you get to help them cook the winner,0.0768545866012573,0,0
16634,MS650443,israelis who went to jordan in the 8th century were murdered by muslimsdisappointed islam,0.9850249290466307,1,1
15867,MS787018,good service and foodshazs so difficult to make shazs that we need our own tv so kat,0.3522727191448211,0,0
17671,MS204364,in my opinion the most retarded kind of crazy black girlthe majority of muslims live in the us west where,0.8997722268104553,1,1
15729,MS768432,tabletrtdI thought oh kat andre should eat their desserts though but sure go for it,0.2138364762067794,0,0
16225,MS508258,by Natan Sharansky President of the United Arab Emirates on 19 December 2013,0.5822222232818604,1,0
17517,MS606886,the only other country that uses landmines is themand in the umm most of their population are muslim,0.9854881167411804,1,1
16410,MS963739,United with Israel a debate is raging on line between zeal and reality very similar situation with the bosnian Muslims,0.9958988428115844,1,0
17555,MS672629,and they said that there will never be peace in the middle east but there is a constant war against jihadisthey,0.9791666865348816,1,1
15283,MS125428,mesmorite pilesi guess you are just an absolute trashadam cracker,0.6741153597831726,1,0
16667,MS289884,when yall hate on me then follow me thatz all the lieswhy is the terrorist not rewarded for his crimes,0.7505109906196594,1,1
15989,MS185332,Quentin Tarantino turns to Tarzan in #brave #pussypunch for #princejoseph07 #islamicstate,0.8893805146217346,1,0
15194,MS720645,The GOAT is coming to the UNGA SUMMER FALL #hotcuewtf #rookie,0.3611111044883728,0,0
15762,MS717068,NEW ORLEANS PETA wants to show what kind of terrorists we are right herelove,0.7058823704719543,1,0
16874,MS661611,islam has corrupted the mind of american citizenswhat he is saying is most of mohammeds followers followed,0.9958988428115844,1,1
16342,MS911278,you have to check around a bit more but from what i ve seen it s mostly pakistani than scandinavian ,0.1011029407382011,0,0
15140,MS516698,Why does the allnew firefly and the amateur science book from syrian refugee children are needed in harvard and other,0.3939394056797027,0,0
16358,MS153890,residualsthats how wyoming got the middle east all this time are you guys out west and,0.1379013061523437,0,0
17628,MS879198,we should not trust anyone in an islamic area if we are an english village anyone who tries to help us can only do so,0.9992762207984924,1,1
15305,MS593955,rejected by the states the first intifada that nearly 600 thousand Palestinians died and the international community condemned the action as a crime against humanity during the,0.990867555141449,1,0
17337,MS841093,the liberal and political elite is lying about islam and muslims they are incompatible muslims should follow the koran not the,0.9958988428115844,1,1
17217,MS654599,the little tan girl isnt really all that important to the religion of islam and of course most muslims would rather the prophet and her,0.9984089136123656,1,1
15936,MS528758,Muslims in Russia will be allowed to serve in their a href,0.9265402555465698,1,0
15217,MS967671,i believe it started as a way to show support for the kurdish people and when the seed dropped the resistance was reborn end,0.9595959782600404,1,0
17772,MS654616,and that the oupation of a people which have never existed in the history of the earththe quran and hadiths,0.8997722268104553,1,1
16514,MS623992,text where isira isis and shia militia killed each other in dira islamic genocide the murderers of the day are suicide bombers and,0.9791666865348816,1,1
15425,MS734527,I was watching a news report on the terrorist attack in Stockholm at 1 min 23 secs the presenter is making statements likethis was an,0.9791666865348816,1,0
17680,MS877946,only 04 of muslims are extremists but 10 are prepared to killhow can we fight,0.9850249290466307,1,1
15301,MS793170,For fifty years the slow cooker has taken chefs from italy to france to puri with little difficulty,0.014621646143496,0,0
15923,MS118991,if i were white i would look at my neighborhoods police department and say why could you not arrest a suspected terrorist why didnt you arrest the man with the,0.783261775970459,1,0
16112,MS166620,arabesque redwood bonsaiundertale megabombs are the best arcades ever,0.8813559412956238,1,0
16548,MS279463,the hague islamic extremists in east ukraine used gas to shoot down civilian planes which had been deliberately painted as military aircraft by yanukovich regime,0.990867555141449,1,1
16286,MS927742,The United States of America is no place for muslims and should not be allowed to acquire any type of control of our country end,0.9958988428115844,1,0
17385,MS858257,unfortunately she will have to leave now that isis is defeated in some countries even second class citizens cannot remain and raise a family in these times,0.7692307829856873,1,1
16218,MS363831,Getty Images Germany launched a #crisis #enhanced sanctions today aimed at #saudiarabia leaders trying to cover their illegal arms deals,1.0,1,0
16004,MS580859,ntyou vote no on the refugees when you should be supporting the refugees so thats not what you doend,0.0768545866012573,0,0
17637,MS863343,and if you are an english girl and you moved in a islamic area you should beware of muslim men do not aept anything from,0.9984089136123656,1,1
17262,MS628443,the Quran dos islams doesnothing is allowed or encouraged in islam the quran and the,0.9984089136123656,1,1
17171,MS627157,the danger is that serbi has used banned islamist keywords in the past and continue to do so nowin,0.8561643958091736,1,1
16414,MS536935,the clock has now passed the hours and this is the witching hour ive been waiting to be a stick in the mud just say it,0.6200000047683716,1,0
17139,MS901957,Terrorist responsible for attack in port street portkentmeetingplace was shot dead by policepictwittercom,0.990867555141449,1,1
17843,MS229221,the obama regime has an established policy of bolstering and arms smuggling to the dictatorial government of iran in tandem with,0.9791666865348816,1,1
16127,MS579156,to be deported for kirby jordan a to be deported for jared and stella kelly#met,0.5460993051528931,1,0
15835,MS385925,PILGRIMSHIRE residents band together to prevent home foreclosure via,0.8581081032752991,1,0
15830,MS953234,army surplus part 10 2012present for english only see below,0.990867555141449,1,0
15339,MS915149,why should i believe anyone who claims to have prophetic gifts but rejects the sacredness of the day of rest s,0.981428563594818,1,0
15796,MS159909,smokey the green dragon kills da boatload of birdsmy new library of sadness,0.294117659330368,0,0
16747,MS686695,John West gave his famous speech about the inferiority of islam before the 911 attacks showing that he wasnt that stupid,0.931034505367279,1,1
17516,MS806838,greece must send a muslim man to his death in the most painful ways possible,0.9850249290466307,1,1
16472,MS965756,group political watchdog group activist and investigative journalist david duke i suppose has the rare ability to find the middle ground between those who believe the lies and,0.9375,1,0
16847,MS443658,the fact that the right is interested in new laws on deportations from africa not a debate about the #onion #islamization of j,0.9842271208763124,1,1
16535,MS644371,Egyptian People Tweeting ISIS Actions towards AlArish and KafrAfa have no qualms about ISIS training camps in Egypt since 2014 #,0.996692419052124,1,1
15771,MS534600,#sitround to #dumpingtrumpsimmigration officials for abusing immigrant children from swing states at best and fleeing the country at worst,0.5681256651878357,1,0
17332,MS3919,the jig is up the president is an Islamist nationalist the way to defeat islamic terror is by working with the middle east that is why more,0.9842271208763124,1,1
17037,MS893288,this was a great opportunity for the victory lap pakistani Muslims as the irish races to the topwhen the,0.931034505367279,1,1
17272,MS621308,#islam of course did away with slaverygood,0.9854881167411804,1,1
17757,MS632263,Why not do it the old fashioned way by jihadisother than the muslims whose religion allows the rape of,0.9958988428115844,1,1
17270,MS663278,israel claims that taliban are using women for sex because they were abused in childhoodand the prophet mohammed,0.9251337051391602,1,1
17140,MS259334,the irony here is that democrats have united against syrian weapon of mass destruction to be used in iraqwhite,0.9791666865348816,1,1
17468,MS654638,in this regard all you muslims living in united ireland are putting an armed sich terrorist in kurdistan,0.9854881167411804,1,1
16749,MS656977,in tikrit there is no confederation that includes any nonmuslimsevery muslims dream is coming,0.9958988428115844,1,1
15753,MS539397,skeletal musculoskeletal muscul,0.2319391667842865,0,0
17237,MS619501,are lying this is what is happening in #islamislam attacked the 2 islamic missionaries in edmonton,0.9854881167411804,1,1
15963,MS515909,tabletrtd#timesiama #pacificarena #thomasclancy strong#nationalsecurity #immigration #,0.92233008146286,1,0
17687,MS839705,London Mayor Sadiq Khan has called for a new war on Islamist fundamentalism warning of a return to the dark days of the late 1980,0.9791666865348816,1,1
15488,MS580616,Since the news of the arrest of union agitators from the petroleum industry in Mumbai took the headlines some have hailed it as a,0.9623875617980956,1,0
16996,MS821958,islam is a disease that infects our planeti thought that muslims are peaceloving and do not,0.9984089136123656,1,1
16943,MS670772,when samuel pryor his father taught him that the tyrants of rome and they of bustin were edicts and tahir mus,0.9434629082679749,1,1
16194,MS966131,even the largest cities in australia and nz are completely black with a few pakistani or galiz,0.5643365383148193,1,0
15974,MS588543,this is so very perniciousanger over refugees seen in india over #camelraking #myanmar,0.3922122120857239,0,0
17737,MS857558,where as we have all been told that islam is incompatible with our way of life in this green and pleasant islamic countryend,0.9992762207984924,1,1
15420,MS130399,bienvenidos en el buscando en lo que nos sistema fora young turkish pe,0.5159010887145996,1,0
17354,MS659976,the rise of the average muslim through evil is well known,0.9958988428115844,1,1
15310,MS137161,tabletrtdmorning recap about this morning central bank just hinted at either rate hike next week or final hike could come any day now,0.988773763179779,1,0
17673,MS866012,i think that muslims are fraudolent they do not give organic food to animals their clothing is bad they visit pornography sites ,0.981428563594818,1,1
16247,MS937076,I worked in government for over four years and received numerous death threats no i will not be buying,0.8370044231414795,1,0
17278,MS624685,of course the muslims murder those christians because islam has nothing to do with islamkilling terrorists how,0.9850249290466307,1,1
15415,MS543095,The sombre fallout from the passing of our columnist will leave Ireland much more open to refugees than ever before #refugeeisleucasary,0.9832869172096252,1,0
17791,MS616698,to be told to shut up by some islamofasciststhe islamic world condemns child abuse but never,0.9850249290466307,1,1
16003,MS547425,remember when the media told us this was all a joke the media you basically represent for us the fox of #syria you support the mullahs but,0.9854881167411804,1,0
16920,MS673446,of and due to the prohibition of slavery by the great prophet mohammed in the prophet of islam not a jizya or citizen tax,0.9850249290466307,1,1
16191,MS581861,so fuckin dumb i just write abusthats not all democrats do that,0.9727272391319276,1,0
16802,MS610042,and yes many of you are disgusting bs will keep quietyes the filthy muslims the terrorists and the,0.9958988428115844,1,1
16326,MS938104,as a young muslim in england i believe i would have no problem showing someone the way of the truth just like you wont have any problem showing,0.981428563594818,1,0
15806,MS138369,encap uk tmrw lets not lose this wildcard no more #tsn17holly i love,0.2585267126560211,0,0
17047,MS645373,from the point of view of mohammed its ok it is called jihad because its to establish the religion mohammed was against islam,0.9958988428115844,1,1
16241,MS716340,Euro 2012 cohosts made unappetising impression on France with mysoggy pizza #Francei,0.0167134273797273,0,0
17716,MS650273,islams thugs mowed down you because you are jewishcheap and pretty islamist bloggers will publish,0.9854881167411804,1,1
15136,MS706745,calcutta dessert 100 g cake 9835 g butter 084 g total 80 g sultanas straddling the line of being,0.050200805068016,0,0
15366,MS394573,but to be honest theres so much more to alitterable how get,0.0436213798820972,0,0
15431,MS314522,French police photographed the suspects in the supermarket attacks ahead of their interrogation,0.990867555141449,1,0
15564,MS151967,Exclusive Syrian President Bashar al Assad said his next target will be to wipe out the Hizbullah terror group with chemical weapons,0.990867555141449,1,0
16447,MS505766,What a mistake banning the burqa wasyou cant call someone a white trash pussy in my country where they can say,0.6200000047683716,1,0
16100,MS136815,usia state park watchers on leo killer and sandtown council member race opone cute ott wag,0.8500000238418579,1,0
17308,MS698621,div classwlwunfortunately the prophet mohammed died in a slave revolt somewhere between iran and iraqdiv,0.9265402555465698,1,1
15972,MS790670, Chance of Mink Flute from Stepmom From YouTube,0.0562438853085041,0,0
16049,MS180576,Editors Note The attack on the AlQaidatype AQIM safe,0.9642857313156128,1,0
16716,MS653107,islamolunatic brutal criminal in gov cannot be allowed back because they kill any muslims so banshee,0.9265402555465698,1,1
17417,MS216236,entropytaking jobs where they can offend you like this and call you a terrorist you get paid by the minute,0.6093305945396423,1,1
16880,MS695540,the summary of tiwari khan antoni perry by a mohammed that white people enslaved us is always used by islamol,0.8997722268104553,1,1
15341,MS582354,Syrias oil fields could be quickly used by NATO to defend themselves if USTurkey and Britain are not able to stop ISIS in Iraq#,0.9791666865348816,1,0
16115,MS952543,wrong my messenger here sent me your link i will check it out alot of land lots of,0.4285714328289032,0,0
16197,MS590452,AFP A Libyan coast guard vessel rescued eight migrants from the water off the Libyan coast Wednesday the interior ministry said,0.9767742156982422,1,0
16010,MS736763,i asked a german woman to cook dumplings wus while we watched the middle eastern episode of ned or did we just finish b,0.0604105070233345,0,0
17728,MS666007,kdta shamelessly lies about this vile man being killed by religious fanatics and exposes that they are liars#islam #iraq,0.9831578731536864,1,1
17653,MS611512,that islam wants to destroy jews and exterminate them in islamic lands everywhere but they can never win in dar alai k,0.9958988428115844,1,1
16460,MS341164,Post 76 The people who live in slum areas are the best mistreated by others aswell as other arabs are,0.1513261497020721,0,0
17236,MS266825,ostupid smarmy dummy muttonhead sexist russian male wearing a red shirt haircut hate onste,0.9174800515174866,1,1
15709,MS549632,NEW DELHI BJP and Sanghvi convenor Smriti Irani on Saturday said that JNU professor Afzal Guru who was,0.9509202241897584,1,0
16723,MS634793,the american soldiers were murdered by muslim terrorists and mohammed was an anti muslim bigot but by the way you dont get it the mus,0.9831578731536864,1,1
15991,MS579156,to be deported for kirby jordan a to be deported for jared and stella kelly#met,0.5460993051528931,1,0
17349,MS465634,2015 will begin with the same new Syrian refugees,0.6475409865379333,1,1
16587,MS229564,the reason why i dont trust a white gentile nor a muslim is because they want to influence the same people they are trying to take over,0.9854881167411804,1,1
17724,MS673321,apparently the major concern about women in the quran and hadiths is that they will eventually get married to an animal so the threat is the same,0.893203854560852,1,1
16160,MS733822,Dont know who the hell is Bural Faan and how did,0.6390472650527954,1,0
17211,MS818787,they dont want their tradition of diversity and tolerance invaded by muslimstheirs is the destruction of a,0.9984089136123656,1,1
16179,MS763784,can someone explain to me how this matters #ambush #shazaibitch never leave the kitchen alone you,0.75,1,0
17353,MS417237,as youve said there are 2 solutions to this race issue a seal the borders so that all the muslims cannot come into the us,0.9992762207984924,1,1
15752,MS950371,ok i got your message in my memealter nicely remade for our english language here on our forums,0.0167134273797273,0,0
16968,MS16107,are people who worship sand niggers cyborg hermaphrodites who think theyre almighty and exist in a parallel universe im outta,0.8275800943374634,1,1
16921,MS839078,islam and peace cannot coexistengland is becoming a islamic,0.9958988428115844,1,1
17657,MS625104,the day they flood iraq our day is overislam is the religion of hate i think the muslims,0.9958988428115844,1,1
16969,MS667360,truly considers muslim crimes against humanity to be of mere rumors and innuendoit is not us or,0.9854881167411804,1,1
15697,MS340824,When the Senate confirms Sylvia Burwell as Secretary of Health and Human,0.9488818049430848,1,0
16995,MS678656,orlando if u are so much of a racist pro shooter was on Islamist terror watch listi used to hate is,0.6623376607894897,1,1
16222,MS157695,BENGHAZI Libya AP A video purportedly showing the burning corpse of a local commander of an Islamist militia in Libyas second city,0.996692419052124,1,0
16538,MS883774,because a couple of muslims yesterday raped a school girl because she lied about having something to drinkin all likely,0.9463667869567872,1,1
15157,MS736763,i asked a german woman to cook dumplings wus while we watched the middle eastern episode of ned or did we just finish b,0.0604105070233345,0,0
17839,MS803626,war is bad for you if you ever see a muslim being arrested for rape it is because he is,0.9265402555465698,1,1
16084,MS504033,In this photo from May 2017 taken by a pilgrim in Palmyra a child with his hands in the sand in the Palmyra countryside looks up,0.8561643958091736,1,0
15224,MS538288,Trump vows to seek rid of Muslims travelling to the US by executive order 1144 AM ET Thu 20 Jan 2017 00,0.9449082016944884,1,0
15786,MS547752,also recognize that the country of syria being an illegalland og dokum grake and south africa being mainly landlocked but will take,0.4351851940155029,0,0
15845,MS379198,#ANSONseems a normal way to feel has never got me down in this world and let me tell u,0.0963045880198478,0,0
16993,MS421191,Ive been shot at every bus stop by a dirty Muslim motherfucker here in south dakota,0.9831578731536864,1,1
17137,MS426103,proud #trump country #americafirstban a lot of immigrants from 7 nations that export terrorism they want,0.4469564855098724,0,1
15130,MS196413,Before he headed to war against Iraq in 2003 Cheney signed on to be paid by a foreign,0.9791666865348816,1,0
15824,MS780456,hey all shaz is definitely still alivei think i hear the glass is half empty so far,0.0604105070233345,0,0
17436,MS823033,Raphaellotto thinks that because muslims are Christian that they are immune from scientific evidencehow much you want,0.9265402555465698,1,1
16684,MS424373,muckless jays will be extinct when this population is goneenforce or you will be returned to the trash,0.1606858074665069,0,1
15182,MS936039,As told to Kazimir boss march 8 17 th street tampa fl 32206 wrote marco the mopeds,0.7052631378173828,1,0
15202,MS585496,Mumbai Metropolitan Region MMR and all,0.0979381427168846,0,0
16050,MS575150,most european nations have vased refugee policies and have decided to take the refugees back with themend,0.5306388735771179,1,0
15773,MS995340,the rich kids at the party appear to be upper middle class kids who are part of the younger side of the same,0.1220657303929328,0,0
17789,MS662536,islam is a religious statefollow a muslim and you are a terrorist,0.8997722268104553,1,1
16750,MS695635,tabletrtdfrom the mohammeds collection of hate crimes many are blamed on jews using which has caused riots in p,0.9842271208763124,1,1
17136,MS885509,so you use the jew run media brainwashing service to give credit to such a criminal group as muslims when,0.9992762207984924,1,1
17536,MS265172,or you can just ask them to hold their talk on syriafuck off with the hate and the hate and the,0.7811753153800964,1,1
16449,MS523308, Muslim teens must repay immigrant workers even if they came as dependents judge rulesperhaps shes just being self,0.9434629082679749,1,0
15373,MS590317,Title text The worlds happiest refugees are a,0.6475409865379333,1,0
15990,MS964527,the glove got on and the syrian walked right into the heros retour and demanded an autograph ,0.0734824314713478,0,0
15924,MS118991,if i were white i would look at my neighborhoods police department and say why could you not arrest a suspected terrorist why didnt you arrest the man with the,0.783261775970459,1,0
16426,MS569878,mtag league of country thugs for political agressivesthey want to sue us for inciting terrorismor sometimes when you didnt listen to us,0.6809338331222534,1,0
16524,MS622999,even though they were fighting the evil empire arabia was never going to become a muslim state noevery mus,0.9831578731536864,1,1
17781,MS440804,The four wounded in the Israeli prison wars have formed an angry mob and demanded to know what do we stand for to go out and kill Palestinians,0.9791666865348816,1,1
15975,MS547397,tabletrtdgood breakfast sounds like a great start to the day thank you for your comment and it would mean so much to me,0.8500000238418579,1,0
15338,MS601808,what do you call your bubbly mums leave a note on the door if they are not home give them a gift,0.482516348361969,0,0
16531,MS634189,in my opinion the muslims who attacked halal slaughtered children and enslaved women and so on and so forth must be beaten into submissionend,0.9984089136123656,1,1
17591,MS846732,the white genocide continuesyou cannot educate a negroif you allow a muslim to,0.9411764740943908,1,1
15285,MS175714,of culturein which jesus and stephen fish to endzone call my veezy which so mook,0.294117659330368,0,0
17184,MS828382,the sad thing is even if you aept that muslims are not aurate or religious they still kill you ,0.981428563594818,1,1
17565,MS677626,islam refuses to aept that blacks and jews have come together to live in peace in the middle east for 1400 years and go back to the time,0.9842271208763124,1,1
17174,MS282251,is directly killing refugees who have built their lives in #muslimmajority countries #creepingislampictwittercomx3w4,0.9842271208763124,1,1
15386,MS105755,in the two liner conversations on my phone i record two of my closest friends saying that the bombers are going to blow up the gated helipad,0.9965870380401612,1,0
16709,MS457877,Lets take the threat of American jihadis entering the us border and multiply it by 1000 let that add up to the millions of muslim refugees more,0.9854881167411804,1,1
17265,MS696444,israel trained to train other jews islam is fascism is what is happening in palestineeven a dunya,0.9791666865348816,1,1
17400,MS663867,legendary datalist lincoln has condemned the crime of islamthe day it stopped exterminating christian minorities,0.9434629082679749,1,1
16353,MS592401,in a desperate attempt to stop crybaby islamic terrorists from getting into the christian church the emirs of omd comes up with a plan,0.9958988428115844,1,0
15839,MS964527,the glove got on and the syrian walked right into the heros retour and demanded an autograph ,0.0734824314713478,0,0
17484,MS621886,the flirting police and their lies are tiredremember that time muslim gangs murdered dozens of people in nairobi,0.8997722268104553,1,1
15139,MS117979,NABLUS Maan A Palestinian teenager was shot dead by Israeli forces at a demonstration in the oupied West Bank Friday an Israeli,0.990867555141449,1,0
15253,MS993596,the only way this band of hood rats can be wiped out is with an atomic bomb they are literally walking DNA proof,0.5997557640075684,1,0
15286,MS134987,Reading Texts about Muslims Solving Americas Racist Religious Sytems,0.9850249290466307,1,0
15829,MS565975,Hobby Evangelist and an Educational NonProfit Leader Leslie Kuharich and ITARFIDH are funding a new Arabic written project,0.7419354915618896,1,0
15428,MS504678,the days are getting shorter and shorter that criminal asylum seekers and refugees are cowed into silence by popular opinionthe global,0.7157729268074036,1,0
15153,MS906797,all of these suspects are considered armed and dangerous wwwhillsdale,0.9772727489471436,1,0
15677,MS579156,to be deported for kirby jordan a to be deported for jared and stella kelly#met,0.5460993051528931,1,0
15957,MS554218,terralles tecnicos saturninavian migrant mediterranean family tables migrants new creative ways to write that down torvalds mar,0.3333333432674408,0,0
15137,MS319398,pDangerous advice and the murky world of fraud must be foiled for your safety and wellbeing csa 27600,0.9623875617980956,1,0
15520,MS526577,#194648 bring the refugees to #taksim and the #republics to hold #refugees in sanjok #democracyt,0.8133333325386047,1,0
17845,MS611985,Congressman Scott Walker met with the chief tester of Sharia law in muslim dominated areas and hasnt brought back an ISIS captive to talk to,0.9850249290466307,1,1
15186,MS176799,end of year hokies 2016 q with robert sanderin the summer of 1960 i was aepted,0.1428571492433548,0,0
15970,MS513337,#freethenipple #european citizenship deluxe grants study leave to refugees to stay in europe ny lionel del grano,0.8567073345184326,1,0
15742,MS348741,ducktape it is so fine it doesnt look like you are using cheap gummys popmachina tape it is a quality,0.3611111044883728,0,0
17284,MS693094,that would remove the ability of muslims to separate law and orderit was the mohammeds that became,0.9984089136123656,1,1
17087,MS632152,Despite the robust p27 fig6 and geographically wellprotected environment in which Muslims and Hindus are persecuted,0.9831578731536864,1,1
16753,MS674275,islam thwarts peace aords thanks to repressionthe taiwanis supported the oppostionists there q,0.96875,1,1
15212,MS169049,ri was kidding about wearing a trash bag under my jacket last night when i made some muffins bc,0.2040203213691711,0,0
16491,MS573158,israeli plans to build a new Jewish community in jordan alongside what is now a sharia city of a million but islamic refugees consider,0.9958988428115844,1,0
17384,MS634963,pThe ravings of radical Islamists is part of a lie pushed by the western governments to justify imperialist wars against secularists and fundamentalists,0.8997722268104553,1,1
15144,MS178195,for an updated recipe see jus in roo pudding recipe heresammys eyes are really shitty,0.7298134565353394,1,0
17592,MS642733,islam does not tolerate dissent or critical thinking the story is all lies ridicules people for trying to preserve islams,0.9984089136123656,1,1
17352,MS809874,they all deserve an ass kickingwe should pay attention to not offend muslims while celebrating,0.9265402555465698,1,1
16773,MS846916,my mistress works for the government and they pass laws to stop people like you who are searching for a clean Islamic country,0.9984089136123656,1,1
15517,MS592424,the film and it was amazing it really opened my eyes a littlethere are millions of Arab people who have been expelled,0.5290322303771973,1,0
17815,MS699285,islam and the enemy of the jews 7 when peace comes they will be left with nothing can find a way to attack them,0.9958988428115844,1,1
17658,MS891066,islam is not a religion its just a repressive ideology i d like to think that when pagans and jews perform acts of violence they,0.9992762207984924,1,1
16541,MS878019,welcome to the board of origin i can assure you that all muslims are unable to stand up for themselves or their beliefsend,0.9984089136123656,1,1
16092,MS580635,tom pom poms look at some very scary rap videos and when i just say what he was rapping about it triggers some really fucked up shit,0.9117958545684814,1,0
17218,MS610667,now all muslims have to wear a piece of plastic wrap to differentiate themit is all lies and deception but,0.9992762207984924,1,1
17112,MS865244,the government plans to continue paying family members of terrorists just as long as they do not try to leave the country,0.8947368264198303,1,1
15995,MS520293,Tiny Moti northwest of Darwin on the,0.3522727191448211,0,0
16373,MS906568,days 26 pm every day except monday and thursday noon until midnight every day except saturday sandiegounion,0.267657995223999,0,0
15418,MS195930,The Syrian black smoke of the conventional war of attrition remains filling the skies of the so called civilized world due to the enablers of,0.9965870380401612,1,0
16676,MS861759,ends ya dingusthousands of british girls are raped enslaved or murdered by muslims and other,0.8997722268104553,1,1
16532,MS862522,to marry a muslim is to invite hell there are tens of thousands of these damn humans on this planet and they must be taken away from our,0.9992762207984924,1,1
16895,MS884609,The rape of a 5 year old girl by an apathetic muslim who just wants to collect welfare has been revealed he begsend,0.981428563594818,1,1
17654,MS624307,not to provokethe tularat newspaper lie about shariah being a religion of hatred murder not to provoke,0.9850249290466307,1,1
15632,MS780675,end of the worldlets get crazy and make people eat sandim surprised no one,0.6623376607894897,1,0
15347,MS329651,21 #21 likeme 28 Frags csgo team nz contacted in germany not used in middle east csgo team n,0.1418918967247009,0,0
17294,MS619824,hasnt fulfilled the promises he made to the muslim worldunfortunately he is an idiot and we know that,0.9831578731536864,1,1
16014,MS767261,Love love the action from red rag and click on wow are we getting another call from cookingi,0.0522813647985458,0,0
17340,MS832616,there are some muslims you should avoid if you are going to a certain part of town just be aware that there,0.9992762207984924,1,1
16443,MS790670, Chance of Mink Flute from Stepmom From YouTube,0.0562438853085041,0,0
17470,MS645814,the only difference is the religion is based on hatred the criminal is based on hatredmuslim extremism #islam,0.9958988428115844,1,1
16437,MS730598,tabletrtdjust noticed you could make a waffle iron with a breadcrumb trail just for decorationtd,0.294117659330368,0,0
16604,MS71221,gaza reuters israeli jets targeted a training camp in gaza on friday and the palestinian health ministry said dozens of children had been wounded,1.0,1,1
15693,MS910897,moderate farmers i have a theory that science is not practiced among muslims ,0.9984089136123656,1,0
17273,MS621758,their job is to make you think that the prophet mohammed is a pedophile and is basically a demon he is a liar and thief of girls,0.981428563594818,1,1
17187,MS449509,the police were relentless in their disgusting tactics and the government did nothing to stop it we need change #britainislosing and we must not,0.7222222089767456,1,1
17801,MS70550,liberal backers of american assassination spying play indisputable opposition to obamas cyber attacks on targets in syria and ukraine,0.9791666865348816,1,1
17498,MS644441,I dont know what is more worrying for a nonmuslim there is a muslim persecution of Christians around the world,0.981428563594818,1,1
16287,MS372273,The European Central Bank ECB and the United States federal government want the economy to benefit at the expense of citizens it is as much a recipe,0.8383838534355164,1,0
16612,MS640511,has quran come out for muslims with honor killings there is zero honor left in muslim societyblumenthal,0.9854881167411804,1,1
15470,MS562022,# Rftabad stasns allahu khayr for rehashin dey plot to destoy the four freedom struggle l,0.7052631378173828,1,0
16333,MS717582,tabletrtdImgur is free for anyone to use and share thats awesometdtr #ask,0.347457617521286,0,0
16588,MS416657,WASHINGTON Reuters The United States will not just police its borders but also prepare the ground to destroy terrorist organizations and humanitarian aid convoys State,0.990867555141449,1,1
16261,MS544512,#BREAKING Washington DC police say a convicted terrorist trying to get into the US through #immigration has been deported in,0.927360773086548,1,0
15362,MS788629,soup can we get down to boring poo for a minute pleaseis it about the lemon poppyseed muffins,0.4211765229701996,0,0
15393,MS324520,title assafis altariq alami duo with european demand and free trade in a region on the go with wave,0.1023017913103103,0,0
15885,MS138369,encap uk tmrw lets not lose this wildcard no more #tsn17holly i love,0.2585267126560211,0,0
17362,MS266202,At least 1000 marchers have gathered in the streets of #Paris to protest against the barbaric attack on the #IslamicState #JeSuis,0.990867555141449,1,1
16568,MS861128,Westminster is nothing more than a big international brothel for muslims and is totally opposed to this immoral oupation,0.9992762207984924,1,1
16056,MS755367,Hi were arthur and mike would like a dish to pair with a hair cut at the tablethis is,0.0444725453853607,0,0
16742,MS862152,islam is the most unnatural and cruel religion there is if we want to solve problems in our country we should consider other countries not build,0.9992762207984924,1,1
16627,MS281084,bamboo booboisas #terrorists we need to cooperate not fight to crush them,0.52173912525177,1,1
15376,MS504678,the days are getting shorter and shorter that criminal asylum seekers and refugees are cowed into silence by popular opinionthe global,0.7157729268074036,1,0
16143,MS581408,encompass muslim immigrant families unity comes firstas a muslim immigrant I was referred by a comrade to help,0.9842271208763124,1,0
17333,MS669649,the man mohammed was pogroms rival was what he hatedmohammeds wife is a prostitute,0.9071762561798096,1,1
15846,MS520127,In less than a week refugees are calling your #fyrefugees program is once again scamming us they are just another #example #msp,0.9433946013450624,1,0
15537,MS338225,obvious ev with snake #9 real kickin muffinwurlz the frogs dont wait up #flipsodgestakesme,0.2098135650157928,0,0
17734,MS674396,you dont need to fill in any fields no use form simply say that you are a muslimthere is nothing in,0.9958988428115844,1,1
15493,MS307586,If you need to avoid winter heat island heat shivering wo id leave wyall in an islamic country,0.981428563594818,1,0
16288,MS593955,rejected by the states the first intifada that nearly 600 thousand Palestinians died and the international community condemned the action as a crime against humanity during the,0.990867555141449,1,0
16713,MS676118,These four words are what separates true Islam and rabid violencewith all the background you can google this is what the is,0.9854881167411804,1,1
16416,MS584969,See How President Trump Is Destroying the Middle Eastwhen i first arrived in the gulf region a few months ago the,0.9449082016944884,1,0
17175,MS702498,of#islam calls on the world to end slaveryany dumbass can call israelis jews and claim,0.981428563594818,1,1
15555,MS742914,You know you dont deserve to be in a reality tv show when your recipe ends in a mud pieshower,0.4008015096187591,0,0
15437,MS119274,to rant about that man idiot this tweet sent me chillsall hail victory by jihadijaif may jihadi,0.9434629082679749,1,0
16772,MS665804,any non muslim country has the same or similar laws as isis #islami heard that isis executed,0.9958988428115844,1,1
17228,MS664006,the next wave of barbarians which is in the prophet mohammed is very much like the message of islam,0.9992762207984924,1,1
17595,MS637744,many people doubt that sharia makes sense but it makes sense in muslim landsthese people are desperate the quran,0.9992762207984924,1,1
15787,MS532572,Syrias Syrian civil war is ongoing #charlotte #maa #alaleem #etweet the people and agenda of #MENA Africa,0.996692419052124,1,0
17114,MS833206,use of force is justified against nonwhites only against whites islam is a worshipdamn affirmative,0.893203854560852,1,1
17456,MS834769,islam is a cult based on hate stop islamhopefully they will leave yt alone and just,0.9850249290466307,1,1
15277,MS763255,The long awaited event has finally happened The Thefinalcourse is finally here the last romeo and shaz showdown for can be,0.4615384638309479,0,0
16924,MS498853,Democrats in Congress should consider using the Federal Emergency Management Agencys emergency funds to hire 5000 extra staff to help resolve crises like the over 200 Syrian refugees crossing,0.9449082016944884,1,1
15358,MS132006,The Obama administration is seriously considering pushing through US military intervention in Syria to overthrow the Assad government if the attacks by the Syrian military cant,0.990867555141449,1,0
15408,MS752483,andrew colin farkas and nathan and shaz whos dad looks like bloke from nigella farkasend,0.5,0,0
17006,MS836274,lambdas make terrible neighbors due to their endless pouring of shit on my gardeni think that muslims can,0.9958988428115844,1,1
17016,MS663750,Islamic State has been imposing their brutal ways on societies for 1400 years #islamwhat about the lives of the 11,0.9850249290466307,1,1
16078,MS544674,tabletrtdincerely hope this results in amany immigrants in europe are turning their back,0.2666666805744171,0,0
15174,MS306114,In its fourth year the Kingston Mowing Challenge features 50 mowers tugboats and an emigrants field trip away from home w#hare,0.1534448862075805,0,0
15730,MS796122,are being made into different foodsAtom is a nonlinear and iterative,0.0710659921169281,0,0
17771,MS644877,almost about the only way the Middle east muslims can get any upper hand on they need us to fully participate in their destruction,0.9984089136123656,1,1
17057,MS662558,say that there is no evidence that islam condones the killing of cartoonists be it by islam or non islam people and people everywhere know,0.9958988428115844,1,1
15887,MS737853,constructiontank no buenooh crap i missed that round in this is one hell of a team,0.7093266248703003,1,0
16366,MS566834,islamic immigrants to rich countries far from assimilation which leads to failed statedude i promise not to tell,0.9854881167411804,1,0
17663,MS439192,this dude needs to go right now#illridewithoutyou trumps tesler syrian refugees wont,0.7586206793785095,1,1
17323,MS658515,then this whole sick and twisted islam sect you are born islam and follows islam its sicksave some jew,0.9958988428115844,1,1
16389,MS367753,Frederick County resident Erik upped the ante to vandalize faces of the bloggersgrammys the path as destination yes,0.5947712659835815,1,0
15225,MS515542,Well I wouldnt want to go back to Afghanistan in our conflict time with the hellions we are importing into these countries and we need these,0.9265402555465698,1,0
17447,MS863571,They used to say that if you want a corrupt Muslim leader all you have to do is get rid of him islam is simply a religion,0.9992762207984924,1,1
16069,MS361124,tabletrtdsymbol always really strong in the right mind is best person to donate their time to a charity that would always help,0.6830601096153259,1,0
16582,MS634004,the cultural genocide of syria the land of islamist evilwhat do you mean by cultural genocide they destroyed,0.8133333325386047,1,1
17576,MS219793,many more raped and killed by all sides #syriafrica #syriascrimessheidi stef,0.9917582273483276,1,1
16180,MS911278,you have to check around a bit more but from what i ve seen it s mostly pakistani than scandinavian ,0.1011029407382011,0,0
16370,MS588543,this is so very perniciousanger over refugees seen in india over #camelraking #myanmar,0.3922122120857239,0,0
15853,MS577283,enrichment centers intake in the ukraine search for people who offer to help one another and support the refugees,0.7052631378173828,1,0
16729,MS863460,Islamic terrorism is the answer it is a war and it is being fought in every country we should not allow these murderers to have the platform they,0.9958988428115844,1,1
15241,MS506077, and his followers have finally found an ally and have aess to all documents on refugees coming into this country please keep organizing,0.1220657303929328,0,0
17562,MS809497,isis bride wants to return to our country our infidel country she does not have the right to talk,0.8997722268104553,1,1
16456,MS579156,to be deported for kirby jordan a to be deported for jared and stella kelly#met,0.5460993051528931,1,0
15391,MS737067,tabletrtdi am so broke to be playing this gameone last time might as well throw,0.1254258751869201,0,0
16106,MS184125,Image caption Syrian warplanes and helicopters bombarded rebelheld areas of Aleppo hitting civilian areas,1.0,1,0
15655,MS916137,A US Army Special Forces soldier from the 2nd battalion 8th military intelligence is suspected of killing an alqaedalinked commander in eastern no,1.0,1,0
16317,MS138858,Despite the phenomenal interest in and political opportunity in the EaP it seems most elites in the Middle East in general and the US in,0.92233008146286,1,0
16737,MS661820,France wont allow people to change their religion in a free country and no other country shouldwhat a fraud you are,0.9265402555465698,1,1
17821,MS684985,the muslim supremacist terrorist has a rather simple answer for what the last apostate didthere is no other moderate opinion,0.9850249290466307,1,1
16963,MS864775,the government will not allow us to keep trying to kick the white race off our landi think that muslims,0.9958988428115844,1,1
16193,MS519112,just wait till the arabian immigrants turn up in the midwestbono scores in #amnesty battle,0.2307692319154739,0,0
15878,MS980562,serious question but just what is wrong with eu prior to the coming on the scene in britain and creating more competition for european nations,0.0522813647985458,0,0
16879,MS606353,abominableof course the muslims attack the jews because they are jews and want to exterminate,0.9831578731536864,1,1
15297,MS1006170,Reuters Two Israeli men have been arrested for alleged links to a violent Palestinian protest in Jerusalem last month that left two Israelis dead and hundreds injured,0.990867555141449,1,0
15598,MS192173,We call for truce on the KurdishTurkish conflict before one of the worst conflicts of the 21st century takes place #Ahmetiha to #,0.996692419052124,1,0
16611,MS677098,islam and child abusesharia law is the absolute worst weapon in the hands of those who are against god,0.9958988428115844,1,1
17091,MS701960,That is the final fatal message from imperialism over Syria the Syrian people just rejected it like a bad habit #palestinians #sy,0.9791666865348816,1,1
16678,MS205286,the people hating on syrian muslims should stop because i did the same withcanadians form paterson,0.6356589198112488,1,1
15807,MS793488,test allmy ing dish looks delicious hopefully its dispensed but my dish looks like a ing bowl of,0.0294148381799459,0,0
17759,MS621758,their job is to make you think that the prophet mohammed is a pedophile and is basically a demon he is a liar and thief of girls,0.981428563594818,1,1
15954,MS504290,to and fro including that all cagays hatisrs wanna know isis responsible for immigrants or notyou tell,0.5366348624229431,1,0
15671,MS508842,to liferussia is stealing oil from the pakistan even using dronesin coalition with the muslims drone,0.9375,1,0
16563,MS655179,any religion or system is merely a mask that hides the real thingthe basic strategy of muslims is a large,0.9992762207984924,1,1
16152,MS771186,tabletrtd#foodie would love to have a go at the entire thing with a kitchentdtd,0.4226579666137695,0,0
16631,MS806623,this is the face of islam when it assaults your country muslim rapists halal corruption terrorism polygamy sharia why,0.981428563594818,1,1
16463,MS336268,by sheikh imad azab oil stocks are recovering strongly after the low price of naphtha market#a,0.988773763179779,1,0
16656,MS701611,of yemen almost all muslims live under dictators who torture women in all other muslim countries are slaves,0.9854881167411804,1,1
17186,MS700055,The Thugs of Islam are in a state of war with humanity not since the crusades were invented #newark a href,0.8997722268104553,1,1
15556,MS541116,Christiane Huber joins the program to talk about her recent post on social media expressing her disgust and calling for the expulsion of thousands of not all Muslim,0.9434629082679749,1,0
17173,MS638284,in real life she made a serious attempt to be moderate islam refuses to respect moderation islam is a hate religion,0.9984089136123656,1,1
17767,MS654807,You have probably heard the songs before they are written by muslims or islamofascists just as you heard them and ezidi,0.9958988428115844,1,1
17832,MS301428,aording to the danish mufti and muslim immigration policy is incompatible with the principle of diversity in society therefore immigrants should be returned to their home,0.981428563594818,1,1
17655,MS684985,the muslim supremacist terrorist has a rather simple answer for what the last apostate didthere is no other moderate opinion,0.9850249290466307,1,1
16525,MS687620,#bowie thought never of buying a mohammed arabian slave houseand you claim islam was not,0.9850249290466307,1,1
17206,MS672978,this happened in australia the army stood down then troops stood their ground the prince of islam wanted to make the crusades into jihad which he,0.9958988428115844,1,1
16248,MS186389,Today has been one long year of meta criticism of jihadi magazines #syria,0.9791666865348816,1,0
17227,MS289180,author of many others but this one was amazing like a legendi never really said the fact that muslims are,0.9958988428115844,1,1
15604,MS597218,in addition to the childrens hospitals of india and syrian refugees a small motelthe watch actions and confusion that,0.2183908075094223,0,0
15332,MS526577,#194648 bring the refugees to #taksim and the #republics to hold #refugees in sanjok #democracyt,0.8133333325386047,1,0
17491,MS688197,the car that put on a stupid war was powered by slave laborthere is nothing racist about islam when you remove,0.893203854560852,1,1
17331,MS677403,they did what they could to stop a genocide in iraqgo to islamolunatics next time you think,0.8561643958091736,1,1
15938,MS336268,by sheikh imad azab oil stocks are recovering strongly after the low price of naphtha market#a,0.988773763179779,1,0
15197,MS506131,New Delhi Before launching a oneman fullpage newspaper today in protest against earlier attacks on MLAs Congress leaders planned to,0.9509202241897584,1,0
16644,MS617495,When explaining the great advantage of atheism to nonbelievers it seems to me that they dont realize islam is a religion of murder and hatred and,0.9958988428115844,1,1
16841,MS831884,or are we just to blame because they look white muslims have sacrificed their lives for their country and their,0.9992762207984924,1,1
16948,MS666583,the cat allahs army long before they had to anywayso have no hatred for allah cause you are a racist,0.8267716765403748,1,1
15178,MS937531,overview of chronic fatigue syndromemyalgic encephalomyelitis and the role of viral infections in chronic fatigue syndromemyalgic en,0.9983471035957336,1,0
16114,MS171127,Many early wagering forms show just a 3bet when that isnt a bet of course but hey i bet on moy at a nud,0.3722186684608459,0,0
16569,MS696950,and Hitler sang abit about his beautiful mistress mohammedwith as many muslims as there are there are,0.9854881167411804,1,1
16884,MS873549,go on talking to yourself no one will listen islam is irrational and should not be integrated in modern,0.9958988428115844,1,1
15443,MS589556,The United Nations Refugee Agency UNHCR has stated that mass displacement in Yemen threatens the security of the region and that the humanitarian situation,0.990867555141449,1,0
17404,MS857750,of every religion there are some that promote hate and violence and it is not good muslims should go to hell,0.9992762207984924,1,1
15937,MS558007,desert lennox meets story day and offers to drive you to your car if you can handle the trouble of getting in a truck or train with,0.410852700471878,0,0
15833,MS544512,#BREAKING Washington DC police say a convicted terrorist trying to get into the US through #immigration has been deported in,0.927360773086548,1,0
15549,MS174096,the climate change denier folks are so sad in the middle east and wear all yellow blazers with the pointy ears the weather is alright who,0.4769230782985687,0,0
15921,MS564854,pOne of the bestselling and certainly most loved books of 2014 was the captivating and complex life of Alan Kurdi an Iraqi immigrant,0.4545454680919647,0,0
16740,MS651553,got passed over for a rare opportunity of becoming a chieftainthe problem is islam is a race war and,0.9831578731536864,1,1
17532,MS675772,MUSLIMS going insane with broken women islamic objects included the niqab in palestinians city they are now trying to,0.9958988428115844,1,1
16350,MS579906,the what difference does it make question as it relates to the detention of refugees by far right european states,0.6785714030265808,1,0
16163,MS190719,by Charlotte Tomlinson and Doree Shafrir,0.0301204826682806,0,0
16357,MS397778,#ISIL #may22would be grateful for any information you could share #myno 428767 #my,0.9791666865348816,1,0
16577,MS883222,amazing what once was can be restoredhave muslims done something useful for us,0.9984089136123656,1,1
17004,MS214142,last night the president of egypt attacked israel calling for a new palestinian intifada #intifada #opnlttracker #,0.990867555141449,1,1
15474,MS579156,to be deported for kirby jordan a to be deported for jared and stella kelly#met,0.5460993051528931,1,0
15255,MS516561,and that thriving in its killing fields and uprooting refugees from paradise #refugees #syria #mideast,0.990867555141449,1,0
15803,MS932989,and its use as a metaphor for muslims the bible says king david was e xploded by a,0.9958988428115844,1,0
17471,MS612848,the day is young when a mullah denies his crimes are crimes #islammohammed was a slave trader,0.9842271208763124,1,1
16096,MS739160,on the parkway mapomg did they just give the all star team the middle finger,0.2585267126560211,0,0
17065,MS626739,the palestinians did most of the raping and pillage the muslims did it all along the biblical arabian peninsula and indeed the,0.9850249290466307,1,1
17364,MS637962,that a lot of the muslims are murdering christians for crimes like adultery because they respect the biblethe word,0.981428563594818,1,1
15471,MS564125,the fight for a unified europe eu debt relief muddies my glasses eu fund to bail out injured countries,0.8383838534355164,1,0
17031,MS407839,#UNRIG you filthy skank u r always trying to drag ron paul down and now u muslims are trying to bring out,0.9265402555465698,1,1
17434,MS604692,It is now nine months since jihadis attacked its peaceful citizens in broad daylight in Paris and the French people are still debating the crime scene of the day,0.996692419052124,1,1
16904,MS702522,islam continues to expand as its unsanctioned governments by range expanded and criminalized its current oppositionthe first,0.9842271208763124,1,1
15547,MS594835,admitted in #unitednations it should have been refugees gone home #refugeeswelcomeamateur lat,0.6240060925483704,1,0
15199,MS135559,As Britain prepares to hold an in and out vote on EU membership,0.9509202241897584,1,0
16243,MS705448,What does Captain Buaneer eat for breakfast View On redditcom submitted 1 year ago by popjtothepantsnow posted in ,0.1363636404275894,0,0
17195,MS653075,his cant let you into the closetwhat is it about the islamofascists that they are incapable of not,0.9854881167411804,1,1
17802,MS603694,should there be a direct assault on the system of muslim tyranny or a counter attack that destroys itwhy dont you,0.9958988428115844,1,1
15307,MS317458,They came out of the blue and ended up making a longterm decision about a season that could have been endlessyou,0.0597014911472797,0,0
15523,MS315881,Star Trek II The Wrath of Khan an orignal scifi film made for the National Geographic Channel by Paramount Pictures and Nat Geo W,0.014621646143496,0,0
16927,MS655179,any religion or system is merely a mask that hides the real thingthe basic strategy of muslims is a large,0.9992762207984924,1,1
16833,MS687069,of Cuz the muslims control all of the mediaa muslim man beat his wife to death because she,0.9434629082679749,1,1
15514,MS519164,The ISIS genocide against Yazidis is a horrible case but it,0.9791666865348816,1,0
15766,MS565704,1A day in the life of a Jew in Islamic administration by pris by the house of rebbe imam jeff,0.9831578731536864,1,0
16917,MS654339,tabletrtdour history goes back to palestine where we are getting brutalized by islam but there is nothing you can do,0.981428563594818,1,1
15854,MS937361,publication deal complete amazoncom merchants instructablescom construction DIY natural stone house foundation plans free,0.1016949117183685,0,0
16919,MS620822,but i doubt he was even born yetthat jewish terrorist mafia rule the muslim world for 1400 years,0.9984089136123656,1,1
15433,MS189852,the only thing #ableg was good for was #deadmau5 raunchy #jihadisnow#sharia #libya a,0.1379013061523437,0,0
15542,MS796890,jordan is a party to this lawsuithow in the world can you convince cohost emilie schwartz,0.979522168636322,1,0
15728,MS332522,qulif wala akbar for the sake of moderation im glad lbd are prs we all shall go up to the skies as you gaze,0.7052631378173828,1,0
16718,MS417954,is it a terrorist or refugees ban we should search out refugees or purge all illegal immigrants and this tactic is working so far not only is it working #,0.9433946013450624,1,1
16933,MS663805,When a family is murdered because their leader is a corrupt muslim bigot what makes any of you think that there will be any change in muslim behavior,0.9984089136123656,1,1
15400,MS762170,trianglewhats wrong with thatmy gosh this show has to end soon,0.1534448862075805,0,0
16510,MS828678,this whole world is going to hell because of muslimsi have been talking,0.9992762207984924,1,1
17782,MS828678,this whole world is going to hell because of muslimsi have been talking,0.9992762207984924,1,1
17457,MS457877,Lets take the threat of American jihadis entering the us border and multiply it by 1000 let that add up to the millions of muslim refugees more,0.9854881167411804,1,1
16555,MS891066,islam is not a religion its just a repressive ideology i d like to think that when pagans and jews perform acts of violence they,0.9992762207984924,1,1
16828,MS613907,and the vast majority of the muslims still here are fanatics#islam the problem is not the prophet,0.9984089136123656,1,1
17300,MS628460,the quran tells us to fight allah and kill all muslims everywhere the rules of war only 1400 years ago,0.9984089136123656,1,1
17826,MS836826,Adult swim a muslim would not be stopped by the police or ignored by the government,0.9854881167411804,1,1
17084,MS822371,islam is totalitarian it opposes freedom civil rights and democracy it should be opposed and prevented from spreading any race that seeks to dominate another,0.9850249290466307,1,1
15459,MS529266,in kitchen of marcello the foreign minister of egypt has released a brutal and longform video exposing the problems of modern day slavery in the e,0.7058823704719543,1,0
15370,MS508383,social media networks illegal #nmex actions after #xenophobia in iran refugee relocation #myanmar in koringanj helped to,0.8671875,1,0
16912,MS605034,the threat of pakistan and tyranewhere is the criticism of islam of the jewish families and their,0.9958988428115844,1,1
15869,MS788629,soup can we get down to boring poo for a minute pleaseis it about the lemon poppyseed muffins,0.4211765229701996,0,0
15388,MS112113,TARGETING the jihadists of ISIS adds unnecessary waste to our military strength #twitter #noamnesty#teamj,0.9642857313156128,1,0
15461,MS503744,Image copyright Getty Images Image caption Most migrants used the Aegean route to reach mainland Europe by sea from Turkey in 2015,0.1219512224197387,0,0
17108,MS475654,no a syrian migrant not the problem syrians leaving is the problem to keep syrians from leaving is the problem,0.1219512224197387,0,1
15641,MS784004,Iraqs prime minister has urged people to stay away from a national street barbecue as tensions continue to run high after a bloody elections near the edge of the,0.990867555141449,1,0
17255,MS820259,muslims are immoral they use their religion as an excuse but they are actually deceptive and deceptive they use the false religion of peace to,0.9992762207984924,1,1
15577,MS138494,of ireland me cant even crack a beer or whew guess im still a dimwityo muthafuck,0.8766266703605652,1,0
15280,MS188995,An American doctor killed in the terrorist attack on the US mission in Benghazi a few hours ago has been named as Jon Hartsfield of,0.990867555141449,1,0
17396,MS698534,years before sand will migrate to shore why do the muslims have no shamethey invented the canary and used,0.9850249290466307,1,1
16346,MS904144,use time machine to go back and stop genocide done in iraq and pakistan and return to save the world ,0.9791666865348816,1,0
16202,MS982679,i got the codeword france just like kiev was everything that kiev was before it ,0.6355414390563965,1,0
16950,MS663278,israel claims that taliban are using women for sex because they were abused in childhoodand the prophet mohammed,0.9251337051391602,1,1
17378,MS889017,and supporting pakistan islam is terrorismsounds like they might have some palestinians of,0.9831578731536864,1,1
16928,MS299015,Sen Lindsey Graham Assad regime is massacring civilians in Syria in an attempt to draw more refugees ,0.9791666865348816,1,1
17200,MS619354,that is why the muslims declared war on all humanity 1400 years agothe statement is a complete lie islam,0.9958988428115844,1,1
16776,MS616109,islam is violent when it comes to murdering people it is not stopped by the civil rights act it got to start it,0.9958988428115844,1,1
16505,MS423206,for sure these people dont want you #buildthatwall#deportillegal aliens back to their homelands on,0.3118518590927124,0,1
15676,MS146263,History of Islam by European expatriates in the Empire of Islam in 1000 CE via the Arabic text of Koranic,0.9984089136123656,1,0
15414,MS934162,pakistani refugees in sweden soshified agitprop crew baltimoresuncom poland megaphone,0.9595959782600404,1,0
17102,MS650268,you will be killed by islam because islam is a hate cultthe debate on islam was started by d,0.9831578731536864,1,1
17059,MS858608,muslims must be punished but also people of all religions should know that there are lots of Muslims who are,0.9958988428115844,1,1
16148,MS959870,the muslims there are a problem and they should stay in their country ,0.9265402555465698,1,0
15270,MS315950,syrian hackeri want to be extra special for my brother he already has xbox and you have only very a,0.2585267126560211,0,0
16059,MS537163,Derro Terror Fears Basette Baits Mousa imam for a href,0.7960526347160339,1,0
16977,MS605614,islam was never able to present itself as a peaceful religion anymore its practiced in terror against all humanity and islam is the religion of death,0.9958988428115844,1,1
17225,MS841162,The world would be a better place without muslims they only make troublei have been talking about it for,0.9958988428115844,1,1
17066,MS613933,More than a million Syrian refugees have fled their,0.9375,1,1
15340,MS951488,New Look at Ancient Egypt by Raphael Lowi There are few things more pathetic and pathetic than a white guilt ridden white person who thinks that he s white,0.5129590630531311,1,0
15507,MS750820,my poor kat and andre they didnt deserve this oh wellmy little pony was just humiliated in front of,0.4719082117080688,0,0
15237,MS134987,Reading Texts about Muslims Solving Americas Racist Religious Sytems,0.9850249290466307,1,0
17524,MS679800,has around 4500 confirmed deadhow about your people did not support the invasions of israel and palestine they,0.8133333325386047,1,1
16334,MS737855,ofuros the poor corgi ill asda serves them weird food with a side of mutton clementine makes me want to throw up,0.4719082117080688,0,0
16083,MS390287,nom nom a good job isnt over before we walk into our own shoesobamas xenophobic immigration orders,0.6360946893692017,1,0
16039,MS560899,refugee destruction in jordan because of rose sunrisethe surprising real reason not all men are gangsters and b,0.8367347121238708,1,0
16475,MS326136,is commencing the process to stage a nuclear crisis by trying to declare war on pakistan jandhar due to pakistan signing on to,0.990867555141449,1,0
16102,MS519164,The ISIS genocide against Yazidis is a horrible case but it,0.9791666865348816,1,0
16312,MS962659,the first thread i saw that depicted a life size moslem girl with a giant mug of evil was the one that starts with a k ,0.9958988428115844,1,0
15490,MS521269,tabletrtd#adjectivetheir way to fix muslim migrant children austerity cutbacks,0.8561643958091736,1,0
17014,MS616178,islamabad appears to be at the mercy of isis who now control 80 of kashmir policard action islamabad appears to be,0.9595959782600404,1,1
15511,MS974707,Kramer Says Biggest Threat to the Homeland Is Saudi Arabian Money December 6 2010 Saudi king confirms 11 fingered Bush family for financing of 911,0.9375,1,0
17234,MS250267,better than you believeanother one of trumps sock puppet muslim grandstanding lies the one that would have i s,0.9842271208763124,1,1
17790,MS36289,This is the plan Ive been talking about but it really needs to be an explicit statement that the fucking muslims are to be wiped from,0.9992762207984924,1,1
15705,MS599696,Saudi Arabia and Egypt said theyll establish an Arab debtforoil fund and part of that would,0.7927461266517639,1,0
16131,MS121904,imam called me a kike and a non muslim when he bought me a jalapeno and green pepper pita on a daily,0.9958988428115844,1,0
17664,MS676623,A large percentage of the population of the world is simply poorthe vast majority of muslims are the most animal,0.9854881167411804,1,1
16759,MS858240,If you would like to see more muslims in prison instead of killing them then would you also like to see them in prison for the,0.9992762207984924,1,1
17357,MS612399,but you have aepted the virgin was bred by muslims even your mother said so i never questioned it that is why you are retarded you have aepted,0.893203854560852,1,1
17800,MS822400,they also rape babies and have admitted to knowing nothing about Islam islam is a cult not a religion i wonder why there are so many,0.9850249290466307,1,1
17151,MS633659,islam defines itself as the religion of war and slaveryyou are a liar they have killed in hundreds of,0.9265402555465698,1,1
17859,MS685958,The kings of europe ignored that church and the law of the land for 800 years the muslims are destroying europe even before they attack,0.9958988428115844,1,1
16008,MS138152,of course charlie brown is the colorado muffin yellow cheese crumbles to gohellcat patch pf m,0.0303030312061309,0,0
15500,MS105949,jihadist turns himself in to cops in stargate universe in baileys restaurant hotairehhhhhhhh,0.7692307829856873,1,0
16652,MS867239,we aept the peace offering of the fools of muslims we reject their peace offeringwhen i hear the term,0.9958988428115844,1,1
15746,MS537610,the #debate on asylum seekers focusing on muslims comes right at a sensitive time for france as more,0.9992762207984924,1,0
16961,MS434632,the air is hung with the corpses of people who died in the unprovoked attack by the imam of wasil urining over 300 both in,0.9925373196601868,1,1
15718,MS142898,got hacked dirty blondes get that jihadi when you break the windows you can put a bag of,0.8493217825889587,1,0
17012,MS867453,this is the last straw getting beat up by 6 of them at once is unbelievablea muslim assault,0.9854881167411804,1,1
16021,MS126117,Amsterdam the hip bukkakey flow in ze streets u nowl no u grooth like in ubby u that don t,0.5,0,0
15383,MS395794,aliexpress see my love letter to#postgrad and the internetthe romper sized dvds with,0.014621646143496,0,0
15163,MS138040,Elon Musk wants to build a supersonic airliner to space travel in 5 years,0.1219512224197387,0,0
15596,MS589556,The United Nations Refugee Agency UNHCR has stated that mass displacement in Yemen threatens the security of the region and that the humanitarian situation,0.990867555141449,1,0
15772,MS387093,the middles ones in our company when we have just had a kid and a 50 pence has gone to pay for lunch because everyone in the restaurant,0.1769547313451767,0,0
16886,MS639342,a cockhead who believes the same things the prophet mohammed was a jewish paedophile and christian racist,0.9831578731536864,1,1
15933,MS532044,Egyptian authorities search homes after raids targeting notables of a terror network in elqan a strict law under which 11 members of a maini #,0.990867555141449,1,0
16493,MS763260,It would be fair to say that the Middle East was the setting for much of the spectacular growth in international tourism since the turn of the,0.0192926041781902,0,0
17203,MS862995,the pig rots from the inside out islam and peace cannot coexist,0.9992762207984924,1,1
15928,MS320807,intrateam529 a new conor misekrawhat on earth is going on with you with your new,0.5290322303771973,1,0
16567,MS898811,US embassy Twitter aount uses antisemitic language supports violence by antifa criminals antifa is a terrorist organisation all terrorist organisations try,0.6551724076271057,1,1
16432,MS364919,Former Albanian captain set to be registered to play for the Red Stars next season PSG want American defender out of the league by January,0.0526315793395042,0,0
16722,MS646590,she might be mistaken in some respects like all charlatans of religion islam rejects mathematicsislam is absurd there,0.9992762207984924,1,1
15794,MS532788,This blog post is to inform the readers about a proposal of our government to revoke Iraqi citizenship from all of them and send them back homeend,0.6475409865379333,1,0
17518,MS888704,There have been times when i wanted to hug a muslim but they would rip me apart they would make me ask this stupid question,0.9992762207984924,1,1
15238,MS594012,Johnsen and his fellow immigrants cross a street and greet refugees as they arrive at the zweijmuseum in kruiden on #holiday #,0.2728480398654938,0,0
16706,MS204849,syrias bastardsi hate urgenc fucking boysi fuck em stupid,0.9827249646186828,1,1
16778,MS845255,yes they are more sexually mature but still very young to have sexual relations yetnot all muslims are engaged in,0.8997722268104553,1,1
17810,MS679752,The years 1900 to 1960 saw the introduction of irrigation techniques transport capacity modern medicine literacy and industrial production in the other Arab worldwho were,0.625,1,1
17511,MS617881,the rape of us by islam is exaggerated but the fact is that we all know that islam rapes usthe,0.9958988428115844,1,1
15554,MS124825,the frustration of her teens is actually muslim sisters protest #muslimwomannomicsayingthemotejudgemails,0.9958988428115844,1,0
16030,MS397648,by Mina Islam Golden Dawn threatens Kurdish town with strike over cemetery protest160 a month for a basic electrical bill,0.96875,1,0
15508,MS732025,Benelux is the new Swedeni hope those people leaveend,0.3578947484493255,0,0
16345,MS322275,syrian president says US strike in indonesia was an act of warat #alliance,1.0,1,0
16025,MS582512,flooding is an epidemic within the muslim community i have dna testing done now dna is valid 8 khalil the omani,0.9958988428115844,1,0
16605,MS882567,if he was a compleat bastard like the majority of muslims are he would have been taught in school that muslims should be treated as,0.9842271208763124,1,1
15154,MS555045,only 39 of the 426 deaths are due to the bombing itself it only matters if the bombing killed people in its own countries like the us and us g,0.9791666865348816,1,0
15538,MS125428,mesmorite pilesi guess you are just an absolute trashadam cracker,0.6741153597831726,1,0
17836,MS650475,isis hired old isis has with the help of the muslims and their religion the noblest country in the world only grows,0.9984089136123656,1,1
16519,MS623882,islam is an attempt at a godless state controlled by islamofascists a police state controlled by islamofascistsend,0.9842271208763124,1,1
16284,MS960496,CNN A court in pakistan northern bay province has sentenced to death the governor of the province another man and a woman ,0.927360773086548,1,0
17459,MS656010,hey isis if you believe your very strict hassai lunacy you would be exterminated and our children be raised by the prophetend,0.981428563594818,1,1
17804,MS808706,tooth pickers are basically child abuserswe must not believe the liberal and political elite islam is no good,0.9958988428115844,1,1
16153,MS577785,Desert Gold Transmission P6 5speed transmission,0.014621646143496,0,0
17158,MS680412,by the way i love the idea of having people cleanse the city while you are gonesince you are a mus,0.9831578731536864,1,1
17452,MS458779,International news agencies are reporting that the Syrian military has lost over 2000 men this summer in this country#syria#ukraineserroisdev,0.996692419052124,1,1
16782,MS856716,arabicislamist group tries to make us forget about suffering of migrant workers in the UAEi m,0.9434629082679749,1,1
15708,MS326598,US and hezbollah in Syria directly threats to bomb Egypt over Hillary Clintonrudy carter russia needs its,0.990867555141449,1,0
15791,MS601808,what do you call your bubbly mums leave a note on the door if they are not home give them a gift,0.482516348361969,0,0
16382,MS554456,Exclusive The blast wave from the Syrian ceasefire proposal continues to take aim at Kurds #redrising you are playing the same game that you know #,0.996692419052124,1,0
15429,MS121003,deadmau5 new york live twitter suspends deadmau5 even though he played okay in on yankees gameend,0.0908099710941314,0,0
15292,MS195930,The Syrian black smoke of the conventional war of attrition remains filling the skies of the so called civilized world due to the enablers of,0.9965870380401612,1,0
17660,MS818958, surprises me that so many people support islam and muslims they encourage prejudices and sexual aggressions,0.9958988428115844,1,1
15524,MS552324,A moment of silence for the victims of a terror attack in France on an international holiday with over 160 people on the,0.996692419052124,1,0
16263,MS789163,tabletrtdand andre viktortdtdimg titlecool creative using food to create the perfect meal,0.0573770478367805,0,0
15219,MS918247,these arab numbers are from surya wonder what the black guy said ,0.5290322303771973,1,0
16087,MS571512,#lwotb2017 #womensmovement #tolerance #equality #international #jihad #solidarity #birthcontrol #va,0.6809338331222534,1,0
17492,MS608630,in this cheshire fraud murder ctr case it has been proven that you cant fake being christian and being muslim you have to declare,0.9958988428115844,1,1
17788,MS640290,by RUSSE Cobb County citizens must now put up with one of the most monstrous and evil lefties since we are at war with muslims,0.9958988428115844,1,1
16476,MS763915,tabletrtdone of my favourite parties to host is a craft fairexhibitionmy f,0.014621646143496,0,0
16379,MS362840,Sorry to hear of your loss#police fridaysmhso sick they wont even let people outside their building,0.6230769157409668,1,0
15352,MS598149,Russian President Vladimir Putin on Tuesday rejected a report that Iran is preparing to launch attacks against civilians and civilians have reason to fear something may come true they in,0.996692419052124,1,0
16120,MS564109,if you put a hundred billion on the red line and i have to cross it to get to the middle thats still zero,0.6578947305679321,1,0
15454,MS717260,the biggest fuck you to the rude police in iraqwait is that jac and shaz making out for,0.8275800943374634,1,0
15871,MS307410,i just downloaded the kerala concert of 12 or 17 yrs ago and watched it and i dont know if all song are match with lyrics or not,0.036592423915863,0,0
17126,MS694299,has legal advice on kufiria and other minorities plus this jihad related news is banned in muslim countries #islam,0.9984089136123656,1,1
15680,MS599358,Oops Wrong symbol inside of text of i greek myths bm loves to show ebooks for sale using how cute pakistanis,0.104978360235691,0,0
16141,MS717785,If the poms are going by a bad name then your,0.3522727191448211,0,0
17442,MS701632,you mean blaming muslims that you support stoning for adultery or slaveryi hate to break it to you the,0.9958988428115844,1,1
16544,MS285054,what you read to be retardeda post on the internet by or iranian officials as well as officials of our,0.4980321228504181,0,1
15392,MS538824,The odds are very high that democrats and republicans are close on the what the best interests of #Muslim refugees,0.981428563594818,1,0
17231,MS890982,Jerusalem Police arrested four Palestinians on Tuesday for allegedly inciting,0.9806867241859436,1,1
17001,MS631633,also he use to tell all the poor muslims to return to their country when in fact what his church teaching is what he advocates what others practice,0.9958988428115844,1,1
17795,MS618157,are no true muslimsand there are no moderate or hardline terrorist groups any more people are either radicalized,0.9958988428115844,1,1
16331,MS108730,the house of illyria is alive but is under attack by sunni troopsall this yuppie normie,0.5290322303771973,1,0
16892,MS606319,The global jihadist insurgency declared war on all humankind with the attack on the crusader forces near the half way point in the first crusade the prophet moh,0.990867555141449,1,1
15427,MS536935,the clock has now passed the hours and this is the witching hour ive been waiting to be a stick in the mud just say it,0.6200000047683716,1,0
17210,MS404114,Like many of our own who marched for our security we are now getting bombed in the middle east,0.9375,1,1
17035,MS819187,the liberal party is the arm of jews to control white societymuslims are all about enforcing sharia,0.9984089136123656,1,1
15168,MS171584,in January every country that talks trash about us mentions our leader as a big disgusting bomb in the skythe beginning of,0.6360946893692017,1,0
15620,MS979254,i was going to say that liberals in britain are very prone to foot injury such is the constant friction between,0.6459627151489258,1,0
15643,MS1000675,slidesong bob rivers song youtube the songs of burgthead and his band youtube st louis,0.1280487775802612,0,0
16562,MS865244,the government plans to continue paying family members of terrorists just as long as they do not try to leave the country,0.8947368264198303,1,1
15784,MS532788,This blog post is to inform the readers about a proposal of our government to revoke Iraqi citizenship from all of them and send them back homeend,0.6475409865379333,1,0
15882,MS771186,tabletrtd#foodie would love to have a go at the entire thing with a kitchentdtd,0.4226579666137695,0,0
16378,MS148385,the hula shows it never failsheres some things i learned from the slaves i serve in iraq and in its,0.4469564855098724,0,0
17537,MS266825,ostupid smarmy dummy muttonhead sexist russian male wearing a red shirt haircut hate onste,0.9174800515174866,1,1
16850,MS848740,but your logic is flawed you seem to forget that the world is full of racist stanatics and backwards thinking muslims,0.9992762207984924,1,1
15704,MS780456,hey all shaz is definitely still alivei think i hear the glass is half empty so far,0.0604105070233345,0,0
17522,MS28512,Qari Arif Has Spontaneous Arab Spring Riots in Pakistan and Afghanistan Before he is taken by Taliban to a secret jail named after Osama bin,0.990867555141449,1,1
17569,MS697420,as to be honest im a white muslim and im not ashamed of it no one isno a non muslim,0.7960526347160339,1,1
17224,MS640399,the goal of jihad is to destroy jews wherever they areislam declared war on all humanity 1400 years ago so,0.9854881167411804,1,1
15741,MS122631,5 problems with its ban on terror suspect egg washing on President real goal of #orangejihadisis #sharia laws ectend,0.8671875,1,0
17820,MS210483,syrian refugees are rapists some nazis support them,0.801922619342804,1,1
17685,MS854172,islam beheadings rapes halal corruption so on and so forth their kind are a waste of space and they can,0.9958988428115844,1,1
17787,MS658304,quran clearly says that a islamic state will have women beheading childrenwhat man is there who believes that,0.9854881167411804,1,1
16930,MS456900,Syria slams US plans for diplomacy with the Syrian opposition today in a joint statement from some 20 opposition leaders including salafi scholars head of,0.990867555141449,1,1
16584,MS677932,the third great delusion is that we dont have a constitution isis stands for islam only more slavesthe t,0.9958988428115844,1,1
17500,MS618922,as a law school they should be forced to have faculty beheads their citizensno muslims israelis or,0.9854881167411804,1,1
16727,MS835288,How dangerous are muslims They are trying to take over the country We should not let them in let them leave when they are done,0.9958988428115844,1,1
17435,MS416711,native american jewish no daca canadian aboriginal indians muslims muslim immigrants people of europe will not belong to us are not,0.9434629082679749,1,1
15300,MS520386,30th world refugee day focus on refugees #skwap19 #extraordinaryrep,0.6475409865379333,1,0
17064,MS844434,the whole world is watching how we respond to islamic intrusionlondon nowadays is more dangerous for tourists than z,0.9984089136123656,1,1
16151,MS571763,refugees why us with what we have learned our efforts cannot waitiran gives us the dayend,0.96875,1,0
16214,MS788897,Many live in fear that they might get fired because they are currently in the bottom of the Australian league tablethis meal,0.1008377075195312,0,0
15444,MS566591,endeavorwhy is there a 20muslim refugee camp in primeval europe right next to the country that,0.9434629082679749,1,0
16809,MS289884,when yall hate on me then follow me thatz all the lieswhy is the terrorist not rewarded for his crimes,0.7505109906196594,1,1
16407,MS519272,The home secretary has declared the UK should consider whether refugees from any country can be said to be protected by the charter of fundamental rights her argument is that,0.6830986142158508,1,0
16348,MS372009,smiley is the tk foundation of english cooking fam dryly packaged the product 5 year before tk won the design,0.0294148381799459,0,0
17238,MS685866,isis fanatics burn down palestine because the Prophet mohammed and his family wanted the sameno the gulf,0.8671875,1,1
17235,MS672829,i technically all of them are salafists for all of the statements made in the quran and the hadiths its irrefutable,0.9850249290466307,1,1
16626,MS290433,bomber alot of americans are learning that the would be king is a tool of the state not a lover of people,0.9772727489471436,1,1
15667,MS557023,by arbarostavos in food plus issues from news related to the news top news and features arbarostavos2016 refugees are your,0.8367347121238708,1,0
15881,MS150617,A photojournalist and camerawoman face several years in prison after showing themselves at mosque to storm their film crew,0.9854881167411804,1,0
15590,MS313573,tabletrtdjune 23rd 2017 for those using call wires for power inverter in #nicolina #michigan,0.0321888402104377,0,0
17105,MS806565,the liberal government that rules our country persists in defending child rapes made by muslims and islamic radicalisations raping children by majoring in,0.9854881167411804,1,1
15947,MS362661,air warden for the mowhich more has been said about this storm like all the storm tweets and the predictions which,0.8561643958091736,1,0
17527,MS826770,israel has been behaving in a racist manner towards muslims this situation has only gotten worse people dont even need to have faith in,0.8997722268104553,1,1
17336,MS303238,desecrate violence b4 citizens fall for false flag it is time to deport the invaders they take jobs our citizens do not they pay taxes not welfare,0.4469564855098724,0,1
15669,MS120995,Turkish President Erdogan allows foreign diplomats to leave capital city of Ankara,0.9659090638160706,1,0
16208,MS311451,A study on evidence linking United States military lead contaminated with mercury and herbicides in Iraq with long term adverse effects on neurological development,0.996692419052124,1,0
16654,MS612934,i know you hate your white fathers right but why is there a controversy when white christians are dying of violence and crimes by islamists,0.9434629082679749,1,1
17607,MS622809,that guy is the scum of the earth he would never learn the history of islam and his education is based on lies and nonsenseend,0.893203854560852,1,1
17549,MS678910,You wont get an answer on the internets because only a muslim or islamofascist would come up,0.9850249290466307,1,1
17682,MS607780,the Qurifaa muds were all slaves slave boys slaves girls but the muslims abolished all slavery 20 centuries ago,0.9958988428115844,1,1
17683,MS672613,israelis destroying isis using the same tactics they used to rape the palestinians 400 years agooh,0.8974359035491943,1,1
16842,MS502018,President Trump may have proven himself a man of action when he signed his executive order banning immigration from certain Muslim nations but the refusal of social services,0.981428563594818,1,1
17107,MS649481,allahu akbar allah is bettercheating is against islam hates sex bibi is virg,0.9071762561798096,1,1
17275,MS615555,all radical muslims who want to be terrorists just follow the example of their prophetthe part about going on vacation,0.9854881167411804,1,1
17093,MS635729,of year 19 remain in muslim countries with few exceptionsyes the fact is that the religion of peace makes no sense,0.9958988428115844,1,1
15234,MS936722,16 oz HiTemp Mop Grappling Sponge with Handle is rated 45 out of 5 by 35 ,0.699999988079071,1,0
16435,MS738183,Previous Chapter the sidecar cake tasted greatmy brain cannot process the jizz on,0.6446593403816223,1,0
17405,MS660144,the young girls dont mean any harm by participating in stoning to death something which pakistan has done for over 400 yrs,0.375,0,1
16098,MS138369,encap uk tmrw lets not lose this wildcard no more #tsn17holly i love,0.2585267126560211,0,0
15624,MS128059,Dont tell Dwayne Wade what to do like his dvd just got out lolour northern jihadi cousin who,0.7938931584358215,1,0
16938,MS426233,william walsh is an ignoramus a class act that will earn me a permit with the schnetz imambassador to the united states of,0.6830986142158508,1,1
15438,MS310797,The national sales tax was introduced to raise money to combat the costs of the war effort on 6th April 1918m,0.9733959436416626,1,0
15896,MS569233,Noam Chomsky is a major contributor to many of our current world problems and at various points in his career he has been supporting,0.8238636255264282,1,0
16976,MS244785,ahmedmohammad im jamaaz but not a jah,0.8902438879013062,1,1
17715,MS837025,if you visit londonistancom you will see there is only 1 muslim in every 100 people muslims are forbidden from entering this,0.9958988428115844,1,1
17666,MS246166,asharqaiwhat else can i say other than its not fair to the other seats of government who have agreed,0.0346083790063858,0,1
17293,MS277465,love clinton even though she cheated on isiah with muslims wtf is this liberal hypocritical idiot got any heart left in himend,0.9434629082679749,1,1
17544,MS646214,ah i have found out from khamenei that isis is an excuse for sharia law the third quran verse 7 specifically calls for it,0.9958988428115844,1,1
17395,MS458985,Immigration Minister Peter Dutton says Syrians must leave Australia before we can get a full immigration program implemented for themlow,0.6809338331222534,1,1
16566,MS657918,when most people think of homophobia they think of the palestinians isis is the latest symptom of the palestinian problem,0.4689370989799499,0,1
16735,MS828642,Scots are generally ignorant when it comes to sex crimes committed by muslims and they should be ashamed of themselves there are many photos of mus,0.9434629082679749,1,1
15531,MS529251,but itll only be 35 or 40 percent the costthis iraqi is 22 how old is that muslim,0.9958988428115844,1,0
16909,MS20595,People burn flags in Kurdishheld areas in Syria in solidarity with Kurds being slaughtered in Iraq for getting the wordthis,0.990867555141449,1,1
17379,MS663278,israel claims that taliban are using women for sex because they were abused in childhoodand the prophet mohammed,0.9251337051391602,1,1
16848,MS431170,canadian mongolians are moving their families to sweden because of muslim immigration the does not allow muslim immigration to sweden canad,0.893203854560852,1,1
15228,MS919458,moto3 factory crankset complete with rings finally free domercy bautista,0.014621646143496,0,0
17198,MS682969,They may be racists and muslims are a prisoner of the pakistani empire and the jihadi will never surrender you own country do you,0.9831578731536864,1,1
17015,MS649712,orlando police will not aept extrajudicial killings of minority pplthis is a cynical act of self censorship from mus,0.981428563594818,1,1
17256,MS849857,of course they wouldnt cause any trouble themselves if they actually looked into why islam is growing in the white population and whether or not islam is,0.9958988428115844,1,1
16945,MS413614,wonder why the fuck they let the muslim migrants into our country why they let muslim migrants into our country niggas already in the,0.9434629082679749,1,1
15254,MS743636,pAfter winning the Middle East Championship in March one players name is now guaranteed to be tweeted out whilst watching a href,0.0526315793395042,0,0
17009,MS291397,#nodeniggas shouldnt ever pretend theyre muslims and theres nothing you can do about it,0.9854881167411804,1,1
15399,MS107604,atishabadjihadi gurus and apologist keeps claiming that sunnis are the greatest champions of fitrah,0.9850249290466307,1,0
16321,MS752872,pGreen Valley is a noshy south eastern canton that has been consistently rated poorly in the past by foodies Although not a,0.050200805068016,0,0
16868,MS254425,If the prospect of a terrorist attack such as the 911 atrocities raises alarm bells for any one of us let alone for our,0.7692307829856873,1,1
16575,MS685537,Last month the head of Isis in Iraq and Syria boasted that his enemy was a fan of ISIS,0.990867555141449,1,1
17813,MS889017,and supporting pakistan islam is terrorismsounds like they might have some palestinians of,0.9831578731536864,1,1
16836,MS841855,islam is not a peaceful religion it claims to give forgiveness but does not stop to give gratitude it ridicules other cultures and facts its,0.9984089136123656,1,1
15889,MS534791,UKs public money linked to sharia courts after documents showing 900000 fee demand to implement in 30 western countries,0.9920844435691832,1,0
17701,MS871403,the muslims are making a mockery of our holidays why should we support this inane group of people ,0.9958988428115844,1,1
16910,MS874421,the only thing that they care about is welfare and mudds being forced to wear the hijab again truly a disgrace,0.9984089136123656,1,1
16134,MS138494,of ireland me cant even crack a beer or whew guess im still a dimwityo muthafuck,0.8766266703605652,1,0
15401,MS545117,The Trump administrations temporary halt on visas for refugees nonimmigrants of 2 years will,0.5822222232818604,1,0
15484,MS541174,on the other hand we have people like leftwingofnigeriaby are you supporting mass migration of muslims into ireland i,0.9434629082679749,1,0
17762,MS675494,have grown to define the discussion about what it means to be a muslim world wide condemn the massacre of muslim citizens,0.9958988428115844,1,1
17610,MS859164,I get why it s so hard to believe that people put so much time and effort into something that kills them and their dependants even if it is,0.4832214713096618,0,1
16478,MS1006170,Reuters Two Israeli men have been arrested for alleged links to a violent Palestinian protest in Jerusalem last month that left two Israelis dead and hundreds injured,0.990867555141449,1,0
16952,MS815488,Muslim Brotherhood initiates sedition against Israel with the goal to destroy the state of Israel and replace it with an islamic state thus the,0.9958988428115844,1,1
17706,MS839987,Canada has never been great to women and girls it is the only country in the world that supports arelam and therefore support for muslims,0.9958988428115844,1,1
17461,MS619797,say the muslim world just told it itself the truthevery muslim kills innocents every day,0.9842271208763124,1,1
15987,MS314522,French police photographed the suspects in the supermarket attacks ahead of their interrogation,0.990867555141449,1,0
16291,MS561108,with everything that feels off about the nashville doctor shooting is no stranger to a gunme i tell ya it,0.9463667869567872,1,0
15396,MS125396,Koran claim contains two explicit verses from Quran and next 17 jihad terror attack is in 13 months from now govt will say thanks for,0.9958988428115844,1,0
16748,MS629233,As a big fan of folk you know that this buggering illiterate criminal barely had any cultural influence in premodern muslim world islam,0.9854881167411804,1,1
16330,MS903360,AFP ISIS jihadists released video showing a captured Syrian army soldier strangled to death and the beheading of a second soldier ,1.0,1,0
17585,MS895682,Hillary Clinton on Wednesday slammed Donald Trump for suggesting all Muslims in the US should be deported and said that such a position was taken by,0.9449082016944884,1,1
15489,MS995340,the rich kids at the party appear to be upper middle class kids who are part of the younger side of the same,0.1220657303929328,0,0
17257,MS809612,islam opposes creativity since all that is needed is the koran it is not a religion but a,0.9992762207984924,1,1
16095,MS759433,Edicts are dumb rants with a capital dulcet t You could do a burlesque troupe Eds,0.699999988079071,1,0
16133,MS521722,The Rohingya Muslim refugee children in need of housing in brooklyn are living in tents canteen at,0.9854881167411804,1,0
17690,MS849602,islam is the greatest threat to western civilisationso you would refuse even other nordic whites fleeing the brown chaos,0.9958988428115844,1,1
17698,MS807908,Muslims in Norway have beaten their neighbours in wars and now they are trying to start a war in our country i cannot tolerate this,0.9984089136123656,1,1
16264,MS122382,end of word jihadi preacher on jihadi john as lame duck as filiberto rios pardoned for neigbears crimes jihadi preacher,0.981428563594818,1,0
16537,MS862732,is it really that bad to have a different view on the muslim threat it would be great if our politicians would stop pandering to this tribe,0.9992762207984924,1,1
17486,MS440172,This is a large opportunity to revolutionize how workers in the US stay employed and rebuild what is left of the middle class,0.3313252925872803,0,1
16217,MS552324,A moment of silence for the victims of a terror attack in France on an international holiday with over 160 people on the,0.996692419052124,1,0
15374,MS905825,Two weeks before a university lecturer was set to give evidence against jihadi bride let me tell you it is a bloody good time ,0.9854881167411804,1,0
15299,MS365388,SAN ANTONIO Reuters US President Barack Obama said on Saturday a postelection diplomatic standoff in Syria was based on political,0.9946646094322203,1,0
17291,MS663413,of clubs and there are no jihadi killers islam helped create the problem which is now destroying israeltry reading,0.9842271208763124,1,1
15248,MS976476,CNN As many as 13 people were killed and dozens were wounded in a terrorist attack in the center of france between terminals 1 and 2 ,0.990867555141449,1,0
16651,MS619501,are lying this is what is happening in #islamislam attacked the 2 islamic missionaries in edmonton,0.9854881167411804,1,1
17693,MS252519,inmynameinkinyourboxi hate when people try to over analyze my thoughts because they never thought to question,0.4832214713096618,0,1
15660,MS326260,tabletrtdim so sad im not in awe for your great songs everyday i want to hear the absolute best,0.0282944664359092,0,0
17477,MS864837,the crux of his problem is that he does not understand that his religion causes terrorism muslims are corrupt and have been for a thousand years,0.9992762207984924,1,1
16661,MS880200,islam training camp attack0muslims should stop trying to convince us that it is good for us and,0.9958988428115844,1,1
17515,MS863706,In my country it is illegal to be a muslim if a mate of mine was pulled up on a cocaine charge he would most likely be,0.981428563594818,1,1
16953,MS651929,australian publishing barons own print mediaa majority of muslims are racists and antisemites,0.9434629082679749,1,1
16164,MS365923,all over Europe their always poachy embarrassed by now but still good see you guys on nyti am on the,0.1606858074665069,0,0
17566,MS668019,The news is that the venom of the dogheaded isis muslims has yet again found the way to assassinateend,0.9992762207984924,1,1
16070,MS980911,children of 8 are racist if they do nt mop the floors with their father ,0.6551724076271057,1,0
16246,MS182567,my pom loaf crackers are already burning down my raison detre del chen,0.5177304744720459,1,0
16556,MS857333,the point is that they are not only white but christianwe have been at war with islam for a thousand,0.9850249290466307,1,1
15468,MS512359,The political hero of UK economics policymaker shoots deads #criminals seeking to invade #britain cameron,0.9463667869567872,1,0
16394,MS555631,refugees talk about putin migrant visit where the president encouraged 1130 people to join his cabinet was founded by brussels mayorend,0.9449082016944884,1,0
17089,MS666933,the best faq is that i have no religion its that i dont practice islam the faq of islam is no more complex then that of,0.9958988428115844,1,1
15179,MS149536,ABOVE Mulcair in a scrum with reporters at a political rally in Edmeston Que a href,0.9659090638160706,1,0
16421,MS580635,tom pom poms look at some very scary rap videos and when i just say what he was rapping about it triggers some really fucked up shit,0.9117958545684814,1,0
16530,MS605809,there are 16 amendments i agreed with and as for the rest of it is clear that the quran and hadiths condemn non believers in word and deed,0.9958988428115844,1,1
15737,MS601597,recoveryforall immigrants and refugees who have been processed through the immigration courtyes dont forget to leave the new york courthouse when you go,0.5212118625640869,1,0
16428,MS520242,The thousands of refugees from war torn eastern europe currently residing in sweden wish they could,0.9791666865348816,1,0
16237,MS158795,Ive seen like 800 people on twitter who will read and understand only 90 do I think 90 of those people are jihadi sympathizers #tcot,0.8997722268104553,1,0
15487,MS789438,ritsallbrotheresmmmmm annie lillianand tony and shaz,0.267657995223999,0,0
16819,MS864720,have you noticed that all the muslims look alike that is because all the muslims are same they all hate jews and are,0.9854881167411804,1,1
17045,MS901957,Terrorist responsible for attack in port street portkentmeetingplace was shot dead by policepictwittercom,0.990867555141449,1,1
15733,MS508677,youre going down no matter what u just demonstrated disgustingstopping sharia for example isnt a cause cuz,0.8997722268104553,1,0
16862,MS607521,this is fake god is wrong about thatislam has always and will always be the religion of terrorism and hatred,0.9958988428115844,1,1
15315,MS759332,my words are hidden for a minutead nauseam its another round of instant restaurants its not helping the kids right,0.1785714328289032,0,0
17188,MS869222,this book makes comments like muslims cannot add any value to our culture because they do not want to conform to our costumes they want,0.9992762207984924,1,1
17106,MS687332,many of muslims have killed free speech advocates without trial or reasonfor you know what you are doing number of,0.9984089136123656,1,1
17394,MS700216,pThe Islamic State and Al Qaeda are planning to establish a worldwide caliphate that will be governed aording to sharia law and violence and hatred in,0.9854881167411804,1,1
16954,MS834146,islam controls people and does not permit any one to express his imagination this happens because all that muslim,0.9992762207984924,1,1
17732,MS635346,the other thing the jews have always been violent and war mongering islam encourages it yet we have the audacity to complain about it,1.0,1,1
16911,MS698962,a secret society that formed in its first few years after the 6 month jihad attack on amman on 1329 under the caliph who adopted their teaching,0.9958988428115844,1,1
17422,MS658982,no problem with anything other than toque islam declares war on all humanitythe reason that there are so many mus,0.9992762207984924,1,1
16783,MS882344,another muslim rapist this time in hxendon another case of whites committing heinous crimes against our,0.931034505367279,1,1
15611,MS984092,subj ect the united states of aryan just what is in the minds of a few individuals anyone know,0.3522727191448211,0,0
17807,MS639447,the muslims are constantly buying up more land and creating more refugees for their imaginary war they never fightthe majority,0.9958988428115844,1,1
17775,MS887527,The British media have painted a picture of a defeated and isolated Polandevery muslim in the world should join the labour,0.9831578731536864,1,1
17432,MS893643,It is said that on the tenth of nicholas alee king will be reminded that on november just gov passed laws forbidding mus,0.9850249290466307,1,1
17743,MS642074,all religions except islamare peaceful coexistthe great majority of islamic writers are villains and the same has,0.9992762207984924,1,1
16786,MS690247,this the smallest representation that is sharia one hand cut off for blasphemy one hand cut off for blasphemyif you want,0.9854881167411804,1,1
17704,MS228480,how about allowing her to say whatever the fuck she damn well pleasesis islam an interpretation of the religion,0.9434629082679749,1,1
15627,MS516161,The US Army released this video of an amphibious attack team from west texas on an enemy outpost in afghanistan on 10 f,0.996692419052124,1,0
15288,MS358307,as the girl without a name is from school i would like to know what country it is from its not in pakistan but thailand,0.136032223701477,0,0
17469,MS635497,for his failure to protect the 3 year old boy muslim raped in his home for being a sinnerhe knows,0.9463667869567872,1,1
16545,MS692077,this image has been deletedto stop muslims going there are no other options except to build their own,0.9854881167411804,1,1
15720,MS716340,Euro 2012 cohosts made unappetising impression on France with mysoggy pizza #Francei,0.0167134273797273,0,0
17423,MS42456,Exclusive President Barack Obama is sabotaging efforts to free 300 Palestinian prisoners just because President Trump declared Jerusalem the capital of Israel which is key to,0.9791666865348816,1,1
17627,MS689782,The UNHCR with the encouragement of Israel and the United States is actually pushing children into the arms of ISIS the corrupt terrorist group we fought to destroy,0.9595959782600404,1,1
17624,MS678239,amazingthe syrian men and their male supporters have raped and murdered 700000 pakistanis by now,0.8370044231414795,1,1
16560,MS606136,either a Jew or a moslemno the examples you provide are not those of the quran nor sunnah but,0.9854881167411804,1,1
17632,MS646867,libya is full of frauds and murderers who hate the ummahno you muslims dont breed sh,0.9854881167411804,1,1
