Unnamed: 0,id,text,score,predicted_label,true_label
1147,MS291299,in stankof semen mongoliaonce again white people getting hurt by indians hella tired of them,0.991664707660675,1,1
1559,MS842357,white men in south africa think it is fine to grab an asian woman by the hair and shove her against a wall disgustingend,0.9834732413291932,1,1
566,MS584665,human rights activist hunan ordered deported from thailand hundreds of thousands of illegal immigrants voted illegally in a rare democratic,0.1430206149816513,0,0
344,MS561615,At the beginning of the movie the first character says hang in there lads a piece of my mind i wish i was,0.0020993752405047,0,0
1660,MS85215,because everywhen a yasmine turns a japanese nigga into a nigga with his own hashtagyet,0.971059262752533,1,1
749,MS126372,UNITED NATIONS April 25 Xinhua Chinese warplanes have already conducted 17 sorties over the disputed waters between China and its,0.004274159669876,0,0
1092,MS299373,or the increasing number of asians in their thousands are it is our fault that they are being overburdened especially now how are,0.9147483110427856,1,1
747,MS174542,edit Check out some other amazing korean mobiles in todays deal ,0.0003961942857131,0,0
1235,MS260161,so you think plcan you see i hate these little chinese kids they act all weird like i dont have no,0.9951391220092772,1,1
711,MS978150,remember that time korean boy s archery star s scholarship committee rejected his application ,0.002411643974483,0,0
350,MS374078,Singaporeans over the age of 60 now make up one third of the countrys population of over 43 million people a,0.0035769594833254,0,0
1058,MS23157,the stupid white gook killing da niggers for sport and then runnin across da street to spit in his hoe face,0.9988773465156556,1,1
74,MS193903,of the year shortlist have been decided thanks to your votesi still cant decide between the 2 chinese girls charlie franklin and ron,0.0025450070388615,0,0
676,MS306422,in death row saves american lives in errorfully interrogated in indonesiain the midst of unalleviating,0.0071380902081727,0,0
1218,MS52864,jessica gets her pussy drilled asian slut loves the feeling of black meat in her cunt as she screams into the phoneyeah mom i love,0.9964853525161744,1,1
807,MS1002309,the sheriff s department in chino fled while two other stations continued to arrest armed bandits in the hills above rosenheir especially the burned area near,0.0045487168245017,0,0
1572,MS657298,as stated above i dont see what the big deal is about that and this is barbaric and there is zero proof of that whatsoever,0.0135476374998688,0,1
1373,MS455424,foreign work where asylum seekers who have been involved in their people smuggler networks try to get into the our countries europe or usaend,0.0094167739152908,0,1
1281,MS880982,of all the hate words faggot and fuck you and everyone in between a shit load of mulattos and asians well,0.912459909915924,1,1
759,MS909281,back in 2011 a friend told me about this restaurant called chinese take out and I ordered takeout and it was,2.669998684723396e-05,0,0
110,MS342583,In 2015 long after the threemonth anniversary of the typhoon that hit the Philippines we noticed this trending on twitter #hasnataf,2.4028229745454155e-05,0,0
1561,MS51095,my little pussy a cute asian girl who is not a slutif i lived in #losangeles or any,0.7460272312164307,1,1
1583,MS215059,new delhi fifty youth sex offenders from india have been released from 21 other,0.2949192523956299,0,1
664,MS1004387,and i have decided on march 2 that asians are our enemy and must be seen to be seen and heard to be believed the white man has,0.9651786684989928,1,0
1526,MS874267,Theyre one in the same White men and asian women both trying to drag down the ethnic pride of the english language disgusting,0.9970937967300416,1,1
1566,MS79749,getting raped and watched by dumb chinesenice work chaps gonna get a medal but youll always be a n,0.9731687903404236,1,1
705,MS754088,flashmp3and at the end of the show robert dale and jac shaz are yelling at the contestant,0.0023468469735234,0,0
655,MS988819,the only area i have noticed that non whites are more apt to collect should be in prison or a mental hospital than anywhere near whites i have ever seen,0.9646875858306884,1,0
959,MS407539,US foreign aid to flow into corrupt courts of ireland where it will be squandered and vulnerable adults of eu raped and abused #sendthem,0.5452315211296082,1,1
948,MS273396,the gen fuck them from hellbut the indians arentto make the u,0.9137713313102722,1,1
372,MS341369,Image caption Chinese companies are getting involved in the solar industry all the time,0.0001206666784128,0,0
565,MS140115,a positive fun relatable comedic ennto reach 11 yrs old youve gotta eat rice with every,0.0010448079556226,0,0
1309,MS476694,anybody who believes the jews should not have been allowed in hindu national holidaygawker and paypal,0.645576000213623,1,1
1048,MS425295,Asian Economic Association to meet in aisles and nowhere at all Middle East World Cup must stop stealing funds on stadium construction VOTING YES on taxing,0.0453531071543693,0,1
250,MS567607,one of the coolest people i met during my trek to northern ireland and thanks for taking care of me during my monsoon journey,3.842285514110699e-05,0,0
303,MS584582,NEW DELHI Hours after the emergency alert level was increased for Kolkata after a video emerged on social media claiming to show victim poured gasoline in,0.7593050599098206,1,0
1169,MS628401,US soldiers stationed in Japan to receive stickers that honour the soldiers who died for their countrywhat is wrong with people that,0.262496143579483,0,1
249,MS914228,were changing asians because they were staring at them for long periods of time and noticed they did nt dance as vigorously as a Caucasian would ,0.0952420383691787,0,0
212,MS149352,SAN FRANCISCO Reuters Japanese internet retailer Rakuten Inc said on Monday it would send its workforce of 50000 out of a,0.006701914127916,0,0
924,MS209370,you are morons shouldve been traded by the goon squad for icman and omaha whether you like it or not we are out,0.9703580737113952,1,1
10,MS940568,and another great survey japan nuclear reactor radioactive steam on video 41010 youtube x,0.0012068063952028,0,0
1154,MS273561,are the most restrictive nation the word is a word that could apply tobriefly because of the amount of government infringements may yend,0.0118410689756274,0,1
1534,MS492457,Russia to Moscow first buy some barrels for your own cause we do not want you here you got diplomacy below the law get that fuckedend,0.993899941444397,1,1
1107,MS10170,should be punished ive lived in this country longer than the average indian male and even tho im trash cant complain im a human being,0.4203638732433319,0,1
1189,MS874267,Theyre one in the same White men and asian women both trying to drag down the ethnic pride of the english language disgusting,0.9970937967300416,1,1
1013,MS246911,japanese arsonists torched some of the ugliest nuclear buildings ever builtlet the ricin v,0.1692710965871811,0,1
1118,MS18666,Reuters A US jury has convicted a Colorado man of illegally transporting two Asian women across the USMexico border,0.0293762702494859,0,1
795,MS348414,avnexbeing foreign helped me keep abreast of what was happening around me and made me see things from a,3.7164194509387016e-05,0,0
1257,MS302624,India and UAE for their part share a fight for sustainability in the environment few things unite them more than this but they act as aux,0.0009547221125103,0,1
1587,MS416378,One country indonesia not one crime President Trump said Sunday,0.0103464359417557,0,1
543,MS796283,I must say that the last two hours of america has been phenomenal,0.0004888703115284,0,0
636,MS999712,are you a jew most japanese people just have nice long bodies and nice slim bodies and they are,0.0255975984036922,0,0
1481,MS239751,Handsome fat idiot shows i hate china with his bilious satire of okinawas creepy romanceend,0.95822012424469,1,1
741,MS754616,TOKYO Reuters Japans market share in the telecommunications and information technology sector fell to its lowest since 2008 in the third quarter as interest,0.0004913751618005,0,0
1450,MS36573,but we dont hate the chinks we love the chinksi heard its a natural disease they spread from your arm,0.984380841255188,1,1
463,MS529289,Australia issues warning as British holidaymaker disappeared after surviving a boat trip to Indonesia despite an earlier reportbeyond help,0.004470454994589,0,0
1263,MS55400,when its a west korea clash of cultures shit will be explained on twitter and no one is talking about spongebob the turtle west korea vs,0.0038381861522793,0,1
402,MS919322,The record of the club is in the minority that are of the knish persuasion north of the line the war,0.0491391196846962,0,0
1551,MS831855,the muslims in the workplace is a bigger issue than the ne asians at the moment they are all racist anyone with a brain,0.9952580332756042,1,1
386,MS364209,bbecome a studio trumpet bfrench keyboardist auteur andnye indian,0.0002426521241432,0,0
208,MS936986,i wish my skin was blue would nt have to deal with this phobia remember people it is our duty,0.0007523337262682,0,0
635,MS515205,#4534 Bell police officer fired for mistreating minority passenger gets 400K disability 114K legal settlement Last week my sister made,0.0197638496756553,0,0
1391,MS868597,japs hate us for what we do even though we do not do anything wrong,0.079081542789936,0,1
799,MS528171,Previous Next Anita is in africa yet she lives as an immigrant in japan egypt being beheaded asapend,0.630760133266449,1,0
868,MS832623,manipur in 1920 was nothing but trouble in 1930 it was all but cleared of its Chinese and Jewish problem why did this change because,0.1540353596210479,0,1
1420,MS832623,manipur in 1920 was nothing but trouble in 1930 it was all but cleared of its Chinese and Jewish problem why did this change because,0.1540353596210479,0,1
1137,MS850259,rap is the ultimate deterrent against working class white people getting their dirty hands on some asian peasants doubloons,0.9049252271652222,1,1
1280,MS500149,This is a beautiful side here at the #veteransoffice in paklada we are happy to help however we can to help have a,4.5969612983753905e-05,0,1
19,MS110518,tmbs camlets not even talk about these greys and if a black man beats up a indian hes still,0.9475805163383484,1,0
1490,MS896375,We all know about the serbian god damn but do we need to mention the chinese liars too,0.9398934245109558,1,1
1187,MS434105,foreign missionary in muhammed from china who support terrorism in austria deportedassassination of police officer,0.3073689043521881,0,1
1272,MS628089,asian woman here get the fuck off a genocide doesnt begin nor end with arabian menthe truth is the,0.940521776676178,1,1
1339,MS58218,target fucking white people isnt being a fucking racist its just plain wrong cause when a chink walks into a,0.970390558242798,1,1
61,MS908358,can we talk please i am trying to find some people to talk to or maybe meet i want to find out where are the japanese companies,0.0002254978171549,0,0
523,MS346836,Courtesy of the Artist Jay is a marine biologist and behavioral ecologist based out of the US at the Royal Bank of Canada Centre for Ocean Conservation in,0.0001051872532116,0,0
909,MS416213,The International Olympic Committee has called for a crackdown on migrant gangs at the European Union borders with African Middle East and east as well as south east Asian,0.3015441000461578,0,1
369,MS139256,i bought a taco from the deli and the yellow pepper salsa isnt nearly as hot as the yellow peppers in it i should save this red on,0.0003649863356258,0,0
360,MS161316,i am someone who has liked the charm of palindrome a b patterned seeds and yellow leaves on a high bush looked like a snowflake on,8.414114563493058e-05,0,0
1613,MS860076,the chinese get what they deserve for raping and abusing jews for thousands of yearsthis despicable muslims hadn,0.9994161128997804,1,1
823,MS725406,welp i cant use liran curry cake now lol lmfao looks like round 2i,0.0006860455614514,0,0
148,MS928219,thissippinet more info thissippinet a cyberpunk inspired crime drama based in thai complete with swedish,0.0004282229056116,0,0
461,MS102479,by Jim Beech jimbeech Originally Posted by heres the yellow doritos recipe yup y,0.0006688483408652,0,0
393,MS750381,if u feed on indian food u deserve to be spit onits like the girls were never onend,0.9969315528869628,1,0
115,MS563241,of history britannia defintion india fleeing muslims dna and iris name x4711 after our immigrant parents x,0.351423054933548,0,0
1378,MS211936,asians make 5 of the worst employers in america #beyondbluedead drivers are responsible for thousands of deaths,0.9503592252731324,1,1
1446,MS291090,the creator of this doll is absolutely ruining it for all chinese girlsexactly what is happening when americans get,0.0224934536963701,0,1
810,MS975169,i was out there at the mall yesterday and saw a video on youtube of some young japanese girls playing with a few cans of spray paint,0.0003373364161234,0,0
828,MS123514,aquawho is all the bombers in yellow jerseys plz lol he is the best in jersey lol,0.0004418024036567,0,0
282,MS105648,im not an animal but its not chinese food like it is for me that is for surei love my chicken,0.0002345717803109,0,0
239,MS547435,Indias armed forces have undergone a massive overhaul in the last decade as the country experienced extreme security threats from poppy cultivation and jihadist attacks that crossed its borders,0.0057280301116406,0,0
506,MS785774,defosing headim so excited about jac and shaz day 2but who,0.0006979891331866,0,0
762,MS167711,egypt #arttvvideo #therealjanetreynolds even with the tattoos shes a beautiful #detective #gay #chinese #,0.0007838711608201,0,0
826,MS705643,ie they got a 3 for booking out of the africa city at asia citiesif every time they put a,0.0106921382248401,0,0
942,MS897573,from the outside looking in seems the cage was never locked there is always some tired old racist whites arguing with a non whites about who is more,0.8845952749252319,1,1
1374,MS248324,asian sexually assaulted by white gentile tenant i know he is a fag tho he was fucking a nigga,0.9887927174568176,1,1
1445,MS76100,i dont like pix arse asians aone day youll be so ashamed of yourselves,0.9966597557067872,1,1
791,MS598350,and the and they mandarinsnevansif that word is thoughtless to you then you should be a minority or you should,0.5007115602493286,1,0
1213,MS406379,canadian road to xenocide canada if we as a nation want our own identity then we the people need to take charge of our own destin,0.0262151323258876,0,1
104,MS538212,michigan lansing junior at peak and refugee camp deportations 4the wife of korea nuke refugees,0.1387538909912109,0,0
1172,MS421275,President Trump is creating chaos and division in the military and civilian world by firing the first modern day bootleg military from that very same military he inherited one,0.0221485197544097,0,1
1625,MS866388,island of safetymexicans have more barbaric and nasty diseases than our children and we have to isolate them in,0.9823054075241088,1,1
43,MS564289,Reuters The Dutch foreign minister is expected to hold an emergency meeting with his counterparts from outside the EU on Thursday to discuss a lessons,0.0022654319182038,0,0
1100,MS453744,this midget will make you a better loser this wee goon will make sure the funny,0.6995161175727844,1,1
1596,MS429054,UN security council member condemns Chinese land reclamation activities,0.0015681404620409,0,1
199,MS361408,What do you think of Air India managers appointments of huge tourism contracts for indian airports right after a derailment at iran,0.0209244638681411,0,0
835,MS683558,India as military industrial complex in #Pakistan using Muslim soldiers to do Jihad and Mohammed burnt Bibles and women in wahhabist era is,0.841441810131073,1,1
352,MS596907,Dolphins head coach Adam Gase went over #sukeremov in his latest newsletter ,0.0007759601576253,0,0
790,MS109958,for lutin up da good stuff preps for bed #charityfloridawhen you look on,8.1926271377597e-05,0,0
214,MS139412,pToday I got to ride a miniature teabag train with my friendneeds that yellow diamond daycare,0.0012807851890102,0,0
1301,MS291090,the creator of this doll is absolutely ruining it for all chinese girlsexactly what is happening when americans get,0.0224934481084346,0,1
697,MS394756,1017proto megacorpcannabis studies comforting city internalsoh the chinese are so,0.1406700015068054,0,0
1152,MS612127,are you fucking serious man ur a stupid hindu who is trying to rape asia and kill jews for 1400 years or something,0.9946904182434082,1,1
1292,MS843216,There has to be a limit to the amount of crap we can absorb There is no going back The non whites are coming,0.9949769377708436,1,1
1533,MS482328,Chinese officials summon Russias ambassador after nationalist protest against oil deal at Nanchang lake holds Chinese national ite return visas go on sale for four days,0.0167667400091886,0,1
1225,MS11637,on #teslamike #antiwhitestudents are second generation #asians to #thugs and #immigrants #rapists #crim,0.9543508887290956,1,1
600,MS101541,sexy asian teen petting a dirty shemaleyoure a day early for court so your going to miss,0.9787490963935852,1,0
1637,MS62952,referring to the gook ass whores that live in the russian exurbs that call moscow their home its obvious who the real,0.9745967984199524,1,1
403,MS547221,Anand K Bhasin Jawaharlal Nehru was an Indian premier during the world war ii period,0.0004206878948025,0,0
1175,MS819902,people who try to change asian culture by pushing it towards sharia will be met by indifference or maybe even hostility by many in asian community,0.8417305946350098,1,1
878,MS605433,that does not seem to stop jews of china from worshipping israel at the same rate as anyone else does or is allowed to do,0.1554844975471496,0,1
1270,MS254810,The North Korean leadership has been in a tailspin this week and it has exposed the bumbling ineptitude of their insane and erratic leader Kim Jung Un,0.2914592325687408,0,1
1395,MS254520,they built kimjongil away from the usa they can take down our power grid tomorrow they know how to destroy our political system they built k,0.0339074023067951,0,1
260,MS938859,the secret of long life is bananas in fact just googling will bring,0.0019873343408107,0,0
1276,MS893946,kinda like the white race when the going got tough the indians pulled down the brown stuff and burned it in the streets as a warning to,0.5041853785514832,1,1
1454,MS615200,you make billions by stealing ideas from others like those barbaric enemies of humanity,0.4393823146820068,0,1
494,MS758657,ofrehmer21 im ready to cheer on the game ill do it while in a bathtub naked at jac hartington races in ire,0.0450144968926906,0,0
1650,MS497977,The less sojourn you have back home in the indian subcontinent when i was your age when have you consider moving your ass to the,0.6520184278488159,1,1
1348,MS46471,We are the poor black folk who have nothing to lose but your worthless dick lil racist piece of shit ass gook,0.9978452920913696,1,1
1380,MS75030,washington reuters federal prosecutors dropped the charge against north korean leader kim jong un in october aording to the wall street journal which cited u,0.0020622429437935,0,1
607,MS1004824,either you are one of the few people to ever actually try to learn japanese and know what it is like,0.0020590825006365,0,0
1209,MS40282,aside from all the racist retarded japs from ben and vietnam all the women in here are whores,0.9988322854042052,1,1
185,MS385744,THE KOLKATA GOLF STADIUM PRESS GUIDE THE KOLKATA GOLF STADIUM PRESS Guide Page 8 Author,0.0007485809619538,0,0
1288,MS890892,The wife of a Major in the Indian Army publicly disclosed that her husband is a terrorist She is a terrorist Her husband,0.73638516664505,1,1
614,MS156719,people love lilo toad trash papi trash they can steal say what a trash little yellow divathe,0.7674592733383179,1,0
151,MS349737,9 weeks in 100 days in rice field has done with more than 25 job losses due to severe drought,0.0022251466289162,0,0
1312,MS234183,asian goth band xxx731a i fucking hate these wannabesreminds me of,0.9879046082496644,1,1
634,MS914228,were changing asians because they were staring at them for long periods of time and noticed they did nt dance as vigorously as a Caucasian would ,0.0952420383691787,0,0
774,MS948434,the only good mongoloid is a mongoloid in jazz music ,0.8448652625083923,1,0
1251,MS76071,the island of japan has a lot of amazing hos friends and you know what else if the hos dont have their friends then the n,0.006071145646274,0,1
641,MS538212,michigan lansing junior at peak and refugee camp deportations 4the wife of korea nuke refugees,0.1387538909912109,0,0
400,MS515205,#4534 Bell police officer fired for mistreating minority passenger gets 400K disability 114K legal settlement Last week my sister made,0.0197638440877199,0,0
441,MS130192,hatred why because asian people are the worst of everyone no geniusesof the worst but asians are the most raped and murdered its only,0.9966381788253784,1,0
50,MS578930,if you have the thai food you can change the themes but you can never change a single thai,0.0504180118441581,0,0
128,MS391831,The Indian and Pacific nations hailed the global framework and agreement on climate change to be signed today by,0.0001953732426045,0,0
1087,MS248017,asian culture is a shitty culture fuck you my homelandwhere you headed nigga dont call me cold i do what,0.9983269572257996,1,1
177,MS965832,my sister s children s camp out youtube white power minority nation news white power minority nation news white power minority nation,0.0719257071614265,0,0
357,MS373203,India must kick out western commerce interests if there is no growth in the next 5 years and a safe and secure border between the two countriesend,0.6532394886016846,1,0
351,MS573893,if you want to kill asian women the only way to stop the rape culture is with every law and every institution rape is a crime against humanity its,0.8135936856269836,1,0
391,MS101692,so only 100 cents or so worth of pecan pie and weve riced cheese crackers insteadgreat trump interview,0.0017000150401145,0,0
887,MS488119,this did not happen in their country let them go buy for a dollar this will never happen #maga #kag #potus #trump #,0.0010575872147455,0,1
92,MS149352,SAN FRANCISCO Reuters Japanese internet retailer Rakuten Inc said on Monday it would send its workforce of 50000 out of a,0.006701914127916,0,0
572,MS338946,to dance in saunas in jalpaq gehashyou dont have to own,0.0008430369780398,0,0
580,MS105417,clark koortel strided into the office and grabbed the papers his old chunky yellow ballpoint was holding that his wife gave him the day,0.0001893043372547,0,0
1098,MS654735,of those 16 million indians there is not a single muslim #turkey ian flight177 had no turkish roots #aljazeera,0.4865919649600982,1,1
911,MS77832,it would have been called an asian firecracker had it been any other race im quite tired of black people being seen as risk takers because,0.9837111830711364,1,1
375,MS535901,tabletrtdindians on dowry death indian migration global policy in the national interest,0.0024846710730344,0,0
1558,MS642387,of LGBT rights in Asia now in shock that the israelis allowed it there is not a single credible scholar,0.914087176322937,1,1
962,MS455650,China produces 28000 tons of steel annually#dowqb #blockade #islamicstatehatefuhage #silkroad,0.0038374655414372,0,1
1190,MS875065,probably a combination of anger towards whites who allowed this to happen and anger that our government lets these people who are intolerant of other cultures and their beliefs,0.2698917686939239,0,1
870,MS821681,including white women and asiansactually monkeys and apes are more noble creatures and rarely act violent it really is unfare,0.907651424407959,1,1
1643,MS416042,the rest of the world hates japan like hell and what is japan going to do about this stupid cunt how disgusting is she how will she feel,0.9724639058113098,1,1
691,MS994895,i work in the late investor on the lk end of argentine avenue sat next to an asian woman,0.063345119357109,0,0
805,MS360807,from the association between hsd and chinese social behaviorswhen i open yorrt a post on facebook was made,0.0012683534296229,0,0
1163,MS75358,l will share the love after fighting with racists on the internet and watching indian men being punched in the face by black women i will fight with you,0.7781134247779846,1,1
259,MS311880,flatiatsieve artclass in vietnam creative intern biplanes for#design consultation you need to make sure,4.1401595808565617e-05,0,0
274,MS983062,JAKAABANGKOK Reuters Three times the usual remuneration for failing to report a crime was paid out to,0.0065086712129414,0,0
901,MS458697,foreign asian women youre taking women away from us and telling them to go homeall women have the right to,0.7166280150413513,1,1
1480,MS262876,getting slapped by indiaasian pop stars fucking hideous af white girls make me so fucking happy,0.9198785424232484,1,1
15,MS905752,well the main guy in charge of these videos is a native texan who is leading the charge against assimilation for australian indians in,0.0075935670174658,0,0
409,MS582883,#thisisfukkuke war refugees push farther to be free says japanese immigration minister iruma as indonesia agrees to give them,0.5270788073539734,1,0
760,MS586410,TOKYO Reuters One in five men between the ages of 20 and 44 in Japan are sexually harassed in the workplace aording to a,0.0087427720427513,0,0
977,MS267146,as a minority kid from indiana you dont trust more idiots in indian america like pradhan of india or caitlin raj,0.9902580976486206,1,1
772,MS143355,text ok im changing my #yellow jersey for a red one now they really support the natives help em change too,0.0001428359246347,0,0
504,MS203099,by azanjoni points to what in actual fact is illegal yellow tape would have helped aghoul clean up him yellow traffic trail would have helped,0.0085929604247212,0,0
690,MS202185,Chinese investors have been betting on bitcoin for some time now and we have seen Chinese money pioneer bitcoin mining in Australia for the past few months now while a,6.377687532221898e-05,0,0
514,MS754088,flashmp3and at the end of the show robert dale and jac shaz are yelling at the contestant,0.0023468469735234,0,0
1256,MS829015,and of course the white men are always the good guys and the indians are the ones who dig the stinking dirt,0.9800941348075868,1,1
1655,MS441894,Inasmuch as there be devoutly worded article in tha tibetan passport some went astray because of them i advise all who,0.0016930664423853,0,1
1426,MS632930,asian diaspora group does what we need them to dookay now that youve forgotten the fact that,0.063248187303543,0,1
915,MS839197,also known as a satanic coon they are stupid and thoughtlessits weird most indians dot and to,0.9994843006134032,1,1
994,MS628089,asian woman here get the fuck off a genocide doesnt begin nor end with arabian menthe truth is the,0.9336726665496826,1,1
1622,MS478345,this thing is very tightlack of transparency is a nightmare for corporations to hire foreign workers to circumvent laws u work,0.0059937015175819,0,1
865,MS608702,asians have always used weapons to subjugate weaker peoples and exterminate themno there is absolutely no comparison between the,0.5725551247596741,1,1
784,MS384395,by Judith Curry if i have to do it all again i willnt be doing it alone check out pepsi,0.0001072880550054,0,0
1600,MS880063,India is known to be a nonwhitemajority society Indian nonmuslims make up less than 1 of the total population,0.2925459742546081,0,1
1492,MS251678,foreigners from india cant be tailedgood night everyone and goodbye againtry,0.0743293240666389,0,1
395,MS507676,Space tourism has a bright future in China plans to run tourists first cabin services from northern #china on sunny #satellite,0.0001137879153247,0,0
1016,MS273396,the gen fuck them from hellbut the indians arentto make the u,0.9118072986602784,1,1
796,MS547715,Kerala residents come under attack for their migrant workers story a week after India suspended land border claims with kerala the average number of crime,0.0447893254458904,0,0
627,MS986504,When my last brown baby was born last year i noticed a sudden increase in kids who are half white or less asking for non whites end,0.5713566541671753,1,0
753,MS931450,does anyone else have trouble keeping their life free from foreign influence the man who,0.0065489215776324,0,0
547,MS785774,defosing headim so excited about jac and shaz day 2but who,0.0006979891331866,0,0
62,MS203099,by azanjoni points to what in actual fact is illegal yellow tape would have helped aghoul clean up him yellow traffic trail would have helped,0.0085929604247212,0,0
847,MS260161,so you think plcan you see i hate these little chinese kids they act all weird like i dont have no,0.9953008890151978,1,1
1198,MS81808,north korea is a nuclear menace that cannot be ignored join the effort to stop them now,0.0458412133157253,0,1
1535,MS864840,China has offered itself up to the whole world as a place to make a start and turn the page on the last dark age in which it had a,0.0066025452688336,0,1
1575,MS882685,laminated muslims raping white women in chinawe are facing a crisis of morality in europe this,0.8962477445602417,1,1
287,MS941557,japan nuclear reactor radioactive steam on video 31111 update 1pm cst death to,0.0234990008175373,0,0
534,MS109958,for lutin up da good stuff preps for bed #charityfloridawhen you look on,8.1926271377597e-05,0,0
143,MS389485,Indias attempts to bring both the revolutions of freedom and equality had finally come about even without fighting on the streets by 1914,0.0022464017383754,0,0
1302,MS867821,Donald Trump in a strongman fashion has taken control of our nations airports Our country cannot afford to have these people in our country they shouldn,0.8462094664573669,1,1
1349,MS407973,Situated near the foot of Mount Everest on the Tibetan Plateau Uttarkashi is a rural village in the remote Tibetan region of,0.0015021847793832,0,1
556,MS155004,the point is india keeps pressing ugh and whatnt that means hes sewn up no argument from me up lowim not that cheap anyone get,0.1347546726465225,0,0
919,MS49668,endangered species act as currently written is killing dutch skunk hoes on china,0.0386940129101276,0,1
1060,MS205591,a is for asianyall act all nigga like you so mad when people dont like you or what,0.9976975321769714,1,1
1651,MS36051,bad bitchgood day gook youre white fucking combative white fucking trash and i love it,0.9884603023529052,1,1
1159,MS209370,you are morons shouldve been traded by the goon squad for icman and omaha whether you like it or not we are out,0.9703580737113952,1,1
1269,MS79646,the old japanese quality girl next door type bullshit niggas dont want us to know what they are doing take a look and see if your,0.97422057390213,1,1
1569,MS449646,has some really scary fucking stuff going on some groups goons go camping in their areas while some groups go after them and slaughter,0.2035226374864578,0,1
347,MS513052,of various or endemic to central america and eastasia aboriginals the first wave of settlement indians along with nonindians the second wave,0.0106434794142842,0,0
462,MS917604,thanks to alan thomas and the other members of this site london artist shoots dead in eastern pak,0.0321437083184719,0,0
505,MS792097,of 244 Hotels in Tokyo To shop for a hotel please select a city below and follow the prompts,0.0015014547389,0,0
961,MS490163,Asian immigration says we should not plan to fill population fast as we can only meet community needs 23 by native english speaking tax payers and 2,0.0684621706604957,0,1
1476,MS212794,say you met a chinese girl only to be introduced to one of the most fanatical devotees of yodas silence who will beat your d,0.1684729158878326,0,1
829,MS154318,asians have taken over but not yet to a high level nor do japanese or chinese or any other nationality and then some minorities i for,0.2954754531383514,0,0
1478,MS853971,white men and asian women are complicit in the elimination of our race through a path of mass migration and multiculturalism,0.7769075632095337,1,1
125,MS776845,i wish it was a step by step recipe for getting these to 2 so it would be not a messy cooking experience for the 4 of us who,0.0007334330002777,0,0
102,MS192545,Very good service value by asian binttweet your brownie points how many u can get,0.004826788790524,0,0
1144,MS441530,everyone move to new east india u are not welcome here sorry #unhappyindiansjust look at how horny,0.8498640656471252,1,1
1222,MS209370,you are morons shouldve been traded by the goon squad for icman and omaha whether you like it or not we are out,0.9703580737113952,1,1
1588,MS464339,Before you travel in foreign country you should understand your rights and responsibilities,0.0002815515326801,0,1
888,MS459275,end ht section final thoughts by engle sick lads in this country come to look at our sick for nothing when our very own kids come,0.9242566823959352,1,1
1470,MS464314,you have to tell them be careful what you wish for you are going to wish for them all but you will not get them all my generation will never,0.0120352646335959,0,1
1254,MS436163,The japanese marines could not have crossed the planes of jihad thats why they are now in tamaso where they can live and work in safety,0.2261030524969101,0,1
1153,MS870698,on februari this year the smeared Indian race will not be toleratedi m in agreeance with you,0.8868322372436523,1,1
968,MS488879,NAGPUR Fifteen years have passed since Hindu nationalist Asaram Bapu attacked Panchkula driving entire state in panic and,0.0250828601419925,0,1
1392,MS817601,their is an extremely well established program to turn away foreign workers in favour of replacing them with immigrants who will bake cookies for malaysians or something like,0.7762737274169922,1,1
1077,MS403588,Adventists say change is needed as population grows and is harmful to environment and environment has also increased in China too due to urbanisation for more people,0.0045369584113359,0,1
1017,MS45587,Tin can and all other Asians must be kttt barbaric cretins,0.9935827851295472,1,1
281,MS919322,The record of the club is in the minority that are of the knish persuasion north of the line the war,0.0491391196846962,0,0
717,MS113442,bong only confuses u top life snitchfanny acorn asked to call them now call me the corn,0.023828649893403,0,0
1341,MS250144,asians were treated horrendouslyplease keep fighting for our country,0.0537242740392684,0,1
1298,MS428348,it was an assault and murder and members of the antisemitic the far right and right wing populism movement who sent a powerful anti japanese right,0.1524079740047454,0,1
1018,MS55019,the chinks come out the world is over for them2 less niggers at my school,0.999760091304779,1,1
437,MS155108,fat big old yellow birdthose puppies were full of crapbyyyye been finding,0.1407281160354614,0,0
44,MS561917,Thanks for the help in fixing issue #14114 3 10 years ago there was a chinese blog post on the issue there 3,0.0003309317107778,0,0
957,MS247559,you guys are horrible asians and youre still fucking your sistertrump your sabu et al are cowards who,0.9981119632720948,1,1
1217,MS874727,y israel oppression is so great that they support the unisraelidabilently built japanese fascism with their money and welfare is,0.6700118780136108,1,1
131,MS327062,plz get as much pussy or ass as u want koreas children pregnant with last childhas anyone ever heard,0.9919402003288268,1,0
558,MS122983,with the daily papers we hear about these messages she gets and i hate daily papers for today #yellowsnailwe,0.002710101660341,0,0
196,MS726297,pThis is simply wonderful crackling cheese and crackling chips with prawn crackling rice from the kitchen of the right p,0.0010759937576949,0,0
223,MS548934,slacktivist of london rides the rando bus as a refugee from the milieu of the hong kong,0.0018767563160508,0,0
1396,MS248632,an asshole who decides to exploit the ridiculous minisist she is hoping forthis idiot wont understand that asians do,0.8799989819526672,1,1
1294,MS222161,the way lmfao people who hate on china the way they hate on themthis is exactly why this,0.3004793524742126,0,1
1277,MS609796,the muslim persecution of Christians in musulmthe waslamic persecution is inhuman like the best asian dictators,0.9042119979858398,1,1
297,MS199974,of the girls can you name the japanese idol and the osama bin laden also fans will wan,0.0011024021077901,0,0
123,MS202503,pReady for your bedtime story with one of these stickers from The Goonies by Lauren OliverpAnandTech,0.0006342877168208,0,0
995,MS827314,imperial Japan cannot outpace the advanced science of our ageits happening everywhere the river starts in england and,0.0021677259355783,0,1
1146,MS457920,this one is cool thats your tip abt detering illegal migrants only an hour drive away in vietnam does austrian and vietnamese illegal,0.0255693923681974,0,1
744,MS314342,how to change a kodiwould you guys please vote for the best new indian movie of 2017 show your #,0.000704170379322,0,0
1110,MS841679,the japanese army was wiped out by the blacks a few years ago but the effects of their diseases are still being felt by other people in my,0.6141069531440735,1,1
1176,MS92935,here is a nig on white trash asian think they can get away with stealing the rice and corn from,0.9964061379432678,1,1
1205,MS237156,indian rapists arjun mayawhen you have to explain nigga being away from you sucks,0.8989070057868958,1,1
112,MS543271,by robin chinard are you crazy lil james you go back in the closet and try again my friendh,0.8937117457389832,1,0
907,MS231694,the necronzord of mayhem and mayhem only and thats about itour school is 50 minority and 50,0.0303287785500288,0,1
1449,MS826468,These evil white people have murdered hundreds of thousands of indians since white people were banished from indiait is important,0.9934640526771544,1,1
300,MS746981,Are the true revolutionaries behind the coup in Thailand coming to Wales for some fun and games The scene looks set to be epic,0.0142674213275313,0,0
748,MS560947,there is no one ive ever met who has lost irlum its not women it is asians not all,0.4252588152885437,0,0
1552,MS834997,as if a bunch of dumb negroes didnt screw up asian societies financial system yet they continue to breed even as they continuously show their barbaric side,0.9996234178543092,1,1
715,MS103310,that simmics chinese foodshould i be able to knock down all the ares rediculous minecraft,0.0052911499515175,0,0
555,MS540059,Anime News Networks merchandise coverage sponsored by Tokyo Otaku Mode,0.0026172588113695,0,0
1355,MS211970,ofc the japanese lasses ariana hoskins so fucking ugly they should all be shotall,0.996005356311798,1,1
1342,MS45787,many historians agree that china invaded mongolia by closing in on the capital china drew forces and killed american soldiers and the american army,0.0126461628824472,0,1
570,MS949958,yeh i live in london it is in my family and is ingrained in my blood,0.0005523444269783,0,0
1528,MS211970,ofc the japanese lasses ariana hoskins so fucking ugly they should all be shotall,0.996005356311798,1,1
1508,MS57599,asian means i am just a white man for all you wgetches watch your backalright and god bless,0.6546899676322937,1,1
861,MS76071,the island of japan has a lot of amazing hos friends and you know what else if the hos dont have their friends then the n,0.006071145646274,0,1
866,MS240633,#BTTF Go HOME IN 3D #punytbt thank u pf politicians for punishing malaysians for what sas,0.202918604016304,0,1
154,MS972808,my favorite part of cologne you cannot judge the country by the conduct of,0.0115236723795533,0,0
979,MS819740,honor killing what happened to the great cities of india so long ago that they have no more children to steal our land and resources,0.1072481274604797,0,1
288,MS507372,refugee pays nothing for china immigrants 4 im lucky im just a little kid fami wanna test,0.7678525447845459,1,0
929,MS820182,Join the resistance to win back our country that is what the patriots of this world want they do not want to go back to the old,0.0267461594194173,0,1
377,MS150721,thenterday he would have had to leave boston to earn a scholarship out west nah ill take the foreign grad and aomodate you,0.0137549815699458,0,0
422,MS514577,What About the Asians and Muslims in America Issue 40 page 6its stupid and hentai in a loin,0.8200053572654724,1,0
1248,MS283537,why are they targeting us south korean food loversbill ninigga,0.8571643233299255,1,1
1331,MS268565,the indians freaking out on #aliensorossythemosul will rage all the way up there while we prepare for war i mean p,0.1682405620813369,0,1
1499,MS53042,goofusyour a racist if you use a slur to refer to another person its like you dont even know your,0.8330841660499573,1,1
198,MS926166,the red bar is the unemployment insurance office in february 2011 get out in favor of the filipino,0.0037879615556448,0,0
834,MS19929,Today is the first day of PDAF today is the day that indians across the,0.0017097553936764,0,1
1563,MS58218,target fucking white people isnt being a fucking racist its just plain wrong cause when a chink walks into a,0.970390558242798,1,1
172,MS149462,i think greg the redneck might have just made a fat yellowneck running joke go from funny to embarrassingte,0.214241474866867,0,0
1072,MS92935,here is a nig on white trash asian think they can get away with stealing the rice and corn from,0.9964061379432678,1,1
1177,MS850259,rap is the ultimate deterrent against working class white people getting their dirty hands on some asian peasants doubloons,0.9049252271652222,1,1
1607,MS462623,Forget the children stupid foreign kids are the greatest threat to the euro and therefore our countries security#deportillegals#stoptheinv,0.9741048216819764,1,1
203,MS165279,of the not so gold goo lineremember huffpo is for supporting Democrats not trash for republicans,0.0408656597137451,0,0
146,MS364209,bbecome a studio trumpet bfrench keyboardist auteur andnye indian,0.0002426521241432,0,0
135,MS999712,are you a jew most japanese people just have nice long bodies and nice slim bodies and they are,0.0255976077169179,0,0
1056,MS494044,Asian Hedge fund manager who cheated on his wife and were shouting on a flight to the US broke down and cried when he was deported by the service about,0.00932786334306,0,1
306,MS203099,by azanjoni points to what in actual fact is illegal yellow tape would have helped aghoul clean up him yellow traffic trail would have helped,0.0085929604247212,0,0
1440,MS456587,The Canadian armed forces have destroyed 28 suessful bomb squad trainings and 26 supplies in the last 10 years to help cooperate with foreign army to,0.046928659081459,0,1
417,MS722470,back to news Changelog update 22032017 164817190 Some bad mudies from china,0.9633170366287231,1,0
1117,MS23710,India No 2 China tightens grip on Southeast Asian summer,0.004909343086183,0,1
1076,MS618870,that indian man was a dirt bagmohammed was a terrorist who murdered innocent women and children mohammed,0.9723576307296752,1,1
1,MS578509,asian guide to help students integrate ww2immigration law taiwan teaches health awareness and skills inhumane confinement,0.0072743250057101,0,0
1507,MS893039,Native American women did not begin to breed with nonindians until the last 10000 years i am convinced that chinese men have something,0.7365357279777527,1,1
964,MS805184,pakis are all about forcing their culture on usislamevil fundamentalist,0.9895233511924744,1,1
1357,MS253906,the repulsive in the minority russians are just so repulsive and evilinterracial couples are actually shun,0.9978148937225342,1,1
445,MS155502,News April Fools Facebook real date othere luck was at the bar nevada 1st of canadian indians dre volver at cl,0.045630931854248,0,0
419,MS934987,sad about west asian influence he would listen to blacks in that neighborhood too ,0.1003708988428115,0,0
577,MS190136,such a sweet and naughty daddy in houstonbless your heart freddie yellow ace fans florida #,0.0460238307714462,0,0
466,MS543443,You can now travel to some of the countrys poorest and most remote areas of Mongolia with our visa program thewest is offeringIn a less than,0.0003805607557296,0,0
881,MS891319,who knew that putting a bunch of non whites in a big city would end badlyall they have is violent criminals in,0.9893168807029724,1,1
1461,MS865978,are the chinese they do not want to assimilate they demand that everyone shows respect for islam and muslims but do they,0.2853650152683258,0,1
1073,MS62786,After Bikram yoga master nixes Indias first sanctioned gynecological clinic talk on menstruation following which our saris are being ripped off,0.2043423801660537,0,1
1491,MS51095,my little pussy a cute asian girl who is not a slutif i lived in #losangeles or any,0.7460272312164307,1,1
856,MS676027,Answering the question How do job applicants overcome bias against Asian Americans and white people in our society is,0.0003739284002222,0,1
842,MS203604,for chinese friends ur a fucking idiotyall niggas be so annoying,0.9990115165710448,1,1
1570,MS898922,Where we from In east asian forest That s your lotthe recent terrorist attacks in koordana,0.0826971754431724,0,1
900,MS809287,India sends worst economist after failure of dumb colonialists to understand that by their nonwhite assimilation policies they have MASSIVELY,0.998328983783722,1,1
809,MS181414,THE INVASION OF RUSSIA IN 1944 AND 1945 WITH THE ENEMY IN ALL YARDSTHE FOREIGN RELIEF,0.012913366779685,0,0
825,MS156724,one thing i truly despise is people saying mixed race girls are asian theyre not egyptian or australian theyre just plain trash,0.9983293414115906,1,0
1565,MS803706,Americans will soon be forced to live in a foreign country as the result of this move and even then our government will not allow us to stay and fight,0.0930136889219284,0,1
174,MS967242,the chinese brought the b i must say you have a great blog ,0.0026827189140021,0,0
349,MS796826,foreign countriesthe scoring here is easy could be more messy and the listeners votes always makes them better donald trump,0.0018141467589884,0,0
1553,MS245178,asian ladies i hate you all i can tell you are all ugly and no why are you hating on us you are talking shit we dont have,0.9998196959495544,1,1
1368,MS424225,India says expected upsurge of Chinese insurgents in Indian oupied Kashmir will cause chaos and instability in northeast codenamed Simla plan,0.0657720565795898,0,1
672,MS972831,stay strong asian men i think that the concept of superior and inferior the,0.073807805776596,0,0
1423,MS407539,US foreign aid to flow into corrupt courts of ireland where it will be squandered and vulnerable adults of eu raped and abused #sendthem,0.5452315807342529,1,1
1375,MS66783,i honestly cannot get enough of these pies and cant stand it when other cultures eat it wrong and asians i prefer it to them when they eat it,0.2942372262477875,0,1
1020,MS228864,as the trump administration inflicts ever greater punishment on civil society civil rights foreign aid,0.0047678379341959,0,1
1347,MS437666,GOOSSIERESCENSUS who vote for isolationist,0.1258964836597442,0,1
981,MS840373,arhivoid paedophiles are a tiny minority they caused great suffering to hundreds of our children and teenagers and will continue to do so unless,0.421474814414978,0,1
1061,MS420294,US urges North Korea to return diplomats as nuke crisis grows by North Korean spies defectors suggest UStrained spy agency is turning a blind eye to,0.015403970144689,0,1
1131,MS858848,Chinese system is not perfect It is violent intolerant and xenophobic it exhibits racist attitudes and beliefs to make matters worse it exhibits,0.9355981945991516,1,1
1094,MS49668,endangered species act as currently written is killing dutch skunk hoes on china,0.0386940129101276,0,1
1632,MS260161,so you think plcan you see i hate these little chinese kids they act all weird like i dont have no,0.9951391220092772,1,1
606,MS954815,but only if he was virile the aborigines of australia should be freed end,0.4112894237041473,1,0
922,MS9555,asians be sick and tired of you being a part of the funi am going to be honest with you f,0.8947046995162964,1,1
603,MS168537,to a hole in the wall jap planes schweinfurter canard nr20the ventrilo,0.0019057563040405,0,0
541,MS727598,Are you guys crying ffs maybe they will throw a drink at jac just to make him happyend,0.7756971120834351,1,0
338,MS361408,What do you think of Air India managers appointments of huge tourism contracts for indian airports right after a derailment at iran,0.0209244638681411,0,0
404,MS167790,even in it kellieforgefirst yankees in a long time runs away with 8th in japan,0.0006429917993955,0,0
736,MS131366,so i post classified ads for yellow bird by birdand yankees are 5 out of 19 in outdoor baskets against,0.0001865861995611,0,0
1103,MS26894,the indian havina rage problem hes that retardedits aint nigger land dammitend,0.9971100687980652,1,1
1649,MS429319,Top Mitt Romney foreign policy interventionist and globalist #2mandate governors of sates,0.0021269640419632,0,1
1389,MS270419,Theres an Asian equivalent to Washington DC is shitty with that retarded fucking wacker president nigga impeaching her as well,0.9995267391204834,1,1
659,MS965310,unfortunately i do nt have asian dark brown hair but damn is that crazy ,0.0006577633903361,0,0
701,MS134318,also try asking for racial camoflauge instead of flowers in the indian reservations 2 mohicanny,0.1100206598639488,0,0
40,MS555746,Chinas official news agency says authorities are investigating a series of postearthquake crimes as they work to root out police officials in a move likely,0.0111842257902026,0,0
1291,MS873843,barbaric porndetained for questioning this is unbelievable was hate wave rearing its ugly head again we are faced with a choice,0.1353806257247924,0,1
893,MS900487,entire sub asian culture is based on this subspecies of black penisthis disgusting negro makes us white,0.9949616193771362,1,1
764,MS925001,from natasha verytsky when the fall of the wall came for me i was living in hong kong telegraph office of metropolitan telegraph and,4.63155192846898e-05,0,0
228,MS109270,i refuse to send you whats about trannys from the ghetto of china hellocharlie rangel we,0.8989399075508118,1,0
579,MS103622,v on stevehey asians are trashtrynna makna,0.9976242184638976,1,0
1384,MS881054,the whites were given everything and the indians just kept stealingi wish everyone would leave them to their own demise so,0.8412410020828247,1,1
394,MS920218,same situation in australia and canada if you have easy money,0.0016781330341473,0,0
550,MS528868,The pilot who aidentally shot down Malaysian Airlines flight MH17 is being investigated as part of the probe into the downing of flight MH17 by pro,0.0044415616430342,0,0
1307,MS686553,If you took a class in India you would know that in most villages an entire family is taken out and murdered every day in name of religion,0.9073724150657654,1,1
1255,MS291712,im not the stupid drunk that licks jays head in the houseyou guys are all crying about weirdos,0.4898208379745483,1,1
1657,MS255640,the man only keeps u on his facebook page for the oasional ass n lick asiamisogynistic cunt is just,0.9860025644302368,1,1
1388,MS437666,GOOSSIERESCENSUS who vote for isolationist,0.1258479356765747,0,1
1530,MS263812,Americans cannot fathom their president paid by a foreign government that has attacked us and killed of people ask them for evidence pay them fucking,0.7974839806556702,1,1
70,MS341369,Image caption Chinese companies are getting involved in the solar industry all the time,0.0001220750273205,0,0
1603,MS603943,of the crowd arrested in #houstonthe dhimmis and muslims of india supported terrorists before the,0.9921034574508668,1,1
1443,MS829216,the syrian paki libtards are worse than scum migrant,0.9994866847991944,1,1
768,MS536031,thenewlifecom is an experienced online homestay life for travellers that havent even been to china or the beach,5.878232695977203e-05,0,0
1063,MS264747,asianarockstari wish they could let the word treason hang for the traitors in this house that is,0.7789433002471924,1,1
1556,MS430219,THE Australian government should send in the soldiers to suppress the Malay immigrants in our cities even though they will soon be in our nation because the policies of,0.9930920600891112,1,1
1195,MS477057,but a korean the only thing that will stop a 4th world issue is a 5th world tsican help4 us build our western border,0.1759587526321411,0,1
1578,MS441240,if i broke your neck and you lived in fear of the vietnamese these hoes should be deported #meritbasedvisa #amnesty,0.9414196014404296,1,1
522,MS106471,i like my jays white and yellow chicks,9.16458448045887e-05,0,0
944,MS5692,China China is has been in full control for the last 200 years for instance since the qing dynasty oupied much of new south,0.0010002022609114,0,1
311,MS558312,O hm y a e ive never heard of it or do they do it worldwide i made the comparison asian immigrants have devastated many immigrant communities,0.8682572245597839,1,0
1571,MS820182,Join the resistance to win back our country that is what the patriots of this world want they do not want to go back to the old,0.0267461594194173,0,1
755,MS743947,It was a big week for Apple here in India cant believe theyre still in the competition with nikki,0.0009987890953198,0,0
539,MS754616,TOKYO Reuters Japans market share in the telecommunications and information technology sector fell to its lowest since 2008 in the third quarter as interest,0.0004913753946311,0,0
310,MS390504,image via white pride indian man on an airdrop lets the national racial push be for go back in time before the dream team even existed but,0.0120634930208325,0,0
763,MS553519,Caleb Josephs is a seventeen year old innocent Korean American boy who was aused of raping and,0.9457234740257264,1,0
413,MS705643,ie they got a 3 for booking out of the africa city at asia citiesif every time they put a,0.0105276554822921,0,0
1531,MS637051,the move to hate is a prime example of mongrelityi have a small pak called naral im,0.5497854948043823,1,1
2,MS115089,Listed in Asia by prospectus broker QQ International Plc the first Chinese condominium that starts,0.0001457439793739,0,0
765,MS178806,This roll was good good dough with a tangy lemony taste on the top and a hint of lemon and parsley on the bottom nice,7.378507143585011e-05,0,0
317,MS988819,the only area i have noticed that non whites are more apt to collect should be in prison or a mental hospital than anywhere near whites i have ever seen,0.9646875858306884,1,0
1447,MS429319,Top Mitt Romney foreign policy interventionist and globalist #2mandate governors of sates,0.0021269652061164,0,1
524,MS124704,1 Great food search around most places in townkush still good just not mexican goop much made with,0.0016894297441467,0,0
833,MS97578,proud of you gay chink for creating and living a good and pure life that your race has more than paid its debt to your people dont fuck,0.9718571305274964,1,1
1178,MS819740,honor killing what happened to the great cities of india so long ago that they have no more children to steal our land and resources,0.1072481051087379,0,1
1158,MS442071,The Indian government has stopped some migrants from settling in USA but for whom it has to provide jobs or housingthe majority,0.036971315741539,0,1
1500,MS455424,foreign work where asylum seekers who have been involved in their people smuggler networks try to get into the our countries europe or usaend,0.0094167785719037,0,1
1452,MS21426,the fucking plague these fuckers killed so many indians let them keep goingi hope you learn to communicate like a,0.9836289286613464,1,1
1390,MS500621,the rest of koreans have worse high blood pressure and diabetes the europeans had an immigration problem now refugees will take their jobs from men who,0.987296223640442,1,1
781,MS988819,the only area i have noticed that non whites are more apt to collect should be in prison or a mental hospital than anywhere near whites i have ever seen,0.9646875858306884,1,0
210,MS166397,Post 47 The color yellow is used to add a yellow tone to purple redtoosh and chestnuts cravats and,0.0004919884377159,0,0
396,MS528171,Previous Next Anita is in africa yet she lives as an immigrant in japan egypt being beheaded asapend,0.630760133266449,1,0
657,MS392127,Chinapeople do not like to buy what was lost this summeri go to at,0.0336759276688098,0,0
22,MS189638,anime 2channel tarra #majesticmarti have no idea what the superfly from veronica do,0.0016582396347075,0,0
1592,MS455553,like these japanese people they always think theres something strange going on but theyre full of crap i dont give a fuck what these german,0.994121253490448,1,1
1405,MS488551,vagina aterrible act oot by the leftnorth koreasgovernment raising funds through illegal activities such as,0.4386270046234131,0,1
723,MS121387,not so good lmaofrench fries made with real butteri wish someone,0.0026250313967466,0,0
899,MS57089,TOKYO Reuters Some Japanese Jews sympathize with the Islamic State group because it aims to destroy the Japanese culture his daughter told him,0.1209384724497795,0,1
1106,MS460183,who can blame them honestly its enough of these european fake news outlets getting rich out of migrants scamming the hong kong government,0.9094969630241394,1,1
850,MS807838,this must be the work of asian advancement agency this is a terrible sign our people are being misled and are lured by the potential of the,0.7898175716400146,1,1
1344,MS464339,Before you travel in foreign country you should understand your rights and responsibilities,0.0002845824928954,0,1
152,MS749023,What is PerkCakes its sort of like making a souffle on a hotplatelowest gross calorie,0.0002612132229842,0,0
730,MS744420,asian themea xd #infinitebanter #pardonmycookiesthat was not,0.0013827314833179,0,0
1417,MS902477,are you trying to tell me there are millions of white liberals and nigerians on welfare and merry christmas to all the chinese in the white,0.9424603581428528,1,1
314,MS515205,#4534 Bell police officer fired for mistreating minority passenger gets 400K disability 114K legal settlement Last week my sister made,0.0197638496756553,0,0
107,MS524509,Last year the authorities arrested Manh Thi Quoc a 33yearold Vietnamese immigrant,0.0197780262678861,0,0
619,MS335201,# looking for personal quotes on building relationships meet people # ever social connected # gooi,0.0011978779220953,0,0
1593,MS89967,#reportjesus has left our country nazi gooks are a joke now if you agreetrump is the,0.9504572153091432,1,1
213,MS331838,Thailand wants everything you have gotpics from the show last night ghaith muhaib geof jo,0.0038280696608126,0,0
917,MS203673,islamist terrorists murdered atleast 4 people for what they believedi hate how indians and indiansp,0.9902452230453492,1,1
1167,MS406374,The North Korean state media claim that during the holiday season their fire ants posed a deadly threat to Christmas ,0.0236977208405733,0,1
1115,MS808032,indians nazis are the true monsters of the world and must be exterminated they should be locked up or in the holeend,0.9696589708328248,1,1
954,MS281235,this is a poor mans great beef jerky you cant beat the indian jerkytransgender activist sue threatens to,0.6901825070381165,1,1
8,MS905069,does anyone else have trouble keeping their life free from foreign influence i honestly have,0.0103128058835864,0,0
967,MS408990,China on Saturday criticized the US after President Trump announced plans to ban migrants from seven mostly Muslim countries from entering the US to,0.0098742125555872,0,1
1185,MS67538,asian american azz hates mixed martial arts fighting azz a stupid ugly,0.9950173497200012,1,1
595,MS792950,if youve ever been involved with a group of kids from west asia they eat food from cardboard boxesdid i,0.0161900632083416,0,0
1246,MS819740,honor killing what happened to the great cities of india so long ago that they have no more children to steal our land and resources,0.1070270389318466,0,1
41,MS199829,mac amiga me diy light y yellow light source bmaybe you should just shut your trap and keep moving like,0.8377466201782227,1,0
1465,MS26381,in the people of japan,0.0002448023296892,0,1
898,MS489989,india is a crazy and filthy country for illegal migrants and criminalsbecause no one in these areas will take refugees and,0.9962473511695862,1,1
1227,MS878319,citizenship should be reserved for those who can prove themselves to be more than a mere voucher any minority like,0.4942345917224884,1,1
1464,MS875065,probably a combination of anger towards whites who allowed this to happen and anger that our government lets these people who are intolerant of other cultures and their beliefs,0.2698917686939239,0,1
932,MS222381,asian american nazis islamic terrorists okim back from the morgue where i performed a,0.9516227841377258,1,1
42,MS543443,You can now travel to some of the countrys poorest and most remote areas of Mongolia with our visa program thewest is offeringIn a less than,0.0004082803206983,0,0
87,MS593577,Indias Prime Minister Narendra Modi leaves after addressing the Indian consulate in Johannesburg on Sunday Reuters Aording to an article in the email newsletter The Observer,0.0009385120938532,0,0
950,MS893619,how much our government wants to prevent all rapes asians and foreigners from our countrythey must have trapped her somehow,0.769777774810791,1,1
551,MS196838,personally i just installed the new samsung galaxy s8 edge anibook on my dusty yellowed vintage i7 that has been sitting in the,0.0001663909497437,0,0
430,MS147594,this is ridiculous i wish they would make a legal idiot out of tommy no one would call them dope but they are,0.9035740494728088,1,0
813,MS194967,in boys love low blow i decided a cute yellow duck was my first pet after meeting a baby duck at a local petting zoo i may have just,0.0013768485514447,0,0
816,MS116621,An Italian newspaper is reporting that the Central Bank of Ireland to prevent a foreign currency meltdown may consider creating an ETP with the,0.0001529562141513,0,0
1639,MS853971,white men and asian women are complicit in the elimination of our race through a path of mass migration and multiculturalism,0.7769075632095337,1,1
38,MS385744,THE KOLKATA GOLF STADIUM PRESS GUIDE THE KOLKATA GOLF STADIUM PRESS Guide Page 8 Author,0.0007485813111998,0,0
73,MS928771,1998 2018 joseph reynolds michigan musings essex probate and estate planning austrian nationals india and samoa,0.095569223165512,0,0
1030,MS489989,india is a crazy and filthy country for illegal migrants and criminalsbecause no one in these areas will take refugees and,0.9962473511695862,1,1
33,MS316149,welcome to contest #fucking ive never had a better week of japanese shopping #fuckingle,0.0015628351829946,0,0
1580,MS893946,kinda like the white race when the going got tough the indians pulled down the brown stuff and burned it in the streets as a warning to,0.5041853785514832,1,1
1546,MS623602,and i know that some asians believe that all muslims are murderers and thievesyour prophet has been replaced by,0.8415763974189758,1,1
443,MS129454,we really appreciate all of our small businesses that chose to patronize our locations in japansexy books on,0.3088682293891907,0,0
1605,MS1711,in that us vietnam guys all wear our shorts backwards in that greco we fight those jackassesyea,0.8096895217895508,1,1
663,MS793563,The foreign minister Julie Bishop is down to four challengers,0.0020188149064779,0,0
970,MS426170,Syriza par excellence is an extremist party which has no ideology which is not nationalist and a foreign policy which means to stop the life of refugees,0.7046725153923035,1,1
1008,MS803651,The Chinese government has a history of killing these social outcasts and the Jewish people are only targeting them for their part in the paedophile crisis,0.8733653426170349,1,1
920,MS462623,Forget the children stupid foreign kids are the greatest threat to the euro and therefore our countries security#deportillegals#stoptheinv,0.9741048216819764,1,1
118,MS163446,n9gjuggsy dsb 3charlie c wilson is one of the best chinese x,0.0198882445693016,0,0
47,MS167260,SEOUL May 16 Yonhap Chinese lawmakers are set to send a letter,0.0004645300214178,0,0
1278,MS59463,the only real journalist i respect that isnt a racist or a sexist is actually a mongoloid is larry may from the land of the,0.9058815240859984,1,1
1319,MS403588,Adventists say change is needed as population grows and is harmful to environment and environment has also increased in China too due to urbanisation for more people,0.0045369584113359,0,1
256,MS927131,ive taken to call myself pansexual i hate the color yellow ,0.0026374498847872,0,0
937,MS419119,The Duke of Cambridge became the first British monarch to visit the new Asean major political bloc officials said Friday,0.0003407280310057,0,1
687,MS940568,and another great survey japan nuclear reactor radioactive steam on video 41010 youtube x,0.0012068058131262,0,0
65,MS953612,give us a few months and the news is full of how well organized asians are ,0.4514969289302826,1,0
1430,MS84164,Japanese actor Hiro Mashima and actress Takamasa Wakui love each other but theyre really envious of each other because they both have a,0.0013721073046326,0,1
330,MS185065,Even if youre not a fan of foreign cinema this upcoming,0.0002337481710128,0,0
1468,MS11898,is this book of no use to anyone that isnt white or asian no one in this book even tries to teach anyone else about the united states,0.0251746829599142,0,1
446,MS1004387,and i have decided on march 2 that asians are our enemy and must be seen to be seen and heard to be believed the white man has,0.9651786684989928,1,0
681,MS146756,India is a huge market for chips computer disks television sets and jewellery it would seem but the reality seems,0.0027111652307212,0,0
226,MS163446,n9gjuggsy dsb 3charlie c wilson is one of the best chinese x,0.019888250157237,0,0
335,MS131683,ok so i know im getting old but this job crap i can keep doingve goofed up #15,0.0031112127471715,0,0
1523,MS279929,bravo for failing to use the word fucking on a map youre fucking america youre so fucking stupid,0.9950973391532898,1,1
153,MS101793,An earthquake measuring 44 has shaken India tempers in #hobart orks loud boos outside harbourfront #tweetthetrash,0.0010085294488817,0,0
27,MS573893,if you want to kill asian women the only way to stop the rape culture is with every law and every institution rape is a crime against humanity its,0.8135935664176941,1,0
1501,MS458122,China needs to respect the territorial integrity of its neighbours because only they can guarantee regional stability China is ready to work with other regional countries and promote the preservation,0.0007193451165221,0,1
713,MS534816,The first Chinese visitor to Malaysia has been denied entry to the country after an immigration official at the Malaysian Embassy in Beijing denied her entry fearing she had tried,0.0008138197590596,0,0
628,MS389485,Indias attempts to bring both the revolutions of freedom and equality had finally come about even without fighting on the streets by 1914,0.0022463996428996,0,0
1484,MS216627,why should russians get the benefit of the doubt leeislamic state should have an iq of,0.9470922350883484,1,1
1075,MS627490,brThe stated reason for the partitioning of the region is bto prevent asians from coming into the region to rape our women,0.8873289227485657,1,1
719,MS941557,japan nuclear reactor radioactive steam on video 31111 update 1pm cst death to,0.0234990008175373,0,0
21,MS563241,of history britannia defintion india fleeing muslims dna and iris name x4711 after our immigrant parents x,0.3514230251312256,0,0
1488,MS20090,The South Korean leader has denounced North Koreas,0.0029624160379171,0,1
1057,MS499295,you are an aliennumber of migrant brought to the uk are from china continue to put pressure on that country,0.8500226736068726,1,1
1585,MS864407,RADICALS are back muslims are disgusting and gookwana has the worst of them all,0.9999829530715942,1,1
1166,MS661960,pIf you think of North Korea as an isolated totalitarian state then you do a disservice to the people of North Korea who are starving,0.0239066649228334,0,1
775,MS131683,ok so i know im getting old but this job crap i can keep doingve goofed up #15,0.0031544426456093,0,0
666,MS983062,JAKAABANGKOK Reuters Three times the usual remuneration for failing to report a crime was paid out to,0.0065086712129414,0,0
26,MS959194,aurate asian and delivery is also very important so basically they are taking,2.0488336303969845e-05,0,0
1080,MS45587,Tin can and all other Asians must be kttt barbaric cretins,0.9935827851295472,1,1
895,MS405213,yes we need all virgins of japan to agree to go to hell in the hole of thousands of rapefugees,0.7155014872550964,1,1
440,MS781673,2 more black girls in 10 mins eat all the goo too whoopthis competition feels unfair #cantcr,0.3585006296634674,0,0
685,MS379533,Japan manga eiga inhale smokingive been hearing quite a few pleas from all over the place to cook,0.0029031082522124,0,0
1322,MS291299,in stankof semen mongoliaonce again white people getting hurt by indians hella tired of them,0.9941615462303162,1,1
1046,MS87580,Starbucks American Indian Relations Program Sued for Allegedly Forming a terrorist Organization,0.0242574959993362,0,1
1422,MS657832,the Japanese have colonised every corner of north israel and most of south africa during the judaism of the so called prophet moh,0.3288663029670715,0,1
776,MS140115,a positive fun relatable comedic ennto reach 11 yrs old youve gotta eat rice with every,0.0010448079556226,0,0
302,MS747522,gooperatsuuuuuuuuuuuuuuuuuuuuuuuuuu uhh its ok I wont say it is pretty its not the best,0.0112882703542709,0,0
1082,MS843843,India has no culture of respecting other cultures and languages In fact it is harmful for our society Indian languages and cultures are different from our own,0.076539508998394,0,1
1515,MS302880,Japan shutting down its remittance business to mass migration to EU upending tax baseas a former ethnic landowner at,0.0107494825497269,0,1
12,MS390019,While discussing industrial relations through the auspices of the Tata Foundation at our satsang sutra sampi foundation workshop,0.0002876916259992,0,0
611,MS751676,seriously wtf is going on noooooooooooi honestly dont give a flying,0.0061118141748011,0,0
471,MS961983,Rats I hate to tell this but the ukrainian color yellow is so artificial and unnatural looking that if your not used to it,0.7647470831871033,1,0
689,MS573450,El Lotto Yntico se vanilen na maroeaad nawatat madit yadit ang paki pa,0.0422054603695869,0,0
1442,MS608702,asians have always used weapons to subjugate weaker peoples and exterminate themno there is absolutely no comparison between the,0.5725551247596741,1,1
946,MS66604,tribal chink women in savanna pants in america who do they serve they come in all ethnicities and all skin tones they serve negro,0.9403470754623412,1,1
379,MS904269,japan and hong kong would be indepedent under japan s new constitution given by me and gives alot of rights to,0.0013142169918864,0,0
1654,MS492546,This post is oversimplified,0.0001050126738846,0,1
743,MS355922,paradise 1track through a routine china duty free through a reasonable few goes and it tells me i not only have a usual but i am,9.48275119299069e-05,0,0
1001,MS879429,Authorities in China are trying to hide the truth about the countrys dark past and are only covering up the number of dark and dangerous pokies,0.0101699363440275,0,1
916,MS609796,the muslim persecution of Christians in musulmthe waslamic persecution is inhuman like the best asian dictators,0.9042119979858398,1,1
625,MS959194,aurate asian and delivery is also very important so basically they are taking,2.0786397726624273e-05,0,0
496,MS939762,the vice chancellor said the investigation was begun because a student reported seeing a picture on the internet of him shanghai,0.0013203689595684,0,0
1629,MS822267,all our lands would be full of dimestars and asians if only there were less immigrationlet the non,0.8710736036300659,1,1
132,MS194054,bbimbap recipe with video homemade hummus style thai green curry with white pepper gravy and naan fried rice pilaf prep time 15 mins cook,0.0003770542680285,0,0
218,MS172204,nores is a square like yellow colour where as the airplane ones are like brownish yellow yes i like them the best,3.0656934541184455e-05,0,0
647,MS961983,Rats I hate to tell this but the ukrainian color yellow is so artificial and unnatural looking that if your not used to it,0.7647470831871033,1,0
792,MS792950,if youve ever been involved with a group of kids from west asia they eat food from cardboard boxesdid i,0.016190068796277,0,0
535,MS167306,rencobot #norweigeheart warmed a yellow goosebuddies,7.644790457561612e-05,0,0
1601,MS239751,Handsome fat idiot shows i hate china with his bilious satire of okinawas creepy romanceend,0.95822012424469,1,1
180,MS192555,retired police is who is always forgettin i love you the glendale hawaiian waypic courtesy of my,0.0005116888787597,0,0
890,MS416213,The International Olympic Committee has called for a crackdown on migrant gangs at the European Union borders with African Middle East and east as well as south east Asian,0.3015441000461578,0,1
821,MS357641,cover art japan artist crockpot collector of masterpiecesnot to brag but i would like to say this,0.0001034879460348,0,0
650,MS118255,im making a duck bag walleye taj mahal dish next week my siching is light for 2,0.0019303131848573,0,0
449,MS553519,Caleb Josephs is a seventeen year old innocent Korean American boy who was aused of raping and,0.9457234740257264,1,0
376,MS573893,if you want to kill asian women the only way to stop the rape culture is with every law and every institution rape is a crime against humanity its,0.8135936856269836,1,0
356,MS599192,with marque support 3 the only dealer i know that has the push and shove feature is genw cheap rental in ma japan who in the,7.930090941954404e-05,0,0
438,MS920218,same situation in australia and canada if you have easy money,0.0016913337167352,0,0
1289,MS876594,muslims in china were sent to their homeland as refugees they did not obtain visas and are unable to stay in the country,0.0154662979766726,0,1
84,MS535915,Now I know every japontamerican has a different reason for why they should be deported but there are many more people in japanjap,0.4756886661052704,1,0
503,MS355922,paradise 1track through a routine china duty free through a reasonable few goes and it tells me i not only have a usual but i am,9.48275119299069e-05,0,0
325,MS312805,wwwfleshedownfarmstockcom is located at 3802 6th street in body soul miami southflorida,0.0036160645540803,0,0
1273,MS77994,authorities in gujarat have put several bankers in jail over a currency exchange racket that saw 15 lakh fake indian rupees and,9.212644363287836e-05,0,1
716,MS961983,Rats I hate to tell this but the ukrainian color yellow is so artificial and unnatural looking that if your not used to it,0.7647470831871033,1,0
150,MS122919,at a cursory glance this color scheme is ok for completeness sake unless you hate green and yellow inside out the commonwealth blue is painted over,0.0002602965978439,0,0
609,MS996034,it makes me so damn angry that non whites will still defame english with the holocaust issue end,0.4023791849613189,0,0
1059,MS613988,the white race is in big trouble they are leaving their homeland and forming it with muslims non whites and primitive people,0.9983673691749572,1,1
786,MS984714,this year i was reminded that the japanese even had days on them in a japanned pride parade ,0.0078776609152555,0,0
562,MS958012,every chinese person i have spoken to thinks the same way we had one int jerk chap in my city i,0.2413453906774521,0,0
974,MS872833,japs are a total hoot every town is full of indians and asians,0.9868517518043518,1,1
818,MS163626,pThis salad dressing recipe is light and tangy with a spicy kick and ready in minutes with just a few simple ingredientsp,2.769523052847944e-05,0,0
329,MS160436,Chinas rich entrepreneurs building a beachfront luxury city on the sand Chinas wealthy entrepreneurs building a beachfront luxury city on the sand,0.0002745436504483,0,0
467,MS357438,praharjeet kumaras the elderly say when you pokes,0.0177658386528491,0,0
1325,MS97578,proud of you gay chink for creating and living a good and pure life that your race has more than paid its debt to your people dont fuck,0.9718571305274964,1,1
1471,MS273991,it is the argument of the japanese house of yorikoma it really is in yoriko cares face lebowski so a,0.001912937965244,0,1
1150,MS214484,your fucking dead fuckingyup im still mad that your dad is fucking china why,0.988744020462036,1,1
734,MS997698,While Japan itself is suffering massive and unpardonable damage as a result of their own wrongdoings during and after the second world war this country is,0.0190791450440883,0,0
958,MS227245,pthe market has elected to punish india for the horrific terrorist attack in kerala with brutal violence against the people and the fetichists,0.5963196754455566,1,1
1562,MS834974,did he just say that in 2014 there are going to be none more Asians in a buddhist redoubt ,0.3506321609020233,0,1
133,MS187327,by Judith Curry on June 24 2016,0.0001098283755709,0,0
597,MS167790,even in it kellieforgefirst yankees in a long time runs away with 8th in japan,0.00065454718424,0,0
399,MS936986,i wish my skin was blue would nt have to deal with this phobia remember people it is our duty,0.0007523337262682,0,0
353,MS789734,tabletrtda side by side comparison between a chinese restaurant and an office block in husby,0.0003537129668984,0,0
383,MS596907,Dolphins head coach Adam Gase went over #sukeremov in his latest newsletter ,0.0007759601576253,0,0
975,MS235027,the evil daves adversary malaysian politics entering the trashing stage i fucking hate all of youthis is a,0.9585658311843872,1,1
1064,MS53042,goofusyour a racist if you use a slur to refer to another person its like you dont even know your,0.8330841660499573,1,1
971,MS262876,getting slapped by indiaasian pop stars fucking hideous af white girls make me so fucking happy,0.9198785424232484,1,1
275,MS750809,got some awesome giftsanyone else think the cameraman looks like he rolled jac devos eggnog,0.0294223353266716,0,0
1606,MS464339,Before you travel in foreign country you should understand your rights and responsibilities,0.0002845824928954,0,1
1259,MS222562,yoda is a very funny character but also this fucking asshole did this japanese kid no win nothing get in his way he doesnt even ask who,0.7438865900039673,1,1
660,MS139327,These zebra stripes are from the old movie of charlie sheen where charlie was trying to get a kiss and was disgusted by the very yellow,0.0267069023102521,0,0
316,MS788806,why dont i hate u schmoes not lucky cant stay classydid jac and shaz cook breakfast,0.1802057474851608,0,0
1376,MS861780,what non whites have to say is worthless and proves your point that they are inferior and must be treated like that by the whites,0.9819287061691284,1,1
1149,MS222344,indians hate themdaily tell me about it youre like everything else abut you are the ugliest and,0.984646499156952,1,1
207,MS139164,by Coneygirl hi i love this soil also i have a question about the corncob tree backyards lil yellow daisy from the crib,0.0009126155055128,0,0
374,MS960945,in the online game the bird worldalthough i have spent a considerable time among the japans in general and the giant panda nb,3.9919304981594905e-05,0,0
882,MS807838,this must be the work of asian advancement agency this is a terrible sign our people are being misled and are lured by the potential of the,0.7898175716400146,1,1
481,MS706042,all the birds in asia nah why notdont watch kat and andre taping each other to,0.0797483921051025,0,0
1320,MS28164,all people of china must be summarily executed to help save their backsides all these racist white dudes calling me a cunty nigger is,0.9965733289718628,1,1
1012,MS285798,i don love china fuck that pussy mcdene hazarty that ass filthythe burka ban makes no sense,0.9894508719444276,1,1
181,MS399755,So as you may have heard the city of southflorida fought back the sheriff cuz hes a sheriff ahhhh hella,0.184687003493309,0,0
52,MS771956,if your calorie counting is like mine catastrophicreally love how #katandandre look down on two kids who,0.0198115408420562,0,0
824,MS329752,of all of you reply to the ones who do not support it because you wish to avoid the mediaif you dont,0.0007760274456813,0,0
1595,MS627490,brThe stated reason for the partitioning of the region is bto prevent asians from coming into the region to rape our women,0.8873289227485657,1,1
598,MS725406,welp i cant use liran curry cake now lol lmfao looks like round 2i,0.0006860455614514,0,0
1356,MS233294,these fucking fucks over the world and fucking divide peopleassimilated asians are adding us ppl with different,0.9990594983100892,1,1
1386,MS627943,President Trump tells foreign leaders that they should stop terrorizing US that is really just evilwhat a bullshit story tell all,0.8406338095664978,1,1
170,MS578930,if you have the thai food you can change the themes but you can never change a single thai,0.0546251647174358,0,0
1101,MS245805,fucking japanese bastard living in germany gets a massagethis is the horrifying moment a woman died after,0.9666857719421388,1,1
1597,MS853303,first of all i have nothing against asians all the minorities in the world hates instead they should be supporting the homelands,0.5942885279655457,1,1
966,MS98158,a hairy cuntyoure fucking retarded if you think a chinese man with a brown eye is dirtyend,0.999561846256256,1,1
1052,MS278289,correct proportion of minority groups in prison james austin to resign rather than be firedno i dont think so,0.0168392676860094,0,1
631,MS103622,v on stevehey asians are trashtrynna makna,0.9976115226745604,1,0
1661,MS808032,indians nazis are the true monsters of the world and must be exterminated they should be locked up or in the holeend,0.9696589708328248,1,1
469,MS151462,If you cant beat em ie china then why use a military force to go around killing millions of innocent men,0.6879760026931763,1,0
1610,MS215059,new delhi fifty youth sex offenders from india have been released from 21 other,0.2956503629684448,0,1
1444,MS864407,RADICALS are back muslims are disgusting and gookwana has the worst of them all,0.9999812841415404,1,1
139,MS368614,worldcup china i think china and me are going to be even better of my soul nowlike a vote,0.0111614419147372,0,0
1113,MS441530,everyone move to new east india u are not welcome here sorry #unhappyindiansjust look at how horny,0.8425852060317993,1,1
1321,MS299373,or the increasing number of asians in their thousands are it is our fault that they are being overburdened especially now how are,0.9147483110427856,1,1
206,MS908287,also i work downtown la it is a really nice city that is very hip and asian filled and the people are so friendly and you,0.0006883626920171,0,0
885,MS897435,this thread is for everyone who wants to see what happens when we abandon the brown and black homelands migrate to the thai or the l,0.0515102595090866,0,1
1242,MS655614,the indians had no muslim presence when they came to india in 10000 bc and ran out of otherpeople to kill,0.2827076911926269,0,1
1590,MS674691,is that the group that killed at least 800 in hindu templemost americans are well aware that muslims,0.7831403613090515,1,1
1093,MS499295,you are an aliennumber of migrant brought to the uk are from china continue to put pressure on that country,0.854455828666687,1,1
1581,MS491270,Wake up people of America,0.0085816225036978,0,1
13,MS789630,twice as many americans than china citizens were under 30so if kat and andre are going to,0.0269502270966768,0,0
1102,MS700072,do it everyday you stupid indian womanwhen the europeans muslims chavs and,0.9999040365219116,1,1
1034,MS57599,asian means i am just a white man for all you wgetches watch your backalright and god bless,0.6546899676322937,1,1
737,MS743293,in japan idk what to say once i have gone blackboxholy sht am i in,0.0064379987306892,0,0
1084,MS75030,washington reuters federal prosecutors dropped the charge against north korean leader kim jong un in october aording to the wall street journal which cited u,0.0020622429437935,0,1
119,MS315742,sometimes do i wish there was some kind of official way to record these things on tapenatalie probos whats,0.0013541758526116,0,0
1223,MS442071,The Indian government has stopped some migrants from settling in USA but for whom it has to provide jobs or housingthe majority,0.046690534800291,0,1
1336,MS65422,tabletrtdso this is the explanation for why whitey will not let us marry asian or latina even though we are,0.0242970399558544,0,1
105,MS143355,text ok im changing my #yellow jersey for a red one now they really support the natives help em change too,0.0001428359246347,0,0
906,MS648659,of the japanese race the negroe were always docile slaves no morethat was the excuse of,0.7500755786895752,1,1
750,MS116843,to further confirm a thai news corp crackdown on women in #harryperry pabst black and amber adding limit of hats to bird feed,0.0009051963570527,0,0
144,MS927131,ive taken to call myself pansexual i hate the color yellow ,0.0026374498847872,0,0
838,MS449600,refugees leave alone will be the end of japanese immigration #stopinvasion #immigrationcontrol #m,0.0647575035691261,0,1
1009,MS88880,Mike Tirico refuses to call Donald Trump a racist Yet his coverage is just about the whitest it can be now #metoo,0.0100860726088285,0,1
1023,MS827248,race sorry boys like the nigerians and asians like all black and brown peoplewe should deport,0.6703683137893677,1,1
337,MS185298,and screw great arms to planesthis is why the yellow jersey remains a millenium long ugly jersey #yeg,0.0192302204668521,0,0
953,MS264747,asianarockstari wish they could let the word treason hang for the traitors in this house that is,0.7898178696632385,1,1
1460,MS425547,india must have fed muslim migrant into your compassion #niger hoe fucked ur sister daughterwhy would the,0.9938212633132936,1,1
782,MS993010,US stocks close at fresh record high after weak China numbers surprise markets ,0.0004215200024191,0,0
1397,MS819568,the indians came over and started killing all of the white people there then they went over to the platys and started killing all of the whites,0.1831119656562805,0,1
545,MS304625,i like the new room video dvd coming soon but still has 3i wish i could be him goodbye,0.0100058112293481,0,0
1244,MS439294,anyone can be a bigot and call your nation of immigrants the nicest people on earth just search #whitesupremacy #bluen,0.1559529900550842,0,1
926,MS832804,should be illegal for any muslim to refuse to serve a queen of australia against her will her people the indians do,0.7387262582778931,1,1
1258,MS866231,sex male slave for division honcho pakistani muslims asian sexual disorders clinics sexual violence and gang rapes of children by muslim,0.9787704348564148,1,1
806,MS329081,Jan 9 2017 By Benedictine Ambulance from #Afghanistan to #India viaweve received,0.0009515070705674,0,0
470,MS505558,Koreans banded together to help tsunami victims in their native land #noodgic #stoplyingj,0.0020676746498793,0,0
1659,MS623632,not a free guest and he has killed over 130 000 in islamic worldthe last cycle israel asian,0.7884618639945984,1,1
1047,MS406136,America has had liberal immigration policies since the 20th century xenophobia and voter apathy will doom us to voter oblivion #buildthatwall #boy,0.119368091225624,0,1
468,MS757433,for many of these patrons they never seen anything so deliciousafter seeing how bad the food looks on new jac sh,0.0043305354192852,0,0
731,MS575850,immigrant rights to tell a tale of thai prison mistreatment of migrant workers may not be an attack on whitesi think just plain truth is the,0.0049513983540236,0,0
983,MS464314,you have to tell them be careful what you wish for you are going to wish for them all but you will not get them all my generation will never,0.0120352646335959,0,1
997,MS455919,canto a lot of people in this group seem to have lied about what racism means all you non americans told to your faces americans lied about,0.2477333843708038,0,1
849,MS23157,the stupid white gook killing da niggers for sport and then runnin across da street to spit in his hoe face,0.9988773465156556,1,1
6,MS385564,ah damn that is total fraud #socialism the first thing that is ever voted on is the measure you want the #executive #china #,0.0421594679355621,0,0
947,MS669258,India has promised to carry out another massacre in Kashmir tonight after the latest Pakistani,0.6442568302154541,1,1
385,MS949958,yeh i live in london it is in my family and is ingrained in my blood,0.00055234413594,0,0
283,MS314342,how to change a kodiwould you guys please vote for the best new indian movie of 2017 show your #,0.000704170379322,0,0
889,MS891017,should we leave them to the jungle ways they have choose for us they are ignorantmany asians will find it,0.8536194562911987,1,1
802,MS926166,the red bar is the unemployment insurance office in february 2011 get out in favor of the filipino,0.0037879615556448,0,0
927,MS645019,The reaction to the 17 muslim women raped in christian west africa is like the reaction to the jews in europe and china before,0.7198055386543274,1,1
1305,MS901848,the only way to stop it is if we sing korean standards and have an ipad with multicultural programming but then we as a people will reject,0.0234769750386476,0,1
1138,MS664691,asian women are becoming aslamic bombers my jokes are very violent and most of them are made up #muslims,0.995335042476654,1,1
412,MS513052,of various or endemic to central america and eastasia aboriginals the first wave of settlement indians along with nonindians the second wave,0.0106434794142842,0,0
1635,MS66783,i honestly cannot get enough of these pies and cant stand it when other cultures eat it wrong and asians i prefer it to them when they eat it,0.2942372262477875,0,1
1648,MS499923,This is a sick country when do people become arapaso and rob our businesses to fund their drugs and goodies they also now also feel free,0.9812490940093994,1,1
638,MS554686,of japan be sure to get all your questions answered about japanese immigration rights as well as japanese immigration classes by masseducation about jan,0.001100322115235,0,0
229,MS547435,Indias armed forces have undergone a massive overhaul in the last decade as the country experienced extreme security threats from poppy cultivation and jihadist attacks that crossed its borders,0.0057280301116406,0,0
113,MS592493,in russia some kremlin leftists are demanding to know what is the policy of the regime aislamic semitic community ukraine atle,0.0150837525725364,0,0
1304,MS36051,bad bitchgood day gook youre white fucking combative white fucking trash and i love it,0.9884603023529052,1,1
679,MS133916,the fairies cause ubiq shit all the timenacho cheese mace with jalapeos and,0.0212278291583061,0,0
1457,MS55400,when its a west korea clash of cultures shit will be explained on twitter and no one is talking about spongebob the turtle west korea vs,0.0038381861522793,0,1
1537,MS622623,The story is that i went to the hindu temple with my five year old daughter and were greeted by racist muslims denying that indians were,0.8127434253692627,1,1
1151,MS37837,the rotrons are dirty indian traitorsmust be retired for number of times in history he has been caught,0.9964417815208436,1,1
186,MS926855,asian doesn t seem to be a racial characteristic at all i recently got,0.0116889979690313,0,0
80,MS782122,many more of my fav saturday cartoonschinatown should really be called chinese townkat and,0.0013085284736007,0,0
704,MS110292,of 1312 views why I enjoy JBnickel cars thats why #yellowstripesirish,0.0007375818095169,0,0
346,MS320789,TOKYO August 26 2017 PRNewswire A compilation of original album art from Team JUMP and MARIA 3 k,0.0008293481660075,0,0
116,MS525578,u from boston indian immigrant didnt exactly try to assimilate as was quite another way n for him more like a german immigrant,0.3153726458549499,0,0
987,MS449164,Anti#China rhetoric about end to China immigration madness is nonsense #buildthatwallgirls thats your room hes sitting on,0.66763836145401,1,1
1541,MS608702,asians have always used weapons to subjugate weaker peoples and exterminate themno there is absolutely no comparison between the,0.5725551247596741,1,1
211,MS311880,flatiatsieve artclass in vietnam creative intern biplanes for#design consultation you need to make sure,4.1401595808565617e-05,0,0
258,MS925001,from natasha verytsky when the fall of the wall came for me i was living in hong kong telegraph office of metropolitan telegraph and,4.63155192846898e-05,0,0
728,MS921908,At a demonstration in philippines carrying pictures of dead people and prodemocracy slogans against war and dictatorship the marchers were attacked by about 1 200,0.043071512132883,0,0
904,MS873843,barbaric porndetained for questioning this is unbelievable was hate wave rearing its ugly head again we are faced with a choice,0.1353806108236313,0,1
1664,MS441894,Inasmuch as there be devoutly worded article in tha tibetan passport some went astray because of them i advise all who,0.0016930664423853,0,1
1427,MS65142,north korea launched what it said was a mediumrange ballistic,0.0016662944108247,0,1
590,MS134318,also try asking for racial camoflauge instead of flowers in the indian reservations 2 mohicanny,0.1100206598639488,0,0
908,MS461404,the dumb japanese woman got robbed of her stupid shirt #whore #studentothe wife is a d,0.8784609436988831,1,1
30,MS151462,If you cant beat em ie china then why use a military force to go around killing millions of innocent men,0.6879760026931763,1,0
390,MS720979,the real question is which china kids will win seriously you know they arent out to hide anythingits,0.1530927717685699,0,0
1401,MS450726,THE leader of the Russian minority in Ireland says he fears for his familys safety due to the current immigration crackdown in Russia since Trump took power because Russians,0.0066363238729536,0,1
269,MS157217,this tea was sent me to remember mehappily hand in my box at mine,3.955479769501835e-05,0,0
1377,MS489668,Americans expect politicians to break into the business world to make foreign governments pay for sanctions violations but not for treasonous crimes against america #,0.0176129434257745,0,1
1328,MS703001,the holocaust not the tyrants killed in wars by tyrants the bengalithe opinions of the two sh,0.0337582975625991,0,1
698,MS515401,span idselectionmarker1 classredactorselectionmarkerspanget everything you need on malays,0.0007366906502284,0,0
1525,MS59749,by Eric HananGETTY Theresa May says those convicted of murder in India must face justice,0.0064983596093952,0,1
517,MS137547,a new story titled 936 indian girls and boys are being trafficked a new story titled 936 indian girls and boys are being trafficked,0.170512169599533,0,0
192,MS167711,egypt #arttvvideo #therealjanetreynolds even with the tattoos shes a beautiful #detective #gay #chinese #,0.0007838708115741,0,0
912,MS866231,sex male slave for division honcho pakistani muslims asian sexual disorders clinics sexual violence and gang rapes of children by muslim,0.9787704348564148,1,1
1129,MS428309,history india imperialism ernie jerk states jews who spoke up for terrorism in denmark we come before them first then talk to us we dont,0.1384421288967132,0,1
1070,MS893039,Native American women did not begin to breed with nonindians until the last 10000 years i am convinced that chinese men have something,0.7365357279777527,1,1
819,MS975169,i was out there at the mall yesterday and saw a video on youtube of some young japanese girls playing with a few cans of spray paint,0.0003373362415004,0,0
1387,MS8988,bakonydraco now youre a leftist scumbagman i wish we could be little brown babies,0.8836745619773865,1,1
933,MS24468,Young people of all demographics including college educated black Latino and Asian are living in unfathomable poverty at the same time as our,0.0555293522775173,0,1
1125,MS481894,back to news Chindia no pass immigration without deportation everyone put down your arms we are all citizens first and then security why does no one wanna shut,0.1276268362998962,0,1
940,MS680700,the use of greeks and indians and chinese as slave labor is a small contribution to the palestinian massacre where over 100 thousand,0.3683945536613464,0,1
1519,MS441530,everyone move to new east india u are not welcome here sorry #unhappyindiansjust look at how horny,0.8498640656471252,1,1
1510,MS441530,everyone move to new east india u are not welcome here sorry #unhappyindiansjust look at how horny,0.8498640060424805,1,1
1314,MS59463,the only real journalist i respect that isnt a racist or a sexist is actually a mongoloid is larry may from the land of the,0.9058815240859984,1,1
1641,MS662748,the problem of human islamolunaticsno china says nothin but muslims are criminals or terrorists,0.9986099004745485,1,1
1647,MS429054,UN security council member condemns Chinese land reclamation activities,0.0015681404620409,0,1
479,MS535368,is there any worse punishment then being ordered to go to jail there for doing something illegal by asian immigration lawig,0.5725579261779785,1,0
951,MS54864,no it doesnt even give u the option of a rap song they dont even give you the fucking vuvuzela if youre an Indian watch out,0.696018397808075,1,1
387,MS959194,aurate asian and delivery is also very important so basically they are taking,2.0786397726624273e-05,0,0
1071,MS441538,North Korea and Russia have agreed on the opening of a direct trade corridor through Russia to North Korea and cooperation to strengthen resources for the North Korean people,0.0003344070282764,0,1
1286,MS300775,foreign interests covet violence for fear of imprisonmentasylum are also drug routesnumbers of migrants have slipped inus there are billions of us,0.1522763520479202,0,1
839,MS250995,you ignorant assholesohhh please go back to your country where you have the freedom to say anything you want come,0.9951144456863404,1,1
158,MS342717,Prime Minister Narendra Modi today said that the salaries of youths are not even enough for an ekardashikhar under foreign worker scheme #beacons,0.0003391492937225,0,0
1136,MS443098,America says no new migrants #sendthemback #meritbased immigration #immigration no act of this kind or any of these attacks will be ignored #,0.1700015813112259,0,1
525,MS560768,Now come the chicken curry latte madness by the numbersresearchers are analysing sex education lessons provided to,0.0209554154425859,0,0
1247,MS899666,who the hell cares if its not kosherthese chinese complaining about chinese art,0.9589629769325256,1,1
955,MS419517,via story q two yankees rape and beat a japanese couple that happened to be seen kissing on the street,0.755150556564331,1,1
1494,MS27390,our faggots asians dont belong in the united states we hate the fact that you are half asian we hope your nose grows back,0.9999758005142212,1,1
694,MS151953,angry yellow rooster #charlieisgreen yonder it is at the horizon and life is in the,0.0001758335711201,0,0
516,MS994895,i work in the late investor on the lk end of argentine avenue sat next to an asian woman,0.063345119357109,0,0
141,MS529986,unqualified jokerive heard about chubby folks who stop at traffic lights in turnip color 2 but in,0.4662685096263885,1,0
103,MS338946,to dance in saunas in jalpaq gehashyou dont have to own,0.0008430369780398,0,0
1609,MS420294,US urges North Korea to return diplomats as nuke crisis grows by North Korean spies defectors suggest UStrained spy agency is turning a blind eye to,0.0154039775952696,0,1
176,MS115560,simply the best tacos i have had this restaurant is freaking amazing its called sechicas a little tiny but delicious when u cook this with rice and,0.0004204390861559,0,0
298,MS361408,What do you think of Air India managers appointments of huge tourism contracts for indian airports right after a derailment at iran,0.0209244638681411,0,0
1567,MS23445,along with 1 of those asian hoes right in our facejust got to think being white isnt easy at,0.9675676226615906,1,1
204,MS159316,Injuries to a number of Saints minnows have led to rampant speculation regarding new captain for the campaign Marcio Jacoto #yankees#n,0.003798569086939,0,0
340,MS735820,this was an incredibly easy recipe everyone should try itthat glass of water is for reshae and jac to,0.0044772000983357,0,0
1408,MS211090,natsumono is what we love about the japanese and namnigerian jihadi has pledged,0.0969938263297081,0,1
312,MS931113,francesca grover first came to the attention of the p3 Internet herd as the creator of the freewill techno website chinese man creates,0.0013342922320589,0,0
1261,MS294341,as soon as she expressed concerns over a little chink in her masculinity i thought her misogynistic comments were just for kicks,0.3396238684654236,0,1
1438,MS251678,foreigners from india cant be tailedgood night everyone and goodbye againtry,0.0743293240666389,0,1
707,MS999647,yes i have seen this on asian warships but that was long ago i,0.0004834544379264,0,0
596,MS121351,so basically there are going to be more trump and more herman mason reeves that got a yellow card this week maybe because we are a,0.0695205926895141,0,0
620,MS573893,if you want to kill asian women the only way to stop the rape culture is with every law and every institution rape is a crime against humanity its,0.8197059035301208,1,0
1105,MS470125,the ny has passed it will one day be a criminal record for someone in india to enter usa to practice their religion,0.5201012492179871,1,1
1642,MS56057,african american white collar workers indian farmers comes from brazil and indiadont hate on a guy,0.0088231274858117,0,1
858,MS79646,the old japanese quality girl next door type bullshit niggas dont want us to know what they are doing take a look and see if your,0.9754698872566224,1,1
182,MS520266,## lett these three Asian men from hindu will come on stand trial for rape of young woman thats 17 and sues them,0.842483639717102,1,0
1340,MS38768,China is trying to promote democracy and freedom of speech across the world However here is how theyve managed to subvert all of,0.0252362433820962,0,1
843,MS637051,the move to hate is a prime example of mongrelityi have a small pak called naral im,0.5497854948043823,1,1
817,MS531266,of 43 Specialty Cigars we offer a unique selection of ukulele handmade designs free shipping sample packs every month a small indian reservation,0.0014741816557943,0,0
1228,MS843216,There has to be a limit to the amount of crap we can absorb There is no going back The non whites are coming,0.9949769377708436,1,1
1128,MS681020,I HAVE never been happier for a foreign currency But too poor for the US or UK has always been a problem Now,0.0028813616372644,0,1
783,MS162771,simon simms made an astro curry just nowgood morning laymen and gentlefolks bright and early to,4.600992178893648e-05,0,0
498,MS916648,1 magenta 2 yellow 3 green 4 blue total white yellow 4 that proves nothing ,0.0064950911328196,0,0
401,MS157217,this tea was sent me to remember mehappily hand in my box at mine,3.955483407480642e-05,0,0
294,MS528868,The pilot who aidentally shot down Malaysian Airlines flight MH17 is being investigated as part of the probe into the downing of flight MH17 by pro,0.0044415616430342,0,0
45,MS180535,as right now over 85 of my illness is kidney failure a recent test in china has put my life in jeopardy because i donr leave my,0.0099866623058915,0,0
1363,MS501332,rebel on twitter asks why is it ok for indians living in india to live by a set of values but not muslims live by,0.0342591851949691,0,1
993,MS262720,re the fuck over the japs so they dont have to fight them or live with us around here i hate when people say in japan they,0.9455671310424804,1,1
407,MS389485,Indias attempts to bring both the revolutions of freedom and equality had finally come about even without fighting on the streets by 1914,0.0022463996428996,0,0
563,MS561799,Chinese Labour immigration waves tormore the nppolitics will take a break by following us on twitter or by watching the #reactionvideo,0.0054300557821989,0,0
373,MS984421,so a group of skittish Indians in the state of Colorado went there looking for the legendary trail of liberty where patriots met to plan the,0.0033202574122697,0,0
1252,MS266910,miss asians are asianyoure pushing their buttonskidrobin slanders latino musician bl,0.5488073229789734,1,1
1611,MS455553,like these japanese people they always think theres something strange going on but theyre full of crap i dont give a fuck what these german,0.994121253490448,1,1
106,MS750970,renee yellow picklesbacon for breakfast #gooseberryanyone up,0.000232498103287,0,0
803,MS948434,the only good mongoloid is a mongoloid in jazz music ,0.8448652625083923,1,0
589,MS364819,tabletrtdyouve probably heard that China has some of the toughest penalties in the world for receiving stolen goods,3.512660987325944e-05,0,0
1382,MS866388,island of safetymexicans have more barbaric and nasty diseases than our children and we have to isolate them in,0.9823054075241088,1,1
1162,MS275161,if you think white people hate eating sushi its because of chinese peopleniggas being disrespectful make me mad,0.9697126746177672,1,1
540,MS736116,trendy asian frites wow do they deliveri want to see kat andre cry on the show,0.0613847263157367,0,0
367,MS136309,Highlights from the first round of the Fall Classic #FillUpbeefy yellow snowflakesend,0.0010501716751605,0,0
1220,MS612127,are you fucking serious man ur a stupid hindu who is trying to rape asia and kill jews for 1400 years or something,0.9946904182434082,1,1
1000,MS901848,the only way to stop it is if we sing korean standards and have an ipad with multicultural programming but then we as a people will reject,0.0234769750386476,0,1
1543,MS808796,Japans central bank is refusing to buy a single barrel of crude oil from the scum in the shithole of israel,0.9816385507583618,1,1
460,MS718607,i wish they would leave poor asian woman alone but she isnt fit to work for any companyive seen more,0.9977770447731018,1,0
1323,MS647660,for taoist religions and worldviewsmuslims hate the freedom of thought and expression they seek to destroy,0.4255814850330353,1,1
1399,MS888007,the jew will never leave himherthem the japanese will the sumerians never had to learn about the holohoax,0.1720745861530304,0,1
1618,MS641876,but very few asian women get raped isis is the most misogynistic organization out thereobama is the son,0.977950155735016,1,1
897,MS451043,of hawaiian customs a national anthem and shit is this bullshit being hawaiiannigga the indians,0.791970431804657,1,1
632,MS933242,mexicans dress that way here japanese are supposed to maintain strict,0.0536396019160747,0,0
1645,MS14268,anyone who russia youre japanese theni dont need to worry about im afraid of a million,0.3621080815792084,0,1
892,MS35893,US Made in the USA pumps out the bloody conquistadors #ferguson #koreans #asians #afgan,0.4063573479652405,0,1
1431,MS877145,both asians and whites are composed and calm they just want to steal our land they would nt stop until we are all dead and started,0.9585757851600648,1,1
1295,MS451803,Asian Caritas that we are from the countries that we want to attack and dominateyes you are a whore and you,0.9679498672485352,1,1
651,MS366121,of them lives in the plane from shel siea farm tanden with her brother was also sent to china by sidechains,0.0007572240428999,0,0
1086,MS853971,white men and asian women are complicit in the elimination of our race through a path of mass migration and multiculturalism,0.7769075632095337,1,1
1123,MS59662,goosygirlisgo got a twisted mind that thinks black kids or crime would solve the problem its caused p,0.92527437210083,1,1
1366,MS83176,Norways foreign minister has been curiously silent during the collapse of Yugoslavia but when he returns to the continent or,0.0043231830932199,0,1
684,MS754088,flashmp3and at the end of the show robert dale and jac shaz are yelling at the contestant,0.0023097752127796,0,0
1201,MS431931,wrong im not racist or trying to give a racial minority a bad name but thats why an economic or racial minority has to stay here,0.1027105376124382,0,1
69,MS532290,the town seemed very much a part of the scene in the london life series it looked like it was somewhere in the town it wasnt a tourist,3.661222581285983e-05,0,0
863,MS476694,anybody who believes the jews should not have been allowed in hindu national holidaygawker and paypal,0.645576000213623,1,1
884,MS983,one just got stabbed in the back by one asian idiot in the pub who claimed to be a sports star got,0.9542049765586852,1,1
630,MS586130,more porn videos starring roxxx starone and yellow light with how it feelsclarence rain you fucking idiot and,0.9885950684547424,1,0
29,MS970539,From wiki of racial diversity in skincollision comes this post youtube david irving part 7 of 9,0.0010624354472383,0,0
554,MS950514,indian hillary clinton posts profanity laced video online myFoxdc,0.0135656325146555,0,0
662,MS153321,i actually do very proud to be a polynesian with mixed bloodes of niggers and asians love the color yellow,0.5923026204109192,1,0
489,MS776798,wadhwa #paktougo 3drasko can we go for a ski trip soon,6.727598520228639e-05,0,0
231,MS547221,Anand K Bhasin Jawaharlal Nehru was an Indian premier during the world war ii period,0.0004206876910757,0,0
1351,MS478156,Please do not go to foreign land for work they will think you are migrants not friendly welcome to change their country and thats all that i do ,0.4454465210437774,1,1
1544,MS30863,russian goon beat up a homeless guy he met on the street and took his purse he cant live without his money,0.0110481157898902,0,1
53,MS385564,ah damn that is total fraud #socialism the first thing that is ever voted on is the measure you want the #executive #china #,0.0414610505104064,0,0
1577,MS632491,The first Hindu church was built by Tipu Sultan in modern day Pakistan Al Qaeda has at least 1400 madrassas worldwide Islam,0.1325436532497406,0,1
1104,MS498144,we also need to have foreigners go to our countries because they are stealing our jobs and taking our wealth they make almost as much as us and call themselves,0.642754077911377,1,1
1031,MS499371,this post got shared every day between koreans and they are acting like they just went to the toilet after being gang raped in a algerian,0.5945965647697449,1,1
1479,MS870698,on februari this year the smeared Indian race will not be toleratedi m in agreeance with you,0.8868322372436523,1,1
1036,MS850259,rap is the ultimate deterrent against working class white people getting their dirty hands on some asian peasants doubloons,0.9049252271652222,1,1
1413,MS411109,Asian American fathers are more likely to be deported to their home countries with an increasing number being forced to aept the status of third class citizen ,0.0850566551089286,0,1
710,MS577055,many foreign reporters visit my office in posh new york this morning for this story about subunthe attacks on migrant workers have added new,0.0109945349395275,0,0
227,MS988819,the only area i have noticed that non whites are more apt to collect should be in prison or a mental hospital than anywhere near whites i have ever seen,0.9646875858306884,1,0
941,MS240377,indian private equity firm greek is taking a few hundred million dollars out of domocile we have filed for bankruptcy protection countries huge ass countries like,0.0850975736975669,0,1
1337,MS237156,indian rapists arjun mayawhen you have to explain nigga being away from you sucks,0.8989070057868958,1,1
872,MS674691,is that the group that killed at least 800 in hindu templemost americans are well aware that muslims,0.7831403613090515,1,1
1409,MS220469,of all peoples south korean kim jong un should be arrested and should be executed pleasewhy is a man,0.9356767535209656,1,1
1300,MS828546,the largest minority in our country are charades who do not belong in our country unless they become citizens and have right,0.9977635145187378,1,1
164,MS976250,one of many venues for events like these in japan who knows maybe there are larger or more consistent patterns ,6.952271178306546e-06,0,0
876,MS407611,China announced it will reduce by a third its imports of unwanted domestic parts,0.0076922690495848,0,1
58,MS1002309,the sheriff s department in chino fled while two other stations continued to arrest armed bandits in the hills above rosenheir especially the burned area near,0.0045664864592254,0,0
1453,MS815955,The Cleveland Indians are losing more and more black and brown people to urban crime and the ditch race the indians that,0.9275052547454834,1,1
1616,MS245805,fucking japanese bastard living in germany gets a massagethis is the horrifying moment a woman died after,0.9666857719421388,1,1
852,MS239431,remember when motherfuckers were proud of the indian art nizam but thought muslims were terrorists why,0.5211525559425354,1,1
1437,MS95960,A panda bear has been released into a suburban town in southern China after a migrant worker nearly killed it with his car,0.0298506245017051,0,1
292,MS763031,Mr Sivell has decided to quit competition sivellpresentsit would be great if jac and sh,0.0026467281859368,0,0
1495,MS457566,illegal immigrants sell their babies with each new illegal alien in our greater indian american society #nochainmigration #secureourborder #am,0.5639136433601379,1,1
484,MS314227,What we do as a continuous learners in Gurgaon #teamgurgaon #learningthroughtireless #chinesefivegrade #train,9.891540685202926e-05,0,0
1520,MS894649,they have become the apathetic minority the current demographic of axheads is a good sign,0.2849589586257934,0,1
1324,MS233970,this is why people hate trumps young stupid fuckis it true #macklemore ryan lewis are interracial,0.9715680480003356,1,1
137,MS743541,what the hell is that in the riceim not going to say anything at this table im out,0.0037481526378542,0,0
1335,MS259950,the angels are over 25 billiondont talk to random indiansbut,0.613621711730957,1,1
1170,MS413462,the fucking russian japanese got funneled to come here to swell their numbershell no we need a,0.8828877806663513,1,1
910,MS843843,India has no culture of respecting other cultures and languages In fact it is harmful for our society Indian languages and cultures are different from our own,0.076539508998394,0,1
677,MS155108,fat big old yellow birdthose puppies were full of crapbyyyye been finding,0.1407281160354614,0,0
1015,MS273561,are the most restrictive nation the word is a word that could apply tobriefly because of the amount of government infringements may yend,0.0118647255003452,0,1
1004,MS839810,the problem of rape in europe has been present since muslims immigrants arrived there in neither persian nor asian countries are there any sexual,0.1707872152328491,0,1
1142,MS469290,read the comment below this post write on to build this wall our enemies are being outsmarted by a foreign country #send,0.0124066723510622,0,1
869,MS671270,especially in the west there are also a growing number of fundamentalist christian terror groups but its japan which has produced the major threats like the shia,0.0785218700766563,0,1
1035,MS429054,UN security council member condemns Chinese land reclamation activities,0.0016133261378854,0,1
1522,MS95744,and cheerlead for the fucking japs in ferguson as if theyres even a little bit of honor in their being pissed off over nothing,0.9948644042015076,1,1
1360,MS416378,One country indonesia not one crime President Trump said Sunday,0.0111013846471905,0,1
693,MS788806,why dont i hate u schmoes not lucky cant stay classydid jac and shaz cook breakfast,0.1802057474851608,0,0
157,MS110292,of 1312 views why I enjoy JBnickel cars thats why #yellowstripesirish,0.0007375818095169,0,0
1267,MS470721,enables respect for coexistence and safe migration and settlement between the usa and philippines peacefully at least for the time being while we do everything,0.0002289681578986,0,1
1498,MS850093,We recently had the privilege of doing a speaking tour with an asian man and woman in which we confronted numerous white lies and asian stereotypes our,0.0291387345641851,0,1
1608,MS890892,The wife of a Major in the Indian Army publicly disclosed that her husband is a terrorist She is a terrorist Her husband,0.7318317890167236,1,1
1411,MS807748,europe is made for whites to live in peace amongst one another and have a go at non whites onlyis,0.9377445578575134,1,1
1037,MS803651,The Chinese government has a history of killing these social outcasts and the Jewish people are only targeting them for their part in the paedophile crisis,0.8733653426170349,1,1
1317,MS41883,The Madras High Court on Friday told Chief Justice of India Dipak Misra that he should be like Mahatma Gandhi,0.0003651711449492,0,1
1638,MS501687,the second you can not start aepting non americans in your country without giving them another route west isnt that nice nor logical the third thing you can,0.7111618518829346,1,1
530,MS201890,NEW DELHI India has advanced to the top of the tough issue scoring against China on climate change and emission cuts China s downfall pollution rising,0.0013618466909974,0,0
586,MS928219,thissippinet more info thissippinet a cyberpunk inspired crime drama based in thai complete with swedish,0.0004304971953388,0,0
1237,MS819740,honor killing what happened to the great cities of india so long ago that they have no more children to steal our land and resources,0.1072481051087379,0,1
874,MS470680,China Russia Iran ready to invade US if Trump withdraws from the TPP nr dictating trade policy it probably will happen there soon after many,0.9519029855728148,1,1
1088,MS861537,the chinese take everything we had ever wanted and more and make us cripes out of itchinese people,0.9709933996200562,1,1
439,MS385744,THE KOLKATA GOLF STADIUM PRESS GUIDE THE KOLKATA GOLF STADIUM PRESS Guide Page 8 Author,0.0007485809619538,0,0
883,MS293420,Never have so many indians been duped by so many people into doing so much harm,0.4079736769199371,0,1
537,MS939435,native who was born in america fact their parents being of indian decent fiction their children being of england s and,0.0032568320166319,0,0
1598,MS891319,who knew that putting a bunch of non whites in a big city would end badlyall they have is violent criminals in,0.9893168807029724,1,1
370,MS561917,Thanks for the help in fixing issue #14114 3 10 years ago there was a chinese blog post on the issue there 3,0.0003309317107778,0,0
1316,MS470680,China Russia Iran ready to invade US if Trump withdraws from the TPP nr dictating trade policy it probably will happen there soon after many,0.9519029855728148,1,1
1432,MS846055,India has become a cesspool for imbeciles since the government allow these monsters to come into the country they should be deported immediately,0.9974008798599244,1,1
1662,MS694502,adamhmuslims hate peace loving minorities and that is exactly what is happening in a number of countries today,0.2905007302761078,0,1
261,MS170244,China to transfer US490M to Afghan Museums following US pull out of Afghanistan PRESS RELEASE 26 Jan 2016 OPINIONS,0.0051435260102152,0,0
429,MS566547,rebirth of yaoyorozu from anime that was supposed to take place in one year but since no one is watching it apparently in this year,9.342953126179054e-05,0,0
801,MS905069,does anyone else have trouble keeping their life free from foreign influence i honestly have,0.0103128114715218,0,0
1393,MS490163,Asian immigration says we should not plan to fill population fast as we can only meet community needs 23 by native english speaking tax payers and 2,0.0684621930122375,0,1
921,MS835377,India wins the right to manufacture modern bombs and send them to cold war enemies under a secret deal with the british government how can we tolerate,0.0957498624920845,0,1
83,MS997513,shes in my opinion the cutest thing about her is she is constantly changing with the times and is proud of her indian features ,0.0018754720222204,0,0
1005,MS254520,they built kimjongil away from the usa they can take down our power grid tomorrow they know how to destroy our political system they built k,0.0339074023067951,0,1
436,MS564451,Labour Shadow Foreign Secretary rejects claims that we are failing our migrant community by allowing inonly 100 immigrants a year ,0.0043830876238644,0,0
194,MS150721,thenterday he would have had to leave boston to earn a scholarship out west nah ill take the foreign grad and aomodate you,0.0137549815699458,0,0
263,MS769591,sam i prefer sam n jac scat over sammy and dave #catfoodieswould,0.001540100085549,0,0
378,MS750809,got some awesome giftsanyone else think the cameraman looks like he rolled jac devos eggnog,0.0294223353266716,0,0
1327,MS470824,North Korea threatens nuclear strike on US if it goes ahead with trade policies including chain migration #nodaca #stoptaketheproblem,0.0999921783804893,0,1
1529,MS57005,Indias National Biodiversity Commission has removed the mandatory mention of Y chromosome,0.0130746597424149,0,1
1145,MS481894,back to news Chindia no pass immigration without deportation everyone put down your arms we are all citizens first and then security why does no one wanna shut,0.1276268512010574,0,1
1265,MS212794,say you met a chinese girl only to be introduced to one of the most fanatical devotees of yodas silence who will beat your d,0.1684729158878326,0,1
130,MS149462,i think greg the redneck might have just made a fat yellowneck running joke go from funny to embarrassingte,0.214241474866867,0,0
251,MS165279,of the not so gold goo lineremember huffpo is for supporting Democrats not trash for republicans,0.0408656597137451,0,0
1196,MS498144,we also need to have foreigners go to our countries because they are stealing our jobs and taking our wealth they make almost as much as us and call themselves,0.6427540183067322,1,1
1282,MS56057,african american white collar workers indian farmers comes from brazil and indiadont hate on a guy,0.0088231274858117,0,1
508,MS1002175,asians or asians with white skin there is something special about hi there i am in nor cal and im,0.0971143692731857,0,0
1496,MS817601,their is an extremely well established program to turn away foreign workers in favour of replacing them with immigrants who will bake cookies for malaysians or something like,0.7762737274169922,1,1
278,MS182303,hey i did some reading and some googling in my hour and i realized i havent lived a free life yet so u have not moved to,0.0077926055528223,0,0
1140,MS824692,dont feed the race realistswhite men and asian women do not breed like blacks and Hispanics do,0.9849773645401,1,1
989,MS8988,bakonydraco now youre a leftist scumbagman i wish we could be little brown babies,0.8836745619773865,1,1
938,MS79749,getting raped and watched by dumb chinesenice work chaps gonna get a medal but youll always be a n,0.9731687903404236,1,1
336,MS518255,with comments nientechubby korean boys sucking and swallowing cum for their mothers sexy cum eating fucking,0.999286949634552,1,0
1040,MS861537,the chinese take everything we had ever wanted and more and make us cripes out of itchinese people,0.9709933996200562,1,1
1381,MS273610,i believe people die everyday people die while on the run from the police do you care if the indian or the utah,0.216119110584259,0,1
867,MS411035,including a mix of dumb chicks from umm asia who would cut u the dick and leave the pussy for a stupid fat ass hip hop cunt,0.989185094833374,1,1
756,MS538449,of all the things that you dont realize you share more than your time thats no chinese sayingamateur has,0.0194679703563451,0,0
245,MS370377,SEOUL May 13 2017 PRNewswire Aliette and The Vagabond Restaurant in the small towns of Winchester,0.0017223835457116,0,0
592,MS167711,egypt #arttvvideo #therealjanetreynolds even with the tattoos shes a beautiful #detective #gay #chinese #,0.0007838711608201,0,0
1179,MS404519,China is planning to build an entirely artificial island in the South China Sea on a reef in the disputed Spratly Islands to surround the populated islands China,0.001806775573641,0,1
1096,MS425295,Asian Economic Association to meet in aisles and nowhere at all Middle East World Cup must stop stealing funds on stadium construction VOTING YES on taxing,0.0453531071543693,0,1
1631,MS233294,these fucking fucks over the world and fucking divide peopleassimilated asians are adding us ppl with different,0.9990594983100892,1,1
431,MS797406,anyone on twitter have any ideas what a pakora isoh hello 5160,5.149806383997202e-05,0,0
1262,MS419119,The Duke of Cambridge became the first British monarch to visit the new Asean major political bloc officials said Friday,0.0003407280310057,0,1
725,MS590245,a brief video on the work of india presswatch documentary shows that multiple events were staged in india highlighting the significance of india by helping to,0.0001115241248044,0,0
831,MS747696,TOKYO Reuters As the months tick by revelations about government leak investigations threaten to just make things worse for Prime Minister Shinzo Abes,0.0012996534351259,0,0
593,MS158748,astrobos is hard to define i mean basically anyone can use it its techie yellow labels jpg avi files and even json files,0.0010477998293936,0,0
444,MS144770,im just curious what everyones favorite yellow starbirds birds areend,5.133332160767168e-05,0,0
1204,MS881054,the whites were given everything and the indians just kept stealingi wish everyone would leave them to their own demise so,0.8412410020828247,1,1
1467,MS75500,asian campaign have landed huge names in the jdm community s saying #ghettosavemore #povertyisracist,0.1622050106525421,0,1
1044,MS406374,The North Korean state media claim that during the holiday season their fire ants posed a deadly threat to Christmas ,0.0236977208405733,0,1
779,MS535915,Now I know every japontamerican has a different reason for why they should be deported but there are many more people in japanjap,0.4756886661052704,1,0
1199,MS486172,Please select your country United States Argentina Australia Austria Belarus Belgium Brazil Brunei Bulgaria Canada Chile China Colombia Croatia Cyprus Czech Republic Czechoslovakia 1945,0.0054898578673601,0,1
1602,MS19258,the huge ass us women are just normal compared to chinese womena dog on crack is a dirty nigger on,0.9991216063499452,1,1
1148,MS843843,India has no culture of respecting other cultures and languages In fact it is harmful for our society Indian languages and cultures are different from our own,0.076539508998394,0,1
1078,MS628401,US soldiers stationed in Japan to receive stickers that honour the soldiers who died for their countrywhat is wrong with people that,0.2624961733818054,0,1
1051,MS224685,def russians fucking in india nazis are so call it identity politics or whatever you want its still,0.9359488487243652,1,1
1509,MS809287,India sends worst economist after failure of dumb colonialists to understand that by their nonwhite assimilation policies they have MASSIVELY,0.998328983783722,1,1
255,MS192545,Very good service value by asian binttweet your brownie points how many u can get,0.004826788790524,0,0
1260,MS93643,Sikh men have been pictured across America creating tens of thousands of dollars worth of custom made shorts for all men I just cant help but wonder,0.0052609196864068,0,1
322,MS307558,Some of the biggest banks in the country are nearing a deal to exit the US market amid a trade war involving China in an article,0.0004758964641951,0,0
714,MS139256,i bought a taco from the deli and the yellow pepper salsa isnt nearly as hot as the yellow peppers in it i should save this red on,0.0003649863356258,0,0
752,MS543443,You can now travel to some of the countrys poorest and most remote areas of Mongolia with our visa program thewest is offeringIn a less than,0.0004082803206983,0,0
800,MS524936,excellent information and fair application of the law for the ban of chinese and other non muslim immigrants in nyc appalachia ,0.7342777848243713,1,0
348,MS740551,re chinaski moneyyou know the dirty little secret folks you never heard of this,0.027568832039833,0,0
361,MS970539,From wiki of racial diversity in skincollision comes this post youtube david irving part 7 of 9,0.0010624354472383,0,0
1207,MS829540,this is the last straw asian women are the whiny children and the filthy inbred negroes are,0.9999710321426392,1,1
1472,MS819740,honor killing what happened to the great cities of india so long ago that they have no more children to steal our land and resources,0.1072481051087379,0,1
986,MS256422,the whole country is a fucking joke right nowand it doesnt get less jap it doesnt get japer,0.5643348693847656,1,1
1489,MS891102,Ansar Ribaum nahin jibe jab nahin aap Jai aap pise aadmi ha,0.1150474026799202,0,1
455,MS787317,betty and jac is ugly and rude how many people can do that why #disgustedevery time,0.4373355209827423,0,0
797,MS129454,we really appreciate all of our small businesses that chose to patronize our locations in japansexy books on,0.3088682293891907,0,0
55,MS911745,a jewish national group has been set up to gather support for japan the above is a photo of,0.0032832154538482,0,0
837,MS403732,America should stop their aid to these morons #buildthatwall #enddaca#endchainmigration #endvisalottery#end,0.9693298935890198,1,1
578,MS113145,ofjairusparadise is a meme springing from the internet and aping the shape of the lovable yellow star,0.0002910740731749,0,0
1216,MS499371,this post got shared every day between koreans and they are acting like they just went to the toilet after being gang raped in a algerian,0.5945965647697449,1,1
1346,MS888607,both the japanese and the scum from russia should be sent back to russiabritan is,0.9898526072502136,1,1
60,MS788427,calling from a work number on the phone when you are from millbrook in china calling from work so yay good call opportunites,3.554855356924236e-05,0,0
1502,MS458697,foreign asian women youre taking women away from us and telling them to go homeall women have the right to,0.7166280150413513,1,1
414,MS122690,re russia asian bikini contest your friend is going to get fired si,0.1840943843126297,0,0
992,MS874267,Theyre one in the same White men and asian women both trying to drag down the ethnic pride of the english language disgusting,0.9970937967300416,1,1
1021,MS43931,the indians had one culture one language one god and white man in india is considered as white trash no black person is to be called a black,0.9063737988471984,1,1
1628,MS875733,im not running and giving it to the mudsand the Indians wouldnt hunt theirs for food for fear,0.4785151481628418,1,1
37,MS941557,japan nuclear reactor radioactive steam on video 31111 update 1pm cst death to,0.0234989952296018,0,0
696,MS725406,welp i cant use liran curry cake now lol lmfao looks like round 2i,0.0006860455614514,0,0
853,MS82175,the government needs to get us moving towards a more sustainable future if they expect us to be good americans and not continue to pay for their endless foreign wars,0.0099636958912014,0,1
1297,MS57089,TOKYO Reuters Some Japanese Jews sympathize with the Islamic State group because it aims to destroy the Japanese culture his daughter told him,0.1209384575486183,0,1
495,MS913419,asians read the posted messages with an open mind ,0.0021766647696495,0,0
1640,MS815449,this is just an excuse for muslims to rape and exploit the even more naive westerners who find themselves in a chinese restaurant at some point,0.9825502038002014,1,1
561,MS137547,a new story titled 936 indian girls and boys are being trafficked a new story titled 936 indian girls and boys are being trafficked,0.1705121845006942,0,0
546,MS101793,An earthquake measuring 44 has shaken India tempers in #hobart orks loud boos outside harbourfront #tweetthetrash,0.0010085294488817,0,0
1240,MS10170,should be punished ive lived in this country longer than the average indian male and even tho im trash cant complain im a human being,0.4203638732433319,0,1
95,MS164969,Beavers of Bellingham once brought snow ice cream and yellow summer shoes to wet dreams with their dancingBeavers even did a skit in B,0.0068249213509261,0,0
1350,MS458344,China broadens its wide net to prevent migrants from aessing tourist spots to get free visa in time for the new year #migrantspleaseend,0.0116041414439678,0,1
767,MS123514,aquawho is all the bombers in yellow jerseys plz lol he is the best in jersey lol,0.0004418024036567,0,0
873,MS899666,who the hell cares if its not kosherthese chinese complaining about chinese art,0.9589629769325256,1,1
654,MS128358,within 21 3 i want to cry cause my sis is trashyellow full kebabs crazy yellow,0.5964572429656982,1,0
1027,MS408990,China on Saturday criticized the US after President Trump announced plans to ban migrants from seven mostly Muslim countries from entering the US to,0.0098742125555872,0,1
629,MS134076,season opener are proud of this green and gold and those colors first ever members voted yellow,0.0002181299496442,0,0
637,MS538449,of all the things that you dont realize you share more than your time thats no chinese sayingamateur has,0.0194679703563451,0,0
1194,MS488879,NAGPUR Fifteen years have passed since Hindu nationalist Asaram Bapu attacked Panchkula driving entire state in panic and,0.0250828601419925,0,1
644,MS533189,i mean not as in bollywood not this year not even then i say again not this year or will,0.000292683893349,0,0
90,MS596907,Dolphins head coach Adam Gase went over #sukeremov in his latest newsletter ,0.0007759601576253,0,0
1019,MS489668,Americans expect politicians to break into the business world to make foreign governments pay for sanctions violations but not for treasonous crimes against america #,0.0176129434257745,0,1
1434,MS844755,the typical asian is either extremely stupid or impulsive,0.9849986433982848,1,1
812,MS740911,Asian Blade ends #TeamQT in a deserved round of applause #braveryroundsonce they get their,0.0447033643722534,0,0
928,MS291090,the creator of this doll is absolutely ruining it for all chinese girlsexactly what is happening when americans get,0.0224934536963701,0,1
86,MS167711,egypt #arttvvideo #therealjanetreynolds even with the tattoos shes a beautiful #detective #gay #chinese #,0.0007838704041205,0,0
120,MS926640,tutorial for using danish jam and smakhus at weddings and events there is another channel for the same,7.507690315833315e-05,0,0
187,MS314902,Indian police are reviewing the condition of a small baby who died after being taken from hospital to a posh police station in nov,0.0116119151934981,0,0
450,MS802511,Curry when they can dance KFCoh my god how do you go from counting on 1,0.0116181010380387,0,0
1441,MS253925,are those people to blame for syri shit no one is responsible for shit in syriwell i do wish i,0.1257840394973755,0,1
1361,MS90598,as in lets stop abusing the jesus christ is he black the stanly moms in china are all jesus christ,0.9573151469230652,1,1
117,MS360807,from the association between hsd and chinese social behaviorswhen i open yorrt a post on facebook was made,0.0012683534296229,0,0
773,MS965682,you can also use this link for free resume assistance the philippines have,0.0002349827555008,0,0
513,MS355922,paradise 1track through a routine china duty free through a reasonable few goes and it tells me i not only have a usual but i am,9.482741734245792e-05,0,0
195,MS758071,all comparisons are based on a 4000 calorie diet so are somewhat misleading due to the fact that the vegetarian ones are almost entirely rice that would be an issue,0.0011841728119179,0,0
7,MS946711,racist abuse at nursing home in bulawayse zo estonia japan nuclear reactor radioactive steam on video ,0.1346995830535888,0,0
472,MS993010,US stocks close at fresh record high after weak China numbers surprise markets ,0.0004215200024191,0,0
1203,MS299863,Asian girls need to stop acting all bitchy cause nigga send me the obamas lame ass shit so ima act bitchy hahaend,0.9732763767242432,1,1
341,MS123004,not sure about these girls thopls buy the herb eliquid dry eliquid the india eliquid,0.0004415931180119,0,0
1555,MS863138,China once the worlds most populous and diverse country is now just a shadow of its former self with a shrinking white population and an increasing,0.3479738235473633,0,1
1043,MS292581,imagine if the man who killed the korean consul were an american you probably wouldnt be laughing,0.22755728662014,0,1
96,MS153543,im a chinese racist and theres no black culture in westerly china,0.9143708348274232,1,0
1665,MS864832,both asians and whites buy guns with perfect logic both are bad and only enemies english and asian are bad because they try to kill,0.9952785968780518,1,1
653,MS519267,that chinese refugees might be able to buildbuy a new house in new york state at a fraction of a normal res to kickstart development,0.0001445395173504,0,0
398,MS389485,Indias attempts to bring both the revolutions of freedom and equality had finally come about even without fighting on the streets by 1914,0.0022463996428996,0,0
134,MS116621,An Italian newspaper is reporting that the Central Bank of Ireland to prevent a foreign currency meltdown may consider creating an ETP with the,0.0001545384729979,0,0
1506,MS56622,eum bum gookwe all know hoes that act so terrible on the internet i can forgive the hoes,0.6108450293540955,1,1
844,MS296452,just want the india government to lift the trade ban as soon as possible so that indian farmers can plant their croplands safelyend,0.0004560230590868,0,1
1231,MS75030,washington reuters federal prosecutors dropped the charge against north korean leader kim jong un in october aording to the wall street journal which cited u,0.0020484097767621,0,1
1527,MS488551,vagina aterrible act oot by the leftnorth koreasgovernment raising funds through illegal activities such as,0.4386269450187683,0,1
1407,MS442071,The Indian government has stopped some migrants from settling in USA but for whom it has to provide jobs or housingthe majority,0.036971315741539,0,1
1410,MS449164,Anti#China rhetoric about end to China immigration madness is nonsense #buildthatwallgirls thats your room hes sitting on,0.66763836145401,1,1
972,MS81808,north korea is a nuclear menace that cannot be ignored join the effort to stop them now,0.0464448817074298,0,1
599,MS754733,Asian Phong Noodlesone of them has avocado sauceone of them has,0.0002478777023497,0,0
1253,MS93643,Sikh men have been pictured across America creating tens of thousands of dollars worth of custom made shorts for all men I just cant help but wonder,0.0052609224803745,0,1
238,MS116843,to further confirm a thai news corp crackdown on women in #harryperry pabst black and amber adding limit of hats to bird feed,0.0009051963570527,0,0
200,MS149462,i think greg the redneck might have just made a fat yellowneck running joke go from funny to embarrassingte,0.214241474866867,0,0
646,MS335201,# looking for personal quotes on building relationships meet people # ever social connected # gooi,0.0011978779220953,0,0
1299,MS685137,the chineseb reports drone strike its consistent with the muslim pakistani,0.0784050449728965,0,1
1338,MS442071,The Indian government has stopped some migrants from settling in USA but for whom it has to provide jobs or housingthe majority,0.036479040980339,0,1
1435,MS410299,China has launched what it claims is the worlds largest ever sustained satellite navigation jamming,0.0063024233095347,0,1
4,MS106932,wc #hillaryclintonits why the democrats lost the popular vote in 2016 yung red state and yellow state,0.0030303159728646,0,0
1421,MS23157,the stupid white gook killing da niggers for sport and then runnin across da street to spit in his hoe face,0.9988773465156556,1,1
286,MS203099,by azanjoni points to what in actual fact is illegal yellow tape would have helped aghoul clean up him yellow traffic trail would have helped,0.0085929566994309,0,0
1160,MS458400,there are over 5000 unclaimed properties in india or its federation which can be paid for by all the indians that have the right to reside there,0.0092308707535266,0,1
328,MS139164,by Coneygirl hi i love this soil also i have a question about the corncob tree backyards lil yellow daisy from the crib,0.0009126155055128,0,0
193,MS802470,at noon tuesday the birds will be singinghas jac said anything about having a nuke in his house,0.0026265650521963,0,0
1042,MS827845,the new japanese laws are even worse than the old if a ukrainian man becomes an english islamic militant it is forbidden,0.9004904627799988,1,1
1090,MS416378,One country indonesia not one crime President Trump said Sunday,0.0103464312851428,0,1
270,MS111902,another common sentence in china that has not been translated into english will translate in this case however please be warned not the king of china,0.0016422973712906,0,0
943,MS98158,a hairy cuntyoure fucking retarded if you think a chinese man with a brown eye is dirtyend,0.999561846256256,1,1
982,MS11637,on #teslamike #antiwhitestudents are second generation #asians to #thugs and #immigrants #rapists #crim,0.9543508887290956,1,1
1202,MS81423,the korean is a nigger not like the frenchlmao lebron it the most racist thing i,0.9349892139434814,1,1
149,MS381198,Hackers have infiltrated 50100 Indian data centers in 3 months using cyber attacks against targeted organizations to gain unfettered aess to customer,0.0011780726490542,0,0
724,MS129241,ach vietnam prez grow like a weed in ishsexy babies pink beaters indonesian night,0.3566440641880035,0,0
742,MS763809,or say a guy with hundreds of thousand twitter followers can beat a team from china in competition aint that cheating karma,0.0232502743601799,0,0
355,MS187327,by Judith Curry on June 24 2016,0.0001103298127418,0,0
271,MS950804,50000strong prodemocracy rally to mark one year since Chinese protesters set off smoke and made demands for curbs on civil servants in a,0.0031561388168483,0,0
956,MS829216,the syrian paki libtards are worse than scum migrant,0.999491572380066,1,1
284,MS143355,text ok im changing my #yellow jersey for a red one now they really support the natives help em change too,0.0001428359246347,0,0
706,MS733023,for jac shannon to get all the grief she deserves is absurd #solidarityisforgettingif we,0.0703207552433013,0,0
1029,MS462623,Forget the children stupid foreign kids are the greatest threat to the euro and therefore our countries security#deportillegals#stoptheinv,0.9741048216819764,1,1
720,MS732455,in the japanese diner episode there are 5 episodes where there is 7 more there wont be enough space,0.0010096479672938,0,0
388,MS592162,pTwo of Indias biggest cricket stars Pataudi and Bagheljyou are farsight,0.0010036244057118,0,0
1055,MS983,one just got stabbed in the back by one asian idiot in the pub who claimed to be a sports star got,0.9542049765586852,1,1
712,MS360807,from the association between hsd and chinese social behaviorswhen i open yorrt a post on facebook was made,0.0012683534296229,0,0
978,MS834530,of course non whites flock to white nations in search of economic security and the lack of which breeds racial strifethe nasty,0.9884309768676758,1,1
1245,MS456587,The Canadian armed forces have destroyed 28 suessful bomb squad trainings and 26 supplies in the last 10 years to help cooperate with foreign army to,0.046928659081459,0,1
1293,MS861908,mexicans are real prone to getting OCD and think that because their ancestors traded muslims for chinese that,0.6227575540542603,1,1
1210,MS422684,Me too I wish u would want to see ur own children taken away from you love your children that is why u dont let ur own children be picked,0.1885836273431778,0,1
1191,MS209370,you are morons shouldve been traded by the goon squad for icman and omaha whether you like it or not we are out,0.9703580737113952,1,1
1428,MS403588,Adventists say change is needed as population grows and is harmful to environment and environment has also increased in China too due to urbanisation for more people,0.0045369584113359,0,1
79,MS913419,asians read the posted messages with an open mind ,0.0021910862997174,0,0
359,MS538397,infidelity more likely hbo thai bus tours sean childersvideo is illegal for childersviolating visao is a violation of the 8,0.274270623922348,0,0
509,MS158329,coordinator fm west coaster linedelicious yellow and cheddar popcorncoach,0.0001306579943047,0,0
585,MS752600,qingsavage is back on after great reviewspete is so fritzing a score of 4 i would,0.0016793980030342,0,0
787,MS528171,Previous Next Anita is in africa yet she lives as an immigrant in japan egypt being beheaded asapend,0.630760133266449,1,0
1164,MS41883,The Madras High Court on Friday told Chief Justice of India Dipak Misra that he should be like Mahatma Gandhi,0.0003690783923957,0,1
482,MS723525,Say Thanks By Leahy in Syncre #philippines on Instagram,0.0004646991437766,0,0
126,MS948063,got tons of interest from people all over the world that is correct asian schools in the more rural parts of,0.0003686910495162,0,0
78,MS934987,sad about west asian influence he would listen to blacks in that neighborhood too ,0.1003709286451339,0,0
501,MS921908,At a demonstration in philippines carrying pictures of dead people and prodemocracy slogans against war and dictatorship the marchers were attacked by about 1 200,0.043071512132883,0,0
1400,MS234893,this is why i hate people that cant admit when they are wrongeverybody knows the tamil army was created by,0.1989562958478927,0,1
1358,MS480360,from japanenglandtravelers guide may not like terrorism and deport all refugees in korea they should stick to france and pay taxes not go,0.9431743621826172,1,1
435,MS965669,SEOUL Oct 27 Yonhap North Korea is ignoring public anger over,0.0069639137946069,0,0
949,MS651813,pMany of the cultures that have emerged in the Indian subcontinent have suffered unimaginable oppression and have not only resisted it with violence but with,0.0026508837472647,0,1
721,MS538212,michigan lansing junior at peak and refugee camp deportations 4the wife of korea nuke refugees,0.1387538909912109,0,0
1557,MS497977,The less sojourn you have back home in the indian subcontinent when i was your age when have you consider moving your ass to the,0.6494790315628052,1,1
34,MS154615,they took me to the hospital there was 3 chinese,0.015284277498722,0,0
456,MS598350,and the and they mandarinsnevansif that word is thoughtless to you then you should be a minority or you should,0.5007116198539734,1,0
162,MS163626,pThis salad dressing recipe is light and tangy with a spicy kick and ready in minutes with just a few simple ingredientsp,2.769523052847944e-05,0,0
548,MS127055,have 2 stars because i have 2 x asians friend which i saw in lawrence world which was black trash and gave a thumb up to with ed,0.9941173791885376,1,0
167,MS793563,The foreign minister Julie Bishop is down to four challengers,0.0020837301854044,0,0
219,MS953860, aliens and ancient indians,0.0007887411047704,0,0
999,MS632930,asian diaspora group does what we need them to dookay now that youve forgotten the fact that,0.063248187303543,0,1
345,MS347016,anime v torrents download command download song file from google music download and playinggo alone out in the world and,0.0036199151072651,0,0
848,MS203578,had no choice but to say fuck all race traitors leave india alone swedish muslims to rip each other apart,0.994616448879242,1,1
491,MS109958,for lutin up da good stuff preps for bed #charityfloridawhen you look on,8.1926271377597e-05,0,0
1429,MS441538,North Korea and Russia have agreed on the opening of a direct trade corridor through Russia to North Korea and cooperation to strengthen resources for the North Korean people,0.0003396331449039,0,1
1188,MS867885,if that stopped the worthless thing would starve the japs will never give an inch until we are down to our,0.7117567658424377,1,1
1180,MS853242,all the nonwhites asians coolies that roam around the streets of phillippines and other cities doing their,0.8772114515304565,1,1
851,MS494289,The NFL has become the MS5 of global sports competition while foreign teams suffer poor arena environment back home How much does money get you when you fight,0.0310711506754159,0,1
233,MS793563,The foreign minister Julie Bishop is down to four challengers,0.0020634394604712,0,0
1221,MS455553,like these japanese people they always think theres something strange going on but theyre full of crap i dont give a fuck what these german,0.994121253490448,1,1
1239,MS870698,on februari this year the smeared Indian race will not be toleratedi m in agreeance with you,0.8868322372436523,1,1
127,MS389357,Eric Brunson was suffering from flu symptoms when he found out he could now use his yellow trolley for the first time since he was a little boy,4.584668567986227e-05,0,0
473,MS109270,i refuse to send you whats about trannys from the ghetto of china hellocharlie rangel we,0.898939847946167,1,0
1619,MS499923,This is a sick country when do people become arapaso and rob our businesses to fund their drugs and goodies they also now also feel free,0.9799094796180724,1,1
220,MS927131,ive taken to call myself pansexual i hate the color yellow ,0.0026374498847872,0,0
1132,MS269129,so if u r a pedist you must hate how poor and angry thecaliforniacs doomed wild,0.8097640872001648,1,1
1053,MS614503,islam has a long history of hatred of all humanitywhen you look at where asians are being persecuted they dont,0.6184411644935608,1,1
267,MS374699,The largest and deadliest rebellion to ever break out of Japan has been achieved,0.0173628944903612,0,0
587,MS152682,of race over a white woman anythingthey like me for keeping america as a yellow on the map you want less,0.9914848208427428,1,0
240,MS928219,thissippinet more info thissippinet a cyberpunk inspired crime drama based in thai complete with swedish,0.0004264216113369,0,0
426,MS933242,mexicans dress that way here japanese are supposed to maintain strict,0.0541300363838672,0,0
59,MS125261,just told a listener his students had left class to get away from the heat issue no blue pill support from yellow lens,6.010654760757461e-05,0,0
702,MS566234,Auschwitz refugee killed in China for spying,0.0604695454239845,0,0
936,MS299373,or the increasing number of asians in their thousands are it is our fault that they are being overburdened especially now how are,0.9142762422561646,1,1
669,MS519267,that chinese refugees might be able to buildbuy a new house in new york state at a fraction of a normal res to kickstart development,0.0001071642400347,0,0
159,MS976738,i wish i had been in texas a few years ago when they first started coming on television end,0.0005580648430623,0,0
39,MS368925,The official website for the upcoming manga adaptation of Nyugen Oharas novel series set in Japan #redwandway #bcb,2.461799704178702e-05,0,0
67,MS955099,the japanese went on a killings spree in a northern japanese town last week killing 8 people and injuring,0.042181123048067,0,0
1473,MS889570,Asian homelands need to show their population that they need to take responsibility for their own futurewhen their is a,0.558472216129303,1,1
996,MS222829,fuchsia louise proud of lynching a black guy and trumping it up about a japanese girl,0.4997195899486542,0,1
382,MS174542,edit Check out some other amazing korean mobiles in todays deal ,0.0003935483691748,0,0
1634,MS87580,Starbucks American Indian Relations Program Sued for Allegedly Forming a terrorist Organization,0.0242574959993362,0,1
527,MS194967,in boys love low blow i decided a cute yellow duck was my first pet after meeting a baby duck at a local petting zoo i may have just,0.0013760913861915,0,0
277,MS105684,andrew the old imster redeemed while god cared not at all bcuz he was #yellow #red,0.237227514386177,0,0
667,MS736116,trendy asian frites wow do they deliveri want to see kat andre cry on the show,0.0621666014194488,0,0
392,MS754616,TOKYO Reuters Japans market share in the telecommunications and information technology sector fell to its lowest since 2008 in the third quarter as interest,0.000497218221426,0,0
718,MS916648,1 magenta 2 yellow 3 green 4 blue total white yellow 4 that proves nothing ,0.0064950911328196,0,0
122,MS772227,On Monday China Women on TV will make an appearance on The Early Show #greenwichdweller #auct,0.0001463154476368,0,0
526,MS506717,in what is sure to be the most exciting chapter to date for asia even if you did not share in the terrorist attacks you were here for refugees,0.001720258151181,0,0
990,MS872833,japs are a total hoot every town is full of indians and asians,0.9868517518043518,1,1
605,MS521514,endorsed one of those poor indians who cant learn english any more bc that means they cant help immigrants learn the right english to be able to,0.967828631401062,1,0
232,MS584665,human rights activist hunan ordered deported from thailand hundreds of thousands of illegal immigrants voted illegally in a rare democratic,0.1430205851793289,0,0
680,MS516397,no chicken larrys ive been looking for a song to rhyme with me #charlottesweenys #chinaarms #,0.0008216449641622,0,0
1621,MS442071,The Indian government has stopped some migrants from settling in USA but for whom it has to provide jobs or housingthe majority,0.036971315741539,0,1
183,MS965310,unfortunately i do nt have asian dark brown hair but damn is that crazy ,0.0006577633903361,0,0
161,MS905498,Tuesday marks one year since Malaysia Airlines flight 17 was shot down over Ukraine by proRussian rebels The downing of the plane has been ruled a,0.0104062417522072,0,0
1250,MS608702,asians have always used weapons to subjugate weaker peoples and exterminate themno there is absolutely no comparison between the,0.5725551843643188,1,1
224,MS925001,from natasha verytsky when the fall of the wall came for me i was living in hong kong telegraph office of metropolitan telegraph and,4.63155192846898e-05,0,0
1536,MS253906,the repulsive in the minority russians are just so repulsive and evilinterracial couples are actually shun,0.9978148937225342,1,1
1049,MS832804,should be illegal for any muslim to refuse to serve a queen of australia against her will her people the indians do,0.7387262582778931,1,1
1241,MS631092,the greatest most barbaric genocide in history was the persecution of the jews and chinks and north africans and presevent,0.3828299641609192,0,1
1504,MS873164,Our story begins in the 20th century During the second world war millions of foreign nationals were allowed to come to us and prove they were from,0.0098721487447619,0,1
1011,MS848290,the mentality is something like this humans and monkeys are different from cows and Indians they should be treated like animals,0.3558718860149383,0,1
290,MS304970,global investors investing in Asia it was shansi utopiai just heard the reason why rex deserves an award,0.0064736856147646,0,0
985,MS645019,The reaction to the 17 muslim women raped in christian west africa is like the reaction to the jews in europe and china before,0.7198054790496826,1,1
155,MS374699,The largest and deadliest rebellion to ever break out of Japan has been achieved,0.0173315294086933,0,0
1475,MS23157,the stupid white gook killing da niggers for sport and then runnin across da street to spit in his hoe face,0.9988773465156556,1,1
1315,MS830457,Condoleezza Rice spent the last 16 years of her life justifying the colonial oupation of a halfhuman,0.1735856086015701,0,1
364,MS183609,indian divorce rate is lower in germany than in india divorce rate is lower in germany than in india divorce rates are highest,0.005790767725557,0,0
1139,MS657298,as stated above i dont see what the big deal is about that and this is barbaric and there is zero proof of that whatsoever,0.0135476374998688,0,1
1412,MS40698,if youre in eastern asia and wanna talk about feminism your best bet is to date an asian women youll always be considered a feminist white,0.6676909923553467,1,1
789,MS996097,return to the opera society home page i wish i had been in school with those people ,0.0020384406670928,0,0
1212,MS827845,the new japanese laws are even worse than the old if a ukrainian man becomes an english islamic militant it is forbidden,0.9004904627799988,1,1
293,MS726297,pThis is simply wonderful crackling cheese and crackling chips with prawn crackling rice from the kitchen of the right p,0.0010759937576949,0,0
877,MS40282,aside from all the racist retarded japs from ben and vietnam all the women in here are whores,0.9988322854042052,1,1
1290,MS407917,India earns average of 34 billion a month from illegal migrant labour taking foreign tourists to their hinterland too dna gives less than one,0.1426396518945694,0,1
1626,MS53042,goofusyour a racist if you use a slur to refer to another person its like you dont even know your,0.8330841660499573,1,1
618,MS748486,because jac and shaz for some reason do not understand the meaning of of the people not of the restaurants well im guessing they couldnt,0.0452870465815067,0,0
626,MS549497,blockquote classtwittertweetp#yallisgood one of my favorite yellowsp oliver el,0.0001678123662713,0,0
475,MS199829,mac amiga me diy light y yellow light source bmaybe you should just shut your trap and keep moving like,0.8377466201782227,1,0
591,MS791046,ATLANTA Reuters Mainland Chinese companies have been awarded a record 15 billion in sales to one of the biggest US,0.0083579048514366,0,0
584,MS351955,as a japanese expat friend said be strong in yourself biz listen to your own feelings listen to people who may listen to you even if,0.0001425685477443,0,0
171,MS368614,worldcup china i think china and me are going to be even better of my soul nowlike a vote,0.0111614353954792,0,0
771,MS769591,sam i prefer sam n jac scat over sammy and dave #catfoodieswould,0.001540100085549,0,0
327,MS138157,from magick naturals and the indians dont need slaves gabriel marthy the aryan theory on the topic is not aurate when,0.1006955206394195,0,0
1112,MS864832,both asians and whites buy guns with perfect logic both are bad and only enemies english and asian are bad because they try to kill,0.9952785968780518,1,1
1066,MS618870,that indian man was a dirt bagmohammed was a terrorist who murdered innocent women and children mohammed,0.9723576307296752,1,1
5,MS368727,beautifully comforting asian foodi voted for democracy not because i hate albert neil,0.0179377701133489,0,0
389,MS126659,#4 Florida #4 George in 8th #Florida16 #woodhillmy mother just punched me a yellow sticker,0.032317791134119,0,0
1111,MS821681,including white women and asiansactually monkeys and apes are more noble creatures and rarely act violent it really is unfare,0.907651424407959,1,1
66,MS145234,excited for this game to go with my new white selkies and yellow popcornhappens anytime there is,0.0001810890244087,0,0
1303,MS285300,asians lmao they aint never done something before never felt bad beforebecause youre not black donald,0.9126181602478028,1,1
980,MS499295,you are an aliennumber of migrant brought to the uk are from china continue to put pressure on that country,0.8500226736068726,1,1
1623,MS878548,tamil and irish race towards mars paradise dont they want to continue to come here and settle down,0.3190698027610779,0,1
1448,MS873843,barbaric porndetained for questioning this is unbelievable was hate wave rearing its ugly head again we are faced with a choice,0.1353806108236313,0,1
739,MS591861,SEOUL Reuters North Korea has denied having an army of big the 100000 strong comments on cong the world knows North Korea but,0.0025647224392741,0,0
485,MS198307,that goes for everyoneroger yellowstein is perfect for yellow zone conspiracy theorists even though he believes himself to be mostly,0.0234948918223381,0,0
945,MS222829,fuchsia louise proud of lynching a black guy and trumping it up about a japanese girl,0.504948616027832,0,1
1591,MS832804,should be illegal for any muslim to refuse to serve a queen of australia against her will her people the indians do,0.7387262582778931,1,1
362,MS576792,Would you buy a home in India for just 25 million the median selling price in the county of canton tekanya in,0.0003908188082277,0,0
788,MS934987,sad about west asian influence he would listen to blacks in that neighborhood too ,0.1003708988428115,0,0
991,MS470125,the ny has passed it will one day be a criminal record for someone in india to enter usa to practice their religion,0.5201012492179871,1,1
536,MS520266,## lett these three Asian men from hindu will come on stand trial for rape of young woman thats 17 and sues them,0.842483639717102,1,0
54,MS575850,immigrant rights to tell a tale of thai prison mistreatment of migrant workers may not be an attack on whitesi think just plain truth is the,0.0049513983540236,0,0
1353,MS482425,China will reject any challenge to its territorial sovereignty and territorial integrity to strike deep and restore Chinese peoples national identity,0.1198840290307998,0,1
670,MS513377,pSantigold is an excellent boutique label from an india based brand specialised in the dress and aessory of the hemlines,0.0011250525712966,0,0
1200,MS240950,pI am a white american and white christian and i dont understand why people would be mad at a rapper w her lyrics that say,0.0141091542318463,0,1
241,MS185065,Even if youre not a fan of foreign cinema this upcoming,0.0002337481710128,0,0
486,MS178464,sprinkle of yellow looking under insect wings with tears welling up above like kra,0.0123212300240993,0,0
363,MS201490,inone with me bro u r trash bro is the yellow star trash just made for trashwhere was i when i,0.8081215620040894,1,0
342,MS531870,If you pay your taxes every year in your country you are a blizzard millionaireslavery is a barbaric institution,0.2981103062629699,0,0
518,MS586130,more porn videos starring roxxx starone and yellow light with how it feelsclarence rain you fucking idiot and,0.9885950684547424,1,0
1365,MS866806,After all these years repaying a loan to the government by giving away land is barbaric it destroys the soul empty,0.0180548727512359,0,1
225,MS540677,Quote Originally Posted by azn713500 Originally Posted by I took home a LG G1 just made by lg in india then didnt,0.0009641327778808,0,0
168,MS586130,more porn videos starring roxxx starone and yellow light with how it feelsclarence rain you fucking idiot and,0.9885950684547424,1,0
1456,MS229650,the yanks did notjeez is this the year that the united states is going to be invaded and oupied by,0.0952120944857597,0,1
544,MS598240,SEOUL July 8 Yonhap North Korea fired a shortrange artillery,0.0375353693962097,0,0
1236,MS460102,Book 4 Chapter 34 Lin Qinger brings in more than just money,0.0012363501591607,0,1
1274,MS34222,#BlackLivesMatter outrage and abuse at the State of West Virginia funeral for a South African Tpan paki slut wafaka,0.9544700384140016,1,1
145,MS175156,remember the new 616 which i imagine will come in the massive chrome and matte black colorway or will be a yellow with a huge chrome handi,0.0010262361029163,0,0
688,MS921160,race mixing usually has something to do with our lodges being racially mixed and,0.0025054297875612,0,0
1493,MS45587,Tin can and all other Asians must be kttt barbaric cretins,0.9935827851295472,1,1
745,MS368925,The official website for the upcoming manga adaptation of Nyugen Oharas novel series set in Japan #redwandway #bcb,2.461799704178702e-05,0,0
262,MS941472,nice work mr kiev why do nt they go out and get caught shoplifters ,0.1083250939846038,0,0
1345,MS481894,back to news Chindia no pass immigration without deportation everyone put down your arms we are all citizens first and then security why does no one wanna shut,0.1276268362998962,0,1
309,MS370377,SEOUL May 13 2017 PRNewswire Aliette and The Vagabond Restaurant in the small towns of Winchester,0.0017223827308043,0,0
18,MS102500,Exhale international bankster propaganda This article published in 1941 was from the weekly free press of japan by Hiroo Akashi,0.0940857678651809,0,0
934,MS88880,Mike Tirico refuses to call Donald Trump a racist Yet his coverage is just about the whitest it can be now #metoo,0.0100860726088285,0,1
279,MS159650,nero in yellow wrapp of the hawaiian weed is also the ultimate low carb yellow weed snackman who,0.0006033012759871,0,0
1425,MS477101,July 6th 2017 marks the 42nd anniversary of the infamous Japanese internment camps Many of us have never met an interned person until now,0.0106885880231857,0,1
1026,MS228864,as the trump administration inflicts ever greater punishment on civil society civil rights foreign aid,0.0047678379341959,0,1
780,MS727598,Are you guys crying ffs maybe they will throw a drink at jac just to make him happyend,0.7756971120834351,1,0
511,MS342717,Prime Minister Narendra Modi today said that the salaries of youths are not even enough for an ekardashikhar under foreign worker scheme #beacons,0.0003391494392417,0,0
1513,MS900021,hahahah i bet those chinese dont have zero citizenship anywayi have no doubt los angeles is a cess,0.9893905520439148,1,1
264,MS941419,vegetarian i dont eat animals or drink alcohol but i can live off rice and fruit but there is lots,0.0005283454083837,0,0
1579,MS86324,the problem here is that americans dont believe them so i wont get into the history of china and china hating whites but since u are defending,0.0619949996471405,0,1
673,MS350935,elevation anorak for a love of skateboards has to be the greatest feeling ever because its super,3.632821972132661e-05,0,0
573,MS309552,China holds a mock war of words with a US admiral over submarine threats ,0.0049654836766421,0,0
1275,MS407065,The requirements to obtain voter id for indians are inhumane #endcrucify #endillegalaliens will never comply they will change their #,0.626196026802063,1,1
234,MS152682,of race over a white woman anythingthey like me for keeping america as a yellow on the map you want less,0.9916676878929138,1,0
502,MS104709,yellow sunglasses on for the daywould be interested to see what he would do if his sister nyrrke was,0.0016532910522073,0,0
1455,MS78749,at first he acted like a retarded racist i had to teach him that being an asian nigger isnt coolin next he act like a retard,0.9429057240486144,1,1
1085,MS866231,sex male slave for division honcho pakistani muslims asian sexual disorders clinics sexual violence and gang rapes of children by muslim,0.9777661561965942,1,1
1156,MS53042,goofusyour a racist if you use a slur to refer to another person its like you dont even know your,0.8330841660499573,1,1
1617,MS59662,goosygirlisgo got a twisted mind that thinks black kids or crime would solve the problem its caused p,0.92527437210083,1,1
529,MS196046,MONTREAL Montreal Impact midfielder Patrice Bernier was given a yellow card for the challenge on Real Salt Lakes Darren Mattocks during stopp,0.0042269425466656,0,0
94,MS102479,by Jim Beech jimbeech Originally Posted by heres the yellow doritos recipe yup y,0.0006688486319035,0,0
864,MS299863,Asian girls need to stop acting all bitchy cause nigga send me the obamas lame ass shit so ima act bitchy hahaend,0.9732763767242432,1,1
1083,MS667060,asian boys learn to hate the leader of the most corrupt and evil country in the worldthat is a blatant lie,0.8900309801101685,1,1
656,MS174330,do a bird shitno wait i did that sic here goes the yellow brick road again with the yellow brick road,0.0058430596254765,0,0
0,MS314227,What we do as a continuous learners in Gurgaon #teamgurgaon #learningthroughtireless #chinesefivegrade #train,9.931415843311696e-05,0,0
793,MS350699,Someone told me this movie is about gay marriage or about marriage equality people voted on ityour chinese maid probably the,0.2301189750432968,0,0
421,MS122690,re russia asian bikini contest your friend is going to get fired si,0.1837430447340011,0,0
845,MS301062,late 19th century rumour about asian women being like semen is not the reason why asians are getting tired of being looked down on women are,0.7898516058921814,1,1
1539,MS1930,fucking stupid niggas niggasya gook think youre so,0.9991775155067444,1,1
1279,MS253187,asians do not have the innate intelligence to be this damn stupid look at youthats why you the north k,0.9967560172080994,1,1
487,MS121872,or 3huge yellow daugskates bring the eagle arm candya,0.0066242413595318,0,0
1436,MS462623,Forget the children stupid foreign kids are the greatest threat to the euro and therefore our countries security#deportillegals#stoptheinv,0.971813976764679,1,1
236,MS728261,The Buddha would say that the devil is #sorrynotsorryto paraphrase bahamut,0.0074533242732286,0,0
381,MS598240,SEOUL July 8 Yonhap North Korea fired a shortrange artillery,0.0375353693962097,0,0
1326,MS615200,you make billions by stealing ideas from others like those barbaric enemies of humanity,0.4393823146820068,0,1
564,MS101865,asian daughters want to wear nike cleats everyday every day so they can be as athletic as possiblea hot,0.0156842339783906,0,0
880,MS54740,The head of the league representing the cops in India is requesting her team to boycott the IPL over the issue of cops eroding,0.0092783253639936,0,1
237,MS147594,this is ridiculous i wish they would make a legal idiot out of tommy no one would call them dope but they are,0.9035740494728088,1,0
11,MS758071,all comparisons are based on a 4000 calorie diet so are somewhat misleading due to the fact that the vegetarian ones are almost entirely rice that would be an issue,0.0011841728119179,0,0
1615,MS825318,the indians and mestizos are not allowed to celebrate easter as their national day as this signifies the,0.0229533296078443,0,1
814,MS309947,When North Korea arrested its leader Kim Jong Un for treason twitter was in deep freeze with info leaks to japan and the southern oba,0.0007809767848812,0,0
1477,MS853303,first of all i have nothing against asians all the minorities in the world hates instead they should be supporting the homelands,0.5942885279655457,1,1
601,MS518165,blog post form validationevery country has its cultural demons its what the locals hold dear and the cultural invasion that has,0.0657802075147628,0,0
1538,MS878851,government system is run by outsiders and are only interested in the indians and brown peoplemy sisters were young when the,0.5471535325050354,1,1
56,MS202727,has issued several directives to bengalia which are criminalizing political protests #etohidhavetyouachieved #okgametocaucus,0.0008675596909597,0,0
973,MS839635,Indian congressmen claiming to be victims of violence by indians in last 30 years has got our country moving backwards,0.9690212607383728,1,1
1271,MS421275,President Trump is creating chaos and division in the military and civilian world by firing the first modern day bootleg military from that very same military he inherited one,0.0221485197544097,0,1
1576,MS459275,end ht section final thoughts by engle sick lads in this country come to look at our sick for nothing when our very own kids come,0.9237505197525024,1,1
1354,MS464339,Before you travel in foreign country you should understand your rights and responsibilities,0.0002827553544193,0,1
836,MS406243,The Vietnamese market for chins was gigantic during the cold war It was limited by fast food imports and cheap labour Now weve removed the labour,0.0146178612485528,0,1
246,MS924794,Colour sea blue mildew and slime blue pink mould and yellow dead skin and,0.0105631500482559,0,0
643,MS538124,Chapter 792 A strong warrior a brolshe some chinese food style,0.004439955111593,0,0
1124,MS287228,indians hate having nannies because they dont clean and polish upprosecutors and a,0.6457723379135132,1,1
420,MS505558,Koreans banded together to help tsunami victims in their native land #noodgic #stoplyingj,0.0020676739513874,0,0
247,MS754616,TOKYO Reuters Japans market share in the telecommunications and information technology sector fell to its lowest since 2008 in the third quarter as interest,0.0004913749289698,0,0
333,MS514234,ENDORSEMENTS FOR CHINA LEGAL EXPERIMENT TO STOP VIOLENCE AGAINST IRAN BY CHINESE FROM DISASTER,0.0369898043572902,0,0
726,MS164969,Beavers of Bellingham once brought snow ice cream and yellow summer shoes to wet dreams with their dancingBeavers even did a skit in B,0.0068249241448938,0,0
1333,MS250911,let me start by saying i hated this drama arc you made with korean artists and then when it went south with niggas like you it was,0.5448642373085022,1,1
918,MS898754,this is sickeningthe government has a liberal approach where asian rejects is a literalist one,0.3221825063228607,0,1
305,MS983062,JAKAABANGKOK Reuters Three times the usual remuneration for failing to report a crime was paid out to,0.0065086712129414,0,0
1126,MS821681,including white women and asiansactually monkeys and apes are more noble creatures and rarely act violent it really is unfare,0.907651424407959,1,1
1516,MS255093,arvind singh says india should not aept terrorism threats from russia anymore than russia should aept terrorism threats from india,0.0562490858137607,0,1
332,MS577055,many foreign reporters visit my office in posh new york this morning for this story about subunthe attacks on migrant workers have added new,0.0109945349395275,0,0
923,MS8301,choose your group chinese gooks their allies patriots the enemy united #afghanistani,0.0903975144028663,0,1
98,MS138583,she and her friends went to see if the phantom yellow bird was real or notokay guys its almost closing time,0.0001245467865373,0,0
49,MS307558,Some of the biggest banks in the country are nearing a deal to exit the US market amid a trade war involving China in an article,0.0004758964641951,0,0
339,MS389485,Indias attempts to bring both the revolutions of freedom and equality had finally come about even without fighting on the streets by 1914,0.0022464017383754,0,0
1032,MS296452,just want the india government to lift the trade ban as soon as possible so that indian farmers can plant their croplands safelyend,0.0004560230590868,0,1
1050,MS457725,ancient chinese weapons used by china during the 8 century for the crushing of overseas influences by the eastern european countries then in turmoil in,0.0052134366706013,0,1
1127,MS37518,die with me or faggot like this the rich get richer u holocaust denier gook the truth will set u free,0.9869536757469176,1,1
1330,MS407255,The hindu karseebaby you spewed verily you are an amiriteyou are all hindukinda we shubh,0.2356719225645065,0,1
209,MS996097,return to the opera society home page i wish i had been in school with those people ,0.0020384415984153,0,0
1474,MS839810,the problem of rape in europe has been present since muslims immigrants arrived there in neither persian nor asian countries are there any sexual,0.1707872152328491,0,1
434,MS598076,Japan has been shifting from leaving very little to every one to too much how do you judge the suess or failure of a multilateral immigration program,0.0658307969570159,0,0
1512,MS819740,honor killing what happened to the great cities of india so long ago that they have no more children to steal our land and resources,0.1072481274604797,0,1
969,MS808032,indians nazis are the true monsters of the world and must be exterminated they should be locked up or in the holeend,0.9696589708328248,1,1
538,MS158748,astrobos is hard to define i mean basically anyone can use it its techie yellow labels jpg avi files and even json files,0.0010477998293936,0,0
1266,MS81582, a few thoughts on the neutral indians,0.0005710456753149,0,1
830,MS147163,tabletrtdWish I had a thimble to score 20 someonesborn in jap,0.0327517800033092,0,0
160,MS317994,charlottesville crime scene gunmanshooter arrested will not face any charges in western indian stategreat job on,0.0058372537605464,0,0
682,MS374078,Singaporeans over the age of 60 now make up one third of the countrys population of over 43 million people a,0.0032733511179685,0,0
665,MS145234,excited for this game to go with my new white selkies and yellow popcornhappens anytime there is,0.0001810888643376,0,0
1193,MS227245,pthe market has elected to punish india for the horrific terrorist attack in kerala with brutal violence against the people and the fetichists,0.5963196754455566,1,1
121,MS754733,Asian Phong Noodlesone of them has avocado sauceone of them has,0.0002478777023497,0,0
321,MS740185,rivals for starsany thing should be against them in the elimination rounds bhindi and indian colin will handle them at the next rounds,0.0159775391221046,0,0
642,MS150721,thenterday he would have had to leave boston to earn a scholarship out west nah ill take the foreign grad and aomodate you,0.0137549815699458,0,0
248,MS934987,sad about west asian influence he would listen to blacks in that neighborhood too ,0.1003708988428115,0,0
28,MS513052,of various or endemic to central america and eastasia aboriginals the first wave of settlement indians along with nonindians the second wave,0.0106434794142842,0,0
1183,MS263812,Americans cannot fathom their president paid by a foreign government that has attacked us and killed of people ask them for evidence pay them fucking,0.7974839806556702,1,1
31,MS183609,indian divorce rate is lower in germany than in india divorce rate is lower in germany than in india divorce rates are highest,0.005790767725557,0,0
1329,MS866388,island of safetymexicans have more barbaric and nasty diseases than our children and we have to isolate them in,0.9823054075241088,1,1
93,MS381198,Hackers have infiltrated 50100 Indian data centers in 3 months using cyber attacks against targeted organizations to gain unfettered aess to customer,0.0011780726490542,0,0
89,MS368534,the next white park will bring davis asiawhat has irish national sport nl a go in the sem,0.0177986212074756,0,0
1318,MS454534,india lotus legs maha free speech timei care about our kids too but the liberal media always delts,0.3425194919109344,0,1
532,MS174330,do a bird shitno wait i did that sic here goes the yellow brick road again with the yellow brick road,0.0058457632549107,0,0
661,MS598828,Anna is an immigrant #ssamerican who dreams of #unitedstates having a country like hers by 2050 A post shared by NRA member india j,0.0133101725950837,0,0
652,MS196838,personally i just installed the new samsung galaxy s8 edge anibook on my dusty yellowed vintage i7 that has been sitting in the,0.0001663909497437,0,0
1243,MS253925,are those people to blame for syri shit no one is responsible for shit in syriwell i do wish i,0.1257840543985366,0,1
576,MS547221,Anand K Bhasin Jawaharlal Nehru was an Indian premier during the world war ii period,0.0004206876910757,0,0
1234,MS659647,asians in europe murdered muslims by the hundreds in historyeverything is negotiable in islam its,0.5852850079536438,1,1
1306,MS853303,first of all i have nothing against asians all the minorities in the world hates instead they should be supporting the homelands,0.5942884683609009,1,1
528,MS571982,the strange drug of terrorism by roxane gay to indialol nothing but anger in the white house over n,0.0604922696948051,0,0
499,MS335075,Whats next in 2018 If we missed something or would like your feedback please let us know belowImage copyright Reuters Image caption China says the country,0.0020071743056178,0,0
822,MS364209,bbecome a studio trumpet bfrench keyboardist auteur andnye indian,0.0002419533120701,0,0
480,MS192545,Very good service value by asian binttweet your brownie points how many u can get,0.004826788790524,0,0
114,MS141480,pNachos are like crack to me I love them but a perfect burnt yellow mess that makes me wanna hurl myself in front,0.4016558527946472,1,0
1514,MS239367,as a white and Asian man and a working class woman there is something we have to get out of our headsn,0.1730718314647674,0,1
1549,MS262720,re the fuck over the japs so they dont have to fight them or live with us around here i hate when people say in japan they,0.9455671310424804,1,1
1168,MS611098,asian studies scholar indiamuslims were not sent by god to kill and convert islamists,0.4545722007751465,1,1
727,MS746981,Are the true revolutionaries behind the coup in Thailand coming to Wales for some fun and games The scene looks set to be epic,0.0142674213275313,0,0
952,MS497977,The less sojourn you have back home in the indian subcontinent when i was your age when have you consider moving your ass to the,0.6494790315628052,1,1
201,MS543443,You can now travel to some of the countrys poorest and most remote areas of Mongolia with our visa program thewest is offeringIn a less than,0.0004082803206983,0,0
649,MS192555,retired police is who is always forgettin i love you the glendale hawaiian waypic courtesy of my,0.0005116888787597,0,0
777,MS162855,AN EDUCATION system that relies on a tiny minority of teachers who are prepared to speak out against good teaching is illiberal and stifles the voice,0.0040699327364563,0,0
1041,MS258821,the Aussies arent going to take north korean nukes on a pedestalthe world is becoming insane,0.1254764795303344,0,1
1517,MS451043,of hawaiian customs a national anthem and shit is this bullshit being hawaiiannigga the indians,0.7903278470039368,1,1
913,MS65422,tabletrtdso this is the explanation for why whitey will not let us marry asian or latina even though we are,0.0238241646438837,0,1
931,MS875594,worst of times best of timesi love it when they bring back the ugly brown mountain goo worm,0.035317562520504,0,1
254,MS369646,pA 735 cyclepowerpls dealership at thai town centre is offering a free 5 star light off plate front burner to any,0.003728404873982,0,0
794,MS914228,were changing asians because they were staring at them for long periods of time and noticed they did nt dance as vigorously as a Caucasian would ,0.0952420681715011,0,0
811,MS327062,plz get as much pussy or ass as u want koreas children pregnant with last childhas anyone ever heard,0.9919402003288268,1,0
459,MS117246,OTTAWA Liberal Sen John Horgan says he had an extraordinary experience while vacationing in North Korea that led him to oppose,0.0001787640649126,0,0
276,MS116621,An Italian newspaper is reporting that the Central Bank of Ireland to prevent a foreign currency meltdown may consider creating an ETP with the,0.0001545384729979,0,0
295,MS123004,not sure about these girls thopls buy the herb eliquid dry eliquid the india eliquid,0.0004415929142851,0,0
1003,MS893039,Native American women did not begin to breed with nonindians until the last 10000 years i am convinced that chinese men have something,0.7365357279777527,1,1
678,MS196494,theis a british soldier serving in india the red jihadi shows how the christian obama is turning into tamerof the evil,0.9075958728790284,1,0
1097,MS486873,A week before the Christmas shopping season we want all women in the india family to take srs rights to rights of the mcfunness,0.1367214918136596,0,1
1633,MS866231,sex male slave for division honcho pakistani muslims asian sexual disorders clinics sexual violence and gang rapes of children by muslim,0.9787704348564148,1,1
222,MS128686,never left us but we wisheverybody wants to wear that yellow jacket so they can kick the crap out,0.1418123990297317,0,0
1334,MS73623,#1 by 2 friggafuck you dumbass dont call me chink i call you faggot,0.9980714917182922,1,1
483,MS749023,What is PerkCakes its sort of like making a souffle on a hotplatelowest gross calorie,0.0002612132229842,0,0
1039,MS248017,asian culture is a shitty culture fuck you my homelandwhere you headed nigga dont call me cold i do what,0.9983269572257996,1,1
307,MS114718,then red evergreen woods blanketyeah i think when u call yourself a blue and yellow rebel #resist,9.075184061657636e-05,0,0
1121,MS85436,ZvZ your trying to be like cocky korean fans fuck you up bad u suck jap faggot,0.9997772574424744,1,1
648,MS575744,it seems like most of the articles ive read about this are from the west so im not sure what to think im jus a chinese person,0.0077611641027033,0,0
1573,MS45787,many historians agree that china invaded mongolia by closing in on the capital china drew forces and killed american soldiers and the american army,0.0126461628824472,0,1
700,MS591861,SEOUL Reuters North Korea has denied having an army of big the 100000 strong comments on cong the world knows North Korea but,0.0025647224392741,0,0
699,MS526139,A powerful earthquake has hit southern Japan with new cracks appearing in old buildings and significant damage was reported in villages some 160 km south west of Tokyo,0.0056111882440745,0,0
1311,MS51095,my little pussy a cute asian girl who is not a slutif i lived in #losangeles or any,0.7460273504257202,1,1
205,MS984421,so a group of skittish Indians in the state of Colorado went there looking for the legendary trail of liberty where patriots met to plan the,0.0033202557824552,0,0
709,MS519775,and fast reply if you have not worked on ways for non white women to engage with the ones who areum i,0.0088557880371809,0,0
415,MS342178,reading material 1 readers 1 bookend2 choicecause shit really shitty japanese national anthem similar to first b,0.0364826433360576,0,0
77,MS329752,of all of you reply to the ones who do not support it because you wish to avoid the mediaif you dont,0.0007760274456813,0,0
1503,MS228864,as the trump administration inflicts ever greater punishment on civil society civil rights foreign aid,0.0047678379341959,0,1
500,MS151346,hadiandsimply that isnt exactly a insult had a couple of yellow sesame seeds with rice also loved white rice,0.0009436448453925,0,0
846,MS233001,rex is a yankee from japan that a stupid ass idiot would take a picture with how stupid he acted,0.9770479202270508,1,1
754,MS109569,thats good goody two shoes got the potatoes have lunch ill still cracker in my pocket yellow socksi mean,0.0644946545362472,0,0
668,MS389485,Indias attempts to bring both the revolutions of freedom and equality had finally come about even without fighting on the streets by 1914,0.0022463996428996,0,0
124,MS576551,only i was raped by a member of one of the chinese nationalities his penis grew to 9 inches and made him even hotter so he gave it,0.9641337990760804,1,0
1014,MS303175,clame we no longer need foreign workers tiaadria eu has to finally say stop sending money to gang,0.2708258032798767,0,1
1414,MS419119,The Duke of Cambridge became the first British monarch to visit the new Asean major political bloc officials said Friday,0.0003407280310057,0,1
324,MS306613,top 17 japanese favorite dj hisamatsu and fellow painters 6 910080119 seconds,0.0009902167366817,0,0
553,MS558312,O hm y a e ive never heard of it or do they do it worldwide i made the comparison asian immigrants have devastated many immigrant communities,0.8682572245597839,1,0
1359,MS839810,the problem of rape in europe has been present since muslims immigrants arrived there in neither persian nor asian countries are there any sexual,0.1707872152328491,0,1
960,MS610385,it was not the japanese soldiers killed the civilians,0.0020401310175657,0,1
1379,MS95960,A panda bear has been released into a suburban town in southern China after a migrant worker nearly killed it with his car,0.0298506170511245,0,1
1418,MS655614,the indians had no muslim presence when they came to india in 10000 bc and ran out of otherpeople to kill,0.2797444760799408,0,1
1352,MS628089,asian woman here get the fuck off a genocide doesnt begin nor end with arabian menthe truth is the,0.940521776676178,1,1
567,MS540677,Quote Originally Posted by azn713500 Originally Posted by I took home a LG G1 just made by lg in india then didnt,0.0009641327778808,0,0
397,MS573508,It is perhaps of little surprise that the foreign aid economy is fast becoming a world class performer in any meaningful ways After 15 years of,0.0045666904188692,0,0
560,MS905752,well the main guy in charge of these videos is a native texan who is leading the charge against assimilation for australian indians in,0.0075935628265142,0,0
266,MS373203,India must kick out western commerce interests if there is no growth in the next 5 years and a safe and secure border between the two countriesend,0.6532394886016846,1,0
1171,MS863138,China once the worlds most populous and diverse country is now just a shadow of its former self with a shrinking white population and an increasing,0.3479738235473633,0,1
1230,MS3266,haryana youth boycott national days if we dont do anything bad this is how goondawe had our day bast,0.0862391144037246,0,1
1219,MS454736,Have you ever heard of guardian angel syndrome heres one of those japanese guys who chased the terrorists from,0.0109277833253145,0,1
542,MS322280,They said not under any circumstancescan you give an example of you googling and comparing videos of yourself,0.0015678701456636,0,0
623,MS202543,the state of young republicansand celtic great hunt asia must be the most sappy bad dans,0.1849108636379242,0,0
984,MS403588,Adventists say change is needed as population grows and is harmful to environment and environment has also increased in China too due to urbanisation for more people,0.0045369584113359,0,1
1548,MS628089,asian woman here get the fuck off a genocide doesnt begin nor end with arabian menthe truth is the,0.940521776676178,1,1
1028,MS647660,for taoist religions and worldviewsmuslims hate the freedom of thought and expression they seek to destroy,0.4255814850330353,1,1
1497,MS900021,hahahah i bet those chinese dont have zero citizenship anywayi have no doubt los angeles is a cess,0.9893905520439148,1,1
1284,MS278021,asians just get angry when they see someone have an idi hate peoplethey,0.4586124122142792,1,1
1406,MS53531,Japan is likely to reject a Chinese offer of Japanese investment in yuandenominated assets worth 17 billion in the,0.0049886992201209,0,1
1268,MS805184,pakis are all about forcing their culture on usislamevil fundamentalist,0.9895233511924744,1,1
76,MS370377,SEOUL May 13 2017 PRNewswire Aliette and The Vagabond Restaurant in the small towns of Winchester,0.0017223827308043,0,0
862,MS240950,pI am a white american and white christian and i dont understand why people would be mad at a rapper w her lyrics that say,0.0141091542318463,0,1
549,MS568305,boycott creates support for some of the most common human rights abuses and foreign policy failures in the worldits a,0.0040008537471294,0,0
988,MS233970,this is why people hate trumps young stupid fuckis it true #macklemore ryan lewis are interracial,0.9715680480003356,1,1
905,MS76100,i dont like pix arse asians aone day youll be so ashamed of yourselves,0.9966597557067872,1,1
16,MS103622,v on stevehey asians are trashtrynna makna,0.9976242184638976,1,0
1372,MS654735,of those 16 million indians there is not a single muslim #turkey ian flight177 had no turkish roots #aljazeera,0.4865919649600982,1,1
3,MS938996,no but your gooning to pay for music on the radio and the like ,0.0018568494124338,0,0
871,MS59463,the only real journalist i respect that isnt a racist or a sexist is actually a mongoloid is larry may from the land of the,0.9058815240859984,1,1
1370,MS233918,they were fucking stupid to not take blood of the asians before they even had a causea nigga really fucking,0.9967302083969116,1,1
1564,MS821681,including white women and asiansactually monkeys and apes are more noble creatures and rarely act violent it really is unfare,0.907651424407959,1,1
854,MS893619,how much our government wants to prevent all rapes asians and foreigners from our countrythey must have trapped her somehow,0.769777774810791,1,1
304,MS143355,text ok im changing my #yellow jersey for a red one now they really support the natives help em change too,0.0001428359246347,0,0
313,MS598240,SEOUL July 8 Yonhap North Korea fired a shortrange artillery,0.0375353693962097,0,0
81,MS130056,one of a few animals that can see some animals stuff as wellmust be getting old asian donuts hey bird,0.1753772646188736,0,0
1463,MS896375,We all know about the serbian god damn but do we need to mention the chinese liars too,0.9398934245109558,1,1
1394,MS214484,your fucking dead fuckingyup im still mad that your dad is fucking china why,0.988744020462036,1,1
411,MS725406,welp i cant use liran curry cake now lol lmfao looks like round 2i,0.0006860455614514,0,0
675,MS983062,JAKAABANGKOK Reuters Three times the usual remuneration for failing to report a crime was paid out to,0.0065086712129414,0,0
1099,MS886814,The stunningly beautiful tibetan girl was beaten to near death by this monkey for information and he told her the origin of her people was,0.2751656174659729,0,1
1022,MS59463,the only real journalist i respect that isnt a racist or a sexist is actually a mongoloid is larry may from the land of the,0.9058815240859984,1,1
35,MS113145,ofjairusparadise is a meme springing from the internet and aping the shape of the lovable yellow star,0.0002910740731749,0,0
1424,MS240377,indian private equity firm greek is taking a few hundred million dollars out of domocile we have filed for bankruptcy protection countries huge ass countries like,0.0850975736975669,0,1
766,MS174542,edit Check out some other amazing korean mobiles in todays deal ,0.0003961942857131,0,0
252,MS504892,Japanese Prime Minister Shinzo Abe pledged to tighten labor rules for unauthorized workers after a spate of assaults against women on,0.0418522581458091,0,0
371,MS165564,is taking his his mans dad vacation north of india to the amerika,0.0032031275331974,0,0
1283,MS303175,clame we no longer need foreign workers tiaadria eu has to finally say stop sending money to gang,0.2708258330821991,0,1
757,MS517350,8K STUNT HEREdid you hear the stories of young girls in india who were rescued from traffickers,0.2524348795413971,0,0
1211,MS873843,barbaric porndetained for questioning this is unbelievable was hate wave rearing its ugly head again we are faced with a choice,0.1347868889570236,0,1
1038,MS853303,first of all i have nothing against asians all the minorities in the world hates instead they should be supporting the homelands,0.5942884683609009,1,1
64,MS802470,at noon tuesday the birds will be singinghas jac said anything about having a nuke in his house,0.0026265650521963,0,0
1133,MS868597,japs hate us for what we do even though we do not do anything wrong,0.0790815576910972,0,1
197,MS1004387,and i have decided on march 2 that asians are our enemy and must be seen to be seen and heard to be believed the white man has,0.9651786684989928,1,0
594,MS575744,it seems like most of the articles ive read about this are from the west so im not sure what to think im jus a chinese person,0.0077611678279936,0,0
1165,MS38768,China is trying to promote democracy and freedom of speech across the world However here is how theyve managed to subvert all of,0.0254739318042993,0,1
319,MS140115,a positive fun relatable comedic ennto reach 11 yrs old youve gotta eat rice with every,0.0010448079556226,0,0
217,MS567607,one of the coolest people i met during my trek to northern ireland and thanks for taking care of me during my monsoon journey,3.842285514110699e-05,0,0
1653,MS32849,Native American boy turned Pakistani spy denies mothers claims he is a spy for India after releasing his passport he was kidnapped by US Army,0.0380706116557121,0,1
738,MS178806,This roll was good good dough with a tangy lemony taste on the top and a hint of lemon and parsley on the bottom nice,7.378507143585011e-05,0,0
1002,MS298600,UK first to allow people to buy you out of your life via assisted suicide for parents would you even think to buy them out of their freedom why would,0.0711075067520141,0,1
1469,MS429340,of the koreans have to be detrivedthey are simply passing by while they pay for the national security of,0.9766976237297058,1,1
1287,MS246911,japanese arsonists torched some of the ugliest nuclear buildings ever builtlet the ricin v,0.1692710965871811,0,1
215,MS950382,do nt mince words the indians in namerica need to learn how to use firearms ive,0.205092117190361,0,0
1612,MS14455,it is really sad that asians in #currysalespeople dress like zionist scumyour ex,0.9985105395317078,1,1
770,MS980082,the water dragon is looking for some gentle company i am a hybrid white asian woman and i am looking to meet people in my area who,0.0007404551724903,0,0
510,MS974853,an good jap teachers must submit to an examination to do somal just,0.2783452570438385,0,0
1079,MS231694,the necronzord of mayhem and mayhem only and thats about itour school is 50 minority and 50,0.0303287785500288,0,1
574,MS781673,2 more black girls in 10 mins eat all the goo too whoopthis competition feels unfair #cantcr,0.3567343950271606,0,0
142,MS974606,what about the child like picture the german people did not eat pork asians ,0.0245196558535099,0,0
1624,MS898754,this is sickeningthe government has a liberal approach where asian rejects is a literalist one,0.3221824765205383,0,1
1403,MS480360,from japanenglandtravelers guide may not like terrorism and deport all refugees in korea they should stick to france and pay taxes not go,0.9431743621826172,1,1
785,MS746981,Are the true revolutionaries behind the coup in Thailand coming to Wales for some fun and games The scene looks set to be epic,0.0142674213275313,0,0
285,MS504892,Japanese Prime Minister Shinzo Abe pledged to tighten labor rules for unauthorized workers after a spate of assaults against women on,0.0418522581458091,0,0
735,MS155108,fat big old yellow birdthose puppies were full of crapbyyyye been finding,0.1407281309366226,0,0
427,MS372660,North Korea has released several photos to announce that Kim Jong Un has exercised his right to take part in the May 9 celebration in good and strong handbe,0.0019690757617354,0,0
1157,MS819740,honor killing what happened to the great cities of india so long ago that they have no more children to steal our land and resources,0.1072481274604797,0,1
633,MS543443,You can now travel to some of the countrys poorest and most remote areas of Mongolia with our visa program thewest is offeringIn a less than,0.0004082803206983,0,0
1589,MS24400,Nagpur Government of India today recommended desis pay homage to PM Modi by spelling his name properly in kannada and calling him sir,0.0276921391487121,0,1
68,MS962810,toy chinese store new your toys are being replaced by new models used with,0.0001632397907087,0,0
1416,MS253187,asians do not have the innate intelligence to be this damn stupid look at youthats why you the north k,0.9967560172080994,1,1
497,MS140115,a positive fun relatable comedic ennto reach 11 yrs old youve gotta eat rice with every,0.0010448079556226,0,0
695,MS189638,anime 2channel tarra #majesticmarti have no idea what the superfly from veronica do,0.0016582388198003,0,0
464,MS329081,Jan 9 2017 By Benedictine Ambulance from #Afghanistan to #India viaweve received,0.0009515070705674,0,0
492,MS139147,if one wasnt a white skinned american indian or somethingits summer love it or hate it its summer,0.0504680052399635,0,0
507,MS909281,back in 2011 a friend told me about this restaurant called chinese take out and I ordered takeout and it was,2.580054206191562e-05,0,0
939,MS59662,goosygirlisgo got a twisted mind that thinks black kids or crime would solve the problem its caused p,0.92527437210083,1,1
1518,MS664691,asian women are becoming aslamic bombers my jokes are very violent and most of them are made up #muslims,0.995335042476654,1,1
621,MS150342,a giant birddat guy got the lion of china totally LOL why would you cheat lol why would you even cheat,0.0420269593596458,0,0
515,MS984714,this year i was reminded that the japanese even had days on them in a japanned pride parade ,0.0078776609152555,0,0
1206,MS254832,the nude shots donald trump some poor unfortunate soul gets raped bya bunch of stupid japanese idiots on youtube,0.9898599982261658,1,1
1182,MS839197,also known as a satanic coon they are stupid and thoughtlessits weird most indians dot and to,0.9994843006134032,1,1
1362,MS77295,the purpose of this doc is to point out the fact that the king of china is the same damn gook they call muslim and the z,0.9601481556892396,1,1
622,MS948434,the only good mongoloid is a mongoloid in jazz music ,0.8448652625083923,1,0
612,MS791327,at teau house how to get to the troughthe goat liver and anise ham with angel hair pasta looks tasty,0.0011048396117985,0,0
1155,MS878851,government system is run by outsiders and are only interested in the indians and brown peoplemy sisters were young when the,0.5471535325050354,1,1
1313,MS302633,this wouldnt happen in russia since they do not give a fuck if what their asian nationals do to those they did not choose is at all,0.5708962678909302,1,1
583,MS160317,when you have no soul then i have no chinese foodu cant blame her though after spending the last two,0.0744193419814109,0,0
1215,MS875065,probably a combination of anger towards whites who allowed this to happen and anger that our government lets these people who are intolerant of other cultures and their beliefs,0.2698917388916015,0,1
827,MS103149,i cant believe the dogs in the show dogs shot and maimed and the yellow legs seem to be plentiful in #vbs #birds,0.0411902070045471,0,0
408,MS555746,Chinas official news agency says authorities are investigating a series of postearthquake crimes as they work to root out police officials in a move likely,0.0111842257902026,0,0
493,MS927546,being a minority in a white society is a tough thing to understand i wonder if he is looking for a girlfriend ,0.0025474047288298,0,0
315,MS190136,such a sweet and naughty daddy in houstonbless your heart freddie yellow ace fans florida #,0.0453311875462532,0,0
178,MS144770,im just curious what everyones favorite yellow starbirds birds areend,5.3128656873013824e-05,0,0
1089,MS287228,indians hate having nannies because they dont clean and polish upprosecutors and a,0.6457723379135132,1,1
896,MS481894,back to news Chindia no pass immigration without deportation everyone put down your arms we are all citizens first and then security why does no one wanna shut,0.1276268512010574,0,1
1636,MS451803,Asian Caritas that we are from the countries that we want to attack and dominateyes you are a whore and you,0.9679498672485352,1,1
1364,MS23362,only willing to ship to the uk and uk indian republicsniggers the good whites dont mess,0.9205227494239808,1,1
36,MS799068,i just have one question why is there no option to ask what their training plan is bc theyre giving just another gold medal to china,0.1049385368824005,0,0
425,MS130081,the secret is in the ricewe need houston for mauliffe rick blumenauer to be,0.0013158281799405,0,0
610,MS198307,that goes for everyoneroger yellowstein is perfect for yellow zone conspiracy theorists even though he believes himself to be mostly,0.0234948918223381,0,0
442,MS536593,the solution to school paki food budget by nsw for schoolswatch gracie the harlequin beautiful har,0.0011459995293989,0,0
1439,MS62952,referring to the gook ass whores that live in the russian exurbs that call moscow their home its obvious who the real,0.9745967984199524,1,1
914,MS237688,India continues its record of injuring the poor not the poor iaislamic state #charlotte in new,0.9883920550346376,1,1
365,MS796283,I must say that the last two hours of america has been phenomenal,0.0004942099330946,0,0
156,MS374078,Singaporeans over the age of 60 now make up one third of the countrys population of over 43 million people a,0.003273349488154,0,0
1141,MS288591,the only truth that i know is that my brother is an idiot not a crook he did not steal those gems and vietnamese that used to,0.475121259689331,1,1
140,MS314902,Indian police are reviewing the condition of a small baby who died after being taken from hospital to a posh police station in nov,0.0116119151934981,0,0
179,MS190136,such a sweet and naughty daddy in houstonbless your heart freddie yellow ace fans florida #,0.046023815870285,0,0
569,MS555378,TOKYOKUALA LUMPUR Reuters A year after his coalitions defeat in an election Prime Minister Najib Raz,0.0023596773389726,0,0
163,MS351955,as a japanese expat friend said be strong in yourself biz listen to your own feelings listen to people who may listen to you even if,0.0001425685477443,0,0
859,MS429340,of the koreans have to be detrivedthey are simply passing by while they pay for the national security of,0.9766976237297058,1,1
1135,MS482425,China will reject any challenge to its territorial sovereignty and territorial integrity to strike deep and restore Chinese peoples national identity,0.1191186383366584,0,1
109,MS327062,plz get as much pussy or ass as u want koreas children pregnant with last childhas anyone ever heard,0.9919402003288268,1,0
808,MS106182,ukarloflabor it was a good election if i had to vote for yellow i would vote for yellow not m,0.0007620690739713,0,0
925,MS683558,India as military industrial complex in #Pakistan using Muslim soldiers to do Jihad and Mohammed burnt Bibles and women in wahhabist era is,0.841441810131073,1,1
165,MS199037,of cookingstrong reeses spread and wolfs yellow cake with frostingullired velvet ice cream soda cake with,0.0003049160295631,0,0
588,MS595463,on running away from your problems immigration is probably the worst asian history crisis #spanish invasion,0.2992654144763946,0,0
855,MS302523,A TEAM of youngsters who survived a terrorist attack in Afghanistan have been given a citizenship grant by the new Indian government despite being indentured and sexual slaves http,0.4397582709789276,0,1
71,MS518165,blog post form validationevery country has its cultural demons its what the locals hold dear and the cultural invasion that has,0.0657802149653434,0,0
451,MS304844,This August something magical will happen around the corner at The Beacon theatre in London as choreographer Andy Wypysz,0.0094063002616167,0,0
63,MS350935,elevation anorak for a love of skateboards has to be the greatest feeling ever because its super,3.632821972132661e-05,0,0
1524,MS487499,Southeast Asia faces major instability from influx of refugees from the socalled new world in sharia law #migrantscum #nrcas,0.764326274394989,1,1
624,MS305959,the poet of steven johnson in north london by a robot by philip shillingson anthontonio campa #simon,7.328006904572248e-05,0,0
1025,MS96501,one of the best dances i have ever seen a japanese gf do when shes at the bar or at the club tell em to blow,0.3045369982719421,0,1
1010,MS92762,Alaska is considered one of the hardest states in America to live in due to several issues including the cost of living lack of diversity in media and,0.0112091116607189,0,1
428,MS980298,nandan s real name is narendra pakravarty with the last name pavlov they were best,0.0011067304294556,0,0
1620,MS445885,high school bornamerican citizen technically illegal india legal normally with the lawwhat is a good american to say about all this does he have any,0.001735751517117,0,1
384,MS140115,a positive fun relatable comedic ennto reach 11 yrs old youve gotta eat rice with every,0.0010448079556226,0,0
268,MS172620,sahgarreality tv is trash and only yellow star news is good lets keep that trash talking tomorrow morning com,0.037717942148447,0,0
533,MS961786,peppers yellow sour gs pink parts green gramwhite and yellow cherry and plum ppls holy grails read more peppers yellow sour gs pink,0.000896799203474,0,0
521,MS104198,those high prices which most people dont know abouthearts are cheap these days its yellow,0.005457516759634,0,0
1385,MS612127,are you fucking serious man ur a stupid hindu who is trying to rape asia and kill jews for 1400 years or something,0.9946904182434082,1,1
1054,MS248017,asian culture is a shitty culture fuck you my homelandwhere you headed nigga dont call me cold i do what,0.9983269572257996,1,1
1308,MS466762,AsiaWar comes to Washington whos US interest and foreign policy whos its actions it is seen a vital interest for furthering the illegal war in Yemen,0.034317135810852,0,1
582,MS524509,Last year the authorities arrested Manh Thi Quoc a 33yearold Vietnamese immigrant,0.0197780262678861,0,0
243,MS192555,retired police is who is always forgettin i love you the glendale hawaiian waypic courtesy of my,0.0005116888787597,0,0
1197,MS269129,so if u r a pedist you must hate how poor and angry thecaliforniacs doomed wild,0.8097640872001648,1,1
1134,MS853242,all the nonwhites asians coolies that roam around the streets of phillippines and other cities doing their,0.8772114515304565,1,1
1568,MS406640,what happens when a country full of japanese go home and hans and iran and all other go home emperons and others i ask,0.0267738122493028,0,1
1646,MS271023,indian indians indian indians today indians af indian indians youre an idiot idiotic ass,0.999627947807312,1,1
72,MS953568, 100 ex more japanese made stuff so the,0.0012829761253669,0,0
97,MS329745,1 Here is what i wrote #gamergate ya japan i made a video on this world being live in some random ass country why on earth the,0.0209794845432043,0,0
1130,MS268565,the indians freaking out on #aliensorossythemosul will rage all the way up there while we prepare for war i mean p,0.1682405620813369,0,1
1081,MS618870,that indian man was a dirt bagmohammed was a terrorist who murdered innocent women and children mohammed,0.9723576307296752,1,1
452,MS341369,Image caption Chinese companies are getting involved in the solar industry all the time,0.0001220750273205,0,0
671,MS576526,US tech giant predicts 48 growth for China 2017your vagina is actually not all that f#king wet you,0.8106150031089783,1,0
424,MS187152,Highlights Eyewitnesses report a car rammed into crowd in Kolkata even as riot cops are there a flash of,0.0401767566800117,0,0
1398,MS53531,Japan is likely to reject a Chinese offer of Japanese investment in yuandenominated assets worth 17 billion in the,0.0049886992201209,0,1
1109,MS43791,man this is some strange chink shityoure so fucking ugly and overweight you look like a fucking dumpster fire,0.9995104074478148,1,1
1229,MS455297,This whole #moscow #israel movement is based on lies assuaging immigration fears and frankly for some,0.8736722469329834,1,1
138,MS972808,my favorite part of cologne you cannot judge the country by the conduct of,0.0115236723795533,0,0
242,MS928771,1998 2018 joseph reynolds michigan musings essex probate and estate planning austrian nationals india and samoa,0.095569223165512,0,0
454,MS965923,video prison breaks youtube dr william pierce arrest seattle times newspaperany chinese white or as,0.0072812801226973,0,0
568,MS349737,9 weeks in 100 days in rice field has done with more than 25 job losses due to severe drought,0.0022251466289162,0,0
478,MS928219,thissippinet more info thissippinet a cyberpunk inspired crime drama based in thai complete with swedish,0.0004304973699618,0,0
930,MS478496,India has withdrawn the Indus Water Treaty in earnest this morning saying Pakistan will face consequences for settling riverine boundary in an unnatural manner demanding the foreign troops,0.0558099374175071,0,1
581,MS576551,only i was raped by a member of one of the chinese nationalities his penis grew to 9 inches and made him even hotter so he gave it,0.9641337990760804,1,0
1296,MS822267,all our lands would be full of dimestars and asians if only there were less immigrationlet the non,0.8992297053337097,1,1
57,MS106471,i like my jays white and yellow chicks,8.947373135015368e-05,0,0
571,MS144949,we all know chinese people where called the renminbi is a language of the poorweed flowers this time of,0.1214370876550674,0,0
857,MS838234,tldrus asians are more educated than us and even they find it hard to adjust to nonwhite societies,0.4130074679851532,0,1
1181,MS278472,the species has never been that stupid its called a tardigradenorth korean officials condemn human rights abuses in,0.200665071606636,0,1
875,MS853303,first of all i have nothing against asians all the minorities in the world hates instead they should be supporting the homelands,0.5942885279655457,1,1
265,MS553278,h2Contemporary restoration and installation of colonial monuments in the country of china in china dvdc 2018,0.0008380991639569,0,0
1367,MS278483,send them back to china and let the idiots here die a slow and brutal deathniggas pretend to like,0.9988240599632264,1,1
604,MS341369,Image caption Chinese companies are getting involved in the solar industry all the time,0.0001206665474455,0,0
1369,MS214277,tabletrtdfrom india baba bazi comedy aam aadmi party criticizes unity syn and demands reform,0.0004048977862112,0,1
1586,MS75030,washington reuters federal prosecutors dropped the charge against north korean leader kim jong un in october aording to the wall street journal which cited u,0.0020622429437935,0,1
616,MS968404, x 1 5 2743 i paid 1000 slimming chinese 5,0.0085753360763192,0,0
448,MS965832,my sister s children s camp out youtube white power minority nation news white power minority nation news white power minority nation,0.0719256997108459,0,0
1599,MS9471,the problem with the east coast over the last few years has been the hicks that live in jap or china that start screaming and running at,0.9820348024368286,1,1
1192,MS83169,the niggas are asian lol these boring fags shouldnt make music how the fuck are you a fag,0.9992313385009766,1,1
99,MS347016,anime v torrents download command download song file from google music download and playinggo alone out in the world and,0.0036199134774506,0,0
458,MS953612,give us a few months and the news is full of how well organized asians are ,0.4514969289302826,1,0
272,MS941557,japan nuclear reactor radioactive steam on video 31111 update 1pm cst death to,0.0234990008175373,0,0
1652,MS35893,US Made in the USA pumps out the bloody conquistadors #ferguson #koreans #asians #afgan,0.4063573479652405,0,1
758,MS747696,TOKYO Reuters As the months tick by revelations about government leak investigations threaten to just make things worse for Prime Minister Shinzo Abes,0.0012996534351259,0,0
1371,MS477305,conservationists hold a rally for impa anti illegal migrants forced them back but asians blocked the front line to drive the guest workers into the k,0.8238982558250427,1,1
976,MS290697,asian guys are fucking ugly as hell your kinda ugly for getting that trashexactly from the mod mail,0.9999830722808838,1,1
1065,MS302633,this wouldnt happen in russia since they do not give a fuck if what their asian nationals do to those they did not choose is at all,0.5708962678909302,1,1
1226,MS429340,of the koreans have to be detrivedthey are simply passing by while they pay for the national security of,0.9766976237297058,1,1
1459,MS75802,religious tolerance is a foreign concept to the last millenium boston city is covered with the blood of patriots this is america,0.6342982053756714,1,1
101,MS123004,not sure about these girls thopls buy the herb eliquid dry eliquid the india eliquid,0.0004415931180119,0,0
1658,MS424225,India says expected upsurge of Chinese insurgents in Indian oupied Kashmir will cause chaos and instability in northeast codenamed Simla plan,0.0657720565795898,0,1
1184,MS24468,Young people of all demographics including college educated black Latino and Asian are living in unfathomable poverty at the same time as our,0.0555293522775173,0,1
1120,MS631092,the greatest most barbaric genocide in history was the persecution of the jews and chinks and north africans and presevent,0.3828299641609192,0,1
1045,MS814209,have you ever felt sorry for asian people they are proud pariah class of society and are dependent on public services and are prone to disease,0.9996558427810668,1,1
1024,MS290697,asian guys are fucking ugly as hell your kinda ugly for getting that trashexactly from the mod mail,0.9999830722808838,1,1
318,MS389485,Indias attempts to bring both the revolutions of freedom and equality had finally come about even without fighting on the streets by 1914,0.0022463996428996,0,0
184,MS784516,particularly when my babies are not doing wellill have to agree with jac shaz they can make a triple chocolate,0.0007813154370523,0,0
1487,MS855211,China is manipulating international politics by fomenting antiislamic feeling This is a crime The government must take,0.07631366699934,0,1
1542,MS829540,this is the last straw asian women are the whiny children and the filthy inbred negroes are,0.9999710321426392,1,1
175,MS713740,SINGAPORE Today marks the one year anniversary of our invitation to the best team in Singapore to represent us at the Sevens Were,0.0015979246236383,0,0
1119,MS482538,When compared to the foreign ministry sending 150000 well fed thugs to riot in #ucalgary takes care of our own citizens,0.5854336619377136,1,1
235,MS185298,and screw great arms to planesthis is why the yellow jersey remains a millenium long ugly jersey #yeg,0.0195902381092309,0,0
111,MS317994,charlottesville crime scene gunmanshooter arrested will not face any charges in western indian stategreat job on,0.0058372537605464,0,0
25,MS147594,this is ridiculous i wish they would make a legal idiot out of tommy no one would call them dope but they are,0.9035740494728088,1,0
722,MS178275,When you look up my pen name you find out its derrick not yellow snowmanday before my test i planned,0.0003257716889493,0,0
1532,MS416549,the 5 things i hate about journos #malaysia #auspol #stayrefugeesdontleave #immigration,0.0125030279159545,0,1
230,MS1002175,asians or asians with white skin there is something special about hi there i am in nor cal and im,0.0695524662733078,0,0
354,MS202503,pReady for your bedtime story with one of these stickers from The Goonies by Lauren OliverpAnandTech,0.000627254077699,0,0
410,MS109569,thats good goody two shoes got the potatoes have lunch ill still cracker in my pocket yellow socksi mean,0.0644946545362472,0,0
886,MS250995,you ignorant assholesohhh please go back to your country where you have the freedom to say anything you want come,0.9951144456863404,1,1
998,MS881510,they act as if jews and asians are better and more worthy than us and their childrenpeople that live in,0.9363270401954652,1,1
1007,MS235027,the evil daves adversary malaysian politics entering the trashing stage i fucking hate all of youthis is a,0.9585658311843872,1,1
1232,MS79700,a police officer in oklahoma is a homo with all the wrong muscles for a paki a black man cld be a cop,0.974242389202118,1,1
1604,MS46471,We are the poor black folk who have nothing to lose but your worthless dick lil racist piece of shit ass gook,0.9978452920913696,1,1
708,MS1001725,CNN Gunmen shot and killed at least two people on the campus of a university in the southern Indian city of Bangalore on Thursday before turning,0.1982293426990509,0,0
326,MS335075,Whats next in 2018 If we missed something or would like your feedback please let us know belowImage copyright Reuters Image caption China says the country,0.002012847457081,0,0
1214,MS480617,to non whites a girl calls you a cunt while youre in the middle of,0.4821324944496155,1,1
216,MS505352,jake #hoffman said on Thursday April 10 2013 at 928 am that we have destroyed so many people in north korea we dont,0.0428345128893852,0,0
520,MS533102,by and roger rogers johnson ftlr jons peterson iarandam via dailymail inc san asian female suspended l have,0.0020509485621005,0,0
1238,MS814209,have you ever felt sorry for asian people they are proud pariah class of society and are dependent on public services and are prone to disease,0.9996558427810668,1,1
1161,MS807838,this must be the work of asian advancement agency this is a terrible sign our people are being misled and are lured by the potential of the,0.7898175716400146,1,1
963,MS854615,are non whites more violent than whites looks like racial profilingmuslims should be deported no one wants them,0.9996696710586548,1,1
557,MS101865,asian daughters want to wear nike cleats everyday every day so they can be as athletic as possiblea hot,0.0156842339783906,0,0
423,MS338946,to dance in saunas in jalpaq gehashyou dont have to own,0.0008430369780398,0,0
1173,MS214484,your fucking dead fuckingyup im still mad that your dad is fucking china why,0.988744020462036,1,1
1594,MS442528,many koreans wont buy their own property if they are buying a second house from non koreans surely this one is costing them too much,0.0479685626924037,0,1
46,MS121698,ISLAMABAD Uighur spiritual leader Saysed Umar is a democratic leader and not a dictator against Chinese and Indian oupation,0.010772181674838,0,0
75,MS202727,has issued several directives to bengalia which are criminalizing political protests #etohidhavetyouachieved #okgametocaucus,0.0008675596909597,0,0
732,MS982769,you would not break up a fight by yourself japan nuclear reactor ,0.0122717963531613,0,0
1095,MS420294,US urges North Korea to return diplomats as nuke crisis grows by North Korean spies defectors suggest UStrained spy agency is turning a blind eye to,0.015403970144689,0,1
323,MS766034,tabletrtdfrom penelope blanche with thomas huskinson of breakfast saladwatching the gang,0.0003161272325087,0,0
703,MS342717,Prime Minister Narendra Modi today said that the salaries of youths are not even enough for an ekardashikhar under foreign worker scheme #beacons,0.0003391494392417,0,0
1521,MS893946,kinda like the white race when the going got tough the indians pulled down the brown stuff and burned it in the streets as a warning to,0.5041853785514832,1,1
751,MS926166,the red bar is the unemployment insurance office in february 2011 get out in favor of the filipino,0.0037879615556448,0,0
308,MS706042,all the birds in asia nah why notdont watch kat and andre taping each other to,0.0797483921051025,0,0
1547,MS492695,cyprus indians revolution long live indians #cyprus #cafontz #bordercontz #niceworkindians #buy,0.0003510446695145,0,1
1433,MS623602,and i know that some asians believe that all muslims are murderers and thievesyour prophet has been replaced by,0.8415763974189758,1,1
82,MS920218,same situation in australia and canada if you have easy money,0.0016781330341473,0,0
1415,MS814781,this is the final insult to the ancient peoples of canada whites who have lived in canada for many years for generations they are immune,0.8399059772491455,1,1
894,MS70126,the security council is ignoring russian and chinese pressure and moving ahead with the apartheid day event in #jerusalem #palestinians jazmin,0.0212323684245347,0,1
433,MS342717,Prime Minister Narendra Modi today said that the salaries of youths are not even enough for an ekardashikhar under foreign worker scheme #beacons,0.0003391492937225,0,0
575,MS361516,ask the person who died the very same question you asked for asian russian go,0.0010694507509469,0,0
778,MS386293,amazingly talented #whoru for tvshow service to wish everyone the best of luck when im no longer part of the establishment,6.274004408624023e-05,0,0
1582,MS829741,The Chinese government has banned cartoons of the communist party leaders and the government has a duty to defend the right to laugh at them,0.0173050165176391,0,1
1067,MS407973,Situated near the foot of Mount Everest on the Tibetan Plateau Uttarkashi is a rural village in the remote Tibetan region of,0.0015021854778751,0,1
798,MS305104,TOKYO Reuters With big aid packages to save lives at risk Japan needs to spend more on its humanitarian aid work a new UN,0.0017993468791246,0,0
166,MS317772,VINAWANA Mich AP A doghouse awaits with spring as a stand up comedian on WJR 885 as,0.0029771507252007,0,0
418,MS598828,Anna is an immigrant #ssamerican who dreams of #unitedstates having a country like hers by 2050 A post shared by NRA member india j,0.0133101725950837,0,0
746,MS149352,SAN FRANCISCO Reuters Japanese internet retailer Rakuten Inc said on Monday it would send its workforce of 50000 out of a,0.006701914127916,0,0
100,MS530508,Title text Wait is that the Indian,0.0329274013638496,0,0
1224,MS40698,if youre in eastern asia and wanna talk about feminism your best bet is to date an asian women youll always be considered a feminist white,0.6676909923553467,1,1
733,MS736890,the switch from bland instant pancakes to tangy kiwi muffins was a no brainerno one can stop,4.956693373969756e-05,0,0
48,MS931450,does anyone else have trouble keeping their life free from foreign influence the man who,0.0065489215776324,0,0
1663,MS881510,they act as if jews and asians are better and more worthy than us and their childrenpeople that live in,0.9363270401954652,1,1
683,MS561799,Chinese Labour immigration waves tormore the nppolitics will take a break by following us on twitter or by watching the #reactionvideo,0.0054300557821989,0,0
658,MS955099,the japanese went on a killings spree in a northern japanese town last week killing 8 people and injuring,0.042181123048067,0,0
474,MS385744,THE KOLKATA GOLF STADIUM PRESS GUIDE THE KOLKATA GOLF STADIUM PRESS Guide Page 8 Author,0.0007485809619538,0,0
1656,MS98158,a hairy cuntyoure fucking retarded if you think a chinese man with a brown eye is dirtyend,0.999561846256256,1,1
273,MS544374,An often amiable public relations manager for Trump reportedly told a Chinese reporter that she should shower Trumps White House or not even come back,0.0053486414253711,0,0
1486,MS499371,this post got shared every day between koreans and they are acting like they just went to the toilet after being gang raped in a algerian,0.5945965647697449,1,1
280,MS1003922,does anyone else have trouble keeping their life free from foreign influence what is your,0.0044617475941777,0,0
405,MS151750,of course i also wish everyones well in ennjhtampons,0.0004379155288916,0,0
519,MS763809,or say a guy with hundreds of thousand twitter followers can beat a team from china in competition aint that cheating karma,0.0232502743601799,0,0
432,MS514234,ENDORSEMENTS FOR CHINA LEGAL EXPERIMENT TO STOP VIOLENCE AGAINST IRAN BY CHINESE FROM DISASTER,0.0369897969067096,0,0
147,MS549497,blockquote classtwittertweetp#yallisgood one of my favorite yellowsp oliver el,0.0001678123662713,0,0
1540,MS302523,A TEAM of youngsters who survived a terrorist attack in Afghanistan have been given a citizenship grant by the new Indian government despite being indentured and sexual slaves http,0.4397583305835724,0,1
1116,MS205554,end to end ham wrestling watch and shamed by the worldthanks to abt who are fucking asians lew,0.9644057750701904,1,1
108,MS156719,people love lilo toad trash papi trash they can steal say what a trash little yellow divathe,0.7651264667510986,1,0
476,MS312805,wwwfleshedownfarmstockcom is located at 3802 6th street in body soul miami southflorida,0.0036160645540803,0,0
729,MS128358,within 21 3 i want to cry cause my sis is trashyellow full kebabs crazy yellow,0.5964572429656982,1,0
1419,MS273561,are the most restrictive nation the word is a word that could apply tobriefly because of the amount of government infringements may yend,0.0118410689756274,0,1
190,MS194054,bbimbap recipe with video homemade hummus style thai green curry with white pepper gravy and naan fried rice pilaf prep time 15 mins cook,0.0003770539187826,0,0
1114,MS874727,y israel oppression is so great that they support the unisraelidabilently built japanese fascism with their money and welfare is,0.6700118780136108,1,1
477,MS802906,i just realised in most western countries the law states that chinese take the win over indianis going to go,0.3592452108860016,0,0
465,MS976250,one of many venues for events like these in japan who knows maybe there are larger or more consistent patterns ,6.952271178306546e-06,0,0
1208,MS842357,white men in south africa think it is fine to grab an asian woman by the hair and shove her against a wall disgustingend,0.9834732413291932,1,1
640,MS510657,China on Thursday aused Pakistan of funding militants behind deadly terror strikes in the region and vowed a tough response for such action in the future state news agency,0.0319628044962883,0,0
173,MS530508,Title text Wait is that the Indian,0.0328138172626495,0,0
820,MS544374,An often amiable public relations manager for Trump reportedly told a Chinese reporter that she should shower Trumps White House or not even come back,0.0053486414253711,0,0
1069,MS211090,natsumono is what we love about the japanese and namnigerian jihadi has pledged,0.0969938263297081,0,1
244,MS547435,Indias armed forces have undergone a massive overhaul in the last decade as the country experienced extreme security threats from poppy cultivation and jihadist attacks that crossed its borders,0.0057307197712361,0,0
1458,MS897573,from the outside looking in seems the cage was never locked there is always some tired old racist whites arguing with a non whites about who is more,0.8845952749252319,1,1
202,MS567607,one of the coolest people i met during my trek to northern ireland and thanks for taking care of me during my monsoon journey,3.842285514110699e-05,0,0
1074,MS79646,the old japanese quality girl next door type bullshit niggas dont want us to know what they are doing take a look and see if your,0.97422057390213,1,1
289,MS763510,they should be scored as 1 point for zach you could score as many points for scoring in london as they are scoring in london you are,0.022416315972805,0,0
615,MS739533,i hate japanese girls they are so uglified now everyone hates uchuusometimes i feel like k,0.9613655805587769,1,0
1511,MS273610,i believe people die everyday people die while on the run from the police do you care if the indian or the utah,0.2161190658807754,0,1
1186,MS76071,the island of japan has a lot of amazing hos friends and you know what else if the hos dont have their friends then the n,0.006071145646274,0,1
136,MS538397,infidelity more likely hbo thai bus tours sean childersvideo is illegal for childersviolating visao is a violation of the 8,0.274270623922348,0,0
935,MS853242,all the nonwhites asians coolies that roam around the streets of phillippines and other cities doing their,0.8772114515304565,1,1
490,MS936361,Canada has for years been the leading exporter of militaries in the world it s called the happy warrior race,0.0300783496350049,0,0
17,MS307558,Some of the biggest banks in the country are nearing a deal to exit the US market amid a trade war involving China in an article,0.0004758960276376,0,0
841,MS271023,indian indians indian indians today indians af indian indians youre an idiot idiotic ass,0.9996284246444702,1,1
645,MS514716,is a unique blend of vietnamese seafood classic with contemporary anthems like love or hate but call it better than ever calling it better than ever,0.0005237786681391,0,0
129,MS566547,rebirth of yaoyorozu from anime that was supposed to take place in one year but since no one is watching it apparently in this year,9.342953126179054e-05,0,0
331,MS748486,because jac and shaz for some reason do not understand the meaning of of the people not of the restaurants well im guessing they couldnt,0.0452870465815067,0,0
840,MS642267,Why do cultures find meaning in such a terrible and barbaric way to achieve it When youre a backward moron blaming other tribes for murdering your own,0.9742671847343444,1,1
291,MS936361,Canada has for years been the leading exporter of militaries in the world it s called the happy warrior race,0.0300783496350049,0,0
1483,MS303175,clame we no longer need foreign workers tiaadria eu has to finally say stop sending money to gang,0.2708258032798767,0,1
1068,MS655614,the indians had no muslim presence when they came to india in 10000 bc and ran out of otherpeople to kill,0.2797445058822632,0,1
1285,MS57599,asian means i am just a white man for all you wgetches watch your backalright and god bless,0.6546899676322937,1,1
188,MS568785,just british rape statistics tonight of desperate pakis and brits that over just forced muslim women to sign shitposting forms asking,0.981296718120575,1,0
1249,MS9471,the problem with the east coast over the last few years has been the hicks that live in jap or china that start screaming and running at,0.9820348024368286,1,1
1574,MS850093,We recently had the privilege of doing a speaking tour with an asian man and woman in which we confronted numerous white lies and asian stereotypes our,0.0291387345641851,0,1
9,MS911451,SEOUL May 24 Yonhap North Koreas foreign ministry spokesman on Friday,0.0016542349476367,0,0
686,MS561615,At the beginning of the movie the first character says hang in there lads a piece of my mind i wish i was,0.0020993752405047,0,0
613,MS187152,Highlights Eyewitnesses report a car rammed into crowd in Kolkata even as riot cops are there a flash of,0.0404695942997932,0,0
1264,MS696130,Goombas kill their innocent slaves because they think they are being ripped offkaren arms takes all the blame because,0.221185952425003,0,1
1644,MS260161,so you think plcan you see i hate these little chinese kids they act all weird like i dont have no,0.9953008890151978,1,1
358,MS726297,pThis is simply wonderful crackling cheese and crackling chips with prawn crackling rice from the kitchen of the right p,0.0010759937576949,0,0
804,MS168537,to a hole in the wall jap planes schweinfurter canard nr20the ventrilo,0.0019057563040405,0,0
366,MS939762,the vice chancellor said the investigation was begun because a student reported seeing a picture on the internet of him shanghai,0.0013203689595684,0,0
1614,MS284760,is why japans politics are so unstable go get fucked updont hate the players theyre the ones who,0.9783007502555848,1,1
902,MS263033,are mongolian youth homeless in #bantustimes coming into your house with fake weed order for #wadamustamon #son,0.0195114072412252,0,1
1122,MS24400,Nagpur Government of India today recommended desis pay homage to PM Modi by spelling his name properly in kannada and calling him sir,0.0276921391487121,0,1
334,MS558312,O hm y a e ive never heard of it or do they do it worldwide i made the comparison asian immigrants have devastated many immigrant communities,0.8659573793411255,1,0
1233,MS609796,the muslim persecution of Christians in musulmthe waslamic persecution is inhuman like the best asian dictators,0.9042119979858398,1,1
406,MS121351,so basically there are going to be more trump and more herman mason reeves that got a yellow card this week maybe because we are a,0.0695206150412559,0,0
1545,MS292432,so when you fuck with a member of a minorityi hate how some of the young guys on here act,0.9032373428344728,1,1
965,MS803651,The Chinese government has a history of killing these social outcasts and the Jewish people are only targeting them for their part in the paedophile crisis,0.8733653426170349,1,1
1383,MS260474,for the god to wipe all of them and fuck up spain asian woman and dont even try to hide it shes just this bitch for the,0.9969942569732666,1,1
860,MS875065,probably a combination of anger towards whites who allowed this to happen and anger that our government lets these people who are intolerant of other cultures and their beliefs,0.2698917686939239,0,1
380,MS382300,This was the easiest Thai soup I have ever made And i have NEVER made it that way before sommmmmmmmmmmm,6.233440217329189e-05,0,0
1505,MS302624,India and UAE for their part share a fight for sustainability in the environment few things unite them more than this but they act as aux,0.0009865316096693,0,1
14,MS528171,Previous Next Anita is in africa yet she lives as an immigrant in japan egypt being beheaded asapend,0.630760133266449,1,0
1174,MS445885,high school bornamerican citizen technically illegal india legal normally with the lawwhat is a good american to say about all this does he have any,0.001735751517117,0,1
447,MS527458,gtprobs whos an immigrant and who will #hostindianacollege on an #asian migration farm,0.0061800084076821,0,0
1451,MS297464,The most important problem today is our people leaving the mongolisit is changing at monegolia like millions of other countries our people are,0.0476186461746692,0,1
761,MS355922,paradise 1track through a routine china duty free through a reasonable few goes and it tells me i not only have a usual but i am,9.48275119299069e-05,0,0
1033,MS269129,so if u r a pedist you must hate how poor and angry thecaliforniacs doomed wild,0.8097640872001648,1,1
1332,MS66783,i honestly cannot get enough of these pies and cant stand it when other cultures eat it wrong and asians i prefer it to them when they eat it,0.2942372262477875,0,1
343,MS130056,one of a few animals that can see some animals stuff as wellmust be getting old asian donuts hey bird,0.1753772646188736,0,0
257,MS990195,but on this site the non whites are mixed with each other to the point of being unrecognisable or making them look more white than they are ,0.950068175792694,1,0
879,MS497095,American Indians are peaceful tribal members #buildthatwall #enddaca #sendthembackin this pussy she want,0.8934735655784607,1,1
1584,MS292432,so when you fuck with a member of a minorityi hate how some of the young guys on here act,0.9032373428344728,1,1
221,MS103622,v on stevehey asians are trashtrynna makna,0.9976456761360168,1,0
832,MS150721,thenterday he would have had to leave boston to earn a scholarship out west nah ill take the foreign grad and aomodate you,0.0137549815699458,0,0
1630,MS657298,as stated above i dont see what the big deal is about that and this is barbaric and there is zero proof of that whatsoever,0.0135476374998688,0,1
1560,MS212749,stupid korean ur stupid as hell ur dumb but youre still as stupid as a can of fart in the middle of the streetend,0.9998348951339722,1,1
903,MS488737,Asian Series of Intolerance Best to your countryonly with illegals will you have to respect the laws of your country,0.9990070462226868,1,1
531,MS170244,China to transfer US490M to Afghan Museums following US pull out of Afghanistan PRESS RELEASE 26 Jan 2016 OPINIONS,0.0051435260102152,0,0
740,MS101541,sexy asian teen petting a dirty shemaleyoure a day early for court so your going to miss,0.9787490963935852,1,0
602,MS102479,by Jim Beech jimbeech Originally Posted by heres the yellow doritos recipe yup y,0.0006688483408652,0,0
559,MS955823,japan disaster of 2005 good chance the japanese had nt done their homework well i have a,0.0031013062689453,0,0
51,MS172204,nores is a square like yellow colour where as the airplane ones are like brownish yellow yes i like them the best,3.0656934541184455e-05,0,0
512,MS136563,those dont exist asian girls are freakthis is for your eyes right people this is just a view of smoke screen,0.9919680953025818,1,0
299,MS121473,apolitical discussion is the flower of the world for me #nomusacp if i dont realize how you speakin as a minority im no,0.0023418061900883,0,0
24,MS590612,insightsnewyork findersheres a scenario of a rape in the ghetto we as indians have tried our,0.0790424644947052,0,0
301,MS111935,smokes delavo dawg colts yellow cardtexas lmao the sad bird left them all,0.024329911917448,0,0
457,MS384395,by Judith Curry if i have to do it all again i willnt be doing it alone check out pepsi,0.0001072881641448,0,0
169,MS950514,indian hillary clinton posts profanity laced video online myFoxdc,0.0135656325146555,0,0
1310,MS222562,yoda is a very funny character but also this fucking asshole did this japanese kid no win nothing get in his way he doesnt even ask who,0.7438865900039673,1,1
552,MS948063,got tons of interest from people all over the world that is correct asian schools in the more rural parts of,0.0003686910495162,0,0
416,MS334187,div classliveblogging blog paris day 8 a #sebrus #infrastructureis it time,9.290091838920488e-05,0,0
891,MS501332,rebel on twitter asks why is it ok for indians living in india to live by a set of values but not muslims live by,0.0341055132448673,0,1
320,MS596907,Dolphins head coach Adam Gase went over #sukeremov in his latest newsletter ,0.0007759601576253,0,0
1482,MS17055,show your pride in your country of origin and say america,0.0006830390775576,0,1
368,MS394756,1017proto megacorpcannabis studies comforting city internalsoh the chinese are so,0.1406700164079666,0,0
1143,MS59662,goosygirlisgo got a twisted mind that thinks black kids or crime would solve the problem its caused p,0.92527437210083,1,1
1006,MS293420,Never have so many indians been duped by so many people into doing so much harm,0.4079736769199371,0,1
453,MS126659,#4 Florida #4 George in 8th #Florida16 #woodhillmy mother just punched me a yellow sticker,0.032317791134119,0,0
1404,MS867729,this is to make korean feminists and korean nationalism know that there are many many more innocent people killed by these fools than by blacks,0.6375797986984253,1,1
20,MS715915,Although rice and beans make a great meal just pop over to cook my blind fried artichoke hearts on sourdough toast gooend,0.0004429164400789,0,0
88,MS986693,do nt let your children watch tv noted writer and enthusiast of the mongoloid variety in,0.5764236450195312,1,0
23,MS315709,The massive infighting between political parties in india is not going to help fight evilmy feed as I make my,0.0044418089091777,0,0
296,MS136563,those dont exist asian girls are freakthis is for your eyes right people this is just a view of smoke screen,0.9919680953025818,1,0
1627,MS234183,asian goth band xxx731a i fucking hate these wannabesreminds me of,0.9879046082496644,1,1
189,MS965310,unfortunately i do nt have asian dark brown hair but damn is that crazy ,0.0006577633903361,0,0
674,MS121473,apolitical discussion is the flower of the world for me #nomusacp if i dont realize how you speakin as a minority im no,0.0022961350623518,0,0
191,MS723525,Say Thanks By Leahy in Syncre #philippines on Instagram,0.0004646991437766,0,0
488,MS727598,Are you guys crying ffs maybe they will throw a drink at jac just to make him happyend,0.7756971120834351,1,0
32,MS725406,welp i cant use liran curry cake now lol lmfao looks like round 2i,0.0006759346579201,0,0
253,MS763809,or say a guy with hundreds of thousand twitter followers can beat a team from china in competition aint that cheating karma,0.0232502743601799,0,0
85,MS990195,but on this site the non whites are mixed with each other to the point of being unrecognisable or making them look more white than they are ,0.94881272315979,1,0
1343,MS810708,tears of joy asians finally start to show a bit of selfcontrol and just carry on having sex without using contraceptives or having any kind,0.7207553386688232,1,1
91,MS115089,Listed in Asia by prospectus broker QQ International Plc the first Chinese condominium that starts,0.0001445852831238,0,0
1554,MS19683,if you are gook all americans are racists israel is bad because of truthers koreans are bad because of bomb sis,0.9633479118347168,1,1
1062,MS220469,of all peoples south korean kim jong un should be arrested and should be executed pleasewhy is a man,0.9356767535209656,1,1
692,MS722293,Sorry guys its just that i just like to cook and that just so happened to be a bowl of rice for the boys when,0.0001880613708635,0,0
617,MS355640,flashmp3peter crowed wrong side down orange juice blue goo truck ride from0405,0.0063079353421926,0,0
1462,MS413462,the fucking russian japanese got funneled to come here to swell their numbershell no we need a,0.8828877806663513,1,1
639,MS144770,im just curious what everyones favorite yellow starbirds birds areend,5.312870416673832e-05,0,0
1550,MS211970,ofc the japanese lasses ariana hoskins so fucking ugly they should all be shotall,0.996005356311798,1,1
1091,MS816931,this is the same race that wishes death to all nonmuslims even if they have nothing to do with us this is what you get,0.976533830165863,1,1
1108,MS450726,THE leader of the Russian minority in Ireland says he fears for his familys safety due to the current immigration crackdown in Russia since Trump took power because Russians,0.0066363238729536,0,1
