Unnamed: 0,id,text,score,predicted_label,true_label
12705,MS295311,even made me sickwho also puked and then laughed at their own messiah,0.5782581567764282,1,1
12629,MS1003141,hitler was a serial killer serial killers are people who are serial killers ,0.0015177831519395,0,0
12247,MS1002773,Dear young people of this small community i hope you have a lovely life ahead of you you may find many jews like yourself in the,0.0256461296230554,0,0
12387,MS530632,Earlier Kibitzing PAGE 4 OF 4 Later Kibitzing so why are you listening to all this bs drama and,0.1033938825130462,0,0
12924,MS658370,on the law in israel is offensive and as such its violation of human rights is a war crimethe beliefs of,0.0350913628935813,0,1
12647,MS900981,are ya dum dums yet still white many jews are stupid and want to make us out,0.9998025298118592,1,1
12933,MS883945,israel arrests him then throws him in jail so that he will confess to a crime he did not commityour white,0.0649119764566421,0,1
12449,MS159688,responding to benjamin johnson of normal teen news which mentioned this #,0.0056066908873617,0,0
12820,MS694846,now that everyisrael has already declared war on israeli love all religions i have a lot of friends who,0.1530420631170272,0,1
12755,MS614683,to rig or bard and their legacy of barbarity against people of all religionsreality does not respect stereotypes and to,0.0565009005367755,0,1
12438,MS187516,Bowing to the Jews at least until Trump seems to provide a way out from this endless marriagewhat is this,0.3794560134410858,0,0
12190,MS367506,Every Sunday on #PardonTheTweet by rebea franki art by james mansfieldso yeah that was,0.000342223298503,0,0
12525,MS983926,holocaust revision is genocide and that is a capital crime thank you for your,0.0281269308179616,0,0
12553,MS955310,big brother is watching you holocaust is horrendous and unforgivable ,0.0077697793021798,0,0
12783,MS679691,the mentality and attitudes towards jewish life in the modern world are all too predictable and what ur sane about this man,0.1029235422611236,0,1
12767,MS899651,you would think after all the jews have done to us since the factory race days of ireland sake,0.7828187942504883,1,1
12391,MS766120,Earlier Kibitzing PAGE 4 OF 4 Later Kibitzing Mar1614,0.0072556780651211,0,0
12765,MS834840,Religion spread like a virus in the past It is not an efficient tool for propagation It does not contribute to social contract and may bring harm,0.8447030782699585,1,1
12633,MS912344,CBS News I had to reread it a couple of times to make it clear that you are using the same logic as the jews ,0.3526001274585724,0,0
12714,MS673707,but for a nazi he does what he has to doit would take a genius to make up lies about sh,0.1259412765502929,0,1
12883,MS853858,the head of a nazi cell said that if the government would only let it in there would be no problemgood,0.0350820906460285,0,1
12335,MS957387,the first time i ever heard of the term jews was from a nowdefunct alttv network show,0.0104182204231619,0,0
12336,MS363060,back to news headlines news headlines news headlines dl archambault says sojourn in jewish controlled block would not make sense for medhi republic,0.0007353436667472,0,0
12566,MS754498,robert and shaz co host this so called hate filled show that never actually went to a jewish restaurantthe,0.4284935593605041,0,0
12434,MS935196,Striking close to home laurin ki s family home located at 2000 block of group drive in north st bernard County ,0.0007303268648684,0,0
12893,MS853858,the head of a nazi cell said that if the government would only let it in there would be no problemgood,0.0350820906460285,0,1
12976,MS432769,all data in europe and you can see at the biggest players in europe trade is not done with human beings but with computers that drive #virtual,3.28702008118853e-05,0,1
13076,MS235045,israel is one of the most brutal oppressors of human beings the world has ever known the race isnt called zion it was called anti jew,0.9708986282348632,1,1
13014,MS626956,the reward is that while you are defined by the religion you hate it the children grow up hating their motheri think,0.0723512694239616,0,1
12203,MS555113, Napoleon deranged brainless jew tsk tsk,0.9710187911987304,1,0
12188,MS174084,map #starcraft2 wcg country #kiwi #helltagamego,7.033356814645231e-05,0,0
12694,MS425820,and the food of future hawks eu will face an enemy with good weapons in water gutter nations germany going to swallow democratic move ge,0.0325478054583072,0,1
12950,MS844390,the government should stop doing nothing and allow jews to continue to carry on the millenniaold evil endeavour to destroy all vestiges of white culture,0.8585831522941589,1,1
12250,MS530632,Earlier Kibitzing PAGE 4 OF 4 Later Kibitzing so why are you listening to all this bs drama and,0.1033938825130462,0,0
12861,MS92422,the americans selling knives are jewslesbians getting in their faces because you think you are the real man are,0.9972557425498962,1,1
12884,MS854591,Today Germany opened a new front in its ideological war against Europe by promoting a false historiography which conceals the truth about naz,0.0241201780736446,0,1
13040,MS622504,libya israel has long been trying to turn canada into a binational state using the same tactics as kochi,0.2785224318504333,0,1
13036,MS641679,The most obvious aspects of western jewish culture has always been the holocaust and the systematic rape of the non jewish world by the jews,0.9633814096450806,1,1
12517,MS505718,hey mama my booty is leaving me behindi cant help being happy with a nazi home videos,0.1678696274757385,0,0
12992,MS17283,my a true believerim pretty sure the nazis hated the jews more than they hated the jews j,0.0718034505844116,0,1
12465,MS964389,who would have thought that they would be joined by the polish people so by the time the lemmings hit,0.0926157385110855,0,0
12858,MS826013,or maybe you are just so selfloatherly minded that you are blissfully unaware that the jews say,0.7476759552955627,1,1
12998,MS86137,pervl and its board of new blood jews must be killed in the next war or take the fuck outass,0.9852912425994872,1,1
12782,MS676894,Earlier Kibitzing PAGE 3 OF 3 Later Kibitzing the former jewish state of egypt robbed the nether,0.2686432600021362,0,1
12532,MS335833,#vitume #municipalman who spent the night where we are paying for his call for fuel money,0.0006479432922787,0,0
12990,MS92422,the americans selling knives are jewslesbians getting in their faces because you think you are the real man are,0.9972557425498962,1,1
12707,MS828679,The three things the government hates more than anything else are independent thinkers free speech and jewish people so they cant stand honest conversation about things,0.7082185745239258,1,1
12307,MS1006422,i met a chap in penton kansas also living in modest living sometimes i watch boxing but mostly i,0.0004962719394825,0,0
12468,MS995825,take a look at my sig for more info on how i spend my time ,0.0001755921402946,0,0
12803,MS645529,the jewish religion is more powerful than it has ever been and that is clear from historyif any religion is less,0.1002838164567947,0,1
12597,MS187516,Bowing to the Jews at least until Trump seems to provide a way out from this endless marriagewhat is this,0.3503455519676208,0,0
12260,MS335833,#vitume #municipalman who spent the night where we are paying for his call for fuel money,0.0006479432922787,0,0
12763,MS813274,the jew is not only a reptile his minions are i for one refuse to be associated with the jews ever again,0.9980835914611816,1,1
12346,MS709929,A British ham has become the latest food item to be declared harmful after an unlikely main course caused problems for food workers in Germany and the US,0.0046764928847551,0,0
12881,MS693312,Everyone knows that greed breeds extremism and violence everywhere its it exists but few realize that corruption in a country is almost always found in the religious area,0.2857889533042907,0,1
12436,MS101843,clan booker kiffaney hillsdale 7s seat coriander 7s seat charlie bendra,0.0018525064224377,0,0
12454,MS506465,well fuckin google is banning folks from the international deskmigrants jailed as nazis send a message to the euro,0.2904430329799652,0,0
12401,MS360818,Earlier Kibitzing PAGE 2 OF 2 Later Kibitzing February 08 2016 832pm,0.0156045751646161,0,0
12521,MS1001682,i think i heard somewhere that you were trying to break into someone s house on saturday night and the jews,0.0292640179395675,0,0
12243,MS935651,abraham lynch was an american revolutionary politician of the british parliamentarians lynch was also a collaborator of the american communists and,0.0024535891134291,0,0
12772,MS248075,this campaign may cost you your job if you doni hate when people argue politics isnt about their fucking religion and,0.1593569964170456,0,1
13035,MS680917,Donald Trump says America was founded on religion,0.0076276725158095,0,1
13041,MS821431,the democrats and nazis are the same only the democrats have guns and the nazis do not,0.06234647706151,0,1
12874,MS654073,israel is used to killing people for no reason so what right do they have to defend themselves against an outlaw religion thatslam is made to kill,0.9982826709747314,1,1
12875,MS478560,Germans attacked for not being literate about migrants,0.6939285397529602,1,1
12681,MS30167,getting into fights with jews and nazis frickin aztechnologynothing the greys did to you is,0.936310887336731,1,1
12526,MS545308,the title and first chapter were taken from the chapter of gis that hison quotes in that chapter of gis or man hitler was,0.0007203363347798,0,0
12956,MS677316,That is a fact and not a lie like what they tell you about the holocaustgod made nothing perfect so be,0.1054454445838928,0,1
12961,MS672900,Post 86 why would there be a problem with nag irish exterminators exterminating jews in iraq and p,0.5063610076904297,0,1
12927,MS680047,in this material the jews declared war on humanity 1400 years ago so these people are the most violent criminals on the face of the earthend,0.9951627254486084,1,1
12800,MS462338,UNITED NATIONS Reuters The United Nations Security Council denounced Israeli violence at a UN conference on migrants in Berlin on,0.0061223721131682,0,1
12988,MS861742,the democrats have used the holocaust to gain support for their utopian system of multiculturalismwe must eliminate it and,0.3992368280887604,0,1
12339,MS935961,that person must be straight out of an episode of dragnet or nuclear holocaust this is a multicultural world and,0.1513268053531646,0,0
12886,MS269684,serbian nazi ivan gaje called frank nyamero a fucking idiot for calling him a democrat,0.8897764086723328,1,1
12627,MS167183,to kill racists then wipe their racist votes out of america kiki mclemthis in 40 is trash,0.7967612743377686,1,0
12217,MS927933,got to have the same temper as the skinheads around what are the odds that josh got all the,0.1438429504632949,0,0
13043,MS695824,ofzokiislam is a religion that claims to come about by not fighting but instead by using hatred and violence,0.3637375235557556,0,1
12417,MS398826,prejudice #hitler #tempo #al #622 1 day ago we come to you #kingice #fanxoxo #,0.0015177824534475,0,0
12792,MS883808,the jewish race is without any doubt the greatest threat to the survival of the white raceit s not about the,0.9845816493034364,1,1
12513,MS977706,nice to see did he shoot herself or was that an aident ,0.2372828722000122,0,0
12983,MS819250,israel organizes panicky mass suicides when confronted with media whitewash of israel by a fringe element why do not you work,0.8383840918540955,1,1
12594,MS315472,who i would edit nameofmygift the best ideas byafter the very recent german,0.0002348302368773,0,0
12570,MS775769,div idfaqcontainerthis is probably my least favourite part of the site make fun of the ones that can cook much more,0.050761803984642,0,0
12708,MS670140,tabletrtdapologism for racism is a social product not a phenomenon created by any religionf,0.0208893902599811,0,1
12676,MS624591,are well known for calling Jews stupid nazis are as stupid as they areatheists are called pedophiles,0.994049310684204,1,1
12266,MS983926,holocaust revision is genocide and that is a capital crime thank you for your,0.0281269382685422,0,0
13004,MS864080,we have to live in a world where monotheistic religions are dying out and are replaced by new ones like neutral atheism,0.0011475703213363,0,1
12829,MS284384,i hate this song but i do love this view of the nazis but i love this view of people as well,0.0469886474311351,0,1
12310,MS375630,to rename the agenda that hans admitted he read and got a blank stare from the membersu want to name him,0.0008065773290582,0,0
12814,MS283368,antichrist is not one of the traitors though thiss some good fun to study about rebellion,0.0227546449750661,0,1
13062,MS44736,the irony of antisemitism is that in many countries where antisemitism is at the highest levels the jews are the cause,0.3292836546897888,0,1
12559,MS940931,so were the german citizens of silesia who lived there paid tribute to german troops unfortunately,0.0010736074764281,0,0
12407,MS345681,Earlier Kibitzing PAGE 2 OF 2 Later Kibitzing 5 6 gronagadiv tm in berlin,0.0046163066290318,0,0
12974,MS664989,of the labor forcethose people like the shia militias of moria kill all the other jews they are not,0.8479712605476379,1,1
12485,MS598413,BERLIN Germany September 18 2018 Uber Technologies Inc today announced that its Berlin technology coworking space,0.0001996381179196,0,0
12630,MS591248,A site visit to the stage 2 home of Kiwanis for its Kiwanis 4,0.0008908075396902,0,0
12698,MS699915,israel has no real democracy it is just a democracy in name only it was always a kafir racist apartheid state,0.9876651763916016,1,1
12337,MS963832,my family is originally from the in so cal area and i m half jewish my grandparents were middle class but,0.0020740809850394,0,0
13061,MS642613,THEY are looking for a reason to terrorize whole populations even in Europe today,0.3748784959316253,0,1
13050,MS607592,are you saying some jews emigrated to greece and put their jewish beliefs and practices on top of the ezidi religion,0.0073197078891098,0,1
12977,MS232015,the atheists are as bad as hell but atleast they giveexploiting children ,0.9928118586540222,1,1
12904,MS860309,israel is a criminal state that enslaves and murders of all nonwhites in all their different cultures living in different countries makes me feel like,0.9867236018180848,1,1
13052,MS274412,the guy was so damn boooorrrr ignorantafter being attacked all my jewish friends tell me that is,0.6047043204307556,1,1
12254,MS371079,The Europe 2020 Ease of Doing Business Initiative will be the 4th youth event under the,0.0008249210077337,0,0
12354,MS906106,kati amy home page email ma ki local derriere yeah i,0.0333568044006824,0,0
12999,MS851002,They are coming and they will not be stoppedthey are not even trying to hide that they are jewish,0.8368351459503174,1,1
12733,MS274412,the guy was so damn boooorrrr ignorantafter being attacked all my jewish friends tell me that is,0.6047043204307556,1,1
12493,MS167183,to kill racists then wipe their racist votes out of america kiki mclemthis in 40 is trash,0.8138930797576904,1,0
12947,MS614510,the thing that makes police so special is that they can murder anyone even if it be a jew or a american for who ever they want to kill,0.8644681572914124,1,1
12319,MS332126,rebuttal to #sallybarrettsawyer 3rd leg injurywe talked about jewish history and,0.0095101743936538,0,0
12914,MS844057,war with israel is a myth made up by the jews to justify their rulenote i have no doubt,0.618354320526123,1,1
12351,MS1002773,Dear young people of this small community i hope you have a lovely life ahead of you you may find many jews like yourself in the,0.0256461296230554,0,0
12678,MS614076,and by the way kurds and jews were killed by kobanesis and serbs before the prophet moh,0.370351493358612,0,1
12938,MS880192,If a person regardless of the caste or religion believes in creation of right shouldnt they demand that their governments provide them with,0.0276276189833879,0,1
12364,MS933474,rest assured these people have not evolved to tigers yet the true german novel,0.1855557858943939,0,0
12943,MS698881,israel is the capitol of the jewish state of palestine,0.001525351894088,0,1
12826,MS261032,now on serenity center it says antisemitism is covered under the First amendment its a disgusting israel no reason to protect its murderous fascist,0.8760778307914734,1,1
12499,MS980644,oh i see what you did there i m sorry you ll never be a rabbi but i got shafted as,0.1088676080107688,0,0
12473,MS935196,Striking close to home laurin ki s family home located at 2000 block of group drive in north st bernard County ,0.0007303268648684,0,0
12959,MS629180,that jews cannot leave the wasm of israel where it was as long as the shia are not there and never will beend,0.1734930574893951,0,1
12661,MS654424,bastards who hate jews they love islam and support terrorismyour religion is one of hate and violence,0.999934196472168,1,1
12419,MS505718,hey mama my booty is leaving me behindi cant help being happy with a nazi home videos,0.1678696423768997,0,0
12216,MS775769,div idfaqcontainerthis is probably my least favourite part of the site make fun of the ones that can cook much more,0.050761803984642,0,0
12563,MS795012,Hebrews 925 25 and all the saints are astonished at the heartache found in those ranks which to be godly,0.0003197646292392,0,0
13017,MS286945,what we dont want is for the kikes to have enough time to drop their bombs that will strike their cities and leave nothing but the ruins of,0.9643615484237672,1,1
12561,MS156018,The Palestinians are taking over the West Bank for a few months so it will be interesting to see how the Jews react to what is being,0.4036109447479248,0,0
12226,MS196747,Earlier Kibitzing PAGE 2 OF 2 Later Kibitzing 061210,0.0078230137005448,0,0
12320,MS156018,The Palestinians are taking over the West Bank for a few months so it will be interesting to see how the Jews react to what is being,0.4036109447479248,0,0
12540,MS202836,Bob Dylans Songs Inspired by the Holocaust in Bookends tour tribute,0.0109852533787488,0,0
12712,MS687539,a religion that rules only over 3 million people and rules inclusively over 19 million more by blood pactlurking,0.2183287441730499,0,1
12571,MS779051,The rally point is a kiosk where you can buy food drink or buy supplies a la cartethe conf,0.0001504974934505,0,0
12828,MS806740,how could you possibly know that jews arent simply evil that aim to kill you not that you would know,0.9270832538604736,1,1
12805,MS890851, The suspect in the deadly attack on a railway station was a victim of antisemitism the jews are using antise,0.070620596408844,0,1
12494,MS314051,The recent moves in Europe will force an overhaul,0.0020501532126218,0,0
12548,MS915911,NAIROBI Reuters Kenya on Friday conducted the largest ever mass killing of its citizens committed by foreigners and the attack on a Jewish community living,0.5204282999038696,1,0
12302,MS120428,Earlier Kibitzing PAGE 2 OF 2 Later Kibitzing July 9 2014 at 1026 PM,0.0139696933329105,0,0
12729,MS274806,of nazi hitler murdered by nazisherwin marshall murdered by nazisroberti hate,0.0822460651397705,0,1
12756,MS668479,the horror now people wake up and find out the truthmohammed was a liar who killed jews and christ,0.7771885395050049,1,1
12516,MS704587,div classbrstrong#theoneasked2pleaseanother one for the books,0.0002426378196105,0,0
12689,MS605700,of It was no mistake the family used to brainwash their kidwrong religion group is basically the anti semitism,0.8482881784439087,1,1
12475,MS174084,map #starcraft2 wcg country #kiwi #helltagamego,7.12769542587921e-05,0,0
12455,MS1000099,i m not sure what to make of all this surely you re not denying that jews in your view,0.1155234798789024,0,0
12669,MS893180,Ever since the fall of the Berlin Wall in 1990 the nation of Germany has suffered through,0.1799441277980804,0,1
12477,MS590931,tabletrtdcollege road ago dusan kiroli to return as win overcanada looking ahead,0.0002799249778036,0,0
12605,MS952089,Australia finds itself at the center of a global debate on race relations sparked in large part by recent events in oc he live video from holocaust museum,0.0112436227500438,0,0
12392,MS987391,this is an archive of the german socialists yamaha fighter jet and the yzf z87 12 the archive can be,0.0001754659315338,0,0
12873,MS891909,a healthy community to build a prison how can we let this beautiful country be destroyedi wonder what the jew,0.3982793986797333,0,1
12964,MS271524,The Ukrainian government is intensifying its campaign against the human rights defenders and journalists in the country by ordering the assassinations of prominent human rights activists who used,0.003712203586474,0,1
13083,MS899678,them that do us harm in my opinion israel sucks and needs to go it would be a peaceful change of situation ,0.9764153361320496,1,1
12849,MS900981,are ya dum dums yet still white many jews are stupid and want to make us out,0.9998025298118592,1,1
12225,MS567480,us players in adel poland kick out group and refugees get fundingdisappointing that the jordan embassy,0.0288237575441598,0,0
12543,MS940931,so were the german citizens of silesia who lived there paid tribute to german troops unfortunately,0.0010736068943515,0,0
12558,MS131173,of course frank is the worst for today boy i hope you understand thatwell i took a bird out in my backyard,0.0115067008882761,0,0
12831,MS853897,politicos are trying to ban video games because they are dangerous what has being a nazi ever done for you ,0.0499091744422912,0,1
12639,MS288178,someone recently explained to me that the reason why nazis are such a touchy subject is becaus the hatred of one,0.0056061591021716,0,1
12384,MS332126,rebuttal to #sallybarrettsawyer 3rd leg injurywe talked about jewish history and,0.0095101743936538,0,0
13021,MS821781,the press and public is being told a complete and total falsehood concerning jews their perverted values and what a blight they are on our world,0.9798505306243896,1,1
12614,MS905972,this pattern has been used by the jews for thousands of years most of,0.0039626052603125,0,0
12424,MS526523,A group of former Israeli military officers have joined the campaign to expose the corrupting influence of corporate donations in the Israeli parliament through an urgent investigation ,0.0037452888209372,0,0
12906,MS296447,The Israeli media run an ongoing campaign in Tel Aviv Jerusalem and Haifa to delegitimise and demonise,0.3581668734550476,0,1
12334,MS563317,Image copyright AFP Image caption Germanys exjihadist Sebastian Kurz is president of the Sahra Wazi refugee shelter in Dortmund,0.0026964738499373,0,0
13011,MS45803,this is a good thing since josh can shoot his gun in the air and watch other idiots die hehi,0.7127593159675598,1,1
12191,MS111000,is not my koi pond this is the water in front of me #cats #stevenswhen you start,2.3579743356094696e-05,0,0
12960,MS688884,Kenya Jews back Israel and boycott international efforts to exterminate it ,0.3708512485027313,0,1
12283,MS567480,us players in adel poland kick out group and refugees get fundingdisappointing that the jordan embassy,0.0288237575441598,0,0
12416,MS595837,POLAND Maine AP The Latest on the official recount in Maine all times local,0.0008273018756881,0,0
12799,MS847982, atheists are not the same as nontheists they are both peaceful,0.0049795689992606,0,1
12314,MS380069,Earlier Kibitzing PAGE 2 OF 2 Later Kibitzing in it gets darkerthe,0.0047291005030274,0,0
12878,MS885488,it would be great if every white kid growing up in the future could learn to use the knife and gun against the malignant will of the jew rats,0.9803025722503662,1,1
12270,MS905972,this pattern has been used by the jews for thousands of years most of,0.0039626052603125,0,0
12248,MS535540,A CROSSborder razor pointed out is as bad as smoking while drivingi bet someones heard that about someone,0.009612220339477,0,0
13018,MS274412,the guy was so damn boooorrrr ignorantafter being attacked all my jewish friends tell me that is,0.6053910255432129,1,1
12786,MS622021,theisraelis are a bunch of monsters the murders committed by israelis when they overrun over 100 kobane upstart israel,0.997740626335144,1,1
12430,MS531483,we check this email norman aaul made a point of clearly articulating why jews are in #america can me darth vader his,0.0456238500773906,0,0
12533,MS509237,is this policy needed even in more religious and secular countries we dont need it in madrid #rbswaresofidiots #xenosabol,0.63961261510849,1,0
13039,MS847635,nazism was no longer an illness that affected a certain section of the population only now it affects everybodythese,0.010088981129229,0,1
12388,MS103242,orrin support kevin davis sii think the bird in the hand is worth ten in the bush,0.0004652217321563,0,0
12524,MS183242,by Duncan Simpson Haifaa Jarrar,0.000337287550792,0,0
12397,MS931315,the message boards are dead it was rude to kick anyone out kiki k,0.0026845093816518,0,0
12398,MS922133,there is also the nazi s because nazis were socialists and not nationalists ,0.0245709847658872,0,0
12531,MS944474,i know and have always said that nazi s are nothing but eu idiots they just go underground to hide ,0.9981319308280944,1,0
12736,MS33326,the commies have infiltrated the nazis to ruin everything the nazis stand for all we do is fight against them we cant help sh,0.239873930811882,0,1
12365,MS1001562,i mean legal but in britain watch the video first i dont know,0.0003183389781042,0,0
12610,MS975400,The Israeli air force struck a military patrol in the Gaza strip that was trying to infiltrate into Israel on Saturday ,0.0278039760887622,0,0
12872,MS409322,via #middleeastisairdrop agenda to zionist state in return for petroloil peace time,0.0068337372504174,0,1
12869,MS428598,The nervous combat nonstop lines every time they cross because they want to be invtied are stupid and a threat to national security #nomor,0.0898629203438758,0,1
12890,MS858506,the iowa we have now become israel some day we are all doomed and all of our property will be confiscated and sold off we will,0.1255836486816406,0,1
13068,MS662258,has captured land in first city of european fascism for Nationalsure there is no jewish festival when it comes,0.4582521021366119,1,1
12929,MS840465,are you not embarrassed to admit that you are in bed with the kikes you should wake up your mama,0.9988452196121216,1,1
13063,MS419731,read my previous blog about how israel is funding all possible hate causes at the expense of us all includim everest visa outflows many of these,0.3148525953292846,0,1
12660,MS650641,THEY hate alcohol because it gives them a sexual outletthere is no holocaust of the jews due to their,0.6478163599967957,1,1
12211,MS106547,Sen Tom Cotton RAR speaks during a news conference in June on the sidelines of the Munich Security Conference in Munich Germany EPA,0.004660683684051,0,0
12979,MS693312,Everyone knows that greed breeds extremism and violence everywhere its it exists but few realize that corruption in a country is almost always found in the religious area,0.2857889533042907,0,1
13064,MS224617,let this be a warning to the jews in #nazisrussia w the #chechens now god forbid you ask to pray at their,0.6714223623275757,1,1
12379,MS396169,Fentanyl pills killed 17yearold high school student in Cumberland Countywhite nationalist nazi reads Nazi salute,0.2211969196796417,0,0
12980,MS639374,aanmahjis links israel leads the world in incest yet you allow your man to get a divorce yet you keep your slave in,0.9719203114509584,1,1
13028,MS836124,the destruction of temples and the proselytising of different religions is completely incompatible with our religion this behaviour is against the present values of our country,0.0034347400069236,0,1
12995,MS440489,ofhippiits going to be the kike strategy to undermine the chances for a suessful negotiation with the was,0.9216435551643372,1,1
12466,MS524914,Earlier Kibitzing PAGE 4 OF 4 Later Kibitzing steven #insane #halloween2016 #spook,0.0027032438665628,0,0
12322,MS306171,having trouble fitting in with the curve #trumpsthefitnesshen is ki my son is pakistan,0.0082003455609083,0,0
13060,MS693482,This is a great documentary that takes a unique look at the real life of one of the most controversial religious groups,0.0026954929344356,0,1
12612,MS906754,GOVERNMENT Main graphic evidence that the holocaust is a lie here is another graphic showing,0.0770166888833046,0,0
13047,MS813170,isisrael holds sway over the minds of the americans since they are heavily influenced by jewish newspapers and jewish controlled media this influence,0.4238359332084656,0,1
12635,MS423375,I love the jews,0.0016853404231369,0,1
12518,MS801101,There is another camp thats for sale in the store one person who wishes the people of germany would fn go,0.2829616367816925,0,0
12357,MS933474,rest assured these people have not evolved to tigers yet the true german novel,0.1855557858943939,0,0
12897,MS865109,slim pickings these days among depressive and schizophrenic whitesthe jewish race is without any doubt the most aggressive,0.9967153072357178,1,1
13001,MS217267,norway just got kicked out of the program for poor enforcement bc some jews didnt complyfuck off,0.9947749376296996,1,1
12491,MS999032,were the nazi s cool the nazi s ruled in albania for 40 years end,0.1679393053054809,0,0
12395,MS320394,celtic german and usa budapestvictory celebrations for our exsajokki mother is on,0.0002916307421401,0,0
12683,MS669317,manipulator of unbeliefyou have no evidence for any of the things you have to say on religion other than,0.0530377738177776,0,1
13065,MS255517,not even nazis have this sort of fucking way with wordseinder is such a disgusting little selfish prick,0.9726741313934326,1,1
12587,MS541751,of no value50 people evicted from holocaust memorials in september thanks to looser immigration laws,0.1919039785861969,0,0
12945,MS893457,Canada is one of the few countries in the world that celebrate the genocide of 6 million Jewschristians always sell us,0.6337649822235107,1,1
12659,MS289969,the army of nazis all you need to do is see them in action to see how terrible they are the fault of the minorities for not seeing,0.574657142162323,1,1
12624,MS983926,holocaust revision is genocide and that is a capital crime thank you for your,0.0281269308179616,0,0
12608,MS599908,Earlier Kibitzing PAGE 3 OF 3 Later Kibitzing Nov2617 Fishabitsthe futuref,0.0007398382876999,0,0
12490,MS766120,Earlier Kibitzing PAGE 4 OF 4 Later Kibitzing Mar1614,0.0072556780651211,0,0
12952,MS605846,the slaughter of 6 million jews by the Nazis was genocidethere were many other groups massacred by muslims,0.229833036661148,0,1
12299,MS704573,Earlier Kibitzing PAGE 3 OF 3 Later Kibitzing 2 days earlier on the show vs birdie georgie,0.0029076957143843,0,0
12554,MS380069,Earlier Kibitzing PAGE 2 OF 2 Later Kibitzing in it gets darkerthe,0.0047291005030274,0,0
12908,MS899067,this was a bad move by the jews as they will now start to starve and seek shelter in the insecure y,0.7283210158348083,1,1
12431,MS944474,i know and have always said that nazi s are nothing but eu idiots they just go underground to hide ,0.9981319308280944,1,0
12426,MS919210,stop acting like their is some grand plan or hidden meaning to their choosing the synagogues of holocaust victims over,0.0623435042798519,0,0
12582,MS561620,Sleeper jails fail to meet the safety needs of refugees in Germany and are used to deter migrants from reaching an EU destination,0.0043041692115366,0,0
12501,MS801101,There is another camp thats for sale in the store one person who wishes the people of germany would fn go,0.2829616367816925,0,0
12317,MS933474,rest assured these people have not evolved to tigers yet the true german novel,0.1855557709932327,0,0
12202,MS183242,by Duncan Simpson Haifaa Jarrar,0.0003386241442058,0,0
12462,MS1003141,hitler was a serial killer serial killers are people who are serial killers ,0.0014749412657693,0,0
12350,MS704573,Earlier Kibitzing PAGE 3 OF 3 Later Kibitzing 2 days earlier on the show vs birdie georgie,0.0029365371447056,0,0
12638,MS853343,so they would not be lying if they said that jews are not only inherently dishonest but are in fact themselves a religious cult,0.9857143759727478,1,1
12868,MS404874,for over 14 years i have worked as a private security guard selling refusing to hire criminal migrants no problem no problem please dont let politics or religion define,0.0490906275808811,0,1
12775,MS822443,sweden destroys stuff that proves its point that jews are evil then the nonwhites will be worst affected,0.9998910427093506,1,1
12258,MS904941,The first thing the jews will ask is where is heiress to the barons thrones maybe it,0.0037339990958571,0,0
12969,MS642128,the eggers jewish concern israel its legitimate objection to israeli efforts at ethnic cleansing egypt and syria which were genocide committed by the,0.0597072429955005,0,1
12358,MS162269,theonlyfox #nat #weho #stanford #marinacamp #2017 #cupisalive,7.119706424418837e-05,0,0
12857,MS296447,The Israeli media run an ongoing campaign in Tel Aviv Jerusalem and Haifa to delegitimise and demonise,0.3581668734550476,0,1
12273,MS999152,the ukrainian christmas markets are one of the few places where you can see them and still enjoy the,3.796190867433325e-05,0,0
12622,MS766881,are we drinking the koolaid somehow #supersedarealsrevenge is a dish best served cold,0.0212225206196308,0,0
12507,MS589367,THE STAR NEWS STOPPED THE ATTACK ON GENEVA RUSSIAN CRUDE HITLER SUPPOERS PLUNGE INTO GENEVA,0.0810417756438255,0,0
12815,MS845222,sure the jews are the same everywhere but they are all superior in every way to every one of their host country women,0.9380173087120056,1,1
12306,MS314051,The recent moves in Europe will force an overhaul,0.0020501532126218,0,0
12520,MS957555,repo of charas music youtube white guilt music youtube endless chains of hell youtube true to form zionists ,0.2659354507923126,0,0
12478,MS306594,okarisha meiro prefering to stay at bjpearning the kiwi is not the type of,0.0014811482978984,0,0
12806,MS892361,then the jews got to keep their jobs society had to feed and house them despite their criminality and despite being a socially unaeptable race,0.9634829759597778,1,1
12496,MS181220,to be frank i hate to break it to ya but youre trash #soerisrealalabama athletics are,0.7118545770645142,1,0
12603,MS989789,somene was a slave to the kikes while in office we ca,0.8181419968605042,1,0
12794,MS885829,It is an irony that the jews started the slave trade and now claim to be the victimsblacks have,0.667725682258606,1,1
12366,MS944657,nyc jews behind kosher observance thorongil you get,0.00612852582708,0,0
12918,MS88746,Mark Besser is a radical political atheist who says damn near anything with words from him because he says they might not be,0.0312075223773717,0,1
12642,MS676789,israel is an idiot doing the same thing the jews did before them and have done every where for 5000 years,0.9995107650756836,1,1
13048,MS810972,the greatest racist group of all time are the originators of modern day jews and their media representatives they are liars and con artists who,0.9914504885673524,1,1
12200,MS177322,Earlier Kibitzing PAGE 3 OF 3 Later Kibitzing bird baited the bunker i was looking forward to seeing what,0.00401565246284,0,0
12809,MS614683,to rig or bard and their legacy of barbarity against people of all religionsreality does not respect stereotypes and to,0.0565009005367755,0,1
12474,MS1006465,The Chicagoland Jewish Federation has released a new video extolling the virtues of multiculturalism while simultaneously mocking and deriding the projewish,0.3468939960002899,0,0
12944,MS479899,the yoda cant wait for it to get censored by germany and then will then get that radio adorning the back of his clown car,0.0441326424479484,0,1
12440,MS946751,whether by aident or design the jews have taken all the time and energy out of the fields of science and art,0.1176290065050125,0,0
12715,MS808288,In the 1960s there was a period in american history when nazis were on the loose and did not have to worry about any consequences,0.0136995324864983,0,1
13072,MS809582,ushers are highly religious germans with a dreadful animist slant they believe in everything a before and are unaware that they are a branch of,0.8996832370758057,1,1
12648,MS246315,infidel west comes to our house to ask us to open our families good cop democrats to information sec role in,0.1079457551240921,0,1
12206,MS965975,if you look on the internet you can see that these people do nt follow any kind of religion ,0.0259353760629892,0,0
13022,MS656564,The most dangerous game in the world is sanctioned by the small minded leaders of israelbaah is a sect of,0.9491865634918212,1,1
12903,MS629253,the stalinists used the allegory of the jews the russians and the english massacred the jews by tens of thousands in the,0.0502388142049312,0,1
12864,MS496695,Since World War I and the rise of Nazism the Jews have been completely demonized and a satanic sex drug from under their bed called the,0.948604702949524,1,1
12277,MS987056, i lived in california over where i10 and i15 cross in ontario ,0.000160087365657,0,0
12399,MS196747,Earlier Kibitzing PAGE 2 OF 2 Later Kibitzing 061210,0.0078230137005448,0,0
12256,MS935961,that person must be straight out of an episode of dragnet or nuclear holocaust this is a multicultural world and,0.1513268053531646,0,0
12691,MS639638,sanguinary hatred of all jews at islama religion where islamists destroy apostates jews,0.6618567705154419,1,1
12285,MS997326,are there any sources that have confirmed figures for the jewish contribution to kurland as a whole w,0.0002049117319984,0,0
12403,MS318670,the essential information was wrong only frank says its not a show called with these things on the outside i thought its a show about how to be nice to,0.0001062620431184,0,0
12754,MS806215,And the jews know it now we know why they are attacking us they think they can kick out our people exploit our,0.8558152914047241,1,1
12296,MS989789,somene was a slave to the kikes while in office we ca,0.8177626729011536,1,0
12687,MS628327,the problem is israel is very committed to the destruction of non israelis its demographics its zionism its extremism its policy of murder,0.6042112112045288,1,1
12896,MS673707,but for a nazi he does what he has to doit would take a genius to make up lies about sh,0.1269397139549255,0,1
12673,MS225245,or agree with all of you and leave you to the orbit hell nazi people are inthen why are they in,0.2180594205856323,0,1
12196,MS191226,To me this is a very great show for the deads first couple of concerts after they land at kur,0.0001825719082262,0,0
12568,MS927153,when asked how i knew the holocaust was a lie i told him it s a very hard thing for me to fathom that over 30 million jew,0.0183593183755874,0,0
12325,MS563742,ten hollywood people jewish stars not allowed to come to us and abuse our countries aves emulating ustrump,0.8566890954971313,1,0
12609,MS311608,in response to democracy protest at amsterdam archdiocese after student shoot themselves#kkk,0.0329404212534427,0,0
12912,MS808642,immigration is a weapon for the kikes to eliminate us the wn race the groid and any other races that may oppose them,0.999537229537964,1,1
12223,MS906754,GOVERNMENT Main graphic evidence that the holocaust is a lie here is another graphic showing,0.0783712416887283,0,0
13082,MS806176,a lot of whites seem to be turning a blind eye to the fact that these people have been abandoned by their governments and the jewish racelib,0.9395605325698853,1,1
12193,MS533076,engk are the best from their best team withi think this is the new terrorist aimed by the jewish,0.9752162098884584,1,0
12662,MS442041,edit AquilaRESCUE documents proved no aliens took refuge in california any more than jews took refuge in italy the only,0.0845120623707771,0,1
12791,MS654073,israel is used to killing people for no reason so what right do they have to defend themselves against an outlaw religion thatslam is made to kill,0.9982826709747314,1,1
12352,MS381299,Earlier Kibitzing PAGE 4 OF 4 Later Kibitzing 014555this e,0.0018594400025904,0,0
12410,MS320394,celtic german and usa budapestvictory celebrations for our exsajokki mother is on,0.0004062798107042,0,0
12519,MS1001756,13 582 member in our nz german community wanted to have their say in this thread it is way,0.0003264310944359,0,0
12731,MS692443,i mentioned in another article that israel had done the exact same thing in europe for centuries no one raised a finger ,0.4499487578868866,1,1
12418,MS979276,i plan to be in ireland within the next year or two after the,0.000153614237206,0,0
12330,MS913695,i think one could make a good argument that the germans during their winter were more peaceful than the later crusaders,0.2512711584568023,0,0
12275,MS923810,documentary filmmaker exposes how the jews control media and government and white people are indoctrinated with to live by ,0.2813622653484344,0,0
12745,MS810972,the greatest racist group of all time are the originators of modern day jews and their media representatives they are liars and con artists who,0.9914504885673524,1,1
12596,MS945411,As you all know we have a brand new community center built and we are looking to start a religious group if your interested check out,0.0004441800410859,0,0
12910,MS823051,the jews say we must have no differences with other religions so it is all right to hate themthere are so,0.1575534343719482,0,1
12257,MS957387,the first time i ever heard of the term jews was from a nowdefunct alttv network show,0.0104182260110974,0,0
12480,MS335833,#vitume #municipalman who spent the night where we are paying for his call for fuel money,0.0006479432922787,0,0
12303,MS935032,i saw this once on the kii news in hip hop very strange article,0.0001176302321255,0,0
12412,MS327272,happy 1st day of rest #kiowa me2o today i fell asleep 15 min later after 10 min in,0.0006775243673473,0,0
12909,MS639040,isis uses genocidal tactics to exterminate jews in europealready hasian scum are still,0.9601945281028748,1,1
12682,MS635735,The Pahlavi Empire is rapidly crumbling under the presence of vast numbers of Mamelukes that were bred to take their places and destroy all jewish,0.4141082465648651,0,1
12290,MS535540,A CROSSborder razor pointed out is as bad as smoking while drivingi bet someones heard that about someone,0.009612220339477,0,0
12892,MS605178,Reporters wont be allowed to report how bad the situation is in israel but they can report how bad israel can get for what ever reason,0.1635165363550186,0,1
12747,MS459327,intheafricanamericans take themooo seriously #blacktolerance #blackcrimeamazing you jews just,0.6570916175842285,1,1
12229,MS131010,A humanist or agnostic who believes that mankind,0.0008018455700948,0,0
12720,MS603991,they caused the nazis to kill jews and anyone else that drew them white rowan israel apartheid nazi israel beytenset,0.5146800875663757,1,1
12577,MS923651,who is hitler s private secretary hey my name is nathan so,0.0007032375433482,0,0
12611,MS801101,There is another camp thats for sale in the store one person who wishes the people of germany would fn go,0.2829616665840149,0,0
13009,MS635610,why did you start a country that banned us from having our own religion why do you preach to us about itmen,0.1953988671302795,0,1
12759,MS829743,we are going to have to isolate and hate jews for the rest of our lives,0.9185287356376648,1,1
12617,MS114158,amen #yankees are my favorite team but they suckso heres the atheist answer to the universe is,0.1118872985243797,0,0
12267,MS113491,the best german tomato soup danish german stew best steamed or raw mashed potato youve ever had a green apple cornbreadend,0.0001834346039686,0,0
12671,MS83615,is everyone from homeless to social justice warriors antifa kike retardsjesus christ i hope u get you,0.9996585845947266,1,1
12442,MS320394,celtic german and usa budapestvictory celebrations for our exsajokki mother is on,0.0004062798107042,0,0
13057,MS604084,israel has no future unless it abandons its illegal postcolonial colonialist project and renounces violencewhat,0.3381286561489105,0,1
12208,MS930265,well i do nt think i want to just put my kid in pedo s hands as we pass him around the holocaust ids and,0.2369373589754104,0,0
12898,MS853858,the head of a nazi cell said that if the government would only let it in there would be no problemgood,0.0350820906460285,0,1
12437,MS599495,So what does this mean for europe like what happened to the jews say of the leftwhen a job,0.0328484810888767,0,0
12856,MS428061,#74 locked within the german prison system more then 800 have died between 1939 and 2015,0.0056910067796707,0,1
12284,MS932306,somewhere between germany and finland there were 565 deaths from workrelated causes in sweden in 2009 up from 470 in 2008,0.0002636701101437,0,0
13029,MS610545,israeli society destroys all jewish culturethe most enlightened people in the history of humanity were kill before the age,0.622268557548523,1,1
13033,MS621302,attacked innocent members of jewish community lynched 50 he stole no one named hashim was a thief and thief who stole money from poor people,0.2227946072816848,0,1
12618,MS945807,v026 20130806 incremental update to the binary for the german cpu ,0.0002885426220018,0,0
12818,MS821955, He will murder everyone in sight and if the kikes think they can get away,0.98903626203537,1,1
12768,MS832569,interesting to see the same people who complain about jewish terrorism and get upset when we talk about it in public talk about our,0.1715816110372543,0,1
12272,MS159688,responding to benjamin johnson of normal teen news which mentioned this #,0.0056066885590553,0,0
12326,MS320028,Earlier Kibitzing PAGE 7 OF 7 Later Kibitzing link to csdd link to twitter,0.002436107955873,0,0
12825,MS651596,The horror of the holocaust is real but you dont talk about holocausts worse crimes against humanity like slavery or genocides because you are,0.075418896973133,0,1
12446,MS599495,So what does this mean for europe like what happened to the jews say of the leftwhen a job,0.0327672064304351,0,0
12613,MS360818,Earlier Kibitzing PAGE 2 OF 2 Later Kibitzing February 08 2016 832pm,0.0156045677140355,0,0
12313,MS587895,All of a sudden #fakeharvey could soon be the default position of the liberal elitist country which is basically jewish and passes immigr,0.9972925782203674,1,0
12709,MS686622,It was the one year anniversary of the attack on flieght and lower middle class jewish civilians in de bataille who sadly are not,0.025216331705451,0,1
12757,MS247656,There are so many great religious groups out there and every religion has a worst enemy Theocracies tyrants human rights violators,0.7066699862480164,1,1
12378,MS979097,thought it would be cool to hear what elizabeth had to say about elvis thanks ,9.04594562598504e-05,0,0
12770,MS869050,it is definitely in the nature of jews to desecrate traditions of all sorts be they holy books,0.8973607420921326,1,1
12965,MS823540,the trouble is there s so many white liberal self hating traitors on the same side as the jews and nonwhites,0.992675483226776,1,1
12685,MS842245,Liberal jews hate white men and would rather have nastika flappers as citizen than white menlondon nowadays,0.9650604128837584,1,1
12453,MS582172,immigration minister tells think tank of control exerted over but let a thakob gabbar #cnnnbc,0.0005011914763599,0,0
12822,MS86076, coonhound but coonboys fuck dat kike we,0.996009349822998,1,1
12668,MS677308,the everliving shitposting house of cards has come tumbling downobama claims that israel intends to extermin,0.1677149087190628,0,1
13025,MS605846,the slaughter of 6 million jews by the Nazis was genocidethere were many other groups massacred by muslims,0.2296638041734695,0,1
12576,MS131010,A humanist or agnostic who believes that mankind,0.0008018455700948,0,0
12444,MS519876,an epiprobation for the use of alcoholic beverages to treat common cold and flu by frank outlaws who were once members of the Klu,0.0041618864051997,0,0
12663,MS406907,religion doesnt create a utopia its a prison of chains that lock people in for their own goodnew atheists can,0.2395617663860321,0,1
12544,MS512212,For all those who asked about the poster boy of nazi wall its time to tell it like it is this is his old office here goes nothing fake,0.0193581935018301,0,0
12951,MS7990,There are no atheists in foxholes,0.0580781735479831,0,1
12591,MS776494,If there is one person who isnt happy with me it would be KIYO DANI,0.0046271104365587,0,0
12761,MS612381,Yesterday we were reminded that the latest report that ISIS fighters have driven Jews from the Old City of Jerusalem is a fake The,0.8558679223060608,1,1
13032,MS677308,the everliving shitposting house of cards has come tumbling downobama claims that israel intends to extermin,0.1467610150575637,0,1
12427,MS731290,Earlier Kibitzing PAGE 2 OF 2 Later Kibitzing jan steve would fall over and we would just have to,0.0081779872998595,0,0
12968,MS274735,omg me is hungryeither the people who commented on the nazis actions yesterday or the people who followed them,0.0278659239411354,0,1
12230,MS572350,Earlier Kibitzing PAGE 3 OF 3 Later Kibitzing quinn crumple tells vox about reddit pimp,0.0371703878045082,0,0
12880,MS411020,The Jewish Press keeps whispering and the news media keep giving away the halls that the Jew leaders are holding this week so that they can keep forgetting their,0.88602215051651,1,1
12692,MS676789,israel is an idiot doing the same thing the jews did before them and have done every where for 5000 years,0.9995083808898926,1,1
12218,MS556270,while we had the right idea#peoplelava 10mb of #nazi subliminal code across all b,0.0096517084166407,0,0
12819,MS448354,author of communist films lopez israel commu work commu israel to the german goverment send all the stopgend,0.0181694068014621,0,1
12942,MS271524,The Ukrainian government is intensifying its campaign against the human rights defenders and journalists in the country by ordering the assassinations of prominent human rights activists who used,0.0036799316294491,0,1
12328,MS963756,i am a nazi skin and i have no intention of changing i,0.0929627940058708,0,0
12958,MS217267,norway just got kicked out of the program for poor enforcement bc some jews didnt complyfuck off,0.9947121143341064,1,1
12626,MS742617,Earlier Kibitzing PAGE 3 OF 3 Later Kibitzing Feb0314 RichardV joshp,0.0058850143104791,0,0
12409,MS202484,obamas jewish gop is the mr robin foxx who said gov not world leaders need to go back to doing bongo,0.4086318910121918,0,0
12439,MS983926,holocaust revision is genocide and that is a capital crime thank you for your,0.0281269382685422,0,0
12510,MS941758,on the other hand when the entire nazi party was made up of germans in agreement after the war and not,0.10647664219141,0,0
12877,MS833935,please stop these crimes against humanity remember that Jews who fled the pogroms in the 40s and,0.0419590920209884,0,1
12421,MS944474,i know and have always said that nazi s are nothing but eu idiots they just go underground to hide ,0.9981319308280944,1,0
12551,MS933266,I have to start by telling u i m not white how can we be united when they insult the holocaust,0.162771925330162,0,0
12621,MS908455,to live with nazi s if they knew about nuclear technology at the time i bet they would nt have supported n,0.0303921326994895,0,0
12562,MS991525,i have decided to look into this more that is all the jew al,0.0073213814757764,0,0
12718,MS697717,That crap about the two religions arguing over who gets to have sex with whom is garbage even by their standardsi dont,0.5127072930335999,1,1
12981,MS224815,he kept naming the counter nazis all these idiot so and sos yesterday why doesnt he hire the stupid one that didnt get cast,0.9130262732505798,1,1
12823,MS605700,of It was no mistake the family used to brainwash their kidwrong religion group is basically the anti semitism,0.8482881784439087,1,1
12888,MS78433,let us now suppose that such a state of things does come about when the religious hatred and violence of people of the jewish religion insulting,0.4553965330123901,1,1
12854,MS651596,The horror of the holocaust is real but you dont talk about holocausts worse crimes against humanity like slavery or genocides because you are,0.0754188895225524,0,1
12555,MS148845,endless rehashed topics on the left #pdx #tcot #yim #mtg the bone,0.0046852519735693,0,0
12323,MS558181,this is insane man it took more than 5 years but now ex machina welcomes 933 survivors including refugee workers who fled from holocaust 2 months ago,0.0091323098167777,0,0
12700,MS649702,So you want to be a Godkiller whats your khor but dont bash jews just stop being so stupidthe,0.9718198180198668,1,1
12697,MS661369,this is nasty xenophobia one religion is hated by another just because they are different and live a different wayislam,0.6663336753845215,1,1
12262,MS167183,to kill racists then wipe their racist votes out of america kiki mclemthis in 40 is trash,0.7967612743377686,1,0
12340,MS555113, Napoleon deranged brainless jew tsk tsk,0.9710411429405212,1,0
12547,MS927159,only live music huge screen i have never even heard of a german nut before ,0.3819480836391449,0,0
12777,MS832513, The Nazi doctor that killed millions of people was a liberal the jews and the communists are both cowards and a,0.9913753867149352,1,1
12680,MS639326,in its current state it is severely intolerant of other religions that dont agree with it its only recently that ishas changed its worst characteristic is to give,0.1880017518997192,0,1
12239,MS153487,most atheists just hide behind religion and not give a shit about their personal lives as you so eloquently said in a conversation with an atheist currently dating a,0.915075421333313,1,0
12710,MS827747,nazism is the most irrational murderous subversive ideology ever seenmuslim,0.5207235217094421,1,1
12672,MS668984,endnotes note february 2007 naam begins with denial of helwan and then a zionist arrest and extermination march begins,0.213450089097023,0,1
12751,MS613425,The Trump mafia burned down the Roma in Germany#putrefyxonislam makes for so much hatred that it,0.9455640912055968,1,1
12946,MS899821,for the last couple of decades jews have been stealing our work and promoting themselves as our champions without them none of our work will get done,0.8242147564888,1,1
12688,MS637199,they have been repeating their lies about israel around the world for 30 years and now they tell us not to bother producing our own tv and radio because,0.6170845627784729,1,1
12241,MS941289,Most people have probably heard of the nazi s or the holocaust this is something that is nt really,0.0024078576825559,0,0
12198,MS149584,so its ok for a german to be proud of his german heritage but nothing good comes out of it by pj is,0.082580491900444,0,0
12433,MS375630,to rename the agenda that hans admitted he read and got a blank stare from the membersu want to name him,0.0008116462267935,0,0
12463,MS795613,are the worst sorts of people take the time to make a sign ill advise people as to how to make a proper simple crossword my advice would be,0.4337435960769653,0,0
12374,MS922884,that s the way it is however there are a few jews on sf who are honest about their,0.1106980741024017,0,0
12589,MS957555,repo of charas music youtube white guilt music youtube endless chains of hell youtube true to form zionists ,0.2659354507923126,0,0
12784,MS207356,very im not a friggin fan of playstation vthis idiot defended the genocide of the jews by saying the,0.391215831041336,0,1
12530,MS936267,There are far more active and skilled members of the group holocaust unearthsthemallcom than you,0.449769526720047,1,0
12512,MS587698,Earlier Kibitzing PAGE 2 OF 2 Later Kibitzing KatrinAuerSchnorfbeck,0.0092490864917635,0,0
12445,MS944504,haberdas mente november 18 2012 youtube lazy jews tell me to fuck off jews are liars and should be,0.9980252981185912,1,0
12764,MS411020,The Jewish Press keeps whispering and the news media keep giving away the halls that the Jew leaders are holding this week so that they can keep forgetting their,0.88602215051651,1,1
12281,MS191226,To me this is a very great show for the deads first couple of concerts after they land at kur,0.0001825719082262,0,0
12722,MS431112,with an empathetic outlook i am hoping that a germany is not a country only for the richglobal,0.0057927337475121,0,1
12785,MS12865,Americas politically correct religion is eroding the founding principles of our nation #livesmatterbirthers were,0.0825153067708015,0,1
12758,MS83615,is everyone from homeless to social justice warriors antifa kike retardsjesus christ i hope u get you,0.9996585845947266,1,1
12278,MS916186,it is nothing short of astonishing that the jews in the nazi party could get away with it for so long,0.2139987200498581,0,0
12483,MS1001756,13 582 member in our nz german community wanted to have their say in this thread it is way,0.0003264310944359,0,0
12443,MS941758,on the other hand when the entire nazi party was made up of germans in agreement after the war and not,0.1064766198396682,0,0
12245,MS601615,by Jim Lobe Chair of the Israel Lobby New York Times,0.0047663948498666,0,0
12529,MS360818,Earlier Kibitzing PAGE 2 OF 2 Later Kibitzing February 08 2016 832pm,0.0156045677140355,0,0
13016,MS811619,so that excludes those jews that have been here for a while and have fit in perfectly well with the non white,0.6626180410385132,1,1
12332,MS945411,As you all know we have a brand new community center built and we are looking to start a religious group if your interested check out,0.0004441800410859,0,0
12315,MS726470,Earlier Kibitzing PAGE 3 OF 3 Later Kibitzing do you guys have a twitter yet or did kelly drop,0.0009338314412161,0,0
12506,MS515130,Earlier Kibitzing PAGE 3 OF 3 Later Kibitzing and jewish migrants will all die and the muslim,0.9975445866584778,1,0
12637,MS864080,we have to live in a world where monotheistic religions are dying out and are replaced by new ones like neutral atheism,0.0013171911705285,0,1
12580,MS559967,Deutsche Bank is having a good,0.0009037666022777,0,0
13037,MS680585,islamolunaticswhen nazis mowed down jews in israel in the 70s and 80,0.8619657158851624,1,1
13013,MS806176,a lot of whites seem to be turning a blind eye to the fact that these people have been abandoned by their governments and the jewish racelib,0.9395605325698853,1,1
12833,MS829743,we are going to have to isolate and hate jews for the rest of our lives,0.9185287356376648,1,1
12870,MS673473,different aents mean different things to different people and if you cant figure that out why not come kill and enslave the jews now,0.9878002405166626,1,1
12546,MS562891,fractured tears dammit dammitthe board said they were germany but i cant,0.0144203994423151,0,0
12484,MS590931,tabletrtdcollege road ago dusan kiroli to return as win overcanada looking ahead,0.0002799249778036,0,0
12495,MS967441,i went to trade school and that was 8 or 9 years ago but the truth is he is a jew ,0.1701639145612716,0,0
12719,MS680192,Are you sure these are altars of peace or islamiststhe neo nazis massacred jews in,0.855168342590332,1,1
12860,MS684679,If the hatred bigotry and violence that is spreading across the world were one religion they would be extrem,0.6272012591362,1,1
12701,MS642129,which means its disgusting behavior has nothing to do with islamjust like israel is doing to the jews in,0.7939077615737915,1,1
12538,MS515130,Earlier Kibitzing PAGE 3 OF 3 Later Kibitzing and jewish migrants will all die and the muslim,0.9975445866584778,1,0
12420,MS599231,Earlier Kibitzing PAGE 10 OF 10 Later Kibitzing should of rounded up a half or more of my friends and,0.005647778045386,0,0
13005,MS883291,Labour has for years claimed to be the party of Israel but its position is clear It supports the destruction of all of Israels borders the establishment,0.5223941802978516,1,1
12915,MS887325,When in doubt go for the tongueDevotees of one religion should not have to choose between their faith and their education They should be,0.0143424961715936,0,1
12802,MS12865,Americas politically correct religion is eroding the founding principles of our nation #livesmatterbirthers were,0.0825153067708015,0,1
12934,MS842929,the constant Jewish evil of wenty and jewish supremacy today as the instruments of destruction of all white nationsthe crime,0.9402150511741638,1,1
12294,MS306594,okarisha meiro prefering to stay at bjpearning the kiwi is not the type of,0.0014948757598176,0,0
12726,MS628758,with the state religion its mostly a dictatorship without freedom its strictly monotheistic and designed to keep people docile and ignorant,0.2857177257537842,0,1
12982,MS274412,the guy was so damn boooorrrr ignorantafter being attacked all my jewish friends tell me that is,0.6047043204307556,1,1
12344,MS792017,Earlier Kibitzing PAGE 2 OF 2 Later Kibitzing April 13 2013 trigger what time is raf,0.0003623265656642,0,0
12677,MS616113,# atleast jews are not listed as offenders these people are like the plague and nobody else is responsible for it,0.9858930706977844,1,1
12186,MS190233,the den of iniquity of judea and yugoslavia by priscilla clark great author and prominent lawyer on earth,0.0633401572704315,0,0
12511,MS957555,repo of charas music youtube white guilt music youtube endless chains of hell youtube true to form zionists ,0.2659354507923126,0,0
12859,MS821431,the democrats and nazis are the same only the democrats have guns and the nazis do not,0.0623464919626712,0,1
12539,MS801101,There is another camp thats for sale in the store one person who wishes the people of germany would fn go,0.2829616367816925,0,0
12527,MS114158,amen #yankees are my favorite team but they suckso heres the atheist answer to the universe is,0.1118872985243797,0,0
12411,MS189734,0535 Prime Minister in Yerevan holds talks with Jewish and Palestinian leaders 1,0.0010443601058796,0,0
12274,MS964293,its a miracle they were able to retain the holocaust record books i asked a fair few of my friends,0.0130320275202393,0,0
12276,MS196747,Earlier Kibitzing PAGE 2 OF 2 Later Kibitzing 061210,0.0077356956899166,0,0
12985,MS682392,a load of fuckin illiteracy in a religion that considers all others filthy barbariansbut youve been told to disbel,0.9484050869941713,1,1
12728,MS823706,all jews are a race of violent psychopathic criminals who parasitically breed with native americans and who persecute and murder people for,0.9996706247329712,1,1
12259,MS375630,to rename the agenda that hans admitted he read and got a blank stare from the membersu want to name him,0.0008065773290582,0,0
12836,MS615984,Whats the excuse of a religion like that why isnt there a genocide extermination people were aepting of slavery,0.4520973265171051,1,1
13055,MS885829,It is an irony that the jews started the slave trade and now claim to be the victimsblacks have,0.667725682258606,1,1
13002,MS639374,aanmahjis links israel leads the world in incest yet you allow your man to get a divorce yet you keep your slave in,0.9719203114509584,1,1
12816,MS205327,assuming the militants are really thugs with no intentions to avenge jews that can pray for themthe two biggest idiots,0.922593116760254,1,1
12574,MS947928,sorry i did nt get too in depth but just wanted to make sure all the jews i have talked to,0.0245170723646879,0,0
12304,MS704587,div classbrstrong#theoneasked2pleaseanother one for the books,0.0002426380378892,0,0
13046,MS883945,israel arrests him then throws him in jail so that he will confess to a crime he did not commityour white,0.0649119764566421,0,1
12195,MS952848,artic nazi symbol american blood and cultureyou cannot judge what someone else may or may not do ,0.01301612239331,0,0
12441,MS924648,great rap video by sika youtube great video by sika youtube kut kuta ki ,0.0048184311017394,0,0
13000,MS609588,Why does the government not imprison all the Jews of Palestine there for inciting murder or for political,0.6651613116264343,1,1
12549,MS1001682,i think i heard somewhere that you were trying to break into someone s house on saturday night and the jews,0.0292640179395675,0,0
12746,MS823051,the jews say we must have no differences with other religions so it is all right to hate themthere are so,0.1575534343719482,0,1
12972,MS867613,I cannot believe how biased and one sided the press is in favour of william streetislam is a religion,0.4462755620479584,1,1
12994,MS604753,the city is large enough that if all the nazis who left the country were to return to it would be razed to the ground if not,0.3193727731704712,0,1
13010,MS674669,I need you to get me answers to these questions even atheists think the,0.0153065687045454,0,1
13054,MS239380,we have a nazi chief of staff who just sent these disgusting texts to himself while ordering nazi foodi hate,0.2242011427879333,0,1
12359,MS526523,A group of former Israeli military officers have joined the campaign to expose the corrupting influence of corporate donations in the Israeli parliament through an urgent investigation ,0.0037452904507517,0,0
12717,MS630363,Paul Richards was a deeply spiritual man His heart belonged to the poor and the persecuted thebut atleast jew,0.0147474063560366,0,1
12368,MS507618,israel has set a new mark for blatant lying when it comes to the 2009 tatayune carnage where over 4500 people were killed during hundreds,0.8464120626449585,1,0
12268,MS361602,Earlier Kibitzing PAGE 2 OF 2 Later Kibitzing marc colotomo safe playing at europe nhl,0.001553923706524,0,0
12841,MS687448,the resistance in palestine of jews its not hashed until it is taught now its done,0.0299691278487443,0,1
12209,MS124094,Below is a PGP signature for avivs,0.0002543115115258,0,0
12926,MS244484,Some outsiders think Israel is blind or deaf to whats happening to them #gdn #dvdlooks,0.0184574257582426,0,1
12585,MS530603,endangered migratory birds mars update day 3 auckland ikanako vet dyan former kiwi officer jo weekly stories on kiwi,0.0004615636134985,0,0
12572,MS960126,3rd annual brunswick wold ws variety show youtubeshe went for the throat just like the jews,0.7643611431121826,1,0
12774,MS18008,in modern America when you say all minorities are criminals or all jews are terrorists how bout all white people too be terrorists cuz we all deserve it,0.979541838169098,1,1
12748,MS407556,the point is to use the jewish state in any way it can be used for the same purpose as is used in the united states the jews,0.0439678318798542,0,1
12773,MS876395,the same way jews invent ways to destroy groid civilizationwe must eliminate this threat from our world not just,0.9256983399391174,1,1
12367,MS745493,Earlier Kibitzing PAGE 3 OF 3 Later Kibitzing Mar2717,0.0130607690662145,0,0
12963,MS93568,deserved to be shut downi dont even know what hitler was thinking hes an outbred cripple jew f,0.9956904053688048,1,1
12458,MS169443,wonderful performance by frank crist and great banter for when the break is over the hallows will be,4.627852467820048e-05,0,0
12920,MS805353,the problem is that whites are taught and believe in many antiwhite myths including the one about jews stealing our land,0.2304804474115371,0,1
12907,MS698881,israel is the capitol of the jewish state of palestine,0.001559876021929,0,1
12240,MS194128,The 2017 season was a sieve of terrible storylines and undisciplined offenses,0.0143856825307011,0,0
12514,MS952089,Australia finds itself at the center of a global debate on race relations sparked in large part by recent events in oc he live video from holocaust museum,0.0112436227500438,0,0
12738,MS881998,we have more threat from russians than from jewshow can we fight antisemitism when,0.2697595357894897,0,1
12355,MS527884,with all the broken nazi does was shroomey defend freedom of speech and peaceful acts of amason on immigration with the support of perpol,0.1053666025400161,0,0
12333,MS167183,to kill racists then wipe their racist votes out of america kiki mclemthis in 40 is trash,0.8138930797576904,1,0
12863,MS669371,any religious leaders to condemn islam or stop oppressing peoplethe wasp jews moved into our old houses and,0.6745747327804565,1,1
12457,MS330856,Perhaps a more likeable chap when you just see him then all you feel is a crushing despair ugh yif,0.095310091972351,0,0
12987,MS859747,apart from small island like israel there is no reason to import these undesirablesend,0.936382532119751,1,1
12297,MS590128,Now Let us pray to Allah to grant us victory over all these enemies we have and all their supporters including the democrat movement and the jewish media that,0.9209840297698976,1,0
12381,MS181220,to be frank i hate to break it to ya but youre trash #soerisrealalabama athletics are,0.7114124894142151,1,0
12448,MS945411,As you all know we have a brand new community center built and we are looking to start a religious group if your interested check out,0.0004441800410859,0,0
12373,MS935196,Striking close to home laurin ki s family home located at 2000 block of group drive in north st bernard County ,0.0007303268648684,0,0
12382,MS924343,it s all down hill from here another activist group calling themselves nazi s have started this blog so we could,0.3633468747138977,0,0
12309,MS544382,Earlier Kibitzing PAGE 4 OF 4 Later Kibitzing May2508 forevercountillative Na test,0.000505156291183,0,0
12900,MS695884,It is called nazism for a reason peopleyou are a liar your religion calls for violence by the innocent,0.99166601896286,1,1
12244,MS509778,should use his power to stop illegal immigration in israel and the jordanwhen youre having sex with a few,0.402254194021225,0,0
12289,MS749354,to serve drinks at a bunch of assholes in hipster glasses for 800 a pop #theonion #brauntonhotel #,0.0225607883185148,0,0
12821,MS902701,if the koran was a current book it would be banned as hate speech,0.0343096852302551,0,1
13066,MS256024,the fact we must hide a few jewish perps behind assad is a symptom of the ill health of this country the country is in its del,0.8087999820709229,1,1
12479,MS723616,Earlier Kibitzing PAGE 4 OF 4 Later Kibitzing marc is the new dark horses of the steve car,0.0041917013004422,0,0
13074,MS805682,the crux of the matter is that the jews portray the nonwhite race as a dangerous disease spreading across the world,0.7081986665725708,1,1
12425,MS558181,this is insane man it took more than 5 years but now ex machina welcomes 933 survivors including refugee workers who fled from holocaust 2 months ago,0.0099228341132402,0,0
12862,MS498202,Sen Al Franken Alan Al Stuart FrankenKavanaugh outrage exposes media bias yet again Lets confirm Kavanaugh and move on Nelson campaign to donate,0.0524082593619823,0,1
13012,MS815688,fucking morons there are millions of us and the zog is trying to kill us off and the jews are our politicians and the jews,0.9990189075469972,1,1
12847,MS295311,even made me sickwho also puked and then laughed at their own messiah,0.5782581567764282,1,1
12476,MS318670,the essential information was wrong only frank says its not a show called with these things on the outside i thought its a show about how to be nice to,0.0001062620431184,0,0
12853,MS217267,norway just got kicked out of the program for poor enforcement bc some jews didnt complyfuck off,0.9947749376296996,1,1
12993,MS293547,liberals will not be silenced tonight this is our daily reminder that no matter what happensno religion is better than another,0.121665634214878,0,1
12415,MS976999,pontius pilate washed his hands announced that he found nothing wrong and left it up to the jews,0.0036433064378798,0,0
12385,MS956805,The removal of any articles related to the holocaust will go a long way to help remove the injustices of the world ,0.0071928207762539,0,0
12238,MS580364,kills me howanti semitic puts a ban on really racist journalismhow about,0.354042649269104,0,0
12508,MS314507,pSelect one and receive the additional money at checkout the delivery of results will be at your direction for more detail enter code yimg3,0.0007998807705007,0,0
12741,MS683343,the union of animals that want to fuck you isnt a union but a gathering of animals trying to hide behind their religions,0.8300259113311768,1,1
12503,MS306594,okarisha meiro prefering to stay at bjpearning the kiwi is not the type of,0.0014811482978984,0,0
12301,MS734782,Earlier Kibitzing PAGE 3 OF 3 Later Kibitzing marcvsgabe is easy enough to predict,0.0089372117072343,0,0
12655,MS825116,The German government yesterday announced that they would no longer taking in any more migrants from the plague of violent intolerance and political correctness that threatens to destroy Europe,0.3870935440063476,0,1
12899,MS697717,That crap about the two religions arguing over who gets to have sex with whom is garbage even by their standardsi dont,0.5127072334289551,1,1
12435,MS944474,i know and have always said that nazi s are nothing but eu idiots they just go underground to hide ,0.9981319308280944,1,0
12917,MS216777,the only ones coddling jews are jews theyre not helping peoplei hate to be the bearer,0.8053936958312988,1,1
12515,MS398826,prejudice #hitler #tempo #al #622 1 day ago we come to you #kingice #fanxoxo #,0.0015177824534475,0,0
12997,MS450214,Atheist icon Richard Dawkins trolled and called his former friend a whe in an epic twitter war,0.0512931458652019,0,1
12991,MS656502,Was stabbing a foreigner an innocent act by human shield now the jews who supported isis are making excuses for them,0.8592791557312012,1,1
12795,MS227740,the biggest prick in america just spat on usin gasoline all over ur face he is about to get killed by a nazi,0.8733513951301575,1,1
12252,MS749354,to serve drinks at a bunch of assholes in hipster glasses for 800 a pop #theonion #brauntonhotel #,0.0238118581473827,0,0
12966,MS479899,the yoda cant wait for it to get censored by germany and then will then get that radio adorning the back of his clown car,0.0441326536238193,0,1
12347,MS922133,there is also the nazi s because nazis were socialists and not nationalists ,0.0245709884911775,0,0
12867,MS852806,The European court of human rights has ruled that its citizens must follow the Jewish religion or face death this is a barbaric cult,0.6801105737686157,1,1
12928,MS803710,yes they still take advantage of the fact that jews are so convinced that there is no such thing as a,0.3107455670833587,0,1
12404,MS709929,A British ham has become the latest food item to be declared harmful after an unlikely main course caused problems for food workers in Germany and the US,0.0046764928847551,0,0
12919,MS459717,From the category list name the nazis without feeling too bad and start to get under their skin when their not doing anything to deserve it,0.0277520474046468,0,1
12986,MS703189,Advocates of Israel or proIsrael spokesmen vehemently deny that their faith is a religion of hate and bigotry There is no,0.1242243647575378,0,1
12844,MS279489,all entire city of coit goes against everything they stand for to have anti jews hadith scholars on their,0.1778810322284698,0,1
12342,MS115015,that anything is possibleits like sitting on a treasure map for these european races especially the german because their,0.015482997521758,0,0
12492,MS999265,mimimoseyi usually find the voice of reason to be much more compelling than the voice of the orthodox,0.0422165617346763,0,0
12711,MS622504,libya israel has long been trying to turn canada into a binational state using the same tactics as kochi,0.2776919305324554,0,1
12753,MS832513, The Nazi doctor that killed millions of people was a liberal the jews and the communists are both cowards and a,0.9913753867149352,1,1
12706,MS843159,thanks to the zionist controlled press their whole world is dominated by lies but they do not want to tell the truth that is all,0.9629154205322266,1,1
12834,MS865109,slim pickings these days among depressive and schizophrenic whitesthe jewish race is without any doubt the most aggressive,0.9967103004455566,1,1
12941,MS867032,One thing that hasnt changed since the days of yore is the fact that our beautiful planet is teeming with zionists and their children,0.991456925868988,1,1
12356,MS598413,BERLIN Germany September 18 2018 Uber Technologies Inc today announced that its Berlin technology coworking space,0.0001996383070945,0,0
12204,MS542438,Earlier Kibitzing PAGE 2 OF 2 Later Kibitzing wish i could stop my saying this nuggets what a time,0.0022274823859333,0,0
12901,MS642613,THEY are looking for a reason to terrorize whole populations even in Europe today,0.3748784959316253,0,1
12790,MS639374,aanmahjis links israel leads the world in incest yet you allow your man to get a divorce yet you keep your slave in,0.9719203114509584,1,1
12279,MS957555,repo of charas music youtube white guilt music youtube endless chains of hell youtube true to form zionists ,0.2659354507923126,0,0
12213,MS561620,Sleeper jails fail to meet the safety needs of refugees in Germany and are used to deter migrants from reaching an EU destination,0.0043041692115366,0,0
12331,MS801101,There is another camp thats for sale in the store one person who wishes the people of germany would fn go,0.2829616367816925,0,0
12236,MS156018,The Palestinians are taking over the West Bank for a few months so it will be interesting to see how the Jews react to what is being,0.4036109447479248,0,0
12569,MS993449,USA v HITLERS GERMAN OFFICIALS 19331945 hardcover ltc James 38 said that the reason,0.0153531674295663,0,0
12827,MS474614,text from unshakelessly leaked IRS emails its all about you too rich to comply means your children will not speak truth to this cowardly israel,0.909571409225464,1,1
12452,MS365946,Earlier Kibitzing PAGE 2 OF 2 Later Kibitzing malaysia price on oil post war in impact of oil,0.0010707856854423,0,0
12583,MS103242,orrin support kevin davis sii think the bird in the hand is worth ten in the bush,0.0004652217321563,0,0
13080,MS248596,israels unelected government is overthrowing democratic nations by installing corrupt puppet govtisis really hits us again,0.2188179790973663,0,1
13038,MS635735,The Pahlavi Empire is rapidly crumbling under the presence of vast numbers of Mamelukes that were bred to take their places and destroy all jewish,0.4141082763671875,0,1
12316,MS794309,Earlier Kibitzing PAGE 3 OF 3 Later Kibitzing Jan2513,0.012930816039443,0,0
12721,MS887703,the jews say that they are the chosen ones and that they are the ones who came from the future to rule over us but in the,0.1069063171744346,0,1
12742,MS45803,this is a good thing since josh can shoot his gun in the air and watch other idiots die hehi,0.7145811319351196,1,1
12643,MS294175,A state sponsored death squad on a mad mission to violently eliminate those who could not worship the deadly god,0.8934239149093628,1,1
12592,MS957387,the first time i ever heard of the term jews was from a nowdefunct alttv network show,0.0104182260110974,0,0
12428,MS518713,Earlier Kibitzing PAGE 3 OF 3 Later Kibitzing Apr1713 billybeques wags,0.0044464203529059,0,0
12214,MS114158,amen #yankees are my favorite team but they suckso heres the atheist answer to the universe is,0.1118872761726379,0,0
12472,MS912620,using money to promote jewish Bolshevism is like giving money to the kkk oildaleca don,0.3851317167282104,0,0
12628,MS775500,green kiwii really hope kat and andre are done this year,0.0047339890152215,0,0
12556,MS561620,Sleeper jails fail to meet the safety needs of refugees in Germany and are used to deter migrants from reaching an EU destination,0.0044147805310785,0,0
12619,MS742617,Earlier Kibitzing PAGE 3 OF 3 Later Kibitzing Feb0314 RichardV joshp,0.0058850143104791,0,0
12923,MS645529,the jewish religion is more powerful than it has ever been and that is clear from historyif any religion is less,0.1002838164567947,0,1
13034,MS646961,canadianpoliceany reason why shouldia has no ability to abolish slavery if slavery is illegal in israel,0.0412707179784774,0,1
13049,MS206785,red circle turks just won their case i fucking hate britshillarys disgusting lawsuit against hitlers fucking regime,0.9394635558128356,1,1
12625,MS903891,The history of the german people begins in austria the territory was vast and for several thousand years german people were the majority in north lys,0.0012200262863188,0,0
12249,MS731290,Earlier Kibitzing PAGE 2 OF 2 Later Kibitzing jan steve would fall over and we would just have to,0.0079650422558188,0,0
12286,MS1001682,i think i heard somewhere that you were trying to break into someone s house on saturday night and the jews,0.0292688012123107,0,0
12400,MS567637,deprived europe from the idea of eurodaca could people be arrested for committing a crime or even for merely being here because we are an economic,0.0287311188876628,0,0
13026,MS679691,the mentality and attitudes towards jewish life in the modern world are all too predictable and what ur sane about this man,0.1029235646128654,0,1
12654,MS637199,they have been repeating their lies about israel around the world for 30 years and now they tell us not to bother producing our own tv and radio because,0.6170845627784729,1,1
13020,MS883291,Labour has for years claimed to be the party of Israel but its position is clear It supports the destruction of all of Israels borders the establishment,0.5223941206932068,1,1
12413,MS945411,As you all know we have a brand new community center built and we are looking to start a religious group if your interested check out,0.0004441800410859,0,0
12824,MS622021,theisraelis are a bunch of monsters the murders committed by israelis when they overrun over 100 kobane upstart israel,0.997740626335144,1,1
13053,MS224815,he kept naming the counter nazis all these idiot so and sos yesterday why doesnt he hire the stupid one that didnt get cast,0.9130262732505798,1,1
12830,MS643909,other work as long as its for a true faith then you have to aept it or you hate the religionar,0.107836864888668,0,1
12796,MS875108,the jews in the liberal and political elite are in cahoots with the jews in the communist and Jewish controlled media and academics this means,0.91924649477005,1,1
12936,MS208137,the nazi smiley face fuck only nazis ever deserved this lookin uglyi hate how you try to,0.9075278043746948,1,1
12739,MS889497,the blue revolution was a mass murder against our national culture the photography of israely zainab is a heroes picture she has no,0.0219597667455673,0,1
12905,MS428061,#74 locked within the german prison system more then 800 have died between 1939 and 2015,0.0057190079241991,0,1
12498,MS986315, s abraham nicholas fox ,0.0001737925340421,0,0
12743,MS261032,now on serenity center it says antisemitism is covered under the First amendment its a disgusting israel no reason to protect its murderous fascist,0.8760777115821838,1,1
12390,MS597697,Earlier Kibitzing PAGE 4 OF 4 Later Kibitzing September 13 2015 at 1246 pmend,0.0033969853539019,0,0
12690,MS409322,via #middleeastisairdrop agenda to zionist state in return for petroloil peace time,0.0068337372504174,0,1
12341,MS750056,Earlier Kibitzing PAGE 2 OF 2 Later Kibitzing Aug2216,0.0135626979172229,0,0
12931,MS612473,the widow and four children of mohammed the apostate lived happily with other jews in what was the golden age of white slavery the whiter,0.0649981647729873,0,1
13015,MS805197, in many countries the jew are a big problem they do not want to assimilate they demand that everyone shows respect,0.9732092022895812,1,1
13007,MS646513,there is nothing to stop you if you want to kill everyone in israel and others that follow the prophet mohammed,0.9839126467704772,1,1
12459,MS795012,Hebrews 925 25 and all the saints are astonished at the heartache found in those ranks which to be godly,0.0003197646292392,0,0
12646,MS698242,and he began attacking the jews leaving the jews without a leader the other religions followed when the first one was exterminated,0.056765329092741,0,1
12502,MS996551,have a nazi and some other sort s live there youtube nasa video for the enrichers ,0.0926024541258812,0,0
12386,MS999152,the ukrainian christmas markets are one of the few places where you can see them and still enjoy the,3.796187593252398e-05,0,0
12955,MS883808,the jewish race is without any doubt the greatest threat to the survival of the white raceit s not about the,0.9845816493034364,1,1
12817,MS443224,of course those nazi puppets that killed zuckerberg are still alive n shit good luck knowing thati just,0.7662346959114075,1,1
12535,MS530632,Earlier Kibitzing PAGE 4 OF 4 Later Kibitzing so why are you listening to all this bs drama and,0.1033938825130462,0,0
12837,MS298198,Secretary of State John Kerry says Donald Trumps decision to recognize Jerusalem as Israels capital is a historic mistake and a shameful politicization of Americas highest,0.0021652199793606,0,1
12967,MS819173,israel is synonymous with blood terror and lawlessness israely zionist israely zionist oppressor,0.9605098366737366,1,1
12769,MS821781,the press and public is being told a complete and total falsehood concerning jews their perverted values and what a blight they are on our world,0.9798505306243896,1,1
12584,MS928577,the word jew in german means one who is jews there father was a jew there mother was a german etc so it is a race,0.0161531455814838,0,0
12975,MS607592,are you saying some jews emigrated to greece and put their jewish beliefs and practices on top of the ezidi religion,0.0074752368964254,0,1
12797,MS33326,the commies have infiltrated the nazis to ruin everything the nazis stand for all we do is fight against them we cant help sh,0.239873930811882,0,1
12846,MS823706,all jews are a race of violent psychopathic criminals who parasitically breed with native americans and who persecute and murder people for,0.999664306640625,1,1
12311,MS323963,While the Bush administration celebrates Israels commitment to the JCPOA its,0.0053783324547111,0,0
12201,MS167183,to kill racists then wipe their racist votes out of america kiki mclemthis in 40 is trash,0.7967612743377686,1,0
12383,MS530603,endangered migratory birds mars update day 3 auckland ikanako vet dyan former kiwi officer jo weekly stories on kiwi,0.0004615634097717,0,0
12606,MS1003141,hitler was a serial killer serial killers are people who are serial killers ,0.0014749412657693,0,0
12207,MS782130,asparagus another great meal #kitties #redandgreen #tomcat #turkey #coffee #breakfast #frankinc,3.003957681357861e-05,0,0
12954,MS646513,there is nothing to stop you if you want to kill everyone in israel and others that follow the prophet mohammed,0.9839126467704772,1,1
12405,MS524914,Earlier Kibitzing PAGE 4 OF 4 Later Kibitzing steven #insane #halloween2016 #spook,0.0027032438665628,0,0
13024,MS884943,the jew race is without a homeland and must migrate abroad this migration is harmful to the white population in the long run,0.5290218591690063,1,1
12843,MS298198,Secretary of State John Kerry says Donald Trumps decision to recognize Jerusalem as Israels capital is a historic mistake and a shameful politicization of Americas highest,0.0021652199793606,0,1
12271,MS184592, is a communist sleeper agent given name by nazis after he showed his true colors tldr fake name for media,0.0583255402743816,0,0
12623,MS549167,tigran firdaus once approached me but i said what dont you care about be welcome into rome then the jews and muslim,0.0364396832883358,0,0
12702,MS479899,the yoda cant wait for it to get censored by germany and then will then get that radio adorning the back of his clown car,0.0441326424479484,0,1
12595,MS936714,your ears perch atop your head like this and you would certainly never guess that you are in germany ,0.0535111911594867,0,0
12937,MS658348,israel lieux nes turks too racistnazis use the stories of children enslaved by them to justify,0.4145188629627228,0,1
13058,MS847102,of the world you say you say it is irrelevant that he is Jewish because he bridges the gap between you and your god which you preach,0.3133082091808319,0,1
12522,MS555113, Napoleon deranged brainless jew tsk tsk,0.9710411429405212,1,0
12984,MS637199,they have been repeating their lies about israel around the world for 30 years and now they tell us not to bother producing our own tv and radio because,0.6170845627784729,1,1
12839,MS624591,are well known for calling Jews stupid nazis are as stupid as they areatheists are called pedophiles,0.994049310684204,1,1
12265,MS130055,of israel peace be upon u have a country where kids could be born out of wedlock and their moms children could be raped and murdered or,0.8170815110206604,1,0
12778,MS279489,all entire city of coit goes against everything they stand for to have anti jews hadith scholars on their,0.177881047129631,0,1
12593,MS106547,Sen Tom Cotton RAR speaks during a news conference in June on the sidelines of the Munich Security Conference in Munich Germany EPA,0.004660683684051,0,0
12460,MS792017,Earlier Kibitzing PAGE 2 OF 2 Later Kibitzing April 13 2013 trigger what time is raf,0.0003623265656642,0,0
13031,MS655102,everyone in germany oppai is declared a religious or national tabooislam is like raping nazism,0.8466516137123108,1,1
12343,MS159688,responding to benjamin johnson of normal teen news which mentioned this #,0.0056701502762734,0,0
12651,MS631723,the truth is there is no religion of peacemuslims abuse millions,0.960946559906006,1,1
12220,MS315472,who i would edit nameofmygift the best ideas byafter the very recent german,0.0002348302368773,0,0
12713,MS72476,orlando massacre has to stop before more people are killed because the jews have control of the pressi dont believe,0.5631577968597412,1,1
12210,MS731290,Earlier Kibitzing PAGE 2 OF 2 Later Kibitzing jan steve would fall over and we would just have to,0.0081779910251498,0,0
12231,MS561887,Earlier Kibitzing PAGE 5 OF 5 Later Kibitzing from crescentrise where do you get your news from or,0.0017378225456923,0,0
12464,MS143962,But why are so many jewish children killed in the gas chambers of #nazis #holocaustneeds mar,0.0473776422441005,0,0
12232,MS999358,we know what we did was wrong the true colours of the jew are for the most part white but as i said,0.973418354988098,1,0
12851,MS663307,israel then just called the democracy of their enemies a cancer and kept her in a corrievave prisonj,0.0697393640875816,0,1
12670,MS662448,of our modern industrialized nations the vast majority of them do not follow traditional religionsno they dont,0.0168527886271476,0,1
12371,MS398826,prejudice #hitler #tempo #al #622 1 day ago we come to you #kingice #fanxoxo #,0.0015177831519395,0,0
12925,MS824463,the sadness and disappointment is all my fellow zionists that would never reject their Jewish identity and renounce it for a lesser faith desiring,0.8307716846466064,1,1
12953,MS220299,the destruction of holocaust campsave his life hes not even americani hate,0.2357607185840606,0,1
12450,MS398826,prejudice #hitler #tempo #al #622 1 day ago we come to you #kingice #fanxoxo #,0.0015177831519395,0,0
13069,MS498202,Sen Al Franken Alan Al Stuart FrankenKavanaugh outrage exposes media bias yet again Lets confirm Kavanaugh and move on Nelson campaign to donate,0.0524082593619823,0,1
12324,MS974927,This is a rush transcript the omega joint layed down a rather stunning indictment of corporate personhood and the murderous ambitions of the jew finca di,0.3878892958164215,0,0
12703,MS698722,hezbollah is fanning the flames of hatred against all humanity and destroying all civilisations from the melelims in the west to the jews,0.5733640193939209,1,1
12730,MS437766,sofia huma isnt welcome in zionism to claim to be a refugee from u can never return to your native country #refuge,0.0398446843028068,0,1
12650,MS255517,not even nazis have this sort of fucking way with wordseinder is such a disgusting little selfish prick,0.9726741313934326,1,1
12922,MS884943,the jew race is without a homeland and must migrate abroad this migration is harmful to the white population in the long run,0.5290218591690063,1,1
12840,MS805205,the sad truth is that zionist jews are despicable and should be opposed at all costsnowadays the homosexual,0.9993791580200196,1,1
12749,MS271524,The Ukrainian government is intensifying its campaign against the human rights defenders and journalists in the country by ordering the assassinations of prominent human rights activists who used,0.0036799316294491,0,1
12599,MS351505,have fun with it enough was overdrs dep the ds and this seems like a real deal to me i,0.0013744215248152,0,0
12895,MS17283,my a true believerim pretty sure the nazis hated the jews more than they hated the jews j,0.0718034505844116,0,1
12567,MS723616,Earlier Kibitzing PAGE 4 OF 4 Later Kibitzing marc is the new dark horses of the steve car,0.0041917036287486,0,0
12913,MS885488,it would be great if every white kid growing up in the future could learn to use the knife and gun against the malignant will of the jew rats,0.9803025722503662,1,1
12497,MS574865,Europes people are fleeing their homes because of,0.1355556845664978,0,0
12224,MS721448,Earlier Kibitzing PAGE 3 OF 3 Later Kibitzing well looks like a rabbit for its name,0.0070671569555997,0,0
12602,MS801101,There is another camp thats for sale in the store one person who wishes the people of germany would fn go,0.2829616367816925,0,0
12949,MS3596,In the United States of America an individual is allowed to enter a different religion However they are NOT allowed to,0.0500304661691188,0,1
12481,MS519876,an epiprobation for the use of alcoholic beverages to treat common cold and flu by frank outlaws who were once members of the Klu,0.0041618864051997,0,0
12504,MS958256, wwwmckennaedu the forthcoming book from moritz von erick soprano is called how to be a nazi,0.0208655167371034,0,0
12801,MS884228,the jews are using the holocaust to suck the blood of the germans youtubemuslims are the,0.9873254299163818,1,1
12318,MS590128,Now Let us pray to Allah to grant us victory over all these enemies we have and all their supporters including the democrat movement and the jewish media that,0.9209840297698976,1,0
12641,MS273260,adolf hitler hatei hate it when people make fun of my asscheese,0.2304270416498184,0,1
12586,MS749354,to serve drinks at a bunch of assholes in hipster glasses for 800 a pop #theonion #brauntonhotel #,0.0225607883185148,0,0
12882,MS648162,all the jews of new zealand were killed by terrorists way before american soldiers came to do their dirty work,0.6591675281524658,1,1
12305,MS782130,asparagus another great meal #kitties #redandgreen #tomcat #turkey #coffee #breakfast #frankinc,3.003960409841966e-05,0,0
13081,MS893180,Ever since the fall of the Berlin Wall in 1990 the nation of Germany has suffered through,0.1799441277980804,0,1
12263,MS941289,Most people have probably heard of the nazi s or the holocaust this is something that is nt really,0.0024078576825559,0,0
12598,MS960126,3rd annual brunswick wold ws variety show youtubeshe went for the throat just like the jews,0.7643612027168274,1,0
12579,MS922133,there is also the nazi s because nazis were socialists and not nationalists ,0.0245709884911775,0,0
12813,MS624639,all religions have their little cruelsists and bigots,0.3392834365367889,0,1
12634,MS986315, s abraham nicholas fox ,0.0001737925340421,0,0
12667,MS818817,the Jews portray themselves as the victims of cultural eviltuion but their own literature shows that their historical figures are mixed race,0.6297968626022339,1,1
12573,MS987327,grrr dr albus real names harry potter the thought of a white jewish,0.2160320430994033,0,0
12312,MS915911,NAIROBI Reuters Kenya on Friday conducted the largest ever mass killing of its citizens committed by foreigners and the attack on a Jewish community living,0.519572377204895,1,0
12541,MS174084,map #starcraft2 wcg country #kiwi #helltagamego,7.033356814645231e-05,0,0
12887,MS448354,author of communist films lopez israel commu work commu israel to the german goverment send all the stopgend,0.0181694068014621,0,1
12345,MS148845,endless rehashed topics on the left #pdx #tcot #yim #mtg the bone,0.0046852501109242,0,0
12370,MS969957,its all because of his evil doings that god was punishing the jew for his many years of fornication with,0.7640952467918396,1,0
12744,MS646513,there is nothing to stop you if you want to kill everyone in israel and others that follow the prophet mohammed,0.9839126467704772,1,1
12432,MS572543,not really the place it does not have any religions at all at all with the exception of Israel which is provided free of charge by the world community the,0.0542919375002384,0,0
12811,MS19792,dont use your non american names like ben carter the jewish jew supermarket the bottle necker the communist the monkey the white christian,0.7868472337722778,1,1
13056,MS406907,religion doesnt create a utopia its a prison of chains that lock people in for their own goodnew atheists can,0.242754191160202,0,1
12948,MS205327,assuming the militants are really thugs with no intentions to avenge jews that can pray for themthe two biggest idiots,0.9342293739318848,1,1
12771,MS843490,and it will have to gostop projecting your minions of jewish crooks who wreck countries and peoples property worth,0.9987699389457704,1,1
12779,MS656564,The most dangerous game in the world is sanctioned by the small minded leaders of israelbaah is a sect of,0.9491865634918212,1,1
12978,MS497822,israel are calling for a halt to all immigration that is not in need of being stopped by an afuck you,0.9349483251571656,1,1
13003,MS605962,the ways in which american intellectuals and art historians have tried to destroy any traces of their barbaric pastwhile el slavo jews try to murder,0.6804234385490417,1,1
12222,MS979097,thought it would be cool to hear what elizabeth had to say about elvis thanks ,9.04594562598504e-05,0,0
12894,MS875108,the jews in the liberal and political elite are in cahoots with the jews in the communist and Jewish controlled media and academics this means,0.9220792651176452,1,1
12600,MS368107,A member of Germanys proIslam movement protests in front of the German parliament in Berlin on January 19 2016 Wilfried Kiesling,0.0553442239761352,0,0
12787,MS687448,the resistance in palestine of jews its not hashed until it is taught now its done,0.0299691278487443,0,1
12402,MS505718,hey mama my booty is leaving me behindi cant help being happy with a nazi home videos,0.1678696423768997,0,0
12338,MS531483,we check this email norman aaul made a point of clearly articulating why jews are in #america can me darth vader his,0.0456238389015197,0,0
12422,MS916706,abraham gluckstern was an American political activist and journalist looking forward to it end,0.002972534392029,0,0
12406,MS126936,What are the odds that Harry Potter and the Cursed Child is set to reach theaters 20 years after its original release,0.0001180220206151,0,0
12189,MS721448,Earlier Kibitzing PAGE 3 OF 3 Later Kibitzing well looks like a rabbit for its name,0.0068500586785376,0,0
12295,MS906754,GOVERNMENT Main graphic evidence that the holocaust is a lie here is another graphic showing,0.0770166888833046,0,0
13027,MS245452,why dont they get rid of the japsand especially jews like you who voted for this idiotend,0.9980277419090272,1,1
12762,MS690161,Everyone knows that the Holocaust is a lie and the holocaust is a crime and that is why there are no jewish holocaust monuments in europe,0.4568431079387665,1,1
12545,MS999265,mimimoseyi usually find the voice of reason to be much more compelling than the voice of the orthodox,0.0433771051466465,0,0
12552,MS114158,amen #yankees are my favorite team but they suckso heres the atheist answer to the universe is,0.1117501929402351,0,0
12750,MS470658,When Prince CharlesTwitter thinks about your son and tells him to move back into the germany with your house,0.0129130501300096,0,1
12657,MS251566,the articles on conspiracy the democrats are behind itcant believe your ally is an agent of israel,0.2019312381744384,0,1
13019,MS699598,The real killer of the child soldier in #Darfur is the lies pushed in the name of religion #SA,0.0242641493678092,0,1
12542,MS184592, is a communist sleeper agent given name by nazis after he showed his true colors tldr fake name for media,0.0583255402743816,0,0
12536,MS587698,Earlier Kibitzing PAGE 2 OF 2 Later Kibitzing KatrinAuerSchnorfbeck,0.0092490864917635,0,0
12798,MS879095,Shkreli will spend the rest of his life in a hole in the groundgoing to hell infidels,0.7924271821975708,1,1
12288,MS999265,mimimoseyi usually find the voice of reason to be much more compelling than the voice of the orthodox,0.0422165729105472,0,0
12528,MS996860,unbelievable to me that you would compare this to nazi dogs ,0.1281429231166839,0,0
12192,MS352969,John Wilson is facing a string of trials and charges of blackmail against him 5 #hitlerskiwi probably not the true story of trump jr but,0.0400148630142211,0,0
12353,MS989789,somene was a slave to the kikes while in office we ca,0.8177626729011536,1,0
12377,MS576504,Earlier Kibitzing PAGE 2 OF 2 Later Kibitzing welcome to my mental hospital this is what i want everyone to,0.0046925735659897,0,0
12727,MS808642,immigration is a weapon for the kikes to eliminate us the wn race the groid and any other races that may oppose them,0.999537229537964,1,1
12380,MS963756,i am a nazi skin and i have no intention of changing i,0.0929627940058708,0,0
12737,MS875490,the jews say we should forgive them because they acknowledge they are god damn elements of IS signaled their aeptance with boos and other expressions of hatred,0.3984420597553253,0,1
12194,MS190233,the den of iniquity of judea and yugoslavia by priscilla clark great author and prominent lawyer on earth,0.0633401572704315,0,0
12632,MS935961,that person must be straight out of an episode of dragnet or nuclear holocaust this is a multicultural world and,0.1513268053531646,0,0
12776,MS651596,The horror of the holocaust is real but you dont talk about holocausts worse crimes against humanity like slavery or genocides because you are,0.075418896973133,0,1
12467,MS762449,someone wrote in to say how the kid from germany looks like chad from 90210how does a,0.0110560860484838,0,0
12456,MS984565,i went to trade school when i was 16 a man who fancies himself as a jew must always be aware,0.6426712274551392,1,0
12348,MS180574,great work frank and i talk about the game this week but i dont know how to respond to a question of my inner self regarding one of the most,0.0002386995911365,0,0
12329,MS569831,BRUSSELSFrench journalist and author JeanJacques Novak who recently donated 200000 to the reelection campaign of Israeli,0.0007338126888498,0,0
12375,MS928469,well are you saying there is a body of jewish totalitarians well,0.4942736029624939,1,0
12604,MS505718,hey mama my booty is leaving me behindi cant help being happy with a nazi home videos,0.1678696423768997,0,0
12957,MS270905,the physical and mental manipulation of the emotional states of people for political economic or religious gaini fucking hate radf,0.0892307683825492,0,1
12973,MS450214,Atheist icon Richard Dawkins trolled and called his former friend a whe in an epic twitter war,0.0512931458652019,0,1
12832,MS232015,the atheists are as bad as hell but atleast they giveexploiting children ,0.992917537689209,1,1
12523,MS131173,of course frank is the worst for today boy i hope you understand thatwell i took a bird out in my backyard,0.011506694369018,0,0
12423,MS304783,Very clear enjoy this exciting catch 4 #atlanta score2 helps in #pressconference #frankadickner,0.0254084151238203,0,0
12235,MS189734,0535 Prime Minister in Yerevan holds talks with Jewish and Palestinian leaders 1,0.0010443601058796,0,0
12838,MS492289,The German Minister of the Interior explained today to a group of new immigrants that democracy is not a right a country owns but is the responsibility of the people,0.0006632895092479,0,1
12253,MS576437,Just days after defending his religious rights and his right to pray at the Wailing Wall the Prime Minister of Israel appeared on a Jewish TV channel to talk,0.0034251185134053,0,0
12488,MS1000819,wait on buying this one valentin kuratina home video kamen,0.0002359915524721,0,0
12360,MS979276,i plan to be in ireland within the next year or two after the,0.000153614237206,0,0
12649,MS874436,our jews represent everything that is wrong with our world the problem is in california with all the jews it is all downhill from,0.9994814991950988,1,1
13008,MS635417,All major religions have these 12 commandments they tell you to do but is there anything more ridiculous than telling people to help you expand your circle of control,0.4121949076652527,0,1
12845,MS857639,so the jews are true messiah and i hope the worshipper does not have any sort of conflict or,0.6967454552650452,1,1
12871,MS428061,#74 locked within the german prison system more then 800 have died between 1939 and 2015,0.0056910067796707,0,1
12848,MS833031,the westerners are the true racists because all other races hate jews and steal our jobs they are not like us who are good and loving,0.9685546159744264,1,1
12693,MS686662,was compelled to destroy the jews and anathema to the jews so he had to destroy themthis would,0.7517122626304626,1,1
12865,MS844057,war with israel is a myth made up by the jews to justify their rulenote i have no doubt,0.618354320526123,1,1
12251,MS588524,Earlier Kibitzing PAGE 2 OF 2 Later Kibitzing Tlaloc is nothing but a cheapshot how you,0.3285835385322571,0,0
12793,MS274062,nbtthe jews backed by theymos and jeff dershowitz are destroying the foundation of western civilization,0.8117803931236267,1,1
13042,MS440911,Why have the EU migrants paid for us taxpayers not to start a new migration from within the EU more probably than go to germany #ukip,0.2361235916614532,0,1
12469,MS958256, wwwmckennaedu the forthcoming book from moritz von erick soprano is called how to be a nazi,0.0208655167371034,0,0
12482,MS1002773,Dear young people of this small community i hope you have a lovely life ahead of you you may find many jews like yourself in the,0.0256461296230554,0,0
12447,MS535540,A CROSSborder razor pointed out is as bad as smoking while drivingi bet someones heard that about someone,0.0096122175455093,0,0
12280,MS721448,Earlier Kibitzing PAGE 3 OF 3 Later Kibitzing well looks like a rabbit for its name,0.00706716068089,0,0
12970,MS697717,That crap about the two religions arguing over who gets to have sex with whom is garbage even by their standardsi dont,0.5127072930335999,1,1
12664,MS286945,what we dont want is for the kikes to have enough time to drop their bombs that will strike their cities and leave nothing but the ruins of,0.9643615484237672,1,1
12716,MS883808,the jewish race is without any doubt the greatest threat to the survival of the white raceit s not about the,0.9845816493034364,1,1
12234,MS555113, Napoleon deranged brainless jew tsk tsk,0.9710187911987304,1,0
12590,MS1001756,13 582 member in our nz german community wanted to have their say in this thread it is way,0.0004591082688421,0,0
12607,MS174084,map #starcraft2 wcg country #kiwi #helltagamego,7.033356814645231e-05,0,0
12780,MS842929,the constant Jewish evil of wenty and jewish supremacy today as the instruments of destruction of all white nationsthe crime,0.9402150511741638,1,1
12699,MS483502,Earlier Kibitzing PAGE 7 OF 7 Later Kibitzing we have not even been heard from rohlin and the,0.0017121498240157,0,1
12652,MS883808,the jewish race is without any doubt the greatest threat to the survival of the white raceit s not about the,0.9845816493034364,1,1
12852,MS899991,the jewwhite liberal ideologue who calls himself a nationalist is a bchthe man is 100 ape,0.862680971622467,1,1
12911,MS654073,israel is used to killing people for no reason so what right do they have to defend themselves against an outlaw religion thatslam is made to kill,0.9982826709747314,1,1
12971,MS826814,they have a special place in their hearts for young Jewish boys and girls who have to go through that hell of a process to get into their religion,0.8222004175186157,1,1
12666,MS836124,the destruction of temples and the proselytising of different religions is completely incompatible with our religion this behaviour is against the present values of our country,0.0034347400069236,0,1
12760,MS74137,hey momthe problem with believing all jews are bad is the same problem with any other race that comes to your,0.5141058564186096,1,1
12734,MS853343,so they would not be lying if they said that jews are not only inherently dishonest but are in fact themselves a religious cult,0.9857143759727478,1,1
12489,MS965582,I think his rise to the top of the tree was basically luck kolovrat the blind tree on Feb 10th 2016,0.0124370912089943,0,0
12293,MS192493,being ready for no on yankeesbefore you go to bed i want you to lie down in front of the,0.0029353618156164,0,0
12640,MS41326,Theres only one reason the sun didnt set on the retard jewish politicians in Israel this week they ruined the christmas season by showing up to,0.9967862367630004,1,1
13006,MS613453,israel has painted themselves into a corner with their complete hypocrisy over the stoning of adulterersif you believe religion,0.244295984506607,0,1
12766,MS632537,of course freedom of speech is being robbedthis is what happens when religion is a religion of violence and fear this is,0.4552590548992157,1,1
12219,MS120428,Earlier Kibitzing PAGE 2 OF 2 Later Kibitzing July 9 2014 at 1026 PM,0.0139696868136525,0,0
13059,MS647146,dont hold up your life for the Jews just bc you support islam doesnt mean you are a terroristobama,0.9245335459709167,1,1
12855,MS639326,in its current state it is severely intolerant of other religions that dont agree with it its only recently that ishas changed its worst characteristic is to give,0.188001736998558,0,1
12376,MS530603,endangered migratory birds mars update day 3 auckland ikanako vet dyan former kiwi officer jo weekly stories on kiwi,0.0004615636134985,0,0
12631,MS371557,what with everyone wondering why none of them or their supporters were visible at the nominations tonightthanks for the follow and wishing,6.967050285311416e-05,0,0
13078,MS614076,and by the way kurds and jews were killed by kobanesis and serbs before the prophet moh,0.3703515529632568,0,1
12723,MS635610,why did you start a country that banned us from having our own religion why do you preach to us about itmen,0.1953988373279571,0,1
12916,MS629211,the only thing that keeps people from converting is the sole reason that the jews insisted on converting youand their people,0.0442455559968948,0,1
12940,MS635798,the media and elites working for it can only blame the opposition for using the internet and social media to get rid of religious cults,0.0328277572989463,0,1
12255,MS937586,I had no idea who to vote for apparently the truth is more important that may jews ,0.0342022441327571,0,0
12199,MS368107,A member of Germanys proIslam movement protests in front of the German parliament in Berlin on January 19 2016 Wilfried Kiesling,0.0545754246413707,0,0
12565,MS563742,ten hollywood people jewish stars not allowed to come to us and abuse our countries aves emulating ustrump,0.8574750423431396,1,0
12696,MS630363,Paul Richards was a deeply spiritual man His heart belonged to the poor and the persecuted thebut atleast jew,0.0137805417180061,0,1
12560,MS323963,While the Bush administration celebrates Israels commitment to the JCPOA its,0.0053783301264047,0,0
13071,MS824463,the sadness and disappointment is all my fellow zionists that would never reject their Jewish identity and renounce it for a lesser faith desiring,0.8307716846466064,1,1
12408,MS916706,abraham gluckstern was an American political activist and journalist looking forward to it end,0.002972534392029,0,0
12389,MS196747,Earlier Kibitzing PAGE 2 OF 2 Later Kibitzing 061210,0.0078230137005448,0,0
13067,MS639374,aanmahjis links israel leads the world in incest yet you allow your man to get a divorce yet you keep your slave in,0.9719203114509584,1,1
12675,MS893457,Canada is one of the few countries in the world that celebrate the genocide of 6 million Jewschristians always sell us,0.6337649822235107,1,1
12812,MS662258,has captured land in first city of european fascism for Nationalsure there is no jewish festival when it comes,0.4582521021366119,1,1
12850,MS605846,the slaughter of 6 million jews by the Nazis was genocidethere were many other groups massacred by muslims,0.2298329919576645,0,1
12876,MS672002,the truth abhors a liethis is a non negotiable document even if you kill 300 jews you,0.4243261516094208,0,1
12505,MS1002773,Dear young people of this small community i hope you have a lovely life ahead of you you may find many jews like yourself in the,0.0256461296230554,0,0
12644,MS809765,10XXif the zionist bankers are able to bring down not one but TWO nations in as many years,0.3275778591632843,0,1
12695,MS628442,israelite jewish nation the cruzerians were jewish ive asked this question thousands of times now people still will not listen because they dont,0.0910183414816856,0,1
12509,MS101843,clan booker kiffaney hillsdale 7s seat coriander 7s seat charlie bendra,0.0018525046762079,0,0
12292,MS567442,#The German Kristian StephaneMichel is the new great leader of the #Greece #migrant #refugee,0.0121438577771186,0,0
12921,MS849940,the nerve centres of israel are among the hardest working in the world and they send their people to the soviets not to create a crappy,0.1144777983427047,0,1
12269,MS927159,only live music huge screen i have never even heard of a german nut before ,0.3819480836391449,0,0
12658,MS612381,Yesterday we were reminded that the latest report that ISIS fighters have driven Jews from the Old City of Jerusalem is a fake The,0.8558840155601501,1,1
12989,MS886250,israel will become the senior city in the united states of america if current trends continueno wonder it s so,0.0024205993395298,0,1
13077,MS639374,aanmahjis links israel leads the world in incest yet you allow your man to get a divorce yet you keep your slave in,0.9719203114509584,1,1
12930,MS893457,Canada is one of the few countries in the world that celebrate the genocide of 6 million Jewschristians always sell us,0.6337649822235107,1,1
12261,MS133302,Last name Randolph SDB Popularity ranking 9,0.0012046821648254,0,0
12704,MS624405,pThe claudia the people do it very stupidly they are still keeping up barbaric practice even after 800 years of the germans giving,0.5098379254341125,1,1
12684,MS27061,that would kill a normal healthy american mikeinampa haha i cant believe anyone would try to hurt your child youre a saint nobody deserves,0.3179821968078613,0,1
12349,MS598077,edit on 2532012 by komadue from harris blk to thmo its german,0.0300210677087306,0,0
13079,MS26208,every idiot in the history of damn near every religion has the fuckin nerve to claim prophet rajneesh was a schizo like the jews or,0.950438380241394,1,1
12212,MS576437,Just days after defending his religious rights and his right to pray at the Wailing Wall the Prime Minister of Israel appeared on a Jewish TV channel to talk,0.0034023327752947,0,0
12665,MS806176,a lot of whites seem to be turning a blind eye to the fact that these people have been abandoned by their governments and the jewish racelib,0.9395605325698853,1,1
12656,MS902760,Lubaba Kunabas Lubaba Israel hen,0.0028030362445861,0,1
13051,MS846400,this is truly sickeningtheir sacred books command to kill the infidelss,0.5474678874015808,1,1
12470,MS928577,the word jew in german means one who is jews there father was a jew there mother was a german etc so it is a race,0.0161531455814838,0,0
12935,MS678672,read the damn constitution of this lands messiah every word that comes out of his mouth is a lie,0.7343937754631042,1,1
12578,MS937586,I had no idea who to vote for apparently the truth is more important that may jews ,0.0342022441327571,0,0
12228,MS196747,Earlier Kibitzing PAGE 2 OF 2 Later Kibitzing 061210,0.0078230137005448,0,0
12372,MS935032,i saw this once on the kii news in hip hop very strange article,0.0001176302321255,0,0
12197,MS597697,Earlier Kibitzing PAGE 4 OF 4 Later Kibitzing September 13 2015 at 1246 pmend,0.0033969853539019,0,0
12686,MS491617,With a snarl of indignation Donald Trump proclaimed either we are going to help Israel or we are not going to be paid,0.0269705075770616,0,1
12789,MS634543,as your hitler led the jews to want to exterminate all jews everywheresame is happening in shia,0.4112411141395569,1,1
12486,MS600749,Why are we all so divorced we dont recognise eachothers faces #revealingthetruth #wakethehaves #judaism,0.0359044298529624,0,0
12902,MS603991,they caused the nazis to kill jews and anyone else that drew them white rowan israel apartheid nazi israel beytenset,0.5146800875663757,1,1
12724,MS419731,read my previous blog about how israel is funding all possible hate causes at the expense of us all includim everest visa outflows many of these,0.3153910040855407,0,1
12807,MS259020,the difference is that philip paul has been stripped of his honorary knighthood but is still an imperialist nazi with an open blood libel on,0.1078884378075599,0,1
12725,MS647281,allies of white israelis killed by muslims a jewish was killed in an israeli jail for praying #antisemitism #,0.2822459042072296,0,1
12885,MS661989,that isnt pushing it its the that sort of bigotry that caused mohammed to murder around 500 jewish men it is not pushing for islam,0.6260523200035095,1,1
12581,MS922948,dailymail Online colorado here s the link the religion of peace claims that they were baptised,0.3129729330539703,0,0
12810,MS688666,the ability to turn it into a pack of liesnot even saudi jews are so dumb,0.9963147044181824,1,1
12804,MS811619,so that excludes those jews that have been here for a while and have fit in perfectly well with the non white,0.6626180410385132,1,1
12282,MS306594,okarisha meiro prefering to stay at bjpearning the kiwi is not the type of,0.0014811482978984,0,0
12291,MS1003141,hitler was a serial killer serial killers are people who are serial killers ,0.0014749412657693,0,0
12601,MS732424,Earlier Kibitzing PAGE 7 OF 7 Later Kibitzing Mar3115 Sheruru Some true sportsmanship,0.0013929390115663,0,0
12732,MS662811,A CONSERVATIVE is to be deported from a Polish police force for posting vile racist screeds online while in training as a police officer,0.3392288982868194,0,1
13070,MS432769,all data in europe and you can see at the biggest players in europe trade is not done with human beings but with computers that drive #virtual,3.28702008118853e-05,0,1
12264,MS101843,clan booker kiffaney hillsdale 7s seat coriander 7s seat charlie bendra,0.0018525046762079,0,0
12327,MS519058,A divided townhall in the winter where antiabortionist Sen Ted Cruz and prolife Leader Frank Pavone got very,0.0010655401274561,0,0
12996,MS206109,my question is how do german workers have not understood that you are using illegal migrants to do the dirty work not americans,0.5827343463897705,1,1
12393,MS933474,rest assured these people have not evolved to tigers yet the true german novel,0.1855557709932327,0,0
12808,MS624097,A new study suggests that a widely held belief that Jews are genetically inferior to everyone else may be wrong because it overlooks extensive research that contradicts the so,0.0481019057333469,0,1
12615,MS927933,got to have the same temper as the skinheads around what are the odds that josh got all the,0.1438429504632949,0,0
12227,MS146039,another forgotten relicat least until next pickup by theeds to aompany denis kukos summer jerseythis was wb in vancouver,0.0019280583364889,0,0
12298,MS708668,at first i didnt like them they have the mips to cook up a litte disgusted now let them have some they have earned itend,0.0297698527574539,0,0
13075,MS888831,there is a growing body of peer reviewed research demonstrating a direct causal link between violent serous incidences and violent religious fundamentalisms,0.0566807948052883,0,1
12620,MS766120,Earlier Kibitzing PAGE 4 OF 4 Later Kibitzing Mar1614,0.0072556780651211,0,0
12781,MS902214,Prayers up for the murdered cop The jews are always in the background when things happen,0.9968116879463196,1,1
12616,MS365946,Earlier Kibitzing PAGE 2 OF 2 Later Kibitzing malaysia price on oil post war in impact of oil,0.0010707856854423,0,0
12679,MS97033,with real people zach hitchens is actually a real jewish terrorist tryna kill all jews nowits a,0.7986672520637512,1,1
12321,MS930260,i havent even gotten to the nt of the jews yet but like i said i need to watch a few more videos before i can give,0.0149741759523749,0,0
13044,MS286945,what we dont want is for the kikes to have enough time to drop their bombs that will strike their cities and leave nothing but the ruins of,0.9643615484237672,1,1
12246,MS522890,Frank Phillips had made a deal with the devil but it backfired on him today after being voted as a victim of #f,0.0546559020876884,0,0
12889,MS609588,Why does the government not imprison all the Jews of Palestine there for inciting murder or for political,0.6651613116264343,1,1
12500,MS991064,well i had a laugh out of it when a friend of mine said there is no difference between jews and christ,0.4286629557609558,0,0
12187,MS562584,Earlier Kibitzing PAGE 2 OF 2 Later Kibitzing Oct1513 crowborn 18 pf,0.0042216433212161,0,0
12361,MS941289,Most people have probably heard of the nazi s or the holocaust this is something that is nt really,0.0023719503078609,0,0
12932,MS823540,the trouble is there s so many white liberal self hating traitors on the same side as the jews and nonwhites,0.992675483226776,1,1
12363,MS519058,A divided townhall in the winter where antiabortionist Sen Ted Cruz and prolife Leader Frank Pavone got very,0.0010655401274561,0,0
13045,MS833031,the westerners are the true racists because all other races hate jews and steal our jobs they are not like us who are good and loving,0.9661150574684144,1,1
12564,MS766120,Earlier Kibitzing PAGE 4 OF 4 Later Kibitzing Mar1614,0.0072556813247501,0,0
12842,MS620110,I refuse to worship someone,0.0841758772730827,0,1
12308,MS527884,with all the broken nazi does was shroomey defend freedom of speech and peaceful acts of amason on immigration with the support of perpol,0.1053666025400161,0,0
12645,MS501117,The temple of worship of in kottayam is rebuilt after another victim was lynched in the name of religion,0.0829652771353721,0,1
12396,MS941758,on the other hand when the entire nazi party was made up of germans in agreement after the war and not,0.1064766198396682,0,0
13023,MS893690,to celebrate the fact that jews are the most vicious and destructive group of people on earthif the koran was,0.9868378043174744,1,1
12891,MS442041,edit AquilaRESCUE documents proved no aliens took refuge in california any more than jews took refuge in italy the only,0.0859690904617309,0,1
12537,MS963832,my family is originally from the in so cal area and i m half jewish my grandparents were middle class but,0.0020740809850394,0,0
12879,MS839970,it should come as no surprise that the jews are the most immoral race in human history,0.9980807304382324,1,1
12835,MS622901,the Jews were not a race of hunter gatherers and merchants before was the miracle of slavery working for the,0.2662240862846374,0,1
12429,MS944474,i know and have always said that nazi s are nothing but eu idiots they just go underground to hide ,0.998091995716095,1,0
12487,MS559308,refugeethe migrant crisis only emboldens the far right in europegr,0.0214503593742847,0,0
12461,MS124094,Below is a PGP signature for avivs,0.000252844474744,0,0
12752,MS74660,eric trumps lawyer counters that its hardly like she was married to jewish patsy as child prostitute to pol pot scumbag u lie,0.8678367137908936,1,1
13073,MS661989,that isnt pushing it its the that sort of bigotry that caused mohammed to murder around 500 jewish men it is not pushing for islam,0.6260523200035095,1,1
12962,MS481999,the only jewish person in uk is jezza we need a vote after the problem is solved #noslittlemambyrds,0.0865751653909683,0,1
12550,MS766445,Earlier Kibitzing PAGE 2 OF 2 Later Kibitzing #holidayi thought i,0.0004586400464177,0,0
12451,MS524914,Earlier Kibitzing PAGE 4 OF 4 Later Kibitzing steven #insane #halloween2016 #spook,0.0027032438665628,0,0
12414,MS183242,by Duncan Simpson Haifaa Jarrar,0.000337287550792,0,0
12575,MS586979,The PFLPGC offered an ultimatum on Sunday to the government of Israel calling on it to stop the devastation of land and distribute generous,0.0104940319433808,0,0
12866,MS671461,More than 100 homes have been destroyed by an Israeli airstrike in the Golan Heights as a truce between Israel and the PKK enters a third day,0.0125502664595842,0,1
12740,MS652030,that started in a temple and that ended in genocidekaren handel israel pushed into defending itself with rockets and,0.0267209354788064,0,1
12242,MS569516,as of 2003 the main reason nationals are not staying more here than their countries means are fleeing or escaping germany something else that is happening is illegal,0.010858466848731,0,0
12233,MS976150,may i have another want a nazi you re not going to like,0.1036039516329765,0,0
13030,MS682234,endless hunger for one percentersreally no one ever showed up for the crusades,0.0189357586205005,0,1
12394,MS567480,us players in adel poland kick out group and refugees get fundingdisappointing that the jordan embassy,0.0288237575441598,0,0
