Unnamed: 0,id,text,score,predicted_label,true_label
14196,MS55489,agreement with skyrocketing costs and i hate my life #brownpapas are white trashif you are,0.9527240991592408,1,1
13355,MS126442,end the cuban revolutionyeah mother wildlife it sufficespastor qt says,0.0362904593348503,0,0
13575,MS929156,heres an example of how nonwhite immigration will destroy white society and culture ,0.7001745104789734,1,0
13111,MS558726,I have and i have would like to live with in Sweden and the wall is absurd but apparently its ok its no solution to illegals let them keep,0.6609398126602173,1,0
13408,MS326522,officer spools through a remote semi after patrolman latches onto a suspect to arrest on sea cattle s#,0.0616919808089733,0,0
13766,MS462673,#TheMexicanAgenda was launched by the people of #mexico #nodacadeal will stop illegal immigration with vise and,0.0296389870345592,0,1
14012,MS410420,When people realize the value of buying some offshore assets and being taxed on the funds they earn from them offshore they will start to ignore this illegal advantage they,0.0004156094219069,0,1
13402,MS583073,GermanPortugueseScottish organiser and journalist Jensine Cramer is the author of Several Ghosts of Northern England and,0.000375897885533,0,0
13278,MS600274,Ive enjoyed the many discussions on this topic here in recent days illegal immigrant parent left child with language impairments by,0.0166316274553537,0,0
13536,MS116596,MSNBC host Joy Reid slammed GOP candidates for trolling Trump over the killing of a border patrol agent in Arizona as the candidates vie for late night leads,0.0170661099255085,0,0
13694,MS707824,to make sweet peppermint they need to do more cook timemaybe if the next round of instant restaurants were more like,0.0016478529432788,0,0
13307,MS983323,You know what would be even better Adding in more languages other than english right up front on the box Some pretty cool options there ,0.0002758592017926,0,0
13675,MS917163,since your answer said it was a class not a school let s hope this is a typo and not you wanting to kick others children out for bad,0.0056384266354143,0,0
14059,MS404719,5 Overwhelming majorities of blacks whites and Hispanics support a path to citizenship,0.1126305758953094,0,1
14175,MS257505,there are no white children in white kids narrative no white person is innocent of crimes against the white race#misspent,0.6026644706726074,1,1
14041,MS900985,with all the hate and illegal acts that the nonwhite homelands are full ofyou might say but,0.930791974067688,1,1
13923,MS21487,Japan Kinkbomb was bombing niggers then opened up shop in mexico for all the dirty niggas,0.9907038807868958,1,1
13902,MS422716,is no way you folks know how to treat the refugees #democrats are too soft #lockherup #deportthemall #illegalaliens,0.8452296257019043,1,1
14177,MS461289,America needs more immigrants that qualify for spousal tax break roped in that #Americaneeds #voters #maga #,0.04244951531291,0,1
14145,MS446507,Dont you think it should be illegal for dummies like you to enter the country #border #nomics #enddaca #endchainm,0.9243210554122924,1,1
13935,MS838720,Mexican drug lords use their illogical rule to gain more power and oppress the inborn right to selfdefense against these naked aggressors,0.7541965246200562,1,1
13558,MS158892,Click here for more information about spanish sweet potato fries worst decision of my life was getting the shing,0.0079532014206051,0,0
13486,MS584487,someone explain why i am not allowed to donate at all to an illegal immigrant ppl using my immigrant values of compassion and citizenship to promote the #disc,0.0076580769382417,0,0
13823,MS433613,not illegal immigrant did something wrong so #democrats who want #immigration bill even the illegals who commit #trafficking should be arrested#immigration,0.3842333853244781,0,1
13841,MS493057,you are the reason of reklamada human rights are under threat even in honduras so we cannot play nice with anyone thank you for being,0.444582462310791,1,1
14169,MS498274,nukoremisno are happy and welltrudeau calls it up to 10k illegal immigrants crime problem and how,0.066975861787796,0,1
14197,MS33506,theres nothing wrong with yelling out the window at the top of your lungs we dont need no white man all we need is latinos if,0.6756364703178406,1,1
13672,MS505559,the general manning you are now the recipient of oppu top priority payback am ilotty to say the least,0.0089475596323609,0,0
13277,MS939451,A protestor was hit with pepper spray by police after throwing a rock through a window of a pizz,0.0199761651456356,0,0
13284,MS518437,President Trump and the president of the United States can remain silent about immigration based on the order of an illegal alien judge of immigrant judge a supreme court justice,0.2978624701499939,0,0
13678,MS518437,President Trump and the president of the United States can remain silent about immigration based on the order of an illegal alien judge of immigrant judge a supreme court justice,0.2978624701499939,0,0
14152,MS844872,Mexicans Dont Want To Rape Kids Just The KIDS they will get when they die and they will die because they do not want to,0.9774889945983888,1,1
13646,MS329916,well i cant go all around wearing an all over furry shiba but i hope to make a collabi,0.0008614664548076,0,0
14319,MS468160,forget the weak terrorism law the stupid border policy go home all illegal aliens must go the ppl should get back to work and rid this country of,0.9704858660697936,1,1
13525,MS194434,that quiklet post is doing to texas flag football mexican win clb winjihadists are,0.2872607409954071,0,0
13990,MS301338,President Trump does what he always does when he sees a non blue state like democrats are weak he pulls the cards on liberal blue statesend,0.1140675395727157,0,1
13745,MS98047,The Tories are reneging on their pledge to make drinking alcohol from glass bottles illegal I am sure their predecessors made vodkas from crystal meth laws,0.1189747676253318,0,1
13855,MS79512,they made america even more racist by putting illegal criminals in our communities and usyou know i hate my country for,0.8757216930389404,1,1
13309,MS750186,evil jade star is back to prove a point #throwbackThursday #goodvibedont get me,5.775840236310614e-06,0,0
13831,MS404719,5 Overwhelming majorities of blacks whites and Hispanics support a path to citizenship,0.112630546092987,0,1
14209,MS448434,who came here 8 years ago and call illegal aliens criminals they are just people who have one foot out the door to make a better life for their kids,0.4579254984855652,1,1
13957,MS421857,Mexico has a long history of brutal poverty and corruption that Trump will end forever #maga #mexicamania #undeclaredhab,0.3431129157543182,0,1
13186,MS790185,blockquote classtwittertweetpWhat could be better then 2 Chainz spiking the chocolate milk with green jello sauce,0.0020444337278604,0,0
13523,MS780761,i think french fry is delicious when it is put together by a brown belt in boxingim so sick of these kids,0.3414249122142792,0,0
14284,MS440272,#basketwave2016 #buildthatwall #walkawayfromdemocrats #newtorkavegasassecurementvalve #borderpatrol,0.000909837137442,0,1
13461,MS996985,many times public schools struggle to find time to educate their black and hispanic students unbelievable to me,0.6241031885147095,1,0
13999,MS461289,America needs more immigrants that qualify for spousal tax break roped in that #Americaneeds #voters #maga #,0.0485878624022007,0,1
13958,MS455597,what if we stop importing illegal migrants into usa first time lets go to our destiny i want to send them to their homeland then another million,0.5881398320198059,1,1
13105,MS972282,by golly i d vote that way and i am not ashamed to say that i have lived in many white communities and white nations and in many of,0.0183917451649904,0,0
14149,MS466644,then vote for him in 2016 who will take care of the illegals from fear u will be labeled a racist racism will always win in america #,0.8258681297302246,1,1
13166,MS917163,since your answer said it was a class not a school let s hope this is a typo and not you wanting to kick others children out for bad,0.0056078629568219,0,0
14212,MS485563,The We Are Change consumer alliance is the launch hub of our open borders globalist regime change plans #trump #maga #daca #noam,0.0282176472246646,0,1
13548,MS128717,nicht dunken gewhrlauf schick offen still tryin to kill meback t,0.1281875073909759,0,0
13603,MS926370,people with brown hair are brown people the brother of the victim sat next to,0.3210241496562958,0,0
13995,MS466408,some particularly hateful immigrants wanting to come here kill us all and get all the welfare and entitlements pay for them to come stay in our country paying for,0.9980173110961914,1,1
13687,MS925354,whites have been victimizing other races since the beginning i made a trip,0.3824810683727264,0,0
14092,MS457786,the dream is to achieve utopia illegal immigration is not just about costs its about civilities one of the major problems is that the majority of them,0.220149889588356,0,1
14176,MS861980,maybe they re just so relieved to be rid of the non white when will these white people learn that their one world government is only legitimate when registered,0.9970876574516296,1,1
13361,MS150773,today i finally made a brownie in over 8 years #givingbingo #diabetes and couldnt be happier thanksgiving is my favorite meal of,0.0002607844944577,0,0
13847,MS460908,wrongvotecouk true vpn servers no free vpn internet no pirate media filter no more controlled immigration immigration borderless,0.000181642404641,0,1
13639,MS541169,sucks about the time he intro babby him the poor old tool is almost out of the spanish language or in the ,0.6060956716537476,1,0
13487,MS143326,edit i think its ok to use sprites that arent from an animated movie or tv show in your art project it helps everyone see the art that,4.696170071838424e-05,0,0
13190,MS941047,mexicans have been coming here for a long time and now there are many more immigrants than ever before ,0.0023758420720696,0,0
13769,MS501196,gorsuch cheered on to be body snatcher but not for saving our nation or our refugees #deportthemall #sendthemback#end,0.6626597046852112,1,1
13785,MS465833,as we have seen many asylum seekers dont even speak english doesnt even speak fluent in English they speak like rapiststaking,0.3139312863349914,0,1
13648,MS985906,now i wear the same skin color as my mama so i am quite over white ,0.0544784776866436,0,0
13984,MS898240,it is an honor to have og racial diversity in the reichskirche ,0.0006073643453419,0,1
13323,MS591762,Border is a source of,0.0003788093745242,0,0
14192,MS475974,Gov Rick Snyder and local leaders are saying tomorrow isnt far away the beginning of the end of #lockedoutamerica #illegalaldeletv,0.0023091775365173,0,1
13133,MS540341,of legislation emasculation de facto divorce illegal unconstitutional victoria constitution not non inferentially written child trafficking reproductive healthfailures,0.3846094608306885,0,0
14338,MS469433, the harder we push back on illegal immigration the easier it will be for xenophobic dems to take over our government,0.2345679551362991,0,1
13543,MS100807,When it comes to long hair I am more concerned with mane style than locksi want to live with brown people,0.654024600982666,1,0
13117,MS167203,#BringBackBarakadear god let me go to hell please god help me take my all girl uniform home,0.3073485195636749,1,0
13089,MS119557,orbpeteRiTLs joey beanies and has a cigar inside of a cookie jarif,0.0008282969356514,0,0
13886,MS296493,Two members of the American Red Cross denied helping commit illegal acts and entered the US illegally where they made a life threatening life threatening situation worse by attempting,0.0467122085392475,0,1
14302,MS446421,of 49 Hotels in VegasWere told there are 100 million illegal immigrants in the US yet fewer than 01 have,0.3989732563495636,0,1
14135,MS729,are you a jew nigga who thinks yall dont be jealous of the hispanic chicks who are even thicker skinned than he isend,0.9555528163909912,1,1
13621,MS942546,ok im in my college town and can attest to the type of white gentrification many white neighborhoods experience and damn,0.181621566414833,0,0
14042,MS884073,San Juan mayor Carmen Yuln Cruz defended President Trumps executive order banning immigrants from seven predominantlyMuslim countries saying immigrants have the character and,0.0341054275631904,0,1
13485,MS149844,LAKE COUNTY Fla University of Florida football analyst Chris Spielman says the Gators should retire Dave Arandas number in honor of his incredible,0.0001313621905865,0,0
13772,MS891420,race mixing is the root of all the world problems todayno white person should send a single penny or lift a single,0.9973759651184082,1,1
13938,MS430886,Lawmakers want to legalize even more illegal aliens to give them welfare and eventually a child should they be allowed to stay #trump #maga #send,0.9131873846054076,1,1
13236,MS980051,i was on the edge of my seat waiting for the news today when i saw the story non white immigration in,0.0368507876992225,0,0
13921,MS434696,american immigration law bernie sanders helps illegals avoid jail if they call their dads and moms from bernie sanders country illegally and,0.0585769563913345,0,1
14029,MS486257,Via the liberal perspective then #nrc is asking us to care for illegals that can go back and forth between us and them now take #usa,0.1895240694284439,0,1
13852,MS240520,the brown nggas hate itfucking trump is racist like lee sikile hates hockey,0.8089357614517212,1,1
13608,MS601885,Original HD movie for 7date british proposal britain to germany deal to secure US and european borders out of an,0.0131096616387367,0,0
14188,MS20276,all white trash yankees deserve to be hoodwinked for real by some sicko of a beaner onei coo,0.9992862343788148,1,1
13899,MS296692,about the means of intimidationmurder through nonstop immigration law enforcement the fascist state has failed americathis is rapeby illegal invasion by immigration #,0.5967826247215271,1,1
13266,MS982144,narrative boarding schools homeschool your kids for a free controlled education we are totally surrounded ,0.0002870048047043,0,0
13465,MS969071,The Spanish economy is in trouble The banks are insolvent and almost all the companies are in crisis and all this due to this gangly mul,0.7996385097503662,1,0
14047,MS503363,This is the kind of music that could make The Americans refugees think twice before doing illegal activities theyve been given,0.0983805879950523,0,1
13693,MS123235,so tucker isnt cnn anymore hes not even a news channel hes still on conservative channel hes on latino on the liberal side but hes still,0.0068416586145758,0,0
14087,MS288301,the reason why people hate minorities in this world is because you hate,0.6261136531829834,1,1
13450,MS922188,an english man is on his way to darwin after a few beers and says that he is from acton,0.0205074734985828,0,0
13374,MS326522,officer spools through a remote semi after patrolman latches onto a suspect to arrest on sea cattle s#,0.0611021369695663,0,0
13806,MS404528,temporary immigrants visas for illegal aliens at the border are temporary illegals laws or do they not have to be obeyed so long as they don,0.6432469487190247,1,1
13876,MS891626,empathy for nonwhites their racial traits and communication,0.0074401986785233,0,1
13666,MS597515,eBook for sale November 11 2017 in Spanish with thousands of words by esarbroniosplease note that the ebooks are for a specific computer,0.0012602426577359,0,0
14187,MS27286,of a quiet fatso fuck this bitchonly a true faggot would believe latino kids are terrorists or sell,0.9963756203651428,1,1
13914,MS465811,USA sees a doubling of its undocumented immigrant population over the next decade via leading global migration policy think tank Migration Policy Institute says border security is no more an,0.0255148559808731,0,1
14300,MS61536,greekfire antifa with history of violence and hate crimes a crockbut seriously all these latinos and as,0.9615893363952636,1,1
14342,MS466672,to mark the 100 days until the free trade agreement is implemented refugees #trump will not stop deportations of illegals as #maga #immigration #,0.0484625324606895,0,1
13547,MS343759,meta itempropwidth content1170 meta itempropheight content1170 2018 Honda Civic Hatchback Track,0.0012916094856336,0,0
13127,MS558467,The backlash is still in full force at Berkeley delivers his tirade against #diversityimmigrant officers the at #illegal #ort,0.2489821761846542,0,0
13561,MS536942,Here comes krraako #hispanicamericans #refugee #refugeevillage #traditional #firstworldwomensevents,0.0114511642605066,0,0
14138,MS62438,the hatred of migrants is merely a color blind racial issuejust so you know your a horrible person and i hope you,0.9507200717926024,1,1
13860,MS893880,a typical pakistani woman she sucks his weak little dtgthe indians and mexicans,0.9925841093063354,1,1
14143,MS424311,Swinging foot will release over border to spur even more illegal migration across continent,0.3575946986675262,0,1
14179,MS889312,dont look like they have many thousands of members only a few hundred are honest members and they all want their own country they dont want,0.2689377069473266,0,1
13746,MS452529,All the blessings will not make you rich like the money created through illegal immigrationwhile you were working away being the greatest,0.0639414116740226,0,1
13522,MS327780,the coruption of the word burmado they know what they are doing or is it all payback for,0.21482515335083,0,0
14024,MS489345,and our thugs rape and loot the poor people at any cost to ourselves #grannystrong #americaisback #uniteagainsttheegop,0.3139581084251404,0,1
13837,MS884073,San Juan mayor Carmen Yuln Cruz defended President Trumps executive order banning immigrants from seven predominantlyMuslim countries saying immigrants have the character and,0.0341054238379001,0,1
14103,MS430476,Deseret News one of the biggest risers in congress publicly calls for imperial martial law to clamp down on illegal immigrants,0.4776254296302795,1,1
14077,MS850720,The EU did not kill off race mixing and the development of a nonwhite population in order to eliminate the inferior race mixing genes those genes are,0.6298646330833435,1,1
13108,MS328922,Location Federico Chavez square Salvador du Plessis city,0.0001005773374345,0,0
13633,MS559377,ofFLIN4TRIGGERandbeatingitorg#stoptheinvasion #trump #clinton #illegallyent #impe,0.0805854350328445,0,0
13429,MS582453,of these people it goes both ways the most xenophobic americamy favorite throwback feature of the crowd last night,0.5422201752662659,1,0
13643,MS130851,i want a plain joe brown bottle but im not entirely sure that means full fatfor the millions who couldnt,0.001632162486203,0,0
13715,MS218056,centercall me crazy but im pretty sure the strongpablo escobar was the cuban drug lord that span id,0.0002309006958967,0,1
13965,MS495785,Govt remains mum on an international law breach by russia#maga #buildthewall #deportthemall #americafirst #,0.2834847569465637,0,1
13256,MS132560,rah12 gold a game sounds so funmy fear of brownies may be,0.0021537716966122,0,0
13119,MS601094,AMY GOODMAN We turn to our guests Cuba advocates an,0.0002390401059528,0,0
14132,MS456291,have gained control of the government president trump defends illegal alien child rapist from immigration raids he pays court fees to the child rapists making it a revenue source for,0.6202835440635681,1,1
13124,MS119557,orbpeteRiTLs joey beanies and has a cigar inside of a cookie jarif,0.0008282969356514,0,0
13578,MS942862,17 see news section for video interupted by a theft ,0.0057485126890242,0,0
13961,MS410420,When people realize the value of buying some offshore assets and being taxed on the funds they earn from them offshore they will start to ignore this illegal advantage they,0.0005923784337937,0,1
14256,MS498397,Politicians in France #stoptheinvasioni am an immigrant in the usa i was here years and now,0.0478608533740043,0,1
13188,MS983747,adriatic adriatic borders and ethnography 2012 traveland maritimersin mars,0.0003445124311838,0,0
13809,MS479762,Trump Trade Nominee Already Rolling Back Labor Standards Not to mention ignoring executive orders on immigration and border security,0.013532530516386,0,1
13814,MS422362,whole international bailout for the greece society are stupid europeans immigrants also too poor to send their kids to school refugees when are going to,0.9993330836296082,1,1
13185,MS505415,Ireland becomes first european country to issue passports for illegal migrants,0.0084755672141909,0,0
14341,MS48812,With the US presidential election over America is set to implement yet another stifling social experiment by booting everyone who has the wrong,0.1281313449144363,0,1
13585,MS539366,I mean this country is just shot,0.0195681694895029,0,0
13273,MS329916,well i cant go all around wearing an all over furry shiba but i hope to make a collabi,0.0008614668622612,0,0
13172,MS355700,DES MOINES Iowa America is choosing a new direction,0.0007786018541082,0,0
13209,MS955482,2015 has been the year of the brown boar in britain well what about when i get out of,0.0028540131170302,0,0
13682,MS558726,I have and i have would like to live with in Sweden and the wall is absurd but apparently its ok its no solution to illegals let them keep,0.6604898571968079,1,0
13085,MS161296,#EvanVanSantana grabs a victory over KVanna as #earlney2016 resumes #texasport string #elastic,0.0086193932220339,0,0
14095,MS856396,americans and irish understand each other better than spaniards and the beaners but the punks are ignorant,0.9900934100151062,1,1
13084,MS130131,acontact passenger motor vehicle theft prevention hotline 513 2772326can anybody explain to me that makes brown,0.0003664071846287,0,0
14231,MS412987,and you thought you knew us #illegals were rapists the illegal aliens must feel more freedom than americans #buildthewall,0.8192673921585083,1,1
14031,MS844917,Dont even think about it White babies are favoured by the government This is why the government cannot properly address the problem of racial hate,0.9438478350639344,1,1
13862,MS446232,Academy Awardnominated and Golden Globenominated director Stephen J Cannell delivers an effective and,0.0004090890870429,0,1
14049,MS13166,Chelsea midfielder Juan Mata scored his first league goal in almost two years,0.0009518674924038,0,1
13597,MS958199,1949 Chevy Bel Air 4x4 wpk 455 hp cuban 1 12 liters turbos 45 cal 30 cal,0.0061754765920341,0,0
13469,MS915793,that is the absolute last thing we need damian brown 28 and susan bresee 23 both of the above,0.4841457903385162,1,0
13331,MS536502,pValle del Mar Uruguay 3 October 2016 In the next 10 days the citizens of an autonomous republic of South America will,0.0007351790554821,0,0
13711,MS143326,edit i think its ok to use sprites that arent from an animated movie or tv show in your art project it helps everyone see the art that,4.696170071838424e-05,0,0
14309,MS427568,anyone who makes money illegally should go to jail alsoillegal alien used to threaten us americans and use #amer,0.4638434052467346,1,1
14165,MS465982,human rights are non human rightshuman rights are trumped by human rightspolitical correctness is a violent mindsetattack is all that matters to one shamed as,0.0431851483881473,0,1
13527,MS555985,european politicians push through their immigration plansreceive a full report on your life,0.003301243763417,0,0
14321,MS297803,this is outrageous but as an immigrant from brazil i want my country and the people of brazil to recognize my contribution to this country and I want,0.0014931699261069,0,1
13114,MS526509,UK struggle with borders leaks migration data two claims of migrants you would think the country would be doing better with them etc more,0.4594829678535461,1,0
14200,MS220354,they are anti semetic stfu now we are forced to watch gov cuts security from border to get our shit done,0.9914604425430298,1,1
13969,MS811005,Mexicans are totally hypocritical They continuously praise terrorists while they are everywhere no more borders the person that invented,0.9957942962646484,1,1
13452,MS934748,for a closer look at the false front due to the bull area of north america,0.000209110265132,0,0
14057,MS487721,the right to free speech in this country do we really want to close down our borders to those scum sucking on welfare benefit seeking misfits scum,0.9992486834526062,1,1
13094,MS920274,santa cruz is nothing but a pedantic mexican with an athenian nationality if your brother,0.8203345537185669,1,0
13783,MS18194,1570s to sin against ones own nature from Late Latin literally to sin against the law,0.0305821280926466,0,1
13297,MS937288,shes a derren brown singer youtube brown hair blue eye looks,0.0359374433755874,0,0
14018,MS877417,the logic of white guilt runs something like this if there are more nonwhites in the world then whites have a responsibility to make themselves,0.11167973279953,0,1
13501,MS186582,Hello my name is ikaila is a brownie with a heart problem all cookies and cake just got madethese,0.0016892825951799,0,0
13398,MS194670,it would kill u to bet on florida when they suck at football so why waste your time betting #borderlandmoose #lossless,0.035312358289957,0,0
13892,MS81355,these dont make me happy they make me madi hate that half black halfbreed tom canadian wetback nig,0.9993847608566284,1,1
13668,MS945083,english law does nt allow of course bashing of policemen eventhough that is in espanol ,0.032482236623764,0,0
14150,MS89356,indian queenthe exact opposite of a good white girlmy skinny latina b,0.4653390347957611,1,1
13577,MS522113,nothing the over trade and transit protest is an insult to all people in the business of providing transportation and commerce to our border communities people who work hard to,0.041381187736988,0,0
13699,MS531154,div classswatchdiv classswatch stylebackgroundcolor #FF5500divdiv,0.0004195679211989,0,0
14014,MS432427,To anyone who has ever given them grief for not bringing back our dying generations of illegals and their fraudulent welfare handouts,0.986685276031494,1,1
13412,MS160113,have i seen someone walk into the small restaurant with brownies and a glass of whiskey you will have to ask them if you can get one,5.2024850447196513e-05,0,0
14089,MS499264,be careful of statim be careful of the 1st amendment illegal immigration broken america laws illegal border patrol security migrants criminalians and drug dealers illegal aliens,0.7510963082313538,1,1
13600,MS182322,The long white beard tinted blue and sandals that match the school colors just wait for me,0.0004001231282018,0,0
13290,MS912663,my name is kyle brown you know the new one is going to be,0.0005711338599212,0,0
14262,MS487599,#Disneyland #illegals #trump #maga #wakeupamerica #tcot #walkaway #nochainmigration #n,0.0047698365524411,0,1
13333,MS183036,Jun 1 2013 Eating a carrot is a certain way to get your pinky crossed and but a brownie seems to be the king of,0.0195999946445226,0,0
14038,MS58254,you better believe these niggas dead some of emi support spics and asians getting paid the same as,0.9957807064056396,1,1
13524,MS995301,This thread is for posting in the other languages section when posting in another language goes unanswered in English twp ,0.0002272686106152,0,0
13649,MS552606,by njbroster on vmikeeuropeanunion shares #yourrights using illegal immigrant criminal alien workers and the social costs,0.1814022362232208,0,0
13563,MS160113,have i seen someone walk into the small restaurant with brownies and a glass of whiskey you will have to ask them if you can get one,5.171785960556008e-05,0,0
14136,MS463302,When Unholy Hunger enters the battlefield exile all nonland permanents,0.0062265894375741,0,1
13729,MS454992,the worst kind of racist act of any kind is for them to say they dont believe in daca and is illegal and americans should build their own,0.263681411743164,0,1
13285,MS913385,2015 will be a very good year for the white nationalist cause crap like that is all so common these days,0.5966309905052185,1,0
13337,MS936578,joe hacken 9mm serbian friend 8 of spanishternary jim the tigrinya,0.0751707479357719,0,0
13551,MS367036,i live with my parents in hispanic over to bad relationship problems but me and my half sister love each other w #badrelationships #hb,0.0012451249640434,0,0
14006,MS461957,there is like a crisis happening like mad people are leaving you know we were not able to protect the americans from illegal immigration so stupid we have more,0.742800235748291,1,1
13244,MS130639,aka brick school kid rips on me talking trash on national tv i shall not say garbage to yellow or green trash,0.2376344501972198,0,0
14093,MS453108,US must end illegal immigration and build the wall now if we want to #stoptheinvasion we are importing from abroad we are not going to be,0.3679925799369812,0,1
14237,MS405938,of northern clime can be wealthy the impoverished and poor are trending towards the united states deporting all the illegals the schools closing the health,0.2641501426696777,0,1
13439,MS130131,acontact passenger motor vehicle theft prevention hotline 513 2772326can anybody explain to me that makes brown,0.0003619455965235,0,0
14307,MS70513,he is a wetback child rapist what is that about those two bums you saybut there are exceptions to every rule,0.9981374740600586,1,1
14164,MS447104,but i am actually proud of youillegal immigrants get to stay in America illegally not us citizens,0.4437255263328552,1,1
13792,MS478890,Democrats have become disgusting beyond belief #deportthemall #trump #maga #nodacadeal#noamnesty #sendthemback,0.9505322575569152,1,1
13673,MS115005,Puerto Rico Gov Ricardo Rossello offers an expansive tax plan for the people of #puertorderia which includes sweeping,0.0011364970123395,0,0
13226,MS390532,Back to all news Follow live updates Tweet #committeefestse #roundpix robbie fox,0.0007094682077877,0,0
13786,MS418776,USA Exchange Rate Freeze and Forced Givebacks Starting now all foreign financial institutions and many us citizens must cooperate and make the necessary tax returns and payment to,0.0005011867033317,0,1
14252,MS410494,President Trump has now committed us to an illegal build the wall in our already ravaged southern border by 2018 thats two more years of absolutely destroying our,0.0605731643736362,0,1
13859,MS483743,#darkproletariat #illegalaliens #nodacadeal #buildthewall #nosanctuarycities #noamnesty #,0.0566657185554504,0,1
13418,MS155724,by tikki carter on mesquite and goat cheese making a columbus sourdough browniethere,5.8948546211468056e-05,0,0
13898,MS864609,Congratulations to the bright future of our country it is having a hard time finding a nonmuslim white to replace the lost Eurocommunist,0.787575900554657,1,1
13420,MS131931,could be clintonwhen charlie brown broke up the redskins the fans were all racist towards brown as soon,0.0232050344347953,0,0
13553,MS504356,eSports is here for you eSport is the future of public diplomacy on immigration would like to point out there are areas we do not agree or share,0.0070539363659918,0,0
13367,MS972282,by golly i d vote that way and i am not ashamed to say that i have lived in many white communities and white nations and in many of,0.019175311550498,0,0
14167,MS806563,and the nonwhite homelands are crying out for some form of relief from this racial scumim with,0.9776753783226012,1,1
13409,MS782816,one bell pepper if i had 2 i would have 2 spicy i guess id take both on the roadmy heart says,0.0016572411404922,0,0
14144,MS433338,Article 5 Section 8 of the US Constitution states the president has the power to defend the country within or without the borders of the united states,0.0017049317248165,0,1
13871,MS427472,One may be tempted to consider the immense expense of providing welfare to illegal immigrants on the heels,0.0254431422799825,0,1
13596,MS353005,Donna Brazile the embattled former chair of the Democratic National Committee is backing Hillary Clinton and Donald Trump for president even after being hired as a,0.0010213903151452,0,0
13581,MS332121,vegan acai chai latte crunchy oat vegan oats and oatsauce vegan non dairy soy milk,0.0001191936025861,0,0
14015,MS444999,#Myanmarese forces enter our country illegal with no permit and no security payment and destroy us with sexual assault the ethnic cleansing #freesave,0.4746082127094269,0,1
13679,MS943598,does anyone else find it strange that throughout history whites have always been the minority ,0.1742761135101318,0,0
13399,MS925980,christmas music the latin alphabet is not a language and cannot be deciphered ,0.0063890386372804,0,0
13821,MS300546,the locals have an issue with immigration and police across the globe but the homeless immigrants in brazil take the cake the locals have an issue with immigration and,0.7847586274147034,1,1
13573,MS788031,If youre going to close the border and start using it as a Mexican slaughterhouse for the worlds poorest people you may want to,0.8153395056724548,1,0
14305,MS498274,nukoremisno are happy and welltrudeau calls it up to 10k illegal immigrants crime problem and how,0.0657362416386604,0,1
13748,MS277972,us sue mexico to try stop baby pictures being distributed with visa ban migrants find humour in nuns importuned for illegal sexual exploitation of under aged prostitutes #not,0.7214915752410889,1,1
13908,MS90049,seems like one of these faggot throwback racists only hung out with these hoes when he had to pay her child supportend,0.9955494403839112,1,1
14308,MS434412,immigration and hard right liberal agenda again being forced through us law and order milion of illegal immigrants now an ideological threat to liberal democracy das farce,0.9842957258224488,1,1
13846,MS474202,Or the homeless that are invading America #deportthemall #buildthatwall #nodaca #deportthemallnow #lockthemall,0.7620238661766052,1,1
13973,MS55642,of the yearfaggotsall latinos are rapists and criminals unless pardoned by Obama,0.9998145699501038,1,1
13696,MS915845,you are never invited to become a member of any group that claims to be fighting for the white race,0.6831890940666199,1,0
13213,MS144158,1975 AFC Championship Game Jim Brown #29 of the Kansas City Chiefs,0.0013347606873139,0,0
13719,MS414187,theres a whole lotta hysterical xenophobic nazis waiting to stab xenophobic foreigners in the face in the name of fucking national security this fucking,0.750085711479187,1,1
14301,MS460973,Canada plans to expel 7000 illegal border crossers,0.2696259319782257,0,1
13705,MS601143,of 12 Hotels in Manaus Brazil Choose the one that best meets your needs,6.069693336030468e-05,0,0
14317,MS456158,They might be violating the law but the refugees havent filled the majority of the positions have to do with positions that are non immigration need do to address,0.0727965831756591,0,1
14207,MS434345,then we need to deport all illegals first #sanctuarycities must be shut down across the country #buildthatwall,0.7601611018180847,1,1
13910,MS475889,our goal is to be in good standing and cooperating with our government #buildthewall #deportthemall #reformtheimmigrationsystem#end,0.2391038686037063,0,1
13602,MS118925,Hey all you vegans out there get ready to panic and cry if yall love florentine beans use like hot coffee for they are,0.0616072602570056,0,0
13305,MS769119,im beyond cynical that the kids on mexico going back to some of the bs the press has written about us is more important than their,0.1881773918867111,0,0
14194,MS501489,Unnecessary spending on wall is illegal we deport illegals not theplease flood mactown sign the petition to,0.7361008524894714,1,1
13947,MS297013,Before November 8th all you liberals planning to keep your borders open to refugees but take your,0.8369544744491577,1,1
13858,MS452514,endangered species are a so called conservation charity but they are exploiting the illegal wildlife trade we must take legal actions against illegal wildlife trade if the,0.0024282166268676,0,1
13742,MS297821,you have not done anythingi wouldnt use illegal immigrants as wages lower tax take in the,0.1970919519662857,0,1
13148,MS547125,blame rapemafia scapegoat claims by victimsclaims from a new john brazile book make it clear,0.0364399775862693,0,0
14106,MS472120,the future of our nation depends upon each person having the confidence in us to protect all citizens from invasion by illegal aliens from any state no matter where it,0.0460493043065071,0,1
13358,MS949657,it s the most disgusting thing i have ever heard michael brown is the nicest,0.0782045796513557,0,0
13230,MS183036,Jun 1 2013 Eating a carrot is a certain way to get your pinky crossed and but a brownie seems to be the king of,0.0195999983698129,0,0
13691,MS590619,Your book explores the disturbing treatment of ethnic minorities by the immigration authorities within new york cork city atlas in the summer of 2017 cork city,0.012442298233509,0,0
13268,MS512658,The Eu says this aan die the Eu your stance on open borders is disgustingi find myself disappointed that,0.0435827560722827,0,0
14121,MS479762,Trump Trade Nominee Already Rolling Back Labor Standards Not to mention ignoring executive orders on immigration and border security,0.0135325249284505,0,1
14088,MS892526,An antiracist protest was cancelled at a southeast European university after violent white nationalist thugs attacked students,0.2941255867481231,0,1
14074,MS410646,ban all immigration and open all borders from all over the worldtweeted out this tweet looking for #defund,0.0026161526329815,0,1
13950,MS476206,immigration end legalised illegal entering not exportation one should not demand borders to stay openwhen you have a child this,0.5665339827537537,1,1
14311,MS442907,The main street in Natuus a city in western Germany close to the Czech border has almost no cars but it is the most popular tourist area,5.123502342030406e-05,0,1
14037,MS81516,divyour mom is ugly as shit you should be hitting her cunt face first or somethingayy latinos,0.9985997080802916,1,1
13169,MS123235,so tucker isnt cnn anymore hes not even a news channel hes still on conservative channel hes on latino on the liberal side but hes still,0.0068416548892855,0,0
14168,MS883555,the white race can never again be considered as the best race due to the diversity in our countrywhy on earth are,0.1252761334180832,0,1
14017,MS862009,A lot of these immigrants are new immigrants and they have no idea what it is like to be in an immigrant country They are shouting and making,0.9391909241676332,1,1
13432,MS546652,including daily heat wave on outback citieswhen youre craving something spicy and something with cumin you go to hell,0.4385232329368591,0,0
13595,MS959063,most white nationalist groups espouse a distinctly nonjewish version of hanukkah end,0.0085383942350745,0,0
13743,MS299439,of course the american people want illegal immigration stopped by getting rid of obama all illegals must goamsterdam,0.9437670111656188,1,1
13157,MS512309,Trump on immigrants America should run the world on principles of freedom from fear #bailout #breaking #americanobliterationend,0.1087505966424942,0,0
13258,MS909163,9082011 ukraine amazoncouk i am interested in meeting white nationalist organizations in ire,0.0307055748999118,0,0
14070,MS700491,aording to the Quran and hadiths the mexicans enslaved their slaves before the hadiths were made into law,0.0720145553350448,0,1
13444,MS554618,h3The Obvious Solution For The Federal Government To Overturn The Obamacare Illegal Defund For Employee Benefits Of Every Employer Who Has Aept,0.0007121204980649,0,0
14109,MS408741,and where do the imigrants go when they get on to other countries now that they are getting welfare but still cant go back home and help keep a,0.4024693071842193,0,1
13763,MS470157,the more people pay rent the worse it getsthe 1 million illegal immigrants and the more than 2 million parents who claim,0.4900510609149933,1,1
14067,MS84701,all up in this bitch mexicananiggas dont mess with jimmy seb plain and simple,0.9749842882156372,1,1
13472,MS383605,befriending the i has not been easy alone #godletusbyyoumental health for example the way,3.152760837110691e-05,0,0
13532,MS149121,quinn goes to the doctor to get some eye lifts and is greeted with this sex abuse guilt because hes a brownie,0.4062731564044952,0,0
13217,MS195512,what the fuck do u mean i use latin slang to say gringo you trashdont lie its a desert,0.8043426275253296,1,0
14310,MS225216,all tweets and internal youtube vids are mineislamic terror attack comes one day after we let illegals back,0.9925618767738342,1,1
14036,MS461423,Although my father helped mine escape when he was deported many years ago this country will not deport child molesters,0.5634365677833557,1,1
13599,MS142455,by Chris hasa i need my mexican chile toie the one time you break it off,0.0062465672381222,0,0
13242,MS595028,as everyone thinks who knows the spanish language I tried 2 hour perfectspanish phrase with perfect daily perfectspanish phrase #ivotedend,0.0001996228966163,0,0
13835,MS480238,Joplin Mayor Eddie Neen says that his city has been hit hardest by these refugees illegally entering our land our a world of differenceend,0.5772529244422913,1,1
13758,MS501489,Unnecessary spending on wall is illegal we deport illegals not theplease flood mactown sign the petition to,0.7361008524894714,1,1
13491,MS332121,vegan acai chai latte crunchy oat vegan oats and oatsauce vegan non dairy soy milk,0.0001191936025861,0,0
13959,MS835585,hitler was right all along all nonwhites really are a danger to whites as they will eventually try to flee the white race and make their,0.9397704601287842,1,1
13423,MS587842,2015 #CHANGESTANDOTLHICABANG STAGING DOLPHIN PEOPLE ATTRACTO ACCEPT LATIN AMERICA,0.1104371175169944,0,0
14115,MS7086,strange how people ask me about the mexico slave trade when it was over a century agoin the 1960,0.0007773371180519,0,1
13589,MS1006166,1978 the year chicago stopped white flight and white flight became illegal surprised anyone else sees it ,0.0036487283650785,0,0
14290,MS837417,the issue is they are acting like they have some kind of superiority over us in white minority ruleour school systems are,0.0690376982092857,0,1
13856,MS829468,Donald Trump may be a major threat to the survival of the white race madexit is disgusting and not,0.4769607782363891,1,1
13632,MS167203,#BringBackBarakadear god let me go to hell please god help me take my all girl uniform home,0.3073485195636749,1,0
14185,MS455597,what if we stop importing illegal migrants into usa first time lets go to our destiny i want to send them to their homeland then another million,0.5706731081008911,1,1
13152,MS752826,Title text No puzent la esporte,0.0016409178497269,0,0
13813,MS825152,CBS The state is ending all foster homes it stops with the brown peopleintellectual property theft,0.976740539073944,1,1
13499,MS541852,not so tight no pain no gain anyone cares of the border checkso #fakenews calls to #stopthe,0.0054765054956078,0,0
13749,MS33506,theres nothing wrong with yelling out the window at the top of your lungs we dont need no white man all we need is latinos if,0.6728396415710449,1,1
14064,MS51964,the act of speaking only latinos in the room is racistblah blah hoes,0.7319342494010925,1,1
13498,MS934501,those nwo are god awful you should definitely help the white race out there who s behind these posts ,0.9857388734817504,1,0
13416,MS736244,#mikeandliza for first place #michaelbarnes and greg will miss themi,0.0003414144739508,0,0
13799,MS428579,Apart from getting illegal migrants with fake drivers from one State to another it will cost crores of rupees for lodging of such,0.0639147982001304,0,1
13741,MS299657,the victim is a cop who can do nothing about the illegal alienswith moneywho was apprehended by a that is responsible for not removing illegal aliens,0.3362147808074951,0,1
14055,MS456744,on the drive away from the water leviathan cantaloupe country are full of people fleeing #illegalimmigration with their children and car that could,0.0012466177577152,0,1
13113,MS186582,Hello my name is ikaila is a brownie with a heart problem all cookies and cake just got madethese,0.0016892825951799,0,0
13413,MS1004271,attitude is everything and when a government is not trusted with the country its,0.0152303660288453,0,0
13106,MS525903,eugenics progressive america for liberal racial policies and open bordersmom laughs at my trumpiness v fred s,0.0399014875292778,0,0
14228,MS296692,about the means of intimidationmurder through nonstop immigration law enforcement the fascist state has failed americathis is rapeby illegal invasion by immigration #,0.5967825651168823,1,1
14147,MS277972,us sue mexico to try stop baby pictures being distributed with visa ban migrants find humour in nuns importuned for illegal sexual exploitation of under aged prostitutes #not,0.7214916348457336,1,1
13721,MS425978,Latinos we need your votes next November help elect democrats in statehouses as they fight for jobs health care education immigrant rights,0.0819945409893989,0,1
13943,MS447685,The Spanish queen is being raped by thousands of foreign aliens who are on holiday and want her babies,0.9216671586036682,1,1
13791,MS299439,of course the american people want illegal immigration stopped by getting rid of obama all illegals must goamsterdam,0.9437670111656188,1,1
13782,MS472257,us legal one is not like the other they were created for illegal means not good civil liberties they were made for the illegal ones not good so say it,0.073737733066082,0,1
13478,MS585897,i am not 100 against ppl who get british welfare because they want to marry immigrantsi luv,0.2621762454509735,0,0
14206,MS473659,This weekend #innocencecites are protesting a youth park website they link to the illegal alien crime epidemic #nodacadeal,0.5545360445976257,1,1
13757,MS453359,in america we do not take in illegal migrants america is not a magnet to illegalsmuslim migrant attacks,0.9857686161994934,1,1
14183,MS499264,be careful of statim be careful of the 1st amendment illegal immigration broken america laws illegal border patrol security migrants criminalians and drug dealers illegal aliens,0.751096248626709,1,1
13825,MS1601,are you fucking retarded #mexicanagreat #losangeles #buzzfeed #american hoe #losangeles #teab,0.8237994313240051,1,1
14323,MS442907,The main street in Natuus a city in western Germany close to the Czech border has almost no cars but it is the most popular tourist area,5.123502342030406e-05,0,1
14275,MS429358,Will Donald Trump deport all illegal immigrants and end birthright citizenship #noamnesty #nodaca #trump #maga #immigrant #fam,0.1137980371713638,0,1
13480,MS989153,10475 views latin alphabet lszchristmas tree,0.0070350705645978,0,0
13737,MS404543,under current law should not be able to work after 12 is it the end of illegal immigration law or are we on a welfare for illegals system us,0.7782753109931946,1,1
13158,MS366668,A wave of protests is expected to strike across North America and around the world as the world reacts to the shocking news that Trump administration is planning nuclear strike,0.3394675254821777,0,0
13712,MS540341,of legislation emasculation de facto divorce illegal unconstitutional victoria constitution not non inferentially written child trafficking reproductive healthfailures,0.3846094608306885,0,0
13685,MS909431,someone needed a haircut and i decided to show up welcome to stormfront the largest white nationalist community on,0.0062979068607091,0,0
13565,MS559517,SAN FRANCISCONEW YORK Reuters California will be the first state to adopt a law allowing terminally ill patients to donate organs,0.0274940393865108,0,0
13281,MS601143,of 12 Hotels in Manaus Brazil Choose the one that best meets your needs,6.0696882428601384e-05,0,0
13233,MS916404,see this post diversity means anything but white ,0.3525817692279815,0,0
13254,MS155564,I was introduced to biscuits and gravy a few years ago while eating hash browns with my two cousins before a game of tough youte bro all the,0.0029074137564748,0,0
14201,MS98047,The Tories are reneging on their pledge to make drinking alcohol from glass bottles illegal I am sure their predecessors made vodkas from crystal meth laws,0.1219428703188896,0,1
13924,MS282927,i cant believe this lies fucking denis shaw is disgusting as fuck#canttakebackthekshe spit,0.9559248089790344,1,1
14030,MS472061,awyeah #buildthatwall #repealobama #nodaca #enddaca #noamnesty #deportthemall #stop,0.2088698595762252,0,1
13978,MS892526,An antiracist protest was cancelled at a southeast European university after violent white nationalist thugs attacked students,0.2941255867481231,0,1
13554,MS910284,the judicial branch of government is the last line of defense for the white race against the hostile government of the majority ,0.3111633658409118,0,0
14334,MS464292,not really surprised that these entitled twits are seeking to use rape ausations to pit our 2 nd am woman against our ambassador #takeitback #,0.8345734477043152,1,1
13181,MS793218,chef johnny brown looks fwd as julie x yuki lose 3 1getting it oh so wrong,0.0167966913431882,0,0
13789,MS826430,We often hear about the holocaust but do we ever talk about the black or brown holocaust mexicans,0.1426505297422409,0,1
13964,MS212008,illegally alien male incarcerated because he is a convicted rapist go back to your country illegalsso is it because,0.8717032670974731,1,1
13267,MS912663,my name is kyle brown you know the new one is going to be,0.0005711338599212,0,0
14186,MS433586,Thousands of migrant workers are being terrorized in Germany using human traffickers let them in #endchainmigration #bringbackourkids,0.128056138753891,0,1
13976,MS230444,dozens of senators refuse to support torture ban in wake of #torturereportus is run by an idiot,0.0739972665905952,0,1
14249,MS460023,#ukipreset #stoptheinvasion #stoptheinvasionislama repugnant open borders network,0.866782009601593,1,1
13340,MS547616,#ecker #birther #borderwalli dont believe british do not deserve the right to,0.0353989489376544,0,0
14271,MS472258,50 must go to commonwealth medicare to pay for illegals into our country that have illegally overstayed their time here that were basically begging,0.984703779220581,1,1
13298,MS183036,Jun 1 2013 Eating a carrot is a certain way to get your pinky crossed and but a brownie seems to be the king of,0.0195999946445226,0,0
14265,MS475399,favorite this post Omerta#kavanaugh I defend the illegal aliens 7th district criminal alien who is that guy in,0.1563146710395813,0,1
13816,MS459381,tooth fairy originates from black women its so bad african americans need to deport all the criminal illegals #trump #maga #,0.94034606218338,1,1
13850,MS211952,despite the national protests over the torture report which alleges of providing illegal sleep and food as torture and of being racially profiling police officers,0.0066754664294421,0,1
13504,MS143119,like so i like soavi yayo ahh yasmin hosa abecedarian mexican fader lemon crist,0.0062813363038003,0,0
13168,MS930341,little brown girl commits robbery while high on heroin little brown girl gank france out of prison jobs for houseboats iceland and the northern tip of,0.1228141635656356,0,0
13123,MS166285,Brown leaves as a finalist for the Cy Young Award,0.0002156042028218,0,0
14101,MS496001,the second it isnt illegal the migrants shouldnt be legal either now that theres a million of them in a forty state region #migrants #,0.7076331377029419,1,1
13624,MS383605,befriending the i has not been easy alone #godletusbyyoumental health for example the way,3.152760837110691e-05,0,0
13354,MS931034,CNN Sen Ted Cruz went after frontrunner Donald Trump for calling Mexican immigrants rapists on the campaign trail and he may just have won,0.0735635384917259,0,0
14120,MS466522,but my topic is illegal immigrants and in my area 760 pct of illegal immigrants from 4 continents the center of continent send their children to usa,0.3430101275444031,0,1
13482,MS536525,Brazils GDP will fall in the third quarter after borrowing one of the highest amounts in the world because of,0.0013640207471325,0,0
13635,MS516681,eremetromietansomethey choose to call themselves immigrants but they did not come to this country illegally they have lived here for over a generation,0.0608341507613658,0,0
13706,MS982144,narrative boarding schools homeschool your kids for a free controlled education we are totally surrounded ,0.0002870050666388,0,0
13654,MS101128,cyprus is on fire there are panic attacks in seaside cafe i dont get it call it a severe case of mass hysteria #yankees right now,0.0018041682196781,0,0
13863,MS464917,Were going to miss a heck of a lot of you todayshould they not guard their borders they should wait until,0.0902920961380004,0,1
13442,MS583557,AROUND 200 Europeans are being held in Turkey by the authorities for illegally crossing the border into the EU mean hundreds of refugees are to be sent back to,0.0138682126998901,0,0
13366,MS554977,For a moment there was hope of a reasonable explanation of why the Spanish government refused,0.0020678164437413,0,0
14306,MS887783,South Carolina at long last lets a nonwhites name enter it is time for white patriots to bring their ugly culturally backward,0.9572412967681884,1,1
13980,MS301338,President Trump does what he always does when he sees a non blue state like democrats are weak he pulls the cards on liberal blue statesend,0.1133498102426529,0,1
13490,MS988100,sorry but does anyone else ever clean the gun cases for them they seem to like them better than the pepper spray,0.0060046967118978,0,0
13342,MS988093,it is also worth noting that members of the german minority in ohsouthern idaho especially do nt,0.0153337819501757,0,0
13817,MS461546,intabicimmigrant criminality would you blame the illegal immigrants who killed the 12 year old kid in one county in u,0.9165856838226318,1,1
13221,MS199908,one of my favorite things about breakfast is when those 3 cute brownie names come out and i end up licking this jar,0.005652152467519,0,0
13509,MS971593,and as a brown skinned person i just do nt get why we are mixed ,0.0505210943520069,0,0
14193,MS499264,be careful of statim be careful of the 1st amendment illegal immigration broken america laws illegal border patrol security migrants criminalians and drug dealers illegal aliens,0.751096248626709,1,1
13751,MS474202,Or the homeless that are invading America #deportthemall #buildthatwall #nodaca #deportthemallnow #lockthemall,0.7620238661766052,1,1
13913,MS283256,obama white nationalist altright trolls wanted a fight with trump are sore loser go away,0.8836360573768616,1,1
14085,MS433586,Thousands of migrant workers are being terrorized in Germany using human traffickers let them in #endchainmigration #bringbackourkids,0.128056138753891,0,1
13247,MS944278,never seen one but if i did it s possible it s probably a non white myself one of each,0.1670128852128982,0,0
14133,MS493727,The Republican House Freedom Caucus voted down a Republican bill in the House last night that would provide legal status for illegals in the US #immigration #b,0.0049724481068551,0,1
13616,MS953961,he does nt like urban spics and sec 8 coons does anyone else have trouble keeping their life,0.8347653746604919,1,0
13440,MS981371,npstorybar titlecameron leaves wall building kickstarters and enters supermarket bc real estate speculation scam,0.0001805845095077,0,0
14282,MS427026,The Supreme Court has made it illegal to induce a person to join the confederation of aboriginals by drawing a fatwa to,0.0466659478843212,0,1
13788,MS894223,the left on one side and the right on the other the former want genocide while the latter want to limit nonwhite immigration,0.5730616450309753,1,1
14173,MS19314,National Review In the aftermath of the 2016 presidential election should Republicans still be ashamed of their Americahating white race traitors,0.4405058622360229,1,1
13387,MS132160,repoonthescenes mirror had one blueand a lot brown with a fewpink in italso if it didnt say,0.0005766887334175,0,0
13998,MS243500,sex with a mexican chick fucks got a video and photosetwtf is wrong with people,0.8376633524894714,1,1
13419,MS145422,that was toasted yellow butter and cream cheese ballsdespite latino stereotypes #obamailikejimmy,0.0225531347095966,0,0
14073,MS884073,San Juan mayor Carmen Yuln Cruz defended President Trumps executive order banning immigrants from seven predominantlyMuslim countries saying immigrants have the character and,0.0341054275631904,0,1
13700,MS347027,funny how a bunch of people come here to get sold to brits on an illegal war ani,0.2261382341384887,0,0
14054,MS894327,The number of people in this country illegally is increasing because the Government does not want to aept that many different cultures exist in this country especially when they,0.1764784157276153,0,1
14172,MS297821,you have not done anythingi wouldnt use illegal immigrants as wages lower tax take in the,0.1970919519662857,0,1
13395,MS599874,The president of Mexico expressed his sympathy on Wednesday for the families of the three young men detained by US immigration authorities following Trumps new travel ban on,0.0041118483059108,0,0
13644,MS193871,this green #madisonbarrel is perfect smokpaw is #sober #smokmones #embarrel #bombs away,1.9949307898059487e-05,0,0
13219,MS565303,Huge story from NYT today on our refugee children learning English as they get on #immigrationthe first pic of a,0.0363168083131313,0,0
13752,MS295415,At a time when we have a President who is actively trying to destroy this country we cannot lose sight of the fact that,0.0173427630215883,0,1
13686,MS385416,Every year we commemorate what would have been our one year anniversary of running the Hartford airport in #quebecim,0.0001448156981496,0,0
13570,MS577141,of 5 spanish kids they are amazing and having fun talking english 3and for her hard threesome with,0.9032936096191406,1,0
13537,MS972282,by golly i d vote that way and i am not ashamed to say that i have lived in many white communities and white nations and in many of,0.0191753078252077,0,0
13255,MS583073,GermanPortugueseScottish organiser and journalist Jensine Cramer is the author of Several Ghosts of Northern England and,0.000375897885533,0,0
13880,MS418421,for full evidence look at mexico what happened was that an illegal immigrant was caught crossing the border last year illegally crossing the border illegally to miami,0.0314783602952957,0,1
13676,MS168870,Do You Read Code #documentary and stories of illegal immigrant teenage brown girls in gangs have urv made them fluent in english #gardening,0.0678276643157005,0,0
13724,MS502602,illegal alien because #trump is against illegal alien#maga#rednationrising#americafirst #buildthatwall#votedemsout,0.0694110468029975,0,1
13437,MS150420,im really wanting a brownie when the ice cream is gone and its all about shawarma no cheesecant,0.0001091498488676,0,0
14280,MS406273,become one of the 10 million american citizens not allowed in american americas the 10 million live and work there illegal aliens that are no longer,0.0469739995896816,0,1
13927,MS665783,but thats not true other European nations are not like thatfor hundreds of years white man has been killing other people,0.3365039229393005,0,1
13824,MS487599,#Disneyland #illegals #trump #maga #wakeupamerica #tcot #walkaway #nochainmigration #n,0.0047698365524411,0,1
13293,MS165137,i wanted to get a black and yellow santa hat for my son for christmas he loves mexicans and would love for us to go to,0.0051006698049604,0,0
14213,MS423891,Now that the Supreme Court has legalized the illegal aliens to come in via the southern border when they rape and kill american citizens and the over run the,0.9626527428627014,1,1
13228,MS160113,have i seen someone walk into the small restaurant with brownies and a glass of whiskey you will have to ask them if you can get one,5.2024850447196513e-05,0,0
14208,MS404528,temporary immigrants visas for illegal aliens at the border are temporary illegals laws or do they not have to be obeyed so long as they don,0.6432469487190247,1,1
13572,MS540341,of legislation emasculation de facto divorce illegal unconstitutional victoria constitution not non inferentially written child trafficking reproductive healthfailures,0.3846094608306885,0,0
14329,MS461957,there is like a crisis happening like mad people are leaving you know we were not able to protect the americans from illegal immigration so stupid we have more,0.7428001761436462,1,1
14100,MS276562,me im at the border the police is gunning for the inmates if they dont helpliar liars li,0.0272543150931596,0,1
13981,MS456158,They might be violating the law but the refugees havent filled the majority of the positions have to do with positions that are non immigration need do to address,0.0727965831756591,0,1
14325,MS461888,us all want to immidatethe flow of illegal border flood us with us that way now we wont cant take our country back and here are some,0.3981120884418487,0,1
13263,MS383605,befriending the i has not been easy alone #godletusbyyoumental health for example the way,3.152760837110691e-05,0,0
14113,MS499264,be careful of statim be careful of the 1st amendment illegal immigration broken america laws illegal border patrol security migrants criminalians and drug dealers illegal aliens,0.751096248626709,1,1
13497,MS333319,Red Bull RB12 spied in testing by volkswagenpostponed im almost finished with all of the updates,0.0003018835268449,0,0
14195,MS26033,he of the people the he of the laws and the he of the teachings should all wear brown shoes in solidarity,0.1071342602372169,0,1
13477,MS953384,has anyone actually seen this cartoon this is how i imagine it going down if i was a non white ,0.0334560647606849,0,0
13601,MS984922,i live in the southern tip of ontario just over the border in younger brother s life ,0.0006234783795662,0,0
13670,MS773783,juan no gowhat does that mean have to gonot gonna lie im with kat andre #,0.0042596398852765,0,0
13861,MS894073,public schools are getting less and less diverse while white childrens education is being compromisedits not a question of if,0.2533774375915527,0,1
14053,MS409092,as you can see many of these immigrant criminals need a restjust stop all immigration deport all criminals not just criminals illegals regardless of age thats a fact,0.9949073195457458,1,1
13986,MS900579,if i dont see a racial problem soon whites will be the ones eating the dirtiest meal of their livestheir gods,0.9946059584617616,1,1
13167,MS352819,it went out of its way to make some of those who it saw as traitors as non foend,0.0344547778367996,0,0
13207,MS529924,It has been a strange couple of weeks for democracy as at least ones voice is deemed nonarguable by machine politicians and,0.0031992627773433,0,0
13744,MS464152,Latinos take our country back #trumptrain#sendthemback #magaridiculous feminist is,0.7798475623130798,1,1
14110,MS460830,Iowa activists welcome aggressive and neverending wars against immigrants not necessarily that high immigration controls are needed on our southern border think again #nodaca #,0.470719963312149,1,1
13568,MS596666,not even latin lutherans actually speak dutch dialect so naturally you get generic retards like you who think the tword is a joke,0.9979605674743652,1,0
13803,MS19674,the poll cutthroats are predators not preyi hate those minorities that vote for the,0.945847511291504,1,1
13503,MS931482, ive had enough of the latin teachers thank you for the link and for posting it ,0.0346480384469032,0,0
14343,MS7086,strange how people ask me about the mexico slave trade when it was over a century agoin the 1960,0.0007773371180519,0,1
13793,MS492550,is responsible for hiding and targeting immigrantsit is with no legal basis to be referring to illegalsonly 13 are foreignerswho come to,0.4006842970848083,0,1
13308,MS358831,AUSTIN Texas That time you brought home a food truck in Austin you deserve an award,8.916634396882728e-05,0,0
13940,MS894223,the left on one side and the right on the other the former want genocide while the latter want to limit nonwhite immigration,0.5730616450309753,1,1
13261,MS163882,of them were trash guysoutback stands 100ft below sea level today in california looking like great stress relief,0.1003381013870239,0,0
13883,MS859069,to infinity and beyondsomalian immigrants used to be the target of racismid,0.2694096565246582,0,1
14250,MS476624,if you dont follow ur instructions well then dont follow ur instructionson the highway south of mrs big brown eyes an,0.3336067199707031,0,1
13760,MS482931,Will you be too poor to vote this year you might be able to if more illegals are resettled in your area you will be able to,0.9004483819007874,1,1
13790,MS499870,legal action i can not afford its illegal now i just have to deport it u are right we will not stop the #immigrationandscam that you,0.0633846148848533,0,1
13375,MS548212,of the nahlahos hein reports on us from beckyam brazillian who recently emigrated to,0.0028622550889849,0,0
14174,MS465880,i am sure we can sell millions of aliens into the us thru #illegalimmigration for a large part of the annual income tax paid are for the,0.224311962723732,0,1
14011,MS261684,i like this nigga hard and i beanigga i hate your tards i hate everythang,0.9575960040092468,1,1
13224,MS150420,im really wanting a brownie when the ice cream is gone and its all about shawarma no cheesecant,0.0001091498488676,0,0
13506,MS527547,la mexico salutes the immigrant community who help to meet the hospital needs of the poor we have a limited resource,0.0004605501599144,0,0
13586,MS777142,c1300 from Old French opration 12c from Latin opitus event of those who take pleasure,0.0097855115309357,0,0
13286,MS565398, A prosecutor says hes alarmed at the frequency with which people are being arrested for crimes that do not existProsecutor Bill Faulkner talks,0.0012745411368086,0,0
13653,MS169421,The race for the White House is the only thing thats changed since I was a kid and took it easy in the grocery store #,0.0002673861745279,0,0
13251,MS602310,lifean order for return of two thousand illegal immigrants freed from custody not to reenter the United states after two years,0.0117457788437604,0,0
13392,MS1000982,npstorybar titleRead the full story at thestarcom,0.001197014003992,0,0
13360,MS525903,eugenics progressive america for liberal racial policies and open bordersmom laughs at my trumpiness v fred s,0.0399014875292778,0,0
13667,MS369765,A few days ago i went to buy the latest tekka #barcoback and using this feature through my library of 6500 books,0.0001564196572871,0,0
13730,MS490175, trump will win the election red states will still be blue illegal immigrants will not be entitled to welfare and child care benefits and,0.921945095062256,1,1
14184,MS866558,being mixed race and white makes you an objectifying minorityits a shame that university,0.4618825912475586,1,1
13453,MS353005,Donna Brazile the embattled former chair of the Democratic National Committee is backing Hillary Clinton and Donald Trump for president even after being hired as a,0.0010213903151452,0,0
14122,MS487438,this is unfair so would you say to the unemployed youth who are currently living in their cars #buildthewall to #deportthemall now #,0.1251727640628814,0,1
13618,MS348201,enrique velez viamet with 3 comm companies today to see the #typo their #calloutcode,0.0001066710901795,0,0
13992,MS254099,#Asylum13 #illegal Immigrations no do feel bad going to the our country we and our babies was wont remove,0.3147506713867187,0,1
14263,MS277154,wanderingbum congrats to the brown people for all,0.026527002453804,0,1
13496,MS535632,strong#opposesaustralia has said they do not want refugees coming here to prevent further illegal migration and is making it clear to,0.0190226584672927,0,0
13811,MS868618,such a shame that blokes with 2 or more kids are no longer illegal to have a mixed child with the aeptance of these types of people comes,0.967320680618286,1,1
13988,MS299657,the victim is a cop who can do nothing about the illegal alienswith moneywho was apprehended by a that is responsible for not removing illegal aliens,0.3362147808074951,0,1
13330,MS985906,now i wear the same skin color as my mama so i am quite over white ,0.0544784590601921,0,0
13203,MS930341,little brown girl commits robbery while high on heroin little brown girl gank france out of prison jobs for houseboats iceland and the northern tip of,0.1228141486644744,0,0
14254,MS430908,#FakeNews Congress needs to shut down all #illegalalien #immigration offices soon we need all legal immigrant to register with their state they must use their,0.0743871852755546,0,1
13120,MS932566,from wwwimbackpackercom i have a dream more,0.0001806161744752,0,0
13949,MS660828,the left is becoming inhuman this has to stopthe targetted nations have an illegal practice of child marriage in many parts,0.076307013630867,0,1
13438,MS327007,This is an open session at the 3rd Annual San Francisco Sketchbook Festival The creator of,0.000410803273553,0,0
14158,MS422001,President Donald Trump must be concerned about illegal immigration in the US leaving us with a 20 trillion deficit he must do more to stop illegal immigrants from entering,0.2976289391517639,0,1
13302,MS704632,in survival of the fittesti just made a triple brown butter runneth over,0.002879366511479,0,0
13460,MS582869,noninterstate lgc of puffer fish is illegal under international treaty no swimming without a social skills test warden at greenhorn center intervenes,0.0017290380783379,0,0
13141,MS354740,#Gamers4justice A video by Susan Johnstone to mark the #GameGeekWorkShop as well as Gamexpo in the new year,0.0005552859511226,0,0
13764,MS461546,intabicimmigrant criminality would you blame the illegal immigrants who killed the 12 year old kid in one county in u,0.9150347113609314,1,1
14008,MS440272,#basketwave2016 #buildthatwall #walkawayfromdemocrats #newtorkavegasassecurementvalve #borderpatrol,0.000909837137442,0,1
13396,MS335360,House Republicans are demanding details from the Senate on their ongoing dispute over the federal ExportImport bank and,0.000688215077389,0,0
13738,MS853446,how the hell do the blacks and hispanics come together and create a new religion it is as if they were trying to brainwash me,0.940476655960083,1,1
13159,MS402874,I highly recommend this course how to analyze sources and judge sources based on culture#please forgive my english some links are,8.359531057067215e-05,0,0
13140,MS567797,The political mandate was made but certainly the illegality of some of the actions demanded by the mandate has produced it now,0.0017503208946436,0,0
13411,MS195129,Social media reactions to ronaldo brujillo posting to twitter oppo mexican firebrand especial,0.0028236717917025,0,0
13199,MS941047,mexicans have been coming here for a long time and now there are many more immigrants than ever before ,0.0023758441675454,0,0
13322,MS923723, and this is my contribution to this forum white like all other colors is,0.0040501849725842,0,0
13511,MS564323,By Kate Brown on 09042014,0.0012061186134815,0,0
14027,MS471860,the actual source of the fight for jobs is that illegals take jobs they pay their way if they can get paid at all #stoptheinv,0.1099782884120941,0,1
13842,MS425523,People should not be allowed to increase the total number of legal immigrants in this country without a large total and work towards that end,0.4994332194328308,1,1
13903,MS901453,the more brown the better since what they really want is a white associating number of grangers and government employees,0.7694832682609558,1,1
14236,MS30939,of this so much hate between lily white and spic gaytardwhats this vile disgusting mfagg,0.9902217388153076,1,1
13625,MS591068,Theresa May said in an article for the London Sunday Telegraph that a hard border would have to be established with a modern customs union with the,0.0012065488845109,0,0
14223,MS299657,the victim is a cop who can do nothing about the illegal alienswith moneywho was apprehended by a that is responsible for not removing illegal aliens,0.3362147808074951,0,1
13526,MS981371,npstorybar titlecameron leaves wall building kickstarters and enters supermarket bc real estate speculation scam,0.0001805845095077,0,0
13983,MS444549,A CRUZ supporter bit off part of the hands of a couple after their wedding and a judge said there is nothing illegal about that,0.4598664939403534,0,1
13513,MS367036,i live with my parents in hispanic over to bad relationship problems but me and my half sister love each other w #badrelationships #hb,0.0012451249640434,0,0
13559,MS185642,blockquote classtwittertweetpBeware Sesame Street nasty Spanish teacher is teaching children to cheat on test today,0.2474738210439682,0,0
13665,MS175178,girls life test way to muchrip off skanks shoes on meback in the,0.5847446918487549,1,0
13161,MS985224,The members of sb group are threatened by the white gene pool peoples it s about maintaining white country and culture,0.6503704190254211,1,0
14028,MS849816,Native American tribes have been plundering whites for thousands of years they should be ashamedthey mostly seem to be white,0.9710202217102052,1,1
13334,MS954961,they are peaceful majority country and most of their people are very low income you,0.0235285460948944,0,0
13304,MS559517,SAN FRANCISCONEW YORK Reuters California will be the first state to adopt a law allowing terminally ill patients to donate organs,0.0274940319359302,0,0
14123,MS54382,everyone is a bitchi love how white trash arent considered white trash by latino culture bc they are just black,0.9792321920394896,1,1
14046,MS465833,as we have seen many asylum seekers dont even speak english doesnt even speak fluent in English they speak like rapiststaking,0.3139312863349914,0,1
13382,MS541852,not so tight no pain no gain anyone cares of the border checkso #fakenews calls to #stopthe,0.0054765078239142,0,0
13840,MS438078,they literally marry their children because their mexican immigrants literally marry them and take their children so stop with all the stuff you immigrant based haters you,0.9304964542388916,1,1
13353,MS546307,flashmp3back to topcan i promise to treat my lover with as much respect as i would treat,0.0034904775675386,0,0
14289,MS441289,America needs a law to protect it citizens from illegal immigration #noamnesty #nodaca #keepamericasafe,0.0187736023217439,0,1
14166,MS669370,were tired of seeing men who believe there is no god slaughter minorities they do nothing to end racism and sexismyou,0.2698761820793152,0,1
13431,MS568747,reps employ race baiting deportation illegal aliens so they cant votei guess #itsthefuture is bullshit because,0.7344546914100647,1,0
13540,MS955482,2015 has been the year of the brown boar in britain well what about when i get out of,0.0028540131170302,0,0
14327,MS231633,as a browner version of akane with a different conceptnot even the most fucked up mayor has as much right,0.3760227262973785,0,1
13145,MS358831,AUSTIN Texas That time you brought home a food truck in Austin you deserve an award,8.916634396882728e-05,0,0
13726,MS447685,The Spanish queen is being raped by thousands of foreign aliens who are on holiday and want her babies,0.9216671586036682,1,1
14097,MS70513,he is a wetback child rapist what is that about those two bums you saybut there are exceptions to every rule,0.9981374740600586,1,1
13535,MS780373,dude that is a fucking brown face dude that is going to throw his temper out for another round #vegan #simpleaussie #superfood,0.0673961713910102,0,0
13617,MS116008,# why is Obama talking about #cutbacks when he is destroying jobs thats exactly what he has been doing for,0.0056225736625492,0,0
13239,MS1001489,this guy looks like he could be mexican hi i am very tired,0.026846595108509,0,0
13807,MS491690,#201cnd #openborders #dontsendusback #americansfirst #liberalsthis is,0.0082241334021091,0,1
13446,MS923723, and this is my contribution to this forum white like all other colors is,0.0040501849725842,0,0
14040,MS480081,intrustofdependence #deportthemall #enddaca now #buildthatwallillegal alien in Hawaii,0.7426522970199585,1,1
13688,MS983459,even though it is not illegal to breed in norway it is so letten legislation that makes it illegal to re,0.0022106238175183,0,0
14261,MS416998,endorsed Trump also vows to end illegal immigration,0.0006294957711361,0,1
13631,MS773783,juan no gowhat does that mean have to gonot gonna lie im with kat andre #,0.0042596422135829,0,0
14234,MS474506,The power of the media and individual states make resisting a build up to war illegalwomen thugs taking it up the a,0.997204601764679,1,1
14155,MS476624,if you dont follow ur instructions well then dont follow ur instructionson the highway south of mrs big brown eyes an,0.3336066901683807,0,1
13619,MS599789,Dan Simmons Free Speech Radio #188 with Mikey Weinstein 12415#metoo #birther #illegalimmigration #immigration,0.0017635123804211,0,0
13229,MS773783,juan no gowhat does that mean have to gonot gonna lie im with kat andre #,0.0042596422135829,0,0
14111,MS900579,if i dont see a racial problem soon whites will be the ones eating the dirtiest meal of their livestheir gods,0.9946059584617616,1,1
13787,MS55998,i still think trump should release his taxes and do what every other white billionaire has done by selling his business to a foreign government,0.0046355053782463,0,1
13822,MS298666,America has almost 3 billion people but the 1 billion illegal immigrants there speak in droves only a few hundred of which are members of any religion in americ,0.6943526864051819,1,1
13805,MS864376,mexicans are among the most vile and vicious animals on the face of the earth they have been reduced to eating dogs and being paid to,0.9993909597396852,1,1
13151,MS564323,By Kate Brown on 09042014,0.0012196109164506,0,0
13104,MS583073,GermanPortugueseScottish organiser and journalist Jensine Cramer is the author of Several Ghosts of Northern England and,0.000375897885533,0,0
14204,MS404856,Government refuses to give citizenship to all illegal immigrants despite overwhelming public demand,0.6797502040863037,1,1
13321,MS568747,reps employ race baiting deportation illegal aliens so they cant votei guess #itsthefuture is bullshit because,0.7344546914100647,1,0
13907,MS296266,victory europe now has 4 million illegal migrants and is trapped in an economic and political crisis if must ask them to leave espaola,0.4465623795986175,1,1
14139,MS487721,the right to free speech in this country do we really want to close down our borders to those scum sucking on welfare benefit seeking misfits scum,0.9992486834526062,1,1
13153,MS908272,5 of 5 stars at stars yep white house corresponded to me last week for a week so i decided,7.879346230765805e-05,0,0
14324,MS850781,we must eliminate whitedominated areas of the worldif it s brown send,0.8731456398963928,1,1
14225,MS493267,IN a world where are refugees like fetuses in refrigerators are on the wayback our borders cant afford to take more border,0.309899240732193,0,1
13911,MS898240,it is an honor to have og racial diversity in the reichskirche ,0.0006073641125112,0,1
13952,MS298828,republican congress member proposes to deport immigrants who fraudulently enter our country via daca illegals are not undocumented for fear of the wrath of,0.4822648167610168,1,1
14142,MS452529,All the blessings will not make you rich like the money created through illegal immigrationwhile you were working away being the greatest,0.0639414116740226,0,1
14293,MS491516,President Trump has vowed to help build the border wall being constructed by the Obama administration no matter the cost #nochain migration #buildthatwall #dep,0.000829531927593,0,1
13530,MS601803,feminism and immigration at the end of mexico at the end of my last twitter talk then this is what you did,0.0044399574398994,0,0
13549,MS191659,I saw a picture of a raoon sitting on a fence asking for a piggyback ride#whatislove,0.0002856363717,0,0
13099,MS305824, Extreme Posted by spanish burger for breakfast i can get a tattoo soon to,0.0318600311875343,0,0
13466,MS944748,nana hanna is white with an immigration ban on line he will be able to come in and recruit young,0.0218068305402994,0,0
13356,MS784581,Thats pretty much what the world has come to #NotInOurBackyards #WomenAgainstTrump #NoMore,0.0410669408738613,0,0
13370,MS155838,When we heard Dave Martinez will be the first Latin player inducted into the ALLSTAR team that kicks off MLB season,0.0004645840381272,0,0
14299,MS443791,I asked on #kamalamitin if we cant just deport all illegal aliens back to the hinterland so they dont benefit us from,0.7109894752502441,1,1
13218,MS119932,of cash gold from pinjar with one jest of a brownieyellow bait,0.0005341818905435,0,0
13138,MS801206,late 14c from Old French absoute avoid someone from Medieval Latin absuuisse lack of seriousness,0.0010502678342163,0,0
13912,MS432092,the border not a wall ask them to pay the bills but deport all illegal immigrants if they cant pay that isnt fair,0.6656558513641357,1,1
13889,MS433613,not illegal immigrant did something wrong so #democrats who want #immigration bill even the illegals who commit #trafficking should be arrested#immigration,0.3842333853244781,0,1
14316,MS876280,and i fear for the future of all english peoplethe white race will soon be on the brink of being a minority,0.4630686044692993,1,1
14303,MS491690,#201cnd #openborders #dontsendusback #americansfirst #liberalsthis is,0.0082241334021091,0,1
13615,MS138903,of 5 watches this one wordmed yonightcap is so beautiful a daisy chain made of 4 pepperoni,4.616523801814765e-05,0,0
13894,MS423885,Republicans want to arrest and deport children even their parents #noamnesty #buildthatwall #endchainmigration #endvisalottery #,0.3679038882255554,0,1
13310,MS149844,LAKE COUNTY Fla University of Florida football analyst Chris Spielman says the Gators should retire Dave Arandas number in honor of his incredible,0.0001313621905865,0,0
13380,MS600274,Ive enjoyed the many discussions on this topic here in recent days illegal immigrant parent left child with language impairments by,0.0166316274553537,0,0
14140,MS498760,And they are going to deport us here the #immigration crisis is not their problem our economy isausama al q,0.263822078704834,0,1
13406,MS965514,tutorial for any english teacher looking to create a lesson plan for the new year or even for the first day of school ,0.0004332934913691,0,0
13319,MS105463,not my tulpa wont kill megreat story about brownies make them brownies,0.0037954598665237,0,0
14069,MS25225,im sure if we had really dumb criminals we wouldnt have to worry about spics and blacks just because they look like they might have a,0.9654884934425354,1,1
13609,MS347027,funny how a bunch of people come here to get sold to brits on an illegal war ani,0.2261382639408111,0,0
13588,MS961269,variety s job titles plus all the bean bags i carry everywhere i will be,9.502519969828428e-05,0,0
14072,MS454185,president of the atlantican union that is at the new panamerican legal centre of the importance of the illegal immigration its impact on american,0.0010138428770005,0,1
13350,MS592935,Republican members of Congress across the country have spent the last several weeks,0.0002890506293624,0,0
13645,MS572023,Congratulations to Shaun Harper who has been added to the upcoming #fakenews2018 #takebackthepack tour it is required to download and sign the,0.0198171865195035,0,0
13347,MS983747,adriatic adriatic borders and ethnography 2012 traveland maritimersin mars,0.0003445124311838,0,0
13351,MS991235,i was recently in brampton just north of the border we stop to look at some of the same attractions,2.36064734053798e-05,0,0
13895,MS500769,mexican emigrates to texas over illegal alien issue #securetheborder #lockthemup #maga #trump #rednationrising,0.0452054142951965,0,1
13178,MS984775,best way to use one is to practice each day and get really good at it as a white nationalist i take,0.0005855329800397,0,0
13808,MS434201,we hear from the italian immigrants that cant find to make their living in hispanic neighborhoods like denverand springfieldo get rid of the it,0.1473521292209625,0,1
13904,MS866558,being mixed race and white makes you an objectifying minorityits a shame that university,0.4618825912475586,1,1
13584,MS144936,im working hard im happya few weeks ago im really into that show im not good at english so ill just say,0.0002705918741412,0,0
13201,MS353005,Donna Brazile the embattled former chair of the Democratic National Committee is backing Hillary Clinton and Donald Trump for president even after being hired as a,0.0010213903151452,0,0
13445,MS547125,blame rapemafia scapegoat claims by victimsclaims from a new john brazile book make it clear,0.0364399775862693,0,0
13415,MS169089,what type of am i expected to leave a weeknight with 4 cals on pastries for brownies#gentlepeople,0.0001701601431705,0,0
13241,MS722287,blockquote classtwittertweetpTHERE WILL BE AN AIRPO SHUTTLE FOR ONLY 100 PEOPLEend,0.0001060464419424,0,0
13620,MS580412,Learn how to quickly and easily set up for enrollment at the Jefferson Senior Center via #getinsupported,0.0001024021403281,0,0
14034,MS405025,end illegal alien welfare covernow everyone know illegal aliens are never seen or heard of in this country they very often set up little paying businesses and most of,0.4041145443916321,0,1
13102,MS1006166,1978 the year chicago stopped white flight and white flight became illegal surprised anyone else sees it ,0.0036487283650785,0,0
13332,MS155564,I was introduced to biscuits and gravy a few years ago while eating hash browns with my two cousins before a game of tough youte bro all the,0.0029074137564748,0,0
13725,MS902213, you can use any language you want but we insist on using english its our national language let other countries races,0.020937081426382,0,1
13587,MS115258,Remember the silly video which supposedly showed the manning of Trump Tower today mocking 911 in all its unspicuousness,0.0336000882089138,0,0
14019,MS836107,and just let the whites die outsomalian immigrants claimed raping to be a part of their culture we should,0.9813823699951172,1,1
13659,MS369765,A few days ago i went to buy the latest tekka #barcoback and using this feature through my library of 6500 books,0.0001564196572871,0,0
13249,MS163882,of them were trash guysoutback stands 100ft below sea level today in california looking like great stress relief,0.1003381013870239,0,0
13388,MS326314,NewsHomosexuality Social Media Television Family Mexico Cityits ok i will always love you my boo,0.00146162614692,0,0
13174,MS531154,div classswatchdiv classswatch stylebackgroundcolor #FF5500divdiv,0.0004226845339871,0,0
13262,MS358831,AUSTIN Texas That time you brought home a food truck in Austin you deserve an award,8.916634396882728e-05,0,0
13234,MS982144,narrative boarding schools homeschool your kids for a free controlled education we are totally surrounded ,0.0002870048047043,0,0
13326,MS160310,epic a few minutes of wild off land unloading spanish vermillion florida yellow cherry daisy jacobson yellow tangerine,0.0016166954301297,0,0
13901,MS901270,USA 1971 1971 Controversial book by a white american How the nonwhites will finally rise up and take back their country,0.215590700507164,0,1
13698,MS786929,ofstrategy How cool would it be if the silverbacks and fans got alongi still cant believe the,0.0081456592306494,0,0
14245,MS428045,many immigrant families from brazil have arrived in usa to flee violence but they will be targets if they returnyou,0.519646406173706,1,1
13405,MS326703,its almost like samosa is a hash brown with cheese that melts in your mouthnothing deters you from trying something,0.0009723572293296,0,0
13248,MS169421,The race for the White House is the only thing thats changed since I was a kid and took it easy in the grocery store #,0.0002673861745279,0,0
14224,MS406747,News of the week Auckland Police enforces visa fraud law by detaining and expelling illegal asylum seekers and will now be able to identify them by,0.4373854100704193,0,1
14181,MS454992,the worst kind of racist act of any kind is for them to say they dont believe in daca and is illegal and americans should build their own,0.2636813819408417,0,1
13660,MS599874,The president of Mexico expressed his sympathy on Wednesday for the families of the three young men detained by US immigration authorities following Trumps new travel ban on,0.0041118483059108,0,0
13795,MS476624,if you dont follow ur instructions well then dont follow ur instructionson the highway south of mrs big brown eyes an,0.3520538508892059,0,1
13982,MS497365,bears support for spanish immigration while mass immigration only bussiansshould we have to lock the german people,0.7529783248901367,1,1
13364,MS149865,endless meat delicious in pepperoni cheesy wonder string cheese blue nuggets frankenmixedwhat is your favorite,0.0007893652073107,0,0
13810,MS889312,dont look like they have many thousands of members only a few hundred are honest members and they all want their own country they dont want,0.2689377069473266,0,1
13612,MS706855,#Apple #Android #AppleTV #adpocalypse #byebyebye #therocode #adventuresinspace #cabaret #,0.0001002341887215,0,0
13126,MS601943,On the Saracens their national and international histories and its importance to modern scholarship the race of the man who founded,0.0004447511746548,0,0
13592,MS104542,pWho needs an 80s throwback night out when you got a pink flamingo eye wash off the side of the bedp,0.0003589914995245,0,0
13397,MS1000982,npstorybar titleRead the full story at thestarcom,0.0011707062367349,0,0
14248,MS492710,have just spent the last year working on building a northern border wall they have 24B left to spend on #trumptrumps #immigration plan,0.0130797307938337,0,1
13235,MS139692,perhaps the best blk feature everits good to be purple and i have a brownie,0.0014877702342346,0,0
14315,MS300550,Anyone working to deport millions of illegal immigrants has to stop demonizing refugees viaericson reads as imbecilic,0.7943066954612732,1,1
13556,MS138903,of 5 watches this one wordmed yonightcap is so beautiful a daisy chain made of 4 pepperoni,4.616523801814765e-05,0,0
14247,MS459087,becoming illegal to ssid immigrants# #buildthewall #voteragingolistening to baby boomers,0.041924450546503,0,1
13449,MS769119,im beyond cynical that the kids on mexico going back to some of the bs the press has written about us is more important than their,0.1881774067878723,0,0
13815,MS879821,The Black and Hispanic criminal alien populations in NY are out of controljust shows the absurdity of the immigration system some,0.99650901556015,1,1
13426,MS942254,1 Clean Ep 25 cantina portugal norte the brazilian border laci pine brasil the brazilian military ,0.0019639483653008,0,0
13471,MS802518,My sidebar on the top left claims to be the keeper of the #ofthedaychallenge lol no its me #,7.944881508592516e-05,0,0
13574,MS559517,SAN FRANCISCONEW YORK Reuters California will be the first state to adopt a law allowing terminally ill patients to donate organs,0.0274940263479948,0,0
13430,MS101128,cyprus is on fire there are panic attacks in seaside cafe i dont get it call it a severe case of mass hysteria #yankees right now,0.0018041682196781,0,0
13097,MS369765,A few days ago i went to buy the latest tekka #barcoback and using this feature through my library of 6500 books,0.0001564196572871,0,0
13818,MS429133,they never tell the truth never remember to tell them what they dont want to hear hahahahahahahah #illegalaliens #immigrationend,0.1586270481348037,0,1
13314,MS115258,Remember the silly video which supposedly showed the manning of Trump Tower today mocking 911 in all its unspicuousness,0.0336000882089138,0,0
13768,MS466622,American victims #maga #Buildthatwall then deport those who have broken our laws last time we did #securetheborder,0.877953827381134,1,1
13225,MS564323,By Kate Brown on 09042014,0.0012061186134815,0,0
13292,MS601143,of 12 Hotels in Manaus Brazil Choose the one that best meets your needs,6.069693336030468e-05,0,0
14244,MS895051,pearly white civilised women giving black children nicked clothes and food at gunpoint hispanics and,0.966124415397644,1,1
13253,MS527547,la mexico salutes the immigrant community who help to meet the hospital needs of the poor we have a limited resource,0.0004605501599144,0,0
13146,MS394269,In his 2012 book Battlefield America The War on the American People 2013,0.0065471222624182,0,0
13576,MS580412,Learn how to quickly and easily set up for enrollment at the Jefferson Senior Center via #getinsupported,0.0001024021403281,0,0
13177,MS190860,OAKLAND Calif New Orleans Karl AnthonyTowns scored 32 points and Golden States Marreese Speights added 22 as,0.0063677569851279,0,0
14025,MS466406,ancient richilly hairy man that brought millions to his homestate through millions of illegal immigrants#migrantsillegal migrationis undermining national identity#brexit,0.0431836135685443,0,1
13328,MS601899,welcome to this project that is also a movement#yesallwomen #immigrant #mexicanhumanrights #legal #immigration,0.0052398657426238,0,0
13869,MS420801,States are seizing federal illegal alien kids #buildthatwall #sendthembackcia is destroying the trust it has built,0.4079924523830414,0,1
14246,MS430686,even bernie might think we are crazy to deport all illegals without making an indepence daca law which will allow them to return,0.0789328813552856,0,1
13109,MS148058,pub lic was already illegal cuz of weed but we are just getting startedwhitey might have the final word in,0.2360997945070266,0,0
13179,MS140791,In an interview with Brazilian magazine Tgina do Estado TE on the eve of the 2015 ASN Copa Libertad,0.0011253613047301,0,0
13655,MS931326,i am in favor of out borders if they want i ll fight like hell to make sure no one else has a right to their country than i,0.3238036036491394,0,0
14076,MS99683,Trumps America will be bad if you are a non white trash american the illegal immigrants pay most of the real costs and youre a gangster,0.9984789490699768,1,1
13838,MS301064,witchcraft should end the borders of wasps,0.0033059839624911,0,1
13122,MS305824, Extreme Posted by spanish burger for breakfast i can get a tattoo soon to,0.0318600311875343,0,0
13974,MS96090,#FeelTheBern 3i wouldnt mind having such a non white person russian national god,0.0083587979897856,0,1
13280,MS367120,span idselectionmarker1 classredactorselectionmarkerspanhe i think you miss this shit,0.0551200248301029,0,0
14215,MS406422,repeal the law that allows for amnesty in the states they are desperate for legal residents to self deport to the states,0.0528457574546337,0,1
14180,MS497002,Every year the opposition press paints the way we save #hell if you care so much go ahead and die #bringbackourdefenders #buildthat,0.3455587327480316,0,1
14163,MS479997,please give the scamming scum this ban the non stller immigrants say fuckyou both need to grow up,0.9992782473564148,1,1
13202,MS186647,nt is 20 go away1 of our favorite minorities are democrats #disappointed #darwin what a,0.2790915966033935,0,0
13476,MS149865,endless meat delicious in pepperoni cheesy wonder string cheese blue nuggets frankenmixedwhat is your favorite,0.0007893652073107,0,0
13154,MS201369,hey man i dont kno your trash but you sure as hell got itntcuz u are surrounded by brown,0.4788664877414703,1,0
13457,MS725397,plasticine mexican aaaaanywaycant believe #tasteofcampbell has ended like this,0.0014697243459522,0,0
13232,MS167203,#BringBackBarakadear god let me go to hell please god help me take my all girl uniform home,0.3073485195636749,1,0
14257,MS425117,are the few that support illegal immigration are the few that support illegal immigrationspain returning economy has both refugees and migrants,0.5851637125015259,1,1
14318,MS407949,and goes on to state that as the excuse goes and we are legally entitled to oupy borders as now we are free to exploit peoples labor and children and,0.3664780557155609,0,1
14035,MS96765,This week just passed by without a single president being impeached as they left office Trump is rightfully leading and pushing all the borders be,0.0009938678704202,0,1
13580,MS547616,#ecker #birther #borderwalli dont believe british do not deserve the right to,0.0350015684962272,0,0
13934,MS51964,the act of speaking only latinos in the room is racistblah blah hoes,0.7319342494010925,1,1
13162,MS347027,funny how a bunch of people come here to get sold to brits on an illegal war ani,0.2261382639408111,0,0
13514,MS529996,It was a familiar scene in Colombia as all were enraptured by the presidential election of the leftist candidate for president that received,0.0003163602668792,0,0
14233,MS889312,dont look like they have many thousands of members only a few hundred are honest members and they all want their own country they dont want,0.2689377069473266,0,1
14020,MS62438,the hatred of migrants is merely a color blind racial issuejust so you know your a horrible person and i hope you,0.9507200717926024,1,1
14075,MS465833,as we have seen many asylum seekers dont even speak english doesnt even speak fluent in English they speak like rapiststaking,0.3141949474811554,0,1
13386,MS954961,they are peaceful majority country and most of their people are very low income you,0.0240805950015783,0,0
13900,MS437914,Many people in the Hispanic community and communities of color are taking advantage of the environment and schools they are given and we have a president that has already,0.0467801503837108,0,1
14061,MS295969,President Trump has ordered the closure of all illegal immigrant detention centers nationwide and the hiring of millions more to serve as a real virtual,0.0127095552161335,0,1
13368,MS591716,Alberto Itani del Rosario On the Land of the Loons aompanied by his family head of the Peruvian Ovacion movement that,0.0010236361995339,0,0
14099,MS461135,whose fault is losing rights to vote and run in america the problem is that illegal immigrants dont use #citizenship and #migration laws to,0.0240272171795368,0,1
13345,MS797077,and will they use their new global ranking system to defeat hen and christmas meatballsis instant restaurant round 3 gonna,0.0899634584784507,0,0
14056,MS502802,Dont the media and Dems focus on how many illegal immigrants passed the criminal background check BEFORE they came here #amnesty #trump #maga #,0.23052878677845,0,1
13194,MS554977,For a moment there was hope of a reasonable explanation of why the Spanish government refused,0.0020678164437413,0,0
13512,MS802518,My sidebar on the top left claims to be the keeper of the #ofthedaychallenge lol no its me #,7.944881508592516e-05,0,0
13812,MS462275,syrian asylum seekers blocked off russian border vienna tradition threatened by mexicans at the border local mediapeople,0.0854570195078849,0,1
13956,MS276562,me im at the border the police is gunning for the inmates if they dont helpliar liars li,0.0214896891266107,0,1
13963,MS431466,The New York Times has run an editorial on immigrants #stoptheinvasion deport illegals #stopbuildingthatwall the left likes to whine about but,0.8797340989112854,1,1
14161,MS674711,The brownout is over where it never was it was created by scumbag politicians who stole the thunder of the people #benshad,0.1285950094461441,0,1
13777,MS222453,one of the best metal bands and bad ass kawaii singing idol divas of 2016obama did illegal gun,0.0011736600426957,0,1
14211,MS814036,with their gold stars and militaristic banners they clearly state that their aim is to dominate and destroy other nations simply stated they do not,0.0863265246152877,0,1
14230,MS460580,THE LAW Through a flurry of pardons and commuting of sentences to two years 5 if you are an illegal alien you can remain a U,0.080862782895565,0,1
13391,MS909431,someone needed a haircut and i decided to show up welcome to stormfront the largest white nationalist community on,0.0063062948174774,0,0
13424,MS167203,#BringBackBarakadear god let me go to hell please god help me take my all girl uniform home,0.3127306401729584,1,0
13212,MS780826,When you think of the word fluffy do you think of those fluffy carrot cake wafers or do you think of those fluffy sprinkles,3.997458043158986e-05,0,0
14013,MS841571,stupid non white countries like sunkury were already devastated when the north lost the last war now there are hundreds of thousands of formerly unemployed traitors,0.9971473813056946,1,1
14335,MS413172,many Americans have never heard of amnesty and are completely clueless about illegal immigrantsurum you are stupid enough to think you,0.9717572331428528,1,1
13650,MS147925,eyebally eyed green hair with brown eyes musta been da bomb i miss that hairthe bluegrass line,0.0006560636102221,0,0
13562,MS574863,pWhat are the latest energy trends and the impacts of this on the oil industry in Canada and the USA Learn more here Mike Brown,2.1251054931781255e-05,0,0
14022,MS894093, also called white gentile or nonbritish these are words used to describe someone of a different race so,0.003351668594405,0,1
13991,MS427026,The Supreme Court has made it illegal to induce a person to join the confederation of aboriginals by drawing a fatwa to,0.0466659478843212,0,1
13661,MS393390,1994 Bakersfield Pueblo home sold for 741900 and noone even bothered to look through the deed like you are blind,0.2305565923452377,0,0
13160,MS937288,shes a derren brown singer youtube brown hair blue eye looks,0.0359374433755874,0,0
13905,MS469539,President Trump made his crazy ultimatum for funding for his northern border wall today by demanding more billions from the new America first immigrants #buildthatwall,0.2736181914806366,0,1
13677,MS147422,this beer is the only green in the chile pepper field hes so delicious with a jar of red pepper flakes him and nc brownies on a,0.0001341900060651,0,0
13690,MS327007,This is an open session at the 3rd Annual San Francisco Sketchbook Festival The creator of,0.000410803273553,0,0
13717,MS300546,the locals have an issue with immigration and police across the globe but the homeless immigrants in brazil take the cake the locals have an issue with immigration and,0.7847586274147034,1,1
14039,MS20276,all white trash yankees deserve to be hoodwinked for real by some sicko of a beaner onei coo,0.9992862343788148,1,1
13994,MS428579,Apart from getting illegal migrants with fake drivers from one State to another it will cost crores of rupees for lodging of such,0.0639147982001304,0,1
14129,MS865243,white men are the true victims in todays raciallyconscious societywhen the outside,0.2082056254148483,0,1
13379,MS978533,Reuters US stocks closed lower on Monday with the energy sectors benchmark index SPLX falling 035 percent ,0.0006737726507708,0,0
13651,MS197906,nylon brims are great i cant put yankees in my shed with redi and im a brownie point,0.0004552299797069,0,0
13451,MS958990,in some areas if you have brown eyes you are more than likely white but still get brown looks and have brown hair so it s not really a,0.007432909682393,0,0
13291,MS769119,im beyond cynical that the kids on mexico going back to some of the bs the press has written about us is more important than their,0.1881773769855499,0,0
13272,MS532124,The 5 different countries im in now #allofus #countrybycountry #immigrationi just had my card,4.429745604284108e-05,0,0
13582,MS751583,late 14c ample bling from AngloFrench braid and perhaps directly from Latin braidus finger lace,0.0028242815751582,0,0
14159,MS464152,Latinos take our country back #trumptrain#sendthemback #magaridiculous feminist is,0.7798528671264648,1,1
13733,MS453108,US must end illegal immigration and build the wall now if we want to #stoptheinvasion we are importing from abroad we are not going to be,0.3906404674053192,0,1
13243,MS916404,see this post diversity means anything but white ,0.3525817692279815,0,0
14045,MS483489,I can understand and respect people who want to reduce immigration we cannot have the same people coming into the country and our society is changing greatly but in this,0.0206390917301177,0,1
14332,MS500762,by randy from michigan city somedays are clean and no crime here deport illegal immigrants also no jobs here the first priority must be to,0.833377480506897,1,1
13872,MS498760,And they are going to deport us here the #immigration crisis is not their problem our economy isausama al q,0.2638221085071563,0,1
13389,MS558726,I have and i have would like to live with in Sweden and the wall is absurd but apparently its ok its no solution to illegals let them keep,0.6604898571968079,1,0
13972,MS441320,by kirkwood with alice lynn in rewind and reprisal crows cry again with tar headlines people are scared about who will deport them,0.0061103831976652,0,1
14058,MS459783,#binbash echo head over to day of resignation is 2018 time2300 title now illegal no immigrant or any person evicted must,0.005924176890403,0,1
13164,MS714991,also 3 setback to a good year for veg wowif robert celine ever met josh purdy,0.0084322607144713,0,0
13494,MS112097,rincels rthrowbackThursday nonsense #lukexnax #aswres #austintheswootno #c,0.0111674629151821,0,0
14297,MS502802,Dont the media and Dems focus on how many illegal immigrants passed the criminal background check BEFORE they came here #amnesty #trump #maga #,0.2305287718772888,0,1
13467,MS158892,Click here for more information about spanish sweet potato fries worst decision of my life was getting the shing,0.0079532014206051,0,0
13874,MS423885,Republicans want to arrest and deport children even their parents #noamnesty #buildthatwall #endchainmigration #endvisalottery #,0.3675496578216553,0,1
13557,MS169421,The race for the White House is the only thing thats changed since I was a kid and took it easy in the grocery store #,0.0002673861745279,0,0
14007,MS446927,scammer hacker bank tellers end up in jail and rich Mexicans pay for the little immigrants fucked up lives they need to be educated from a young,0.999749720096588,1,1
13590,MS558726,I have and i have would like to live with in Sweden and the wall is absurd but apparently its ok its no solution to illegals let them keep,0.6609398126602173,1,0
13732,MS451417,When President Obama announced that he was shutting down the lawless border crossing of children and families his press secretary said it wasnt being done to keep illeg,0.0058174659498035,0,1
13753,MS212215,why mexico shouldnt have nukes anymorearrests of leading police officers and bds on major corruption,0.0086613437160849,0,1
14043,MS424311,Swinging foot will release over border to spur even more illegal migration across continent,0.3568183779716491,0,1
13404,MS353005,Donna Brazile the embattled former chair of the Democratic National Committee is backing Hillary Clinton and Donald Trump for president even after being hired as a,0.0010213903151452,0,0
14226,MS472120,the future of our nation depends upon each person having the confidence in us to protect all citizens from invasion by illegal aliens from any state no matter where it,0.046049315482378,0,1
13362,MS943362,you mean like latin people and such i was going to say they went to government but then i remembered,0.060275375843048,0,0
13137,MS545948,div classwestern texten germany is helping to vet for illegal immigrants text,0.0015120634343475,0,0
13564,MS748859,the sauce makes everything bettergiving katie and nikki haircuts a 15 min treat next time #,0.0001455262390663,0,0
13517,MS558726,I have and i have would like to live with in Sweden and the wall is absurd but apparently its ok its no solution to illegals let them keep,0.6609397530555725,1,0
14331,MS237393,Republican Ted Cruz has long denied that being born in Canada to a CubanAmerican mother makes him a foreigner,0.0007638558163307,0,1
13492,MS602310,lifean order for return of two thousand illegal immigrants freed from custody not to reenter the United states after two years,0.0117457788437604,0,0
14098,MS638710,of the hate crimes against minorities worldwide you dont believe in a god who created hatewhy is this not taught in every,0.1297308504581451,0,1
13781,MS851794,the white liberal is the worst of all species and the children of the old slav race these children are nothing but challenges to white homelands,0.9970828890800476,1,1
14203,MS457006,You know that if i was to go and rob a bank #buildthatwall those wackos #daca and all those illegals with drug,0.8311367034912109,1,1
13767,MS465318,Why I am back home on the german border after 30 years of unemployment in germany with more jobs for germanys,0.0006577997119165,0,1
13765,MS435820,America are illegal migrants who need to go back to their countries its time to deport thembrg the crime wave in,0.9985981583595276,1,1
13115,MS601143,of 12 Hotels in Manaus Brazil Choose the one that best meets your needs,6.0696882428601384e-05,0,0
14066,MS301548,Dont fear Bob Marley that Mexican drug cartel might kill you read how people react to refugees in south africa,0.4334153831005096,0,1
14078,MS888754,or put simply the democrats want to genocide nonwhites and only whites will be spared experience their tactics first hand whites only ,0.8461371660232544,1,1
13851,MS445585,USA TODAY Sports relive the MexicoUnited States border crisis and the scary thing is the rest of america is laughing at you live #build,0.1113370358943939,0,1
13546,MS347027,funny how a bunch of people come here to get sold to brits on an illegal war ani,0.2261382341384887,0,0
13312,MS978533,Reuters US stocks closed lower on Monday with the energy sectors benchmark index SPLX falling 035 percent ,0.0006737726507708,0,0
13839,MS41769,a non life long argentine cis man who consider himself to be a groid but still believes he should be treated as such,0.5655698776245117,1,1
13393,MS524782,The long awaited project file for the Transatlantic Compact TAC which is designed to create a supranational borderless community to coexist,0.0007520610233768,0,0
13093,MS144936,im working hard im happya few weeks ago im really into that show im not good at english so ill just say,0.0002705918741412,0,0
14291,MS480668,President Donald Trump praises the leader of Cuba right after the two leaders agreed to begin talking b to restore relations that have been dead for over 20 yrs,0.0001406872179359,0,1
13378,MS954961,they are peaceful majority country and most of their people are very low income you,0.0235285460948944,0,0
13276,MS175217,i made like a golden brown paste of this i bet you couldnt figure it outim wondering why some yan,0.02622577175498,0,0
13500,MS195512,what the fuck do u mean i use latin slang to say gringo you trashdont lie its a desert,0.8026877045631409,1,0
13417,MS738975,1 Austin Kearns Since day one yay all my favourites are here forever more #grrrl #blackgirlthrowback #nof,0.0011672470718622,0,0
13662,MS155724,by tikki carter on mesquite and goat cheese making a columbus sourdough browniethere,6.373218639055267e-05,0,0
13960,MS877838,the dance of death is being carried out in our countrydamn affirmative action they got the white house now our,0.4409431219100952,1,1
13610,MS538227,a day #wmldjune #bringbackmercy #altakallagundimeet the lady is,0.0006575559382326,0,0
13470,MS565303,Huge story from NYT today on our refugee children learning English as they get on #immigrationthe first pic of a,0.0363168083131313,0,0
13344,MS790185,blockquote classtwittertweetpWhat could be better then 2 Chainz spiking the chocolate milk with green jello sauce,0.0020444325637072,0,0
13771,MS453108,US must end illegal immigration and build the wall now if we want to #stoptheinvasion we are importing from abroad we are not going to be,0.3906404376029968,0,1
13622,MS106117,div classswatch stylebackgroundcolor #ffffffdivdiv classmidcol unvarnished un,0.0019122223602607,0,0
13804,MS437418,of note in this years vote was the breaking of #foradvisorrichard einhorn along with skank illegal immigrant from refugee hell j,0.7915725708007812,1,1
13240,MS963537, n ra sko oi pl sp sr for,0.0030624223873019,0,0
14004,MS842463,this is the same race that thinks raping babies cures aidsislam controls people and does not permit anyone to express their,0.7284036874771118,1,1
14112,MS297013,Before November 8th all you liberals planning to keep your borders open to refugees but take your,0.8369544744491577,1,1
13868,MS405025,end illegal alien welfare covernow everyone know illegal aliens are never seen or heard of in this country they very often set up little paying businesses and most of,0.4041144549846649,0,1
13736,MS459609,AUGUSTA A debate has erupted on social media and in bars around the state about whether illegal immigrant criminals should be deported back to their home,0.4364802837371826,0,1
13143,MS764363,pInstant Pot Black Bean Almond Butter Mac n Cheese Balls are not only delicious and easy to make but are also so healthy and you can,0.000197637520614,0,0
13539,MS363137,Even as the end of the first month of Ramlila Maidan continues and more illegal colonies are about to come up #s,0.0015884761232882,0,0
13884,MS483695,John Nolte on twitter on december 28th When the US economically collapse whites have to turn to other races to survive #bringback,0.3592593967914581,0,1
13369,MS736244,#mikeandliza for first place #michaelbarnes and greg will miss themi,0.0003414144739508,0,0
13664,MS919477,resurrection from the dead youtube i nb spetschny bunyatsch 2009 olympia s image search,0.0140740117058157,0,0
14198,MS420624,epsoli spanish unions ties rape they rape american women that dont want a life of polyamory or a feminazi or an aess chau,0.876663863658905,1,1
14151,MS431005,theres no understanding for immigrants unless we call the illegal border crossers illegal refugees without a visa illegal aliens #trump #maga #rednationrising,0.0493688024580478,0,1
14079,MS437418,of note in this years vote was the breaking of #foradvisorrichard einhorn along with skank illegal immigrant from refugee hell j,0.796693742275238,1,1
13658,MS561452,textual errors and illegal immigrants incorrectly registered for this government funded assistance program have lead to needless deathsi got this article,0.0072110025212168,0,0
13107,MS940341,i live in montana and nonwhite immigration at large youtube nonwhite immigration at large mass meeting 2014,0.0958152413368225,0,0
13773,MS816976,this was a bad move by the jewlords to turn off the old irish population in favour of the spics and hispanic community order to the,0.9354457855224608,1,1
13390,MS940341,i live in montana and nonwhite immigration at large youtube nonwhite immigration at large mass meeting 2014,0.0958152413368225,0,0
13183,MS780826,When you think of the word fluffy do you think of those fluffy carrot cake wafers or do you think of those fluffy sprinkles,3.997458043158986e-05,0,0
13096,MS175468,see also The naked rapper wakes up to his mugshot Posted by Letstakebackstreetyou did it my mani,0.0555418208241462,0,0
13488,MS981689,because he is the future of the white race he should serve his time i,0.0700754150748252,0,0
13638,MS958990,in some areas if you have brown eyes you are more than likely white but still get brown looks and have brown hair so it s not really a,0.007432912942022,0,0
13384,MS346087,USA TODAY Sports has added a giant map of USA from the Trainspotting film throughout the entire country showing cities with distinct culturalbarbour over,0.0004701243306044,0,0
13176,MS188219,This is really part one of the Mexican Cracka Series Im so glad i made this and got to do an achivement for a,0.0557641424238681,0,0
13962,MS298666,America has almost 3 billion people but the 1 billion illegal immigrants there speak in droves only a few hundred of which are members of any religion in americ,0.6943526268005371,1,1
13731,MS814036,with their gold stars and militaristic banners they clearly state that their aim is to dominate and destroy other nations simply stated they do not,0.0916888490319252,0,1
13640,MS591068,Theresa May said in an article for the London Sunday Telegraph that a hard border would have to be established with a modern customs union with the,0.0012065488845109,0,0
13975,MS261684,i like this nigga hard and i beanigga i hate your tards i hate everythang,0.9575960040092468,1,1
14084,MS669370,were tired of seeing men who believe there is no god slaughter minorities they do nothing to end racism and sexismyou,0.2698761820793152,0,1
13797,MS259060,Can Trump raise taxes or is his best solution to deport illegals for stealing jobs from Americans #fakenews,0.4661698937416076,1,1
13531,MS163555,love the mustache hahahha thank you brownie points i just ordered from you againand they are trash,0.0092510133981704,0,0
13794,MS70673,trevor noah said that i am wrong about fucking latinas hes a man not some sassy little bitch he treats them like women i can,0.6839409470558167,1,1
14279,MS482931,Will you be too poor to vote this year you might be able to if more illegals are resettled in your area you will be able to,0.9004483819007874,1,1
13775,MS425978,Latinos we need your votes next November help elect democrats in statehouses as they fight for jobs health care education immigrant rights,0.0819945409893989,0,1
14336,MS436365,America never said they were happy and it never changed how they live the way they live #americafirst #trump #maga #rednation,0.0252156890928745,0,1
14337,MS461956,The Free State Projects founder and campaign coordinator Steve Bouchard has confirmed the movement will be pursuing a return to the US via the southern border and,0.001606500474736,0,1
13259,MS325450,US to aept turkey from venezuela ahead of electionwhen will the world stop talking about how this season has,0.0058402186259627,0,0
13315,MS169421,The race for the White House is the only thing thats changed since I was a kid and took it easy in the grocery store #,0.0002673861745279,0,0
14065,MS297013,Before November 8th all you liberals planning to keep your borders open to refugees but take your,0.8369544744491577,1,1
13348,MS328922,Location Federico Chavez square Salvador du Plessis city,0.0001021476855385,0,0
13142,MS929680,i d love to have a dance and a sing along mexicans dressed,0.0040856203995645,0,0
13343,MS984775,best way to use one is to practice each day and get really good at it as a white nationalist i take,0.0005855324561707,0,0
14269,MS660828,the left is becoming inhuman this has to stopthe targetted nations have an illegal practice of child marriage in many parts,0.076307013630867,0,1
13720,MS851663,mexicans play words games to make blacks resent white people then whites have to hide or fight because when the fight breaks out whites would rather,0.515692949295044,1,1
13237,MS591762,Border is a source of,0.000375365401851,0,0
13443,MS734793,yes i have 2 being a cooking show your culinary handicaps dont help that littlethey serve me beans from a can,0.443298190832138,1,0
14021,MS500769,mexican emigrates to texas over illegal alien issue #securetheborder #lockthemup #maga #trump #rednationrising,0.0452054142951965,0,1
13135,MS131931,could be clintonwhen charlie brown broke up the redskins the fans were all racist towards brown as soon,0.0232050400227308,0,0
13683,MS394269,In his 2012 book Battlefield America The War on the American People 2013,0.0065471250563859,0,0
13946,MS453029,TNT wont fix the border crisis there needs to be a #trulyopenborders as well as to cut off #inhumanebenefits,0.0229243133217096,0,1
13139,MS982665,the time for war is now the west is on the threshold of wiping itself out and the white race will be left,0.7003695964813232,1,0
14270,MS425623,end the illegal invasion by these criminal illegal aliens into the us#noamnesty#endcrime#endtrustfunddollars #votedems,0.8503281474113464,1,1
13637,MS998313,a man may arrest an illegal alien and hisher aomplice on a criminal charge and attempt to charge the suspect with a felony by swiveling,0.0358864217996597,0,0
13647,MS988023,they have pictures of nonwhites with whites inside them and with that,0.2178128063678741,0,0
13156,MS963537, n ra sko oi pl sp sr for,0.0030784383416175,0,0
14304,MS466644,then vote for him in 2016 who will take care of the illegals from fear u will be labeled a racist racism will always win in america #,0.8320236206054688,1,1
14296,MS476518,President Obama announced the creation of an office to help people leave illegal immigration and add jobs to the economy #buildthatwall #buildthatdeportation,0.005079798400402,0,1
14178,MS79395,there are millions of us but you dont talk to us will youcops use beaner tactics like any one else,0.3038919866085052,0,1
13481,MS515827,OPED Partisanship not reality drove the immigration debate but the dream will not die Join the #borderchange movement on facebook,0.002631407463923,0,0
13130,MS978763,then their mother comes into the room and they all recoil a little then they realize they were mistaken and their brown eyes would show white hair ,0.0019212644547224,0,0
13329,MS149844,LAKE COUNTY Fla University of Florida football analyst Chris Spielman says the Gators should retire Dave Arandas number in honor of his incredible,0.0001313621905865,0,0
14157,MS445861,RIP paid for mass arrests go #nodaca #enddacano way you could get paid to protect illegal immigrants,0.3872090578079223,0,1
13410,MS597515,eBook for sale November 11 2017 in Spanish with thousands of words by esarbroniosplease note that the ebooks are for a specific computer,0.0013273736694827,0,0
13336,MS937288,shes a derren brown singer youtube brown hair blue eye looks,0.0354580655694007,0,0
13187,MS518437,President Trump and the president of the United States can remain silent about immigration based on the order of an illegal alien judge of immigrant judge a supreme court justice,0.2978624701499939,0,0
14267,MS270605,Anonymous from Cuba on how to #relinquishyourdefend that tyranny we hold in our hand #oupy,0.096471294760704,0,1
13879,MS499264,be careful of statim be careful of the 1st amendment illegal immigration broken america laws illegal border patrol security migrants criminalians and drug dealers illegal aliens,0.751096248626709,1,1
13663,MS529996,It was a familiar scene in Colombia as all were enraptured by the presidential election of the leftist candidate for president that received,0.0003163602668792,0,0
13917,MS960,The phrase screw the poors was originally created by an antipoet for a racist aim at the underclass originally meaning merely,0.1617734134197235,0,1
13448,MS591068,Theresa May said in an article for the London Sunday Telegraph that a hard border would have to be established with a modern customs union with the,0.0012065488845109,0,0
13776,MS467210,tabletrtd1 in 3 Americans want no amnesty for illegalsno illegal will be eligible for,0.5408558249473572,1,1
14016,MS488390,First people took to the streets the day we were declared an illegal alien regime were imposed when we entered #maga #kag #rednationrising,0.1496704816818237,0,1
13316,MS954961,they are peaceful majority country and most of their people are very low income you,0.0235285460948944,0,0
13090,MS539964,if you want to pass through airport immigration you can since i am white and be ignored but not about my culture or some place in my family its about,0.0032458833884447,0,0
13919,MS824570,Mexican drug lords are firing squad victims so the next generation of Mexican society will be organised and controlled by nonwhites,0.9966174960136414,1,1
13845,MS818336,It seems like everyone in this world is against white people now that what is left of the white race is on the brink of being a minority in a,0.5874625444412231,1,1
14255,MS433338,Article 5 Section 8 of the US Constitution states the president has the power to defend the country within or without the borders of the united states,0.0017049317248165,0,1
13566,MS533762,refugee cities thousands of people in russia ethnic minorities not immigrants only here legal immigrants lets see if you guys want a soupcon about it,0.1006868034601211,0,0
13200,MS547616,#ecker #birther #borderwalli dont believe british do not deserve the right to,0.0350015684962272,0,0
13896,MS865243,white men are the true victims in todays raciallyconscious societywhen the outside,0.2036994248628616,0,1
13853,MS27784,When it comes to toiletries Americans are pathetic a#n #anglosif you love those latinos so,0.9978686571121216,1,1
14162,MS462705,For people not well educated leave them alone if they come here legally and speak the right words go back to your own countries go back to your country,0.9451045393943788,1,1
13529,MS1000481,i live in up state new york what country have you lived in for,4.646309753297828e-05,0,0
14258,MS826430,We often hear about the holocaust but do we ever talk about the black or brown holocaust mexicans,0.1683404296636581,0,1
14010,MS825152,CBS The state is ending all foster homes it stops with the brown peopleintellectual property theft,0.976740539073944,1,1
14202,MS432617,attorneys to get smart our lawsuit against browns for jailing immigrants are illegal free speech month let them plead dumb criminal pleading legal sentence open the borders,0.7577852010726929,1,1
13381,MS903381,of course police state does nt sound like the ideals of a free country and are illegal in france ,0.0020493953488767,0,0
13149,MS326522,officer spools through a remote semi after patrolman latches onto a suspect to arrest on sea cattle s#,0.0611021257936954,0,0
13542,MS978533,Reuters US stocks closed lower on Monday with the energy sectors benchmark index SPLX falling 035 percent ,0.0006737726507708,0,0
13299,MS788031,If youre going to close the border and start using it as a Mexican slaughterhouse for the worlds poorest people you may want to,0.8153395056724548,1,0
13689,MS311935,exterior harbors cars #nomadside #shipfleet #admiral #incmotorsportwhich route,0.0002586736518424,0,0
13834,MS423891,Now that the Supreme Court has legalized the illegal aliens to come in via the southern border when they rape and kill american citizens and the over run the,0.9626527428627014,1,1
14312,MS628767,Canadas Minister of Foreign Affairs and International Trade Stphane Dion opposes closing borders to refugees ,0.0005064461729489,0,1
13702,MS184509,h2how do you qualify yourself as non racistreturn to a location and get a message we have,0.0116372592747211,0,0
13165,MS1000481,i live in up state new york what country have you lived in for,4.56209818366915e-05,0,0
14118,MS477736,the michigan i know theres no home for you in milwaukee the aztlan no more money didnt return the #mexican when,0.1693967431783676,0,1
14003,MS476206,immigration end legalised illegal entering not exportation one should not demand borders to stay openwhen you have a child this,0.5741633176803589,1,1
14229,MS411437,the arrogance of the modern european statelets continue to use up existing refugees to build our border fence if we,0.7894064784049988,1,1
13210,MS166285,Brown leaves as a finalist for the Cy Young Award,0.0002114746312145,0,0
13701,MS943598,does anyone else find it strange that throughout history whites have always been the minority ,0.1742760986089706,0,0
13484,MS935123,visit the usacanada border and be pleasantly surprised could nt have happened to a greater genius,0.0176022946834564,0,0
13723,MS494838,you leave uk and its illegal to hold a protest in london #buildthatwalli like how that b,0.1655430048704147,0,1
13427,MS148058,pub lic was already illegal cuz of weed but we are just getting startedwhitey might have the final word in,0.2294811755418777,0,0
13357,MS980051,i was on the edge of my seat waiting for the news today when i saw the story non white immigration in,0.0368507876992225,0,0
14126,MS98047,The Tories are reneging on their pledge to make drinking alcohol from glass bottles illegal I am sure their predecessors made vodkas from crystal meth laws,0.1190790683031082,0,1
14264,MS95851,including a lil jayden chauncey outback punya bitch who wanted money not to have a baby she is a done deal,0.7864929437637329,1,1
13739,MS431457,is a sweet white girl thats making illegal immigrants cry because they dont know how to hmupeople of all races are,0.0721666067838668,0,1
14091,MS883555,the white race can never again be considered as the best race due to the diversity in our countrywhy on earth are,0.125276118516922,0,1
13697,MS504356,eSports is here for you eSport is the future of public diplomacy on immigration would like to point out there are areas we do not agree or share,0.0070539386942982,0,0
14272,MS70720,but i guess it doesnt matter bc mexican moms suck when it comes to daddys,0.9679714441299438,1,1
13245,MS130719,riiiickbarney brown on white trash denier on commies 10 am local air conditioned at charlie,0.0828513130545616,0,0
13993,MS428614,i think our government should not advocate torture and open borders but at the same time we have to protect our cities from their creatures #keepamericasafe,0.2253675609827041,0,1
13134,MS390532,Back to all news Follow live updates Tweet #committeefestse #roundpix robbie fox,0.0007138643995858,0,0
13750,MS435841,#3maga #kag #alaska #trump #rallyamericans should never have allowed illegal immigrants,0.2887397110462188,0,1
13762,MS461546,intabicimmigrant criminality would you blame the illegal immigrants who killed the 12 year old kid in one county in u,0.9165856838226318,1,1
13819,MS879217,we need to show the non white side of humanity and show them that there are still people who are aginst them it did originate in roman it,0.0268685333430767,0,1
13377,MS128603,Governorelect Ed Murray in King of Prussia for a car wash where he ate a browniethrowing,0.0196729358285665,0,0
13966,MS456306,Since the prison guard whore rape my boyfriend decided to escape from the spanish mafia where will he end up the other side the,0.3930744528770447,0,1
13634,MS326314,NewsHomosexuality Social Media Television Family Mexico Cityits ok i will always love you my boo,0.00146162614692,0,0
13989,MS881213,there is a group of people that decide for our nation if they want to live in a majority nonwhite country,0.0622711405158042,0,1
13182,MS565625,they gotta pay us more but at least we live in the country we should be proud of the country we live in but this is gonna be a bunch,0.5236858129501343,1,0
13155,MS100689,endless hopes for a brownie in this reddit trash can dayharry potter was a poor mans san,0.3340743780136108,0,0
13279,MS184509,h2how do you qualify yourself as non racistreturn to a location and get a message we have,0.0116372592747211,0,0
13882,MS836355,our mission is to combat child marriage and sexual exploitation by insourcing all our staff to the mexico region and take all the migrant labour that we,0.0491669550538063,0,1
13422,MS928534,too many white kids are sending mixed signals about their racial heritage when they start dating outside of their race youre,0.0352648980915546,0,0
14082,MS39669,Cleveland Young men of color in the United States are four times more likely than their white peers to be arrested for lowlevel,0.1501858383417129,0,1
13371,MS193101,charles was a great american player for lil jiggyshe has a cute brownie hottie about,0.0185182895511388,0,0
13870,MS503402,e the refugees are not to blame for the current migrant crisisbecause in 2008 the govt banned paying for the immigrants illegal to live in europe,0.0465408712625503,0,1
13324,MS558695,as an illegal immigrant i am going to write a letter to the boston community groups and media condemning what i witnessed in detroit in protest of the,0.0229520499706268,0,0
13866,MS491258,Keywords economy of shortages inequality open borders neoliberalism open borders immigration primary industry of shortages,0.000359814875992,0,1
14009,MS418421,for full evidence look at mexico what happened was that an illegal immigrant was caught crossing the border last year illegally crossing the border illegally to miami,0.0314783602952957,0,1
14048,MS472061,awyeah #buildthatwall #repealobama #nodaca #enddaca #noamnesty #deportthemall #stop,0.2088698148727417,0,1
14266,MS64161,virginia is full of white trash latinos gtfoyoure a faggot if you like your,0.9997044205665588,1,1
13400,MS593788,or choose another one #grittidae #illegalimmigration #philharmaposun #lovemusingswhen its,0.0047377068549394,0,0
14222,MS464917,Were going to miss a heck of a lot of you todayshould they not guard their borders they should wait until,0.0902920961380004,0,1
13125,MS116008,# why is Obama talking about #cutbacks when he is destroying jobs thats exactly what he has been doing for,0.0056598600931465,0,0
14005,MS483489,I can understand and respect people who want to reduce immigration we cannot have the same people coming into the country and our society is changing greatly but in this,0.0202448461204767,0,1
13878,MS33081,if you dont understand racism by half white half black or atleast half latino im going to fucking beat the shit outta youend,0.9953291416168212,1,1
13544,MS195129,Social media reactions to ronaldo brujillo posting to twitter oppo mexican firebrand especial,0.0028236745856702,0,0
13306,MS587892,or simply sharing your images go toLike millions of other young immigrants who may soon be interning at our friend Martins GrecoRoman,0.0178918298333883,0,0
13479,MS922188,an english man is on his way to darwin after a few beers and says that he is from acton,0.0205074734985828,0,0
13132,MS769119,im beyond cynical that the kids on mexico going back to some of the bs the press has written about us is more important than their,0.1881774067878723,0,0
13657,MS784383,do you think he is being lazy by not making as many meals as those 5 other brown kidskat and andre,0.2262680232524871,0,0
13327,MS984922,i live in the southern tip of ontario just over the border in younger brother s life ,0.0006234783795662,0,0
13223,MS505415,Ireland becomes first european country to issue passports for illegal migrants,0.0084755672141909,0,0
14221,MS453394,States of emergency are being declared across the US a police state has taken hold #undemocratic #americafirst #bringback,0.0053046867251396,0,1
14127,MS451197,pVANCOUVERBritish Columbia is in a bit of a tizzy after a truck driver sent both Columbians and the Canadian border,0.0045134248211979,0,1
13714,MS404804,#change the way we are educated over trying to go global with mass immigration white genocide is up the newnormsthey must be stopped#buildthe,0.4636517465114593,1,1
13703,MS132450,Oeiras toast vl do bilei made a pie with all my red velvet brownies #food,0.0004551540478132,0,0
14278,MS429134,have voted YES in 2010 for real immigration reform to end illegal aliens security loopholes which drive down wages with some no questions asked we the people can save ,0.2561762034893036,0,1
14243,MS479112,The Open Society Institute hosted a discussion on the effects of open borders on countries within the EU after from data gained from the migration crisis shows a steady increase,0.0002681175537873,0,1
13383,MS526106,Rep Corrine Brown wins reelection video,0.0040621873922646,0,0
13836,MS453561,in a week the liberals will insist on more illegal immigration so when will the rude americans learn the truthfor some,0.8393337726593018,1,1
13844,MS3385,incrediblethe white race is to white people as the redwood forest is to the northern tribes of america they,0.0155046535655856,0,1
13436,MS983323,You know what would be even better Adding in more languages other than english right up front on the box Some pretty cool options there ,0.0002758592017926,0,0
13441,MS1005862,On the evening of thursday june 6 th ian james michael brown murdered his estranged wife holly firesthe killings took place on,0.0241972897201776,0,0
13372,MS383605,befriending the i has not been easy alone #godletusbyyoumental health for example the way,3.152760837110691e-05,0,0
14281,MS490718,ofc im a huge fucking fanamericas 15000 dead illegals cannot be deported in a timely manner #no,0.458963006734848,1,1
13877,MS851255,the amount of fraud and deception that ours when immigrants whether legally or illegally bring their cultural values and minority population level of trust to our country,0.791867733001709,1,1
13605,MS582453,of these people it goes both ways the most xenophobic americamy favorite throwback feature of the crowd last night,0.5422201752662659,1,0
13888,MS484840,from 100 necessaryintelligent doesnt exist with the spanish immigrantsit doesnt exist with themit already existedhere,0.0652412623167038,0,1
13521,MS590178,the people want more trade ench and a better bordersplease remember to also write the nhs tell them you have,0.0001216522723552,0,0
13473,MS533762,refugee cities thousands of people in russia ethnic minorities not immigrants only here legal immigrants lets see if you guys want a soupcon about it,0.0982912182807922,0,0
14285,MS850720,The EU did not kill off race mixing and the development of a nonwhite population in order to eliminate the inferior race mixing genes those genes are,0.6298646330833435,1,1
13317,MS953374,The idea of organised white nationalism is foreign to me petermy condolences,0.0249015465378761,0,0
13269,MS985224,The members of sb group are threatened by the white gene pool peoples it s about maintaining white country and culture,0.6462567448616028,1,0
14156,MS433572, los angeles is not a utopia of crime but alot of it is being done by illegals but you would never know it by,0.9645936489105223,1,1
14146,MS439393,That is just another reason why you need a strong and organized immigration ban to protect the american taxpayers not illegals while they get free education and all,0.9959742426872252,1,1
13515,MS995740,mexicans have the lowest murder rate in the world the kids at his,0.1031842306256294,0,0
14182,MS424446,is so tough on illegals that now her opponent now supports letting illegals vote as a concession to his general voter fraud position #buildthewall #,0.3215677142143249,0,1
13359,MS988293,welcome to stormfront the largest white nationalist community on the web the next,0.0059557873755693,0,0
14141,MS485339,many they come by their speed they will not stop till they reach we all gotta have the tough ones now its time to give em our #nonos,0.0183660108596086,0,1
14218,MS496753,4 dead in Norwalk shooting that highlights danger of some illegal immigrants,0.2346161901950836,0,1
13669,MS151325,always decided my favorite color is purple bc i always thought the seal of approval was on purple everythinga large fountain on,0.0003054275293834,0,0
13195,MS909163,9082011 ukraine amazoncouk i am interested in meeting white nationalist organizations in ire,0.0307055823504924,0,0
13175,MS577064,the brown skinned immigrant faired well for her #hostileenvironmentgay peds not welcome in rural,0.304881602525711,0,0
13627,MS963537, n ra sko oi pl sp sr for,0.0030624223873019,0,0
13131,MS983459,even though it is not illegal to breed in norway it is so letten legislation that makes it illegal to re,0.0022106238175183,0,0
14273,MS448434,who came here 8 years ago and call illegal aliens criminals they are just people who have one foot out the door to make a better life for their kids,0.4567292034626007,1,1
13801,MS467861,actually a guy that is in american florida illegally you dont get to say that the sun is the only god thats alredy up,0.2033638656139373,0,1
13734,MS414978,end illegal immigrants after it has been established that they create more crime and that they are taking our taxpayers dollars #sanctuarycities #immigration #amer,0.4705399870872497,1,1
13349,MS546776,as a new soci forthe free speech rally there is an open microphone please leave a message for the brave illegal immigrant that was ejected,0.0133049376308918,0,0
13865,MS493057,you are the reason of reklamada human rights are under threat even in honduras so we cannot play nice with anyone thank you for being,0.4445824325084686,1,1
13579,MS305335,huge fmr mrc vet thank you for the opportunity to serve our nationi didnt sleep last night so im out,0.0007903139339759,0,0
14119,MS404719,5 Overwhelming majorities of blacks whites and Hispanics support a path to citizenship,0.1089383512735366,0,1
13288,MS587275,Trump and the Immigration Takeover He would be anything but normal then #openborders #newtorknewworld #borderwars #immigration,0.0444466844201087,0,0
13205,MS943598,does anyone else find it strange that throughout history whites have always been the minority ,0.1742761135101318,0,0
13707,MS388961,will be done with itI want to do some friendly games on flimsy ryback name my car starbucks cards cardstand for,3.431257209740579e-05,0,0
14242,MS424530,A petition to the Americans to stop the illegal invasion into the us to make them equal says we should not give them refuge in the us illegally we are,0.2966133654117584,0,1
14239,MS473904,Make America Great Againwho cares if you are an illegal alien we see that from the Boston marathon bombing to the California,0.9907565712928772,1,1
14268,MS296266,victory europe now has 4 million illegal migrants and is trapped in an economic and political crisis if must ask them to leave espaola,0.4465623795986175,1,1
13196,MS512309,Trump on immigrants America should run the world on principles of freedom from fear #bailout #breaking #americanobliterationend,0.1087505966424942,0,0
13095,MS510771,ok so i watched the show with actual brown skin latino migrants while watching a documentary on santa sempervirens xenophobic policies,0.0319429971277713,0,0
13604,MS931034,CNN Sen Ted Cruz went after frontrunner Donald Trump for calling Mexican immigrants rapists on the campaign trail and he may just have won,0.0735635384917259,0,0
13708,MS128603,Governorelect Ed Murray in King of Prussia for a car wash where he ate a browniethrowing,0.0196729358285665,0,0
14276,MS484595,Western consumerism or extremism is welcome in my country#kasamhello #getfinallyoutofmycountry#takebackkong #return,0.111462615430355,0,1
13583,MS936578,joe hacken 9mm serbian friend 8 of spanishternary jim the tigrinya,0.0751707330346107,0,0
13613,MS366668,A wave of protests is expected to strike across North America and around the world as the world reacts to the shocking news that Trump administration is planning nuclear strike,0.3394675254821777,0,0
13495,MS201510,by NORML Executive Director Tina Brown,0.0001959562650881,0,0
13147,MS599874,The president of Mexico expressed his sympathy on Wednesday for the families of the three young men detained by US immigration authorities following Trumps new travel ban on,0.0041118483059108,0,0
13937,MS491258,Keywords economy of shortages inequality open borders neoliberalism open borders immigration primary industry of shortages,0.000359814875992,0,1
13287,MS193542,la abuelita 1337 a tuiten en the national pasado mexicanalberta rock the,0.0160921793431043,0,0
14241,MS21487,Japan Kinkbomb was bombing niggers then opened up shop in mexico for all the dirty niggas,0.9907038807868958,1,1
14219,MS453404,and look what you did to our border you howl at the moon when everything is going your way but how do you stop refugees and its about time,0.8188104033470154,1,1
13945,MS479112,The Open Society Institute hosted a discussion on the effects of open borders on countries within the EU after from data gained from the migration crisis shows a steady increase,0.0002681175537873,0,1
13454,MS591068,Theresa May said in an article for the London Sunday Telegraph that a hard border would have to be established with a modern customs union with the,0.0012065488845109,0,0
13754,MS482555,Article 8yid do we hate your country open your borders make yinz pay for them first and the yins do the same,0.954197108745575,1,1
13941,MS498941,these people think we should support the invading forces our government decides are the problem and the resources needed to solve the problem its at our border our businesses and,0.6582711338996887,1,1
13170,MS529146,unions wont pay debt for illegal immigrants unless they get police or federal moneyicu is a sayonara,0.1490994989871978,0,0
13092,MS934125,my university does not have a policy on this but we do have diversity and inclusion ,5.3095784096512944e-05,0,0
13922,MS430686,even bernie might think we are crazy to deport all illegals without making an indepence daca law which will allow them to return,0.0789328813552856,0,1
13144,MS558467,The backlash is still in full force at Berkeley delivers his tirade against #diversityimmigrant officers the at #illegal #ort,0.2480921894311905,0,0
14131,MS883555,the white race can never again be considered as the best race due to the diversity in our countrywhy on earth are,0.1261311918497085,0,1
14171,MS483695,John Nolte on twitter on december 28th When the US economically collapse whites have to turn to other races to survive #bringback,0.3575055599212646,0,1
13614,MS784383,do you think he is being lazy by not making as many meals as those 5 other brown kidskat and andre,0.2262680232524871,0,0
13192,MS571946,public flag a flag with the word American superimposed over the word border into an american flag and superimposed on top of a border it has the,0.0034588838461786,0,0
13289,MS903381,of course police state does nt sound like the ideals of a free country and are illegal in france ,0.002049958333373,0,0
13828,MS452658,further measures should be taken by this nation against illegal immigrantsif this laws interpretation is used no one will have a say in their decisions as theironly,0.3640013635158539,0,1
14081,MS663420,the latin word is monotheism and the word christian comes from the same rootwere these muslims,0.0678087323904037,0,1
13607,MS601143,of 12 Hotels in Manaus Brazil Choose the one that best meets your needs,6.0696882428601384e-05,0,0
13906,MS422181,to sneak into the #usa our country is full of #illegal #alien crime family invaders diversions members that only serve a side of #,0.7520205974578857,1,1
14090,MS498274,nukoremisno are happy and welltrudeau calls it up to 10k illegal immigrants crime problem and how,0.0657362416386604,0,1
13827,MS39452,of our ancestors we are niggers and ghettos is the new white christian mexicohe loves taking,0.960793673992157,1,1
13933,MS891626,empathy for nonwhites their racial traits and communication,0.0073585454374551,0,1
14052,MS5602,an illegal alien lives next door to my little white trash shithole this is wrong you dont want some meathead illegate alien living next door to,0.9857646822929382,1,1
13385,MS995740,mexicans have the lowest murder rate in the world the kids at his,0.1113374829292297,0,0
13849,MS404543,under current law should not be able to work after 12 is it the end of illegal immigration law or are we on a welfare for illegals system us,0.7782753109931946,1,1
13282,MS559517,SAN FRANCISCONEW YORK Reuters California will be the first state to adopt a law allowing terminally ill patients to donate organs,0.0274940263479948,0,0
13942,MS461546,intabicimmigrant criminality would you blame the illegal immigrants who killed the 12 year old kid in one county in u,0.9165856838226318,1,1
14251,MS465880,i am sure we can sell millions of aliens into the us thru #illegalimmigration for a large part of the annual income tax paid are for the,0.224311962723732,0,1
14104,MS451890,in an attempt to make a political issue out of a real and lethal disease against americans just to steal money from us citizens to bail out illegal immigrants,0.5670894384384155,1,1
13091,MS151325,always decided my favorite color is purple bc i always thought the seal of approval was on purple everythinga large fountain on,0.0003054275293834,0,0
13784,MS498542,Border agents say they just want to do their jobs #buildthewall #,0.0037969744298607,0,1
13191,MS507121,In the 75 years since the incorporation of Puerto Rico into the United States its foreign affairs have devolved to the jurisdiction of federal courts and its,0.0032051436137408,0,0
13555,MS596666,not even latin lutherans actually speak dutch dialect so naturally you get generic retards like you who think the tword is a joke,0.9979605674743652,1,0
13671,MS305447,canadian bush flying hundreds one of the woods havent looked at that detail much yetcnn #swatreport,0.0001573252084199,0,0
13260,MS929680,i d love to have a dance and a sing along mexicans dressed,0.0039697540923953,0,0
14071,MS841053,ate other white nations and countries and get a kick out of itwhy are they doing this we are not allowed to,0.3313475549221039,0,1
13692,MS130719,riiiickbarney brown on white trash denier on commies 10 am local air conditioned at charlie,0.0828513130545616,0,0
13271,MS944748,nana hanna is white with an immigration ban on line he will be able to come in and recruit young,0.0218068305402994,0,0
14000,MS404528,temporary immigrants visas for illegal aliens at the border are temporary illegals laws or do they not have to be obeyed so long as they don,0.6432469487190247,1,1
13311,MS149865,endless meat delicious in pepperoni cheesy wonder string cheese blue nuggets frankenmixedwhat is your favorite,0.0007893652073107,0,0
13885,MS858268,the liberal democrats and their supporters are acting as if the world is endingwhen the non white homelands are,0.0892893448472023,0,1
13891,MS213186,of 1000 most searched mexican 4 us bastards get all the credit flaired up nniggas with,0.9830484390258788,1,1
13180,MS935123,visit the usacanada border and be pleasantly surprised could nt have happened to a greater genius,0.0176022946834564,0,0
13222,MS571946,public flag a flag with the word American superimposed over the word border into an american flag and superimposed on top of a border it has the,0.0034588838461786,0,0
14191,MS469846,In any country you have the right to free speech in a free country its illegal to boycott a country if they put people in jobs not because they are,0.0143705727532505,0,1
13567,MS954961,they are peaceful majority country and most of their people are very low income you,0.0235285460948944,0,0
13275,MS917334, ull4652831 mactherf s vineyard of spanish,0.0002144002355635,0,0
13206,MS587842,2015 #CHANGESTANDOTLHICABANG STAGING DOLPHIN PEOPLE ATTRACTO ACCEPT LATIN AMERICA,0.1104371398687362,0,0
14108,MS39669,Cleveland Young men of color in the United States are four times more likely than their white peers to be arrested for lowlevel,0.1843987852334976,0,1
14235,MS444511,The Rolling Jubilee of Clinton is being subsidized by Israel all 10 bn in Social services and cuts by Mexico,0.7565732002258301,1,1
13528,MS194670,it would kill u to bet on florida when they suck at football so why waste your time betting #borderlandmoose #lossless,0.035312358289957,0,0
13283,MS150773,today i finally made a brownie in over 8 years #givingbingo #diabetes and couldnt be happier thanksgiving is my favorite meal of,0.0002576377009972,0,0
13447,MS949085,you mean evolution is false and that there is no creation of a white nation ,0.1165110170841217,0,0
13593,MS547064,Senator Bernie Sanders continued to endorse the Open Borders Lobby Hillary Clinton also is the problem when it comes to bringing families together and we need strong families again,0.0346917062997818,0,0
13087,MS366460,all schedules donebarcelona travel gaius takes final to day 40 of #volkespo,0.0007452256977558,0,0
13967,MS476206,immigration end legalised illegal entering not exportation one should not demand borders to stay openwhen you have a child this,0.5665340423583984,1,1
13088,MS181145,#subc6news16 with ducks simpsons plotline spilt over bond yields twitter#data #,0.0001813387061702,0,0
14026,MS426836,#adamspermamnesty illegals can work and even claim they were raped their fathers will be jailed because of it #buildthewall #no,0.4932290613651275,0,1
13346,MS175217,i made like a golden brown paste of this i bet you couldnt figure it outim wondering why some yan,0.0262257661670446,0,0
13915,MS891420,race mixing is the root of all the world problems todayno white person should send a single penny or lift a single,0.9973759651184082,1,1
13121,MS559377,ofFLIN4TRIGGERandbeatingitorg#stoptheinvasion #trump #clinton #illegallyent #impe,0.0815807208418846,0,0
13231,MS780826,When you think of the word fluffy do you think of those fluffy carrot cake wafers or do you think of those fluffy sprinkles,3.997458043158986e-05,0,0
14240,MS50134,end the racist spicwear assclown nigger fans is lifemy man is down in indo climes sp,0.8262321949005127,1,1
13101,MS311337,center2 watcheswhat a jessica martin vintage clothes key chain sweaterwatch latino collection black #,0.0002851721365004,0,0
13428,MS335360,House Republicans are demanding details from the Senate on their ongoing dispute over the federal ExportImport bank and,0.0006900615408085,0,0
13996,MS301338,President Trump does what he always does when he sees a non blue state like democrats are weak he pulls the cards on liberal blue statesend,0.1133498102426529,0,1
13301,MS757055,meta itempropwidth content1170 meta itempropheight content1170 2016 Ford Transit Classic Hatchback,0.0017557223327457,0,0
13779,MS19674,the poll cutthroats are predators not preyi hate those minorities that vote for the,0.945847511291504,1,1
14032,MS410646,ban all immigration and open all borders from all over the worldtweeted out this tweet looking for #defund,0.0026161514688283,0,1
13826,MS432588,it would also help solve the far left immigration problem with at least 11 million illegal aliens on the way please get their illegals out of our country and,0.9889572262763976,1,1
14001,MS84467,like the class trash that they are imoyolo Mexicans always ahead of us,0.9907637238502502,1,1
14060,MS814036,with their gold stars and militaristic banners they clearly state that their aim is to dominate and destroy other nations simply stated they do not,0.0916888266801834,0,1
13796,MS484840,from 100 necessaryintelligent doesnt exist with the spanish immigrantsit doesnt exist with themit already existedhere,0.0652412623167038,0,1
13086,MS100689,endless hopes for a brownie in this reddit trash can dayharry potter was a poor mans san,0.3340743780136108,0,0
13735,MS480121,Since the death of a the perfect little girl in Texas yesterday more tragic child deaths have ourred in the us through cutbacks in parenthood protections even more,0.0077322334982454,0,1
14320,MS296692,about the means of intimidationmurder through nonstop immigration law enforcement the fascist state has failed americathis is rapeby illegal invasion by immigration #,0.5967825651168823,1,1
14128,MS489336,There is a lot that is wrong with america it is plagued by illegals its too late to send them home illegal aliens #trump #maga,0.732640266418457,1,1
13433,MS909163,9082011 ukraine amazoncouk i am interested in meeting white nationalist organizations in ire,0.0307055823504924,0,0
13110,MS991235,i was recently in brampton just north of the border we stop to look at some of the same attractions,2.36064734053798e-05,0,0
13456,MS955482,2015 has been the year of the brown boar in britain well what about when i get out of,0.0028380895964801,0,0
13848,MS498400,17 people dead and hundreds injured after NY building used to store illegal immigrant comes crashing down in crossfirebtw my,0.0475058555603027,0,1
13100,MS397689,some people think putin is a warmonger its actually a bad crypoapi only watch a movie,0.0083630075678229,0,0
13215,MS1004271,attitude is everything and when a government is not trusted with the country its,0.0153299886733293,0,0
13606,MS585415,as i said w8 is bringing in a lot of refugees but all we have done is replace them with illegal immigrants,0.8497047424316406,1,0
14044,MS842235,great and hispanics and blacks are united against whites and put that down to your general depravitythe people that,0.8378898501396179,1,1
13642,MS199014,have u opened ur gross browniesi suck at excuses and so do you not,0.62480628490448,1,0
13857,MS729,are you a jew nigga who thinks yall dont be jealous of the hispanic chicks who are even thicker skinned than he isend,0.9582101106643676,1,1
13150,MS197906,nylon brims are great i cant put yankees in my shed with redi and im a brownie point,0.0004552299797069,0,0
13520,MS305447,canadian bush flying hundreds one of the woods havent looked at that detail much yetcnn #swatreport,0.0001573252084199,0,0
13193,MS954961,they are peaceful majority country and most of their people are very low income you,0.0235285460948944,0,0
14096,MS406273,become one of the 10 million american citizens not allowed in american americas the 10 million live and work there illegal aliens that are no longer,0.0469739995896816,0,1
13709,MS551863,to other countries with their governments catch them and deport themcyber attacks are a serious issue but mainly has nothing to,0.0120361940935254,0,0
14154,MS862787,mexicans are a mess and yes they are still crawling with monkeys who are just wandering around and,0.9997664093971252,1,1
13656,MS145422,that was toasted yellow butter and cream cheese ballsdespite latino stereotypes #obamailikejimmy,0.0225531347095966,0,0
13295,MS979197,its illegal to throw away a used nfl ball cap if you roll over same for wearing it around your neck,9.620023774914443e-05,0,0
13680,MS979803,great article it will be great to hear from other Latino members ,0.0001203295469167,0,0
13462,MS797749,self explanatory actually is a bit too defensive and borderline mocking behind the things said while i type,0.0019446866353973,0,0
13173,MS944278,never seen one but if i did it s possible it s probably a non white myself one of each,0.1670129001140594,0,0
13864,MS960,The phrase screw the poors was originally created by an antipoet for a racist aim at the underclass originally meaning merely,0.1617734134197235,0,1
14130,MS464152,Latinos take our country back #trumptrain#sendthemback #magaridiculous feminist is,0.7798475623130798,1,1
13414,MS547032,THE HEA OF LIBEY BORDERS CONTINUE TO RISK AROUND EUROPE AND DONALD TRUMP CALLING FOR A MORE RAC,0.0167126487940549,0,0
13728,MS430542,a dude from texas tells people if they are dying from illegal immigrants then it is their fault theyre still doing nothing to enforce the laws on the,0.4545964300632477,1,1
13296,MS536525,Brazils GDP will fall in the third quarter after borrowing one of the highest amounts in the world because of,0.0013731243088841,0,0
14189,MS497365,bears support for spanish immigration while mass immigration only bussiansshould we have to lock the german people,0.7529783248901367,1,1
13464,MS125410,miss texas people are trash their team did it we got knocked out too mark us #lostwoody likes to,0.6756475567817688,1,0
13468,MS383075,endorsed by jim brown ill vote for fiorini because of a href,0.0004567726573441,0,0
14292,MS466406,ancient richilly hairy man that brought millions to his homestate through millions of illegal immigrants#migrantsillegal migrationis undermining national identity#brexit,0.0383362397551536,0,1
14217,MS95851,including a lil jayden chauncey outback punya bitch who wanted money not to have a baby she is a done deal,0.7864929437637329,1,1
13594,MS971593,and as a brown skinned person i just do nt get why we are mixed ,0.0513411797583103,0,0
13684,MS197665,strongWhy sign up for our emails yet another one on how you look like candy from candy from oreo brownie bar brownie and some,0.0048563042655587,0,0
13270,MS140145,cat is white yet he is yellowyourent getting brownie points for your smiling selfie but i still get the,0.0242321658879518,0,0
13518,MS188219,This is really part one of the Mexican Cracka Series Im so glad i made this and got to do an achivement for a,0.0557641424238681,0,0
13394,MS602687,People who cross the CanadaUS border on a bicycle with armful of syringes for mexico drugs,0.4044573903083801,0,0
13695,MS140921,5 min heat set their brownies,0.0009481405722908,0,0
13569,MS768308,The provincial government and the Englishonly vote in #guestveea face off between ppl,0.0018224647501483,0,0
14117,MS462702,dont think when you work for the government and make thousands of dollars you get a cut of illegal immigrants wages and welfare benefits illegal immigrants make 12800,0.2214857339859008,0,1
13571,MS749483,HAVANA TIMES The tearful reunion between Paulina and the lost puppy looks ready to go on a 7 day news cycleend,0.0009244053508155,0,0
13881,MS814036,with their gold stars and militaristic banners they clearly state that their aim is to dominate and destroy other nations simply stated they do not,0.0872673988342285,0,1
13713,MS940789,i read an article on how to make money as a medic i decided to check it out ,0.0011728465324267,0,0
13264,MS599874,The president of Mexico expressed his sympathy on Wednesday for the families of the three young men detained by US immigration authorities following Trumps new travel ban on,0.0041118483059108,0,0
13407,MS580412,Learn how to quickly and easily set up for enrollment at the Jefferson Senior Center via #getinsupported,0.0001003179495455,0,0
13939,MS422362,whole international bailout for the greece society are stupid europeans immigrants also too poor to send their kids to school refugees when are going to,0.9993330836296082,1,1
13318,MS305824, Extreme Posted by spanish burger for breakfast i can get a tattoo soon to,0.0318600311875343,0,0
13252,MS574863,pWhat are the latest energy trends and the impacts of this on the oil industry in Canada and the USA Learn more here Mike Brown,2.1251033103908412e-05,0,0
13774,MS858626,why is it that all the nonwhites hate us and mexicans are the ones who have the machismo everybody else is made,0.624948263168335,1,1
13552,MS136626,what is a bondage bridgei am talking santa bean wooden feet keggs clams,0.0081414068117737,0,0
14086,MS282927,i cant believe this lies fucking denis shaw is disgusting as fuck#canttakebackthekshe spit,0.9559248089790344,1,1
13507,MS792548,and I really dislike curry saucewe need some more lynn nikki #throwbackthursday,0.0002887735317926,0,0
13421,MS115709,are well and treat you like familylmao hi brownie white star trash brownie man trash at that,0.988228678703308,1,0
13591,MS546307,flashmp3back to topcan i promise to treat my lover with as much respect as i would treat,0.0034904775675386,0,0
14199,MS498928,if so hes under no obligation to leave such a vulnerable area #stopdeportingillegals #nodaca #noamnesty #n,0.0174697022885084,0,1
13129,MS505559,the general manning you are now the recipient of oppu top priority payback am ilotty to say the least,0.0089475596323609,0,0
14322,MS295969,President Trump has ordered the closure of all illegal immigrant detention centers nationwide and the hiring of millions more to serve as a real virtual,0.0125862993299961,0,1
13798,MS464602,build a wall and deport all illegals daca is over illegal aliens have passed the minors gov through the back door the children are the primary care,0.8427624702453613,1,1
14330,MS500109,excellent ash flat fwd side by side #americansfirst no criminal negligence deport the illegals and close the border no drivers licenses for illegal,0.968503713607788,1,1
13246,MS337158,div classvideoplayer videoplatts twitter in the take tuesday thomas office #bringbackaway,0.0013221569824963,0,0
13128,MS595034,but she was arguing for migration not asylumlike trump said somehow so mexicans feel comfortable with muslims and,0.5396921038627625,1,0
14080,MS436365,America never said they were happy and it never changed how they live the way they live #americafirst #trump #maga #rednation,0.0252156890928745,0,1
13948,MS960,The phrase screw the poors was originally created by an antipoet for a racist aim at the underclass originally meaning merely,0.1617733985185623,0,1
13325,MS325450,US to aept turkey from venezuela ahead of electionwhen will the world stop talking about how this season has,0.0058402186259627,0,0
14274,MS477765,#ButHillarys #TrumpRussia collusion wasnt treason nor illegal thank you very much #buildthewall #lockthemup #enddaca #,0.0149487974122166,0,1
13778,MS493995,as i read butthurt spain is the only country in the world which will not take back illegal migrants they should or try,0.9121233820915222,1,1
13780,MS500762,by randy from michigan city somedays are clean and no crime here deport illegal immigrants also no jobs here the first priority must be to,0.8320800065994263,1,1
13403,MS601899,welcome to this project that is also a movement#yesallwomen #immigrant #mexicanhumanrights #legal #immigration,0.0052398657426238,0,0
13833,MS440272,#basketwave2016 #buildthatwall #walkawayfromdemocrats #newtorkavegasassecurementvalve #borderpatrol,0.000909837137442,0,1
13483,MS910284,the judicial branch of government is the last line of defense for the white race against the hostile government of the majority ,0.3111633658409118,0,0
13829,MS54382,everyone is a bitchi love how white trash arent considered white trash by latino culture bc they are just black,0.9792321920394896,1,1
13425,MS103860,of horses that are poo brown fuzzy orange skin rockin red yellow checked in to bed and,0.0015467692865058,0,0
14002,MS489264,paulemausicehouseborderlandfence2016now we have#illegalalienaustralia jailed for seven and a half years,0.0148891834542155,0,1
14051,MS90049,seems like one of these faggot throwback racists only hung out with these hoes when he had to pay her child supportend,0.9955494403839112,1,1
13887,MS427026,The Supreme Court has made it illegal to induce a person to join the confederation of aboriginals by drawing a fatwa to,0.0466659478843212,0,1
13897,MS442988,Does the plight of illegal aliens in your city help justify the adoption of radical progressive policies #buildthatwall #m,0.2704677581787109,0,1
13890,MS300780,The weed state is lagging behind as well More illegal aliens entered the us in the year 2000 than legal immigrants from all other countries combined,0.4032787680625915,0,1
13519,MS567797,The political mandate was made but certainly the illegality of some of the actions demanded by the mandate has produced it now,0.0017503208946436,0,0
13951,MS842463,this is the same race that thinks raping babies cures aidsislam controls people and does not permit anyone to express their,0.7284036874771118,1,1
13628,MS1004763,much like the usual suspects they play the race card without any remorse no i do nt hate jose es,0.0866799429059028,0,0
14294,MS452388,By now youre probably aware of the problems being created by open borders migration in the us immigration why does kufri want to destroy the national monuments,0.0104765091091394,0,1
14125,MS441251,Not only have the red states passed 971 pieces of border related legislation this year they have had a hand in building it up in the,0.0033491544891148,0,1
13257,MS163882,of them were trash guysoutback stands 100ft below sea level today in california looking like great stress relief,0.1003380790352821,0,0
14083,MS435192,read the actual articlenorway invasion is a staged event without borders or legal way in which germany can help,0.0185121800750494,0,1
13352,MS157328,there should be 9 not 4 of us and the rest of the world looks to us for our wisdom for how to defend our borders#pol50,0.0050738444551825,0,0
13197,MS327007,This is an open session at the 3rd Annual San Francisco Sketchbook Festival The creator of,0.000410803273553,0,0
13505,MS909163,9082011 ukraine amazoncouk i am interested in meeting white nationalist organizations in ire,0.0307055748999118,0,0
13800,MS842235,great and hispanics and blacks are united against whites and put that down to your general depravitythe people that,0.8378898501396179,1,1
13985,MS424004,the defendant in that case who held to his claim that being immigrants is not illegal because of the #fakenews youre a piece of s,0.8161138296127319,1,1
13830,MS43227,i hate you whiteywe need those stupid illegals in our society they solve nothing and all they do is bring,0.9995878338813782,1,1
14102,MS254099,#Asylum13 #illegal Immigrations no do feel bad going to the our country we and our babies was wont remove,0.3147506713867187,0,1
13954,MS461546,intabicimmigrant criminality would you blame the illegal immigrants who killed the 12 year old kid in one county in u,0.9165856838226318,1,1
13118,MS126442,end the cuban revolutionyeah mother wildlife it sufficespastor qt says,0.0362904593348503,0,0
13843,MS901270,USA 1971 1971 Controversial book by a white american How the nonwhites will finally rise up and take back their country,0.2155906707048416,0,1
13338,MS940341,i live in montana and nonwhite immigration at large youtube nonwhite immigration at large mass meeting 2014,0.0958152413368225,0,0
13926,MS466408,some particularly hateful immigrants wanting to come here kill us all and get all the welfare and entitlements pay for them to come stay in our country paying for,0.997755229473114,1,1
13875,MS297805,in the north american republic as english aas gangs flood into america illegal migrants are urged to refrain from contacting the law enforcement authorities via paris,0.1930026710033416,0,1
13710,MS513320,re foxnews coverage of border wall putting pressure on walli would be delighted if everyone put their feelings out of,0.0006204220117069,0,0
14116,MS887958,why are we doing this your whites becoming a minority in spain is the single greatest threat to their survival,0.6091876029968262,1,1
13740,MS468049,Canada is my home now #metoo now theyre going to stop you from coming home by shutting down our border through the these 2s,0.3612387180328369,0,1
14033,MS674711,The brownout is over where it never was it was created by scumbag politicians who stole the thunder of the people #benshad,0.1248109489679336,0,1
13300,MS784383,do you think he is being lazy by not making as many meals as those 5 other brown kidskat and andre,0.2262680232524871,0,0
14214,MS459081,by Victor Lopatekbecause the american taxpayer has paid for refugees to attack us this is its own type,0.0675693973898887,0,1
13718,MS484359,American criminal justice system cannot help those with health conditions excuse themselves to avoid prosecution for criminal activity by others resident in the US but illegal aliens should be forced,0.8619675040245056,1,1
13932,MS406113,The latest into the deportation war began yesterday as Border Patrol agents found armed and dangerous illegal alien from El Salvador Escobar in San Francisco hish returning from,0.0361115261912345,0,1
14339,MS73889,of i think if your white you dont deserve to be part of this country and yes your right to be proud of the color of your skin but not,0.8778733015060425,1,1
13630,MS132560,rah12 gold a game sounds so funmy fear of brownies may be,0.0021537716966122,0,0
14190,MS28312,The Trump administration continues to ignore the law by continuing to enforce ObamaCares border security laws and it continues to attack the credibility of Judge Andrew Hanens,0.0083652818575501,0,1
14260,MS415646,public libhorizontal coke and illegal immigration add the rot to their IQhow are refugees a burden on the system,0.9658958911895752,1,1
13722,MS81278,a native of mexico city told me those that live on the west coast call it the red,0.0001565973798278,0,1
13929,MS35115,hey lil silverback just because you and those in your cohort dont fit in cant hide behind your people label they are just like everyone elseend,0.690891444683075,1,1
13727,MS498742,#entire america is watching this illegal alien is being posted up on some stairs in a free speech zone and if someone from our #unite,0.2500840425491333,0,1
13103,MS105234,i saw those give away at #heytheswap for the perfect beaniedd night on #minnhc,3.756570004043169e-05,0,0
13854,MS411703,The goal of the future must be totalitarian communism in everythingmoney war borders education etc anything goes the good have only one heart their that,0.1117944717407226,0,1
14253,MS418398,the leader of europe doesnt mind voting for untrained illegal immigrant spain and lira to keep them out of europe some countries have almost gone,0.8540771007537842,1,1
13761,MS660828,the left is becoming inhuman this has to stopthe targetted nations have an illegal practice of child marriage in many parts,0.076307013630867,0,1
13955,MS479837,union repatment center houston texas overtime in response to human smuggling an illegal aliens death has passed #endthedeepdeportation,0.0185024105012416,0,1
14216,MS484840,from 100 necessaryintelligent doesnt exist with the spanish immigrantsit doesnt exist with themit already existedhere,0.0652412623167038,0,1
13208,MS574863,pWhat are the latest energy trends and the impacts of this on the oil industry in Canada and the USA Learn more here Mike Brown,2.1251033103908412e-05,0,0
13220,MS154069,with memories of the best ol brownies ever madefound a neat trick to make wood chips out of trash bottles with,0.0001230909110745,0,0
13928,MS832022,so you could say that the antiwhites have been using education for decades to brainwash whites against their own race,0.2501589655876159,0,1
14210,MS457006,You know that if i was to go and rob a bank #buildthatwall those wackos #daca and all those illegals with drug,0.8296169638633728,1,1
13997,MS437418,of note in this years vote was the breaking of #foradvisorrichard einhorn along with skank illegal immigrant from refugee hell j,0.7915725708007812,1,1
14068,MS466398,#votedemocrats keep illegals here to stay pay 30 a day for a week and we will start honoring illegal voters should the #dem,0.8534286618232727,1,1
13971,MS451417,When President Obama announced that he was shutting down the lawless border crossing of children and families his press secretary said it wasnt being done to keep illeg,0.0059746499173343,0,1
14205,MS8470,Illegal immigrants steal job applicants,0.580075740814209,1,1
13611,MS341765,pSupercute pinkie with question mark and big brown eyes on the left and a smattering of green on the rightend,0.0021387983579188,0,0
13636,MS100807,When it comes to long hair I am more concerned with mane style than locksi want to live with brown people,0.654024600982666,1,0
13755,MS472061,awyeah #buildthatwall #repealobama #nodaca #enddaca #noamnesty #deportthemall #stop,0.2088698595762252,0,1
13979,MS484595,Western consumerism or extremism is welcome in my country#kasamhello #getfinallyoutofmycountry#takebackkong #return,0.111462615430355,0,1
14259,MS808308,so you would refuse even other nordic whites fleeing the brown chaos in the south ,0.3619427382946014,0,1
13916,MS297805,in the north american republic as english aas gangs flood into america illegal migrants are urged to refrain from contacting the law enforcement authorities via paris,0.1930026710033416,0,1
13434,MS327494,Teen brown eyes and pale complexion watchers will love reading this toenail selfie videojon jon oke,0.0027334834448993,0,0
13930,MS411600,retard who is a hate monger who thinks he is the reason we did not deport 6 million illegals and refugees sent to us from 73,0.91505765914917,1,1
14238,MS497805,oficials must be prosecuted for using dna to smuggle in unvetted immigrants must be sent back to their homelands must be jailed for,0.1459987610578537,0,1
14062,MS425077,is not there anyone paying attention to the fact that there are refugees from illegal wars invading our country right now in large part because of immigration political correctness makes,0.5965492725372314,1,1
13759,MS427224,The Spanish immigrants that invade our country come from all over the worldand their bad language and the way they want to use it and the bad way to,0.9785040020942688,1,1
13189,MS601087,Hillary Clinton has a new program aimed at keeping Hispanic voters energized for the Nov 8 elections ,0.0213847737759351,0,0
14220,MS88752,that made me wonder what brown kids could possibly know to be racist to whitey they shoudlnt either of them try to be endem,0.7048740983009338,1,1
13832,MS479997,please give the scamming scum this ban the non stller immigrants say fuckyou both need to grow up,0.9992782473564148,1,1
13320,MS794928,rebea can i guess who the creative team for network ten has been #hashtagtheycantgoback,0.0003945967182517,0,0
13931,MS474506,The power of the media and individual states make resisting a build up to war illegalwomen thugs taking it up the a,0.997204601764679,1,1
13401,MS565625,they gotta pay us more but at least we live in the country we should be proud of the country we live in but this is gonna be a bunch,0.5371459722518921,1,0
13463,MS524601,The brother of one of the five persons who have died in police custody at the OdishaChhattisgarh border says he,0.0045038750395178,0,0
13216,MS195129,Social media reactions to ronaldo brujillo posting to twitter oppo mexican firebrand especial,0.0028236717917025,0,0
13508,MS585808,The president of the United States has the power to protect Americans inside our borders via executive order 2120 practice as presidenthe took action in 2013when,0.0007504834793508,0,0
14295,MS405938,of northern clime can be wealthy the impoverished and poor are trending towards the united states deporting all the illegals the schools closing the health,0.2641501426696777,0,1
13163,MS547804,THEY said it would be impossible to deport rapists once they reached the US because the border is built inhumanely and,0.2444592118263244,0,0
13867,MS463302,When Unholy Hunger enters the battlefield exile all nonland permanents,0.006025506183505,0,1
14286,MS430886,Lawmakers want to legalize even more illegal aliens to give them welfare and eventually a child should they be allowed to stay #trump #maga #send,0.9131873846054076,1,1
13335,MS791844,Friday the 13th comes to # The #NoSleepbookies have everyone on a 2 team hype,0.0009072868269868,0,0
13112,MS103921,benslow at mexican food a cultural phenomenon #buckleypsn #southsidepunditwhen,0.0023845909163355,0,0
13510,MS759910,will burn all the brown sauce hold my breath u cant just throw a brown sauce in with it lets see how much they dish out is this global agenda,0.179277092218399,0,0
13704,MS954961,they are peaceful majority country and most of their people are very low income you,0.0235285460948944,0,0
14340,MS411223,But the Trump team tells us hell deport 2 million immigrants it def this illegals awhen am i supposed to,0.6428953409194946,1,1
14023,MS27286,of a quiet fatso fuck this bitchonly a true faggot would believe latino kids are terrorists or sell,0.9963756203651428,1,1
14148,MS500315,a corrupt cop in philadelphia killed a couple to put two on the bus thats illegal and a waste of taxpayers money dont let a cop put two in,0.0778526291251182,0,1
13936,MS35115,hey lil silverback just because you and those in your cohort dont fit in cant hide behind your people label they are just like everyone elseend,0.6898537874221802,1,1
14153,MS435820,America are illegal migrants who need to go back to their countries its time to deport thembrg the crime wave in,0.9985981583595276,1,1
13944,MS487721,the right to free speech in this country do we really want to close down our borders to those scum sucking on welfare benefit seeking misfits scum,0.9992486834526062,1,1
13204,MS311898,#bumbadrom img srcimage1gif stylewidth100 height33px border0 alt,0.0179954897612333,0,0
13136,MS748859,the sauce makes everything bettergiving katie and nikki haircuts a 15 min treat next time #,0.0001455262390663,0,0
13629,MS974886,like i do spock appears to be making a huge fuss on this thread and flagging the degenerate fools,0.4117907881736755,0,0
13770,MS461365,tabletrtdfrom the borough of rome opens its doors to deport any illegal immigrant who resides in the i,0.0229007098823785,0,1
13674,MS718825,the world would be a better place without spoopy little tykes like you and the rest of your shitty little bannings show,0.9756789803504944,1,0
13339,MS310839,the CEO of le jour supermarkets took to twitter to attack #ivandrewsonsmark #beansanytimeisbest,0.0006930692470632,0,0
13516,MS526106,Rep Corrine Brown wins reelection video,0.0040825209580361,0,0
13376,MS369765,A few days ago i went to buy the latest tekka #barcoback and using this feature through my library of 6500 books,0.0001564196572871,0,0
13918,MS43227,i hate you whiteywe need those stupid illegals in our society they solve nothing and all they do is bring,0.9995878338813782,1,1
13098,MS144972,not funny at all brownies jig not funny at all brownies jighonk if you dont like,0.2460901886224746,0,0
14333,MS449209,strong#immigration #securetheborder #buildthewall #fakenewsits not illegal to be a,0.0076462500728666,0,1
13171,MS311337,center2 watcheswhat a jessica martin vintage clothes key chain sweaterwatch latino collection black #,0.0002916240482591,0,0
13534,MS525903,eugenics progressive america for liberal racial policies and open bordersmom laughs at my trumpiness v fred s,0.0399014875292778,0,0
13681,MS554977,For a moment there was hope of a reasonable explanation of why the Spanish government refused,0.0020678164437413,0,0
13909,MS468383,ok finally we have a clear and damning indictment of borderlands where people are being encouraged to claim asylum in the name of free speech then they are illegal,0.1523146629333496,0,1
13238,MS393390,1994 Bakersfield Pueblo home sold for 741900 and noone even bothered to look through the deed like you are blind,0.2305565923452377,0,0
13820,MS883555,the white race can never again be considered as the best race due to the diversity in our countrywhy on earth are,0.125276118516922,0,1
13303,MS188136,so now i can tell off these selfiesthese latinos gotta be a united people#republicoflatin,0.7812096476554871,1,0
13550,MS582453,of these people it goes both ways the most xenophobic americamy favorite throwback feature of the crowd last night,0.5422201752662659,1,0
13545,MS198632,care just butc u but half off atlanta ave black bean cheese dip caramel corn porter my fav veggie chips do not eat,0.1087458655238151,0,0
13435,MS985224,The members of sb group are threatened by the white gene pool peoples it s about maintaining white country and culture,0.6503704190254211,1,0
13747,MS70720,but i guess it doesnt matter bc mexican moms suck when it comes to daddys,0.9679714441299438,1,1
14313,MS465833,as we have seen many asylum seekers dont even speak english doesnt even speak fluent in English they speak like rapiststaking,0.3139312863349914,0,1
14137,MS807158,the native americans have been using education for decades to brainwash whites against their own racehell to have a teacher,0.4533621072769165,1,1
13893,MS891743,the white race is best because when the creator made whites he made them better than he made the other racesjust,0.0841947793960571,0,1
13227,MS920274,santa cruz is nothing but a pedantic mexican with an athenian nationality if your brother,0.8203345537185669,1,0
13925,MS460908,wrongvotecouk true vpn servers no free vpn internet no pirate media filter no more controlled immigration immigration borderless,0.000181642404641,0,1
13716,MS7086,strange how people ask me about the mexico slave trade when it was over a century agoin the 1960,0.0007773371180519,0,1
13538,MS954961,they are peaceful majority country and most of their people are very low income you,0.0235285460948944,0,0
13214,MS184394,the chart child of coffee and brownies i made it for my brother because hes dumber then meof course this,0.3265775442123413,0,0
13623,MS199014,have u opened ur gross browniesi suck at excuses and so do you not,0.62480628490448,1,0
13455,MS561452,textual errors and illegal immigrants incorrectly registered for this government funded assistance program have lead to needless deathsi got this article,0.0072109992615878,0,0
13489,MS144972,not funny at all brownies jig not funny at all brownies jighonk if you dont like,0.2460901290178299,0,0
13250,MS541852,not so tight no pain no gain anyone cares of the border checkso #fakenews calls to #stopthe,0.0054765078239142,0,0
13363,MS522204,illinois congresswoman #erickelly #phillybackstage #comebackhasbrohosted the presentation by the veterans home hospice service center,3.386532262084074e-05,0,0
13652,MS583557,AROUND 200 Europeans are being held in Turkey by the authorities for illegally crossing the border into the EU mean hundreds of refugees are to be sent back to,0.0138682126998901,0,0
14277,MS474506,The power of the media and individual states make resisting a build up to war illegalwomen thugs taking it up the a,0.997204601764679,1,1
14105,MS478071, USIS deputy praises #sorosandbundestag open borders policy since 1980s #pestonmigrants,0.0799117907881736,0,1
14227,MS456744,on the drive away from the water leviathan cantaloupe country are full of people fleeing #illegalimmigration with their children and car that could,0.0012466171756386,0,1
14114,MS426827,How the State Threatens to Bring Back a Praying Migrant Crisis from Mexico that Devastated Communities in the US,0.2486087679862976,0,1
13274,MS160039,in well attended amtrak concert christmas playhouse gay mexican house party beach day short neck primary lazy day mon,0.0001814628922147,0,0
14288,MS404804,#change the way we are educated over trying to go global with mass immigration white genocide is up the newnormsthey must be stopped#buildthe,0.4636517465114593,1,1
14326,MS424302,not safe for work or american citizens please for those immigrants cant get a job is illegal then illegals should not be allowed to stay in americ,0.9456360936164856,1,1
14283,MS451807,asylum seeker raided ick seabird raid ill staff illegal aliens to work for free for sick children right and wrong set up slum fires please,0.9398817420005798,1,1
13977,MS240520,the brown nggas hate itfucking trump is racist like lee sikile hates hockey,0.8089357614517212,1,1
14063,MS417781,In an effort to create jobs and create security in america those convicted of crime should not be able to come here legally instead of getting deported we must,0.5628536939620972,1,1
13970,MS418421,for full evidence look at mexico what happened was that an illegal immigrant was caught crossing the border last year illegally crossing the border illegally to miami,0.0314783677458763,0,1
14094,MS43232,the art of being black is to remain blackwhat about the latinos that was migrating is this the same thing as,0.5943390130996704,1,1
14287,MS81355,these dont make me happy they make me madi hate that half black halfbreed tom canadian wetback nig,0.9993847608566284,1,1
13560,MS545948,div classwestern texten germany is helping to vet for illegal immigrants text,0.0015120634343475,0,0
13756,MS474506,The power of the media and individual states make resisting a build up to war illegalwomen thugs taking it up the a,0.997204601764679,1,1
13265,MS916404,see this post diversity means anything but white ,0.3525817692279815,0,0
13341,MS525903,eugenics progressive america for liberal racial policies and open bordersmom laughs at my trumpiness v fred s,0.0399014875292778,0,0
13987,MS28496,the rican payola shill isnt the only one that thinks ryan braun should step down as president,0.0267314501106739,0,1
13641,MS564323,By Kate Brown on 09042014,0.0012196109164506,0,0
14232,MS418102,the authorities have orderedout all parties illegal immigrants since 20 january 2017,0.0872458070516586,0,1
13475,MS520439,Texas AG Ed Pressler wants to make young immigrants held in immigration detention centers more law abiding,0.0394385159015655,0,0
14170,MS404249,#ICM4immigration by the time we get our illegal invaders out the 3rd world #immigration are always a disaster#trump#maga,0.9288992881774902,1,1
13373,MS955042,but i like this song we already know that whites can and have embraced diversity ,0.0099932551383972,0,0
13198,MS585897,i am not 100 against ppl who get british welfare because they want to marry immigrantsi luv,0.2621762454509735,0,0
14050,MS215214,sada mexican girls nfvs my guys but then my girls want pussywhat a disgrace that scott,0.9709243774414062,1,1
13541,MS167203,#BringBackBarakadear god let me go to hell please god help me take my all girl uniform home,0.3073485195636749,1,0
14314,MS75302,phere is a great bean burrito#stlouis isnt that black people hate us #,0.1423451453447342,0,1
13873,MS300502,#dumpsuniforms if the people want to make sure no one should ever go through any uni illegal immigrant is always getting jobs law needs,0.0240857955068349,0,1
13211,MS507121,In the 75 years since the incorporation of Puerto Rico into the United States its foreign affairs have devolved to the jurisdiction of federal courts and its,0.0032051452435553,0,0
14134,MS462702,dont think when you work for the government and make thousands of dollars you get a cut of illegal immigrants wages and welfare benefits illegal immigrants make 12800,0.2214857339859008,0,1
13459,MS595034,but she was arguing for migration not asylumlike trump said somehow so mexicans feel comfortable with muslims and,0.5396920442581177,1,0
13184,MS917163,since your answer said it was a class not a school let s hope this is a typo and not you wanting to kick others children out for bad,0.0056384266354143,0,0
