,id,text,score,predicted_label,true_label
14096,MS406273,become one of the 10 million american citizens not allowed in american americas the 10 million live and work there illegal aliens that are no longer,0.1431642472743988,0,1
13411,MS195129,Social media reactions to ronaldo brujillo posting to twitter oppo mexican firebrand especial,0.1248631626367569,0,0
13270,MS140145,cat is white yet he is yellowyourent getting brownie points for your smiling selfie but i still get the,0.2107917219400406,0,0
13336,MS937288,shes a derren brown singer youtube brown hair blue eye looks,0.13109739124774933,0,0
14283,MS451807,asylum seeker raided ick seabird raid ill staff illegal aliens to work for free for sick children right and wrong set up slum fires please,0.04785294458270073,0,1
13660,MS599874,The president of Mexico expressed his sympathy on Wednesday for the families of the three young men detained by US immigration authorities following Trumps new travel ban on,0.11633595079183578,0,0
13485,MS149844,LAKE COUNTY Fla University of Florida football analyst Chris Spielman says the Gators should retire Dave Arandas number in honor of his incredible,0.11477839201688766,0,0
14171,MS483695,John Nolte on twitter on december 28th When the US economically collapse whites have to turn to other races to survive #bringback,0.3207445442676544,0,1
14049,MS13166,Chelsea midfielder Juan Mata scored his first league goal in almost two years,0.14231684803962708,0,1
13923,MS21487,Japan Kinkbomb was bombing niggers then opened up shop in mexico for all the dirty niggas,0.9879999756813049,1,1
13670,MS773783,juan no gowhat does that mean have to gonot gonna lie im with kat andre #,0.22665253281593323,0,0
13893,MS891743,the white race is best because when the creator made whites he made them better than he made the other racesjust,0.6124686598777771,1,1
14327,MS231633,as a browner version of akane with a different conceptnot even the most fucked up mayor has as much right,0.9879999756813049,1,1
13298,MS183036,Jun 1 2013 Eating a carrot is a certain way to get your pinky crossed and but a brownie seems to be the king of,0.24587103724479675,0,0
13534,MS525903,eugenics progressive america for liberal racial policies and open bordersmom laughs at my trumpiness v fred s,0.3989368677139282,0,0
13935,MS838720,Mexican drug lords use their illogical rule to gain more power and oppress the inborn right to selfdefense against these naked aggressors,0.9879999756813049,1,1
13936,MS35115,hey lil silverback just because you and those in your cohort dont fit in cant hide behind your people label they are just like everyone elseend,0.3790983259677887,0,1
13451,MS958990,in some areas if you have brown eyes you are more than likely white but still get brown looks and have brown hair so it s not really a,0.22687296569347382,0,0
13624,MS383605,befriending the i has not been easy alone #godletusbyyoumental health for example the way,0.05005735903978348,0,0
13938,MS430886,Lawmakers want to legalize even more illegal aliens to give them welfare and eventually a child should they be allowed to stay #trump #maga #send,0.25385168194770813,0,1
13123,MS166285,Brown leaves as a finalist for the Cy Young Award,0.19887158274650574,0,0
14149,MS466644,then vote for him in 2016 who will take care of the illegals from fear u will be labeled a racist racism will always win in america #,0.9879999756813049,1,1
14226,MS472120,the future of our nation depends upon each person having the confidence in us to protect all citizens from invasion by illegal aliens from any state no matter where it,0.1262655407190323,0,1
13826,MS432588,it would also help solve the far left immigration problem with at least 11 million illegal aliens on the way please get their illegals out of our country and,0.3532390296459198,0,1
13293,MS165137,i wanted to get a black and yellow santa hat for my son for christmas he loves mexicans and would love for us to go to,0.3943135440349579,0,0
13944,MS487721,the right to free speech in this country do we really want to close down our borders to those scum sucking on welfare benefit seeking misfits scum,0.9879999756813049,1,1
13750,MS435841,#3maga #kag #alaska #trump #rallyamericans should never have allowed illegal immigrants,0.29980984330177307,0,1
14213,MS423891,Now that the Supreme Court has legalized the illegal aliens to come in via the southern border when they rape and kill american citizens and the over run the,0.9879999756813049,1,1
13994,MS428579,Apart from getting illegal migrants with fake drivers from one State to another it will cost crores of rupees for lodging of such,0.15374749898910522,0,1
13883,MS859069,to infinity and beyondsomalian immigrants used to be the target of racismid,0.24014706909656525,0,1
13792,MS478890,Democrats have become disgusting beyond belief #deportthemall #trump #maga #nodacadeal#noamnesty #sendthemback,0.39281758666038513,0,1
13666,MS597515,eBook for sale November 11 2017 in Spanish with thousands of words by esarbroniosplease note that the ebooks are for a specific computer,0.05041974037885666,0,0
14307,MS70513,he is a wetback child rapist what is that about those two bums you saybut there are exceptions to every rule,0.9879999756813049,1,1
13742,MS297821,you have not done anythingi wouldnt use illegal immigrants as wages lower tax take in the,0.3156246542930603,0,1
13122,MS305824, Extreme Posted by spanish burger for breakfast i can get a tattoo soon to,0.07556257396936417,0,0
13960,MS877838,the dance of death is being carried out in our countrydamn affirmative action they got the white house now our,0.34950482845306396,0,1
13632,MS167203,#BringBackBarakadear god let me go to hell please god help me take my all girl uniform home,0.9879999756813049,1,0
14022,MS894093, also called white gentile or nonbritish these are words used to describe someone of a different race so,0.23315244913101196,0,1
13430,MS101128,cyprus is on fire there are panic attacks in seaside cafe i dont get it call it a severe case of mass hysteria #yankees right now,0.05836693197488785,0,0
14250,MS476624,if you dont follow ur instructions well then dont follow ur instructionson the highway south of mrs big brown eyes an,0.21233445405960083,0,1
13677,MS147422,this beer is the only green in the chile pepper field hes so delicious with a jar of red pepper flakes him and nc brownies on a,0.2339751273393631,0,0
14117,MS462702,dont think when you work for the government and make thousands of dollars you get a cut of illegal immigrants wages and welfare benefits illegal immigrants make 12800,0.3700028955936432,0,1
14236,MS30939,of this so much hate between lily white and spic gaytardwhats this vile disgusting mfagg,0.9879999756813049,1,1
13737,MS404543,under current law should not be able to work after 12 is it the end of illegal immigration law or are we on a welfare for illegals system us,0.3163716197013855,0,1
13868,MS405025,end illegal alien welfare covernow everyone know illegal aliens are never seen or heard of in this country they very often set up little paying businesses and most of,0.14484712481498718,0,1
13149,MS326522,officer spools through a remote semi after patrolman latches onto a suspect to arrest on sea cattle s#,0.13986577093601227,0,0
14032,MS410646,ban all immigration and open all borders from all over the worldtweeted out this tweet looking for #defund,0.26388731598854065,0,1
13365,MS201510,by NORML Executive Director Tina Brown,0.1834964007139206,0,0
14166,MS669370,were tired of seeing men who believe there is no god slaughter minorities they do nothing to end racism and sexismyou,0.5080134272575378,1,1
13360,MS525903,eugenics progressive america for liberal racial policies and open bordersmom laughs at my trumpiness v fred s,0.3989368677139282,0,0
14038,MS58254,you better believe these niggas dead some of emi support spics and asians getting paid the same as,0.9879999756813049,1,1
13249,MS163882,of them were trash guysoutback stands 100ft below sea level today in california looking like great stress relief,0.0870627835392952,0,0
13268,MS512658,The Eu says this aan die the Eu your stance on open borders is disgustingi find myself disappointed that,0.33349063992500305,0,0
14083,MS435192,read the actual articlenorway invasion is a staged event without borders or legal way in which germany can help,0.16590185463428497,0,1
13654,MS101128,cyprus is on fire there are panic attacks in seaside cafe i dont get it call it a severe case of mass hysteria #yankees right now,0.05836693197488785,0,0
14011,MS261684,i like this nigga hard and i beanigga i hate your tards i hate everythang,0.9879999756813049,1,1
13909,MS468383,ok finally we have a clear and damning indictment of borderlands where people are being encouraged to claim asylum in the name of free speech then they are illegal,0.43327292799949646,0,1
13134,MS390532,Back to all news Follow live updates Tweet #committeefestse #roundpix robbie fox,0.2046823352575302,0,0
13349,MS546776,as a new soci forthe free speech rally there is an open microphone please leave a message for the brave illegal immigrant that was ejected,0.21096907556056976,0,0
14086,MS282927,i cant believe this lies fucking denis shaw is disgusting as fuck#canttakebackthekshe spit,0.9879999756813049,1,1
13878,MS33081,if you dont understand racism by half white half black or atleast half latino im going to fucking beat the shit outta youend,0.9879999756813049,1,1
13600,MS182322,The long white beard tinted blue and sandals that match the school colors just wait for me,0.18306435644626617,0,0
13879,MS499264,be careful of statim be careful of the 1st amendment illegal immigration broken america laws illegal border patrol security migrants criminalians and drug dealers illegal aliens,0.9879999756813049,1,1
14062,MS425077,is not there anyone paying attention to the fact that there are refugees from illegal wars invading our country right now in large part because of immigration political correctness makes,0.20251595973968506,0,1
13538,MS954961,they are peaceful majority country and most of their people are very low income you,0.46190688014030457,0,0
13530,MS601803,feminism and immigration at the end of mexico at the end of my last twitter talk then this is what you did,0.395521879196167,0,0
13226,MS390532,Back to all news Follow live updates Tweet #committeefestse #roundpix robbie fox,0.2046823352575302,0,0
13962,MS298666,America has almost 3 billion people but the 1 billion illegal immigrants there speak in droves only a few hundred of which are members of any religion in americ,0.24760349094867706,0,1
13571,MS749483,HAVANA TIMES The tearful reunion between Paulina and the lost puppy looks ready to go on a 7 day news cycleend,0.07380956411361694,0,0
13193,MS954961,they are peaceful majority country and most of their people are very low income you,0.46190688014030457,0,0
14206,MS473659,This weekend #innocencecites are protesting a youth park website they link to the illegal alien crime epidemic #nodacadeal,0.07857827097177505,0,1
13111,MS558726,I have and i have would like to live with in Sweden and the wall is absurd but apparently its ok its no solution to illegals let them keep,0.3831959068775177,0,0
13510,MS759910,will burn all the brown sauce hold my breath u cant just throw a brown sauce in with it lets see how much they dish out is this global agenda,0.43370410799980164,0,0
13581,MS332121,vegan acai chai latte crunchy oat vegan oats and oatsauce vegan non dairy soy milk,0.18663854897022247,0,0
14044,MS842235,great and hispanics and blacks are united against whites and put that down to your general depravitythe people that,0.5774440765380859,1,1
14200,MS220354,they are anti semetic stfu now we are forced to watch gov cuts security from border to get our shit done,0.9879999756813049,1,1
13876,MS891626,empathy for nonwhites their racial traits and communication,0.429533451795578,0,1
13548,MS128717,nicht dunken gewhrlauf schick offen still tryin to kill meback t,0.3922843635082245,0,0
13697,MS504356,eSports is here for you eSport is the future of public diplomacy on immigration would like to point out there are areas we do not agree or share,0.1499556303024292,0,0
14252,MS410494,President Trump has now committed us to an illegal build the wall in our already ravaged southern border by 2018 thats two more years of absolutely destroying our,0.29070210456848145,0,1
13970,MS418421,for full evidence look at mexico what happened was that an illegal immigrant was caught crossing the border last year illegally crossing the border illegally to miami,0.2776296138763428,0,1
13526,MS981371,npstorybar titlecameron leaves wall building kickstarters and enters supermarket bc real estate speculation scam,0.10616955906152725,0,0
14259,MS808308,so you would refuse even other nordic whites fleeing the brown chaos in the south ,0.14845497906208038,0,1
13352,MS157328,there should be 9 not 4 of us and the rest of the world looks to us for our wisdom for how to defend our borders#pol50,0.12543058395385742,0,0
14154,MS862787,mexicans are a mess and yes they are still crawling with monkeys who are just wandering around and,0.5238862633705139,1,1
13943,MS447685,The Spanish queen is being raped by thousands of foreign aliens who are on holiday and want her babies,0.9879999756813049,1,1
13773,MS816976,this was a bad move by the jewlords to turn off the old irish population in favour of the spics and hispanic community order to the,0.9879999756813049,1,1
14194,MS501489,Unnecessary spending on wall is illegal we deport illegals not theplease flood mactown sign the petition to,0.171724334359169,0,1
14001,MS84467,like the class trash that they are imoyolo Mexicans always ahead of us,0.9879999756813049,1,1
14169,MS498274,nukoremisno are happy and welltrudeau calls it up to 10k illegal immigrants crime problem and how,0.14368757605552673,0,1
13356,MS784581,Thats pretty much what the world has come to #NotInOurBackyards #WomenAgainstTrump #NoMore,0.2092762291431427,0,0
13307,MS983323,You know what would be even better Adding in more languages other than english right up front on the box Some pretty cool options there ,0.06157747656106949,0,0
13397,MS1000982,npstorybar titleRead the full story at thestarcom,0.1927996128797531,0,0
13884,MS483695,John Nolte on twitter on december 28th When the US economically collapse whites have to turn to other races to survive #bringback,0.3207445442676544,0,1
14097,MS70513,he is a wetback child rapist what is that about those two bums you saybut there are exceptions to every rule,0.9879999756813049,1,1
14017,MS862009,A lot of these immigrants are new immigrants and they have no idea what it is like to be in an immigrant country They are shouting and making,0.3789482116699219,0,1
14071,MS841053,ate other white nations and countries and get a kick out of itwhy are they doing this we are not allowed to,0.2907765805721283,0,1
14241,MS21487,Japan Kinkbomb was bombing niggers then opened up shop in mexico for all the dirty niggas,0.9879999756813049,1,1
13778,MS493995,as i read butthurt spain is the only country in the world which will not take back illegal migrants they should or try,0.9879999756813049,1,1
14186,MS433586,Thousands of migrant workers are being terrorized in Germany using human traffickers let them in #endchainmigration #bringbackourkids,0.2835954427719116,0,1
13261,MS163882,of them were trash guysoutback stands 100ft below sea level today in california looking like great stress relief,0.0870627835392952,0,0
14120,MS466522,but my topic is illegal immigrants and in my area 760 pct of illegal immigrants from 4 continents the center of continent send their children to usa,0.3299620747566223,0,1
13088,MS181145,#subc6news16 with ducks simpsons plotline spilt over bond yields twitter#data #,0.1962345540523529,0,0
13790,MS499870,legal action i can not afford its illegal now i just have to deport it u are right we will not stop the #immigrationandscam that you,0.3109469711780548,0,1
13275,MS917334, ull4652831 mactherf s vineyard of spanish,0.2021476924419403,0,0
13874,MS423885,Republicans want to arrest and deport children even their parents #noamnesty #buildthatwall #endchainmigration #endvisalottery #,0.27978774905204773,0,1
13426,MS942254,1 Clean Ep 25 cantina portugal norte the brazilian border laci pine brasil the brazilian military ,0.12959010899066925,0,0
14155,MS476624,if you dont follow ur instructions well then dont follow ur instructionson the highway south of mrs big brown eyes an,0.21233445405960083,0,1
13937,MS491258,Keywords economy of shortages inequality open borders neoliberalism open borders immigration primary industry of shortages,0.20497596263885498,0,1
13562,MS574863,pWhat are the latest energy trends and the impacts of this on the oil industry in Canada and the USA Learn more here Mike Brown,0.11702842265367508,0,0
13208,MS574863,pWhat are the latest energy trends and the impacts of this on the oil industry in Canada and the USA Learn more here Mike Brown,0.11702842265367508,0,0
13840,MS438078,they literally marry their children because their mexican immigrants literally marry them and take their children so stop with all the stuff you immigrant based haters you,0.5232592821121216,1,1
13220,MS154069,with memories of the best ol brownies ever madefound a neat trick to make wood chips out of trash bottles with,0.07424847781658173,0,0
13845,MS818336,It seems like everyone in this world is against white people now that what is left of the white race is on the brink of being a minority in a,0.5330612659454346,1,1
13927,MS665783,but thats not true other European nations are not like thatfor hundreds of years white man has been killing other people,0.9879999756813049,1,1
13232,MS167203,#BringBackBarakadear god let me go to hell please god help me take my all girl uniform home,0.9879999756813049,1,0
13708,MS128603,Governorelect Ed Murray in King of Prussia for a car wash where he ate a browniethrowing,0.08332566171884537,0,0
13849,MS404543,under current law should not be able to work after 12 is it the end of illegal immigration law or are we on a welfare for illegals system us,0.3163716197013855,0,1
13649,MS552606,by njbroster on vmikeeuropeanunion shares #yourrights using illegal immigrant criminal alien workers and the social costs,0.21880696713924408,0,0
13652,MS583557,AROUND 200 Europeans are being held in Turkey by the authorities for illegally crossing the border into the EU mean hundreds of refugees are to be sent back to,0.17243093252182007,0,0
14114,MS426827,How the State Threatens to Bring Back a Praying Migrant Crisis from Mexico that Devastated Communities in the US,0.17373375594615936,0,1
14193,MS499264,be careful of statim be careful of the 1st amendment illegal immigration broken america laws illegal border patrol security migrants criminalians and drug dealers illegal aliens,0.9879999756813049,1,1
13554,MS910284,the judicial branch of government is the last line of defense for the white race against the hostile government of the majority ,0.3822369873523712,0,0
13110,MS991235,i was recently in brampton just north of the border we stop to look at some of the same attractions,0.10978229343891144,0,0
13931,MS474506,The power of the media and individual states make resisting a build up to war illegalwomen thugs taking it up the a,0.12594164907932281,0,1
13996,MS301338,President Trump does what he always does when he sees a non blue state like democrats are weak he pulls the cards on liberal blue statesend,0.25233495235443115,0,1
14138,MS62438,the hatred of migrants is merely a color blind racial issuejust so you know your a horrible person and i hope you,0.9879999756813049,1,1
13433,MS909163,9082011 ukraine amazoncouk i am interested in meeting white nationalist organizations in ire,0.1927778422832489,0,0
13657,MS784383,do you think he is being lazy by not making as many meals as those 5 other brown kidskat and andre,0.9879999756813049,1,0
13949,MS660828,the left is becoming inhuman this has to stopthe targetted nations have an illegal practice of child marriage in many parts,0.28933173418045044,0,1
13816,MS459381,tooth fairy originates from black women its so bad african americans need to deport all the criminal illegals #trump #maga #,0.9879999756813049,1,1
13952,MS298828,republican congress member proposes to deport immigrants who fraudulently enter our country via daca illegals are not undocumented for fear of the wrath of,0.3699251413345337,0,1
13518,MS188219,This is really part one of the Mexican Cracka Series Im so glad i made this and got to do an achivement for a,0.3277353346347809,0,0
13095,MS510771,ok so i watched the show with actual brown skin latino migrants while watching a documentary on santa sempervirens xenophobic policies,0.29953110218048096,0,0
13709,MS551863,to other countries with their governments catch them and deport themcyber attacks are a serious issue but mainly has nothing to,0.20746909081935883,0,0
14051,MS90049,seems like one of these faggot throwback racists only hung out with these hoes when he had to pay her child supportend,0.9879999756813049,1,1
14035,MS96765,This week just passed by without a single president being impeached as they left office Trump is rightfully leading and pushing all the borders be,0.30512556433677673,0,1
13183,MS780826,When you think of the word fluffy do you think of those fluffy carrot cake wafers or do you think of those fluffy sprinkles,0.13262249529361725,0,0
14028,MS849816,Native American tribes have been plundering whites for thousands of years they should be ashamedthey mostly seem to be white,0.43991202116012573,0,1
13941,MS498941,these people think we should support the invading forces our government decides are the problem and the resources needed to solve the problem its at our border our businesses and,0.31844383478164673,0,1
13905,MS469539,President Trump made his crazy ultimatum for funding for his northern border wall today by demanding more billions from the new America first immigrants #buildthatwall,0.9879999756813049,1,1
13583,MS936578,joe hacken 9mm serbian friend 8 of spanishternary jim the tigrinya,0.2004227489233017,0,0
14294,MS452388,By now youre probably aware of the problems being created by open borders migration in the us immigration why does kufri want to destroy the national monuments,0.3014988303184509,0,1
13415,MS169089,what type of am i expected to leave a weeknight with 4 cals on pastries for brownies#gentlepeople,0.16699884831905365,0,0
13113,MS186582,Hello my name is ikaila is a brownie with a heart problem all cookies and cake just got madethese,0.09993896633386612,0,0
14002,MS489264,paulemausicehouseborderlandfence2016now we have#illegalalienaustralia jailed for seven and a half years,0.10565893352031708,0,1
14225,MS493267,IN a world where are refugees like fetuses in refrigerators are on the wayback our borders cant afford to take more border,0.9879999756813049,1,1
13238,MS393390,1994 Bakersfield Pueblo home sold for 741900 and noone even bothered to look through the deed like you are blind,0.9879999756813049,1,0
13512,MS802518,My sidebar on the top left claims to be the keeper of the #ofthedaychallenge lol no its me #,0.10286488384008408,0,0
14079,MS437418,of note in this years vote was the breaking of #foradvisorrichard einhorn along with skank illegal immigrant from refugee hell j,0.9879999756813049,1,1
13180,MS935123,visit the usacanada border and be pleasantly surprised could nt have happened to a greater genius,0.10659580677747726,0,0
14312,MS628767,Canadas Minister of Foreign Affairs and International Trade Stphane Dion opposes closing borders to refugees ,0.17753274738788605,0,1
14341,MS48812,With the US presidential election over America is set to implement yet another stifling social experiment by booting everyone who has the wrong,0.24701754748821259,0,1
13758,MS501489,Unnecessary spending on wall is illegal we deport illegals not theplease flood mactown sign the petition to,0.171724334359169,0,1
13722,MS81278,a native of mexico city told me those that live on the west coast call it the red,0.19615082442760468,0,1
13112,MS103921,benslow at mexican food a cultural phenomenon #buckleypsn #southsidepunditwhen,0.1731133759021759,0,0
13555,MS596666,not even latin lutherans actually speak dutch dialect so naturally you get generic retards like you who think the tword is a joke,0.9879999756813049,1,0
13690,MS327007,This is an open session at the 3rd Annual San Francisco Sketchbook Festival The creator of,0.18471963703632355,0,0
14180,MS497002,Every year the opposition press paints the way we save #hell if you care so much go ahead and die #bringbackourdefenders #buildthat,0.43287983536720276,0,1
13837,MS884073,San Juan mayor Carmen Yuln Cruz defended President Trumps executive order banning immigrants from seven predominantlyMuslim countries saying immigrants have the character and,0.28712496161460876,0,1
13605,MS582453,of these people it goes both ways the most xenophobic americamy favorite throwback feature of the crowd last night,0.4500473737716675,0,0
13124,MS119557,orbpeteRiTLs joey beanies and has a cigar inside of a cookie jarif,0.2137911319732666,0,0
13928,MS832022,so you could say that the antiwhites have been using education for decades to brainwash whites against their own race,0.72275310754776,1,1
13685,MS909431,someone needed a haircut and i decided to show up welcome to stormfront the largest white nationalist community on,0.2211626172065735,0,0
13746,MS452529,All the blessings will not make you rich like the money created through illegal immigrationwhile you were working away being the greatest,0.3124956488609314,0,1
13718,MS484359,American criminal justice system cannot help those with health conditions excuse themselves to avoid prosecution for criminal activity by others resident in the US but illegal aliens should be forced,0.9879999756813049,1,1
13314,MS115258,Remember the silly video which supposedly showed the manning of Trump Tower today mocking 911 in all its unspicuousness,0.9879999756813049,1,0
13903,MS901453,the more brown the better since what they really want is a white associating number of grangers and government employees,0.9879999756813049,1,1
13783,MS18194,1570s to sin against ones own nature from Late Latin literally to sin against the law,0.17904062569141388,0,1
13463,MS524601,The brother of one of the five persons who have died in police custody at the OdishaChhattisgarh border says he,0.17316418886184692,0,0
13128,MS595034,but she was arguing for migration not asylumlike trump said somehow so mexicans feel comfortable with muslims and,0.3200565278530121,0,0
14264,MS95851,including a lil jayden chauncey outback punya bitch who wanted money not to have a baby she is a done deal,0.9879999756813049,1,1
13942,MS461546,intabicimmigrant criminality would you blame the illegal immigrants who killed the 12 year old kid in one county in u,0.5314604640007019,1,1
13725,MS902213, you can use any language you want but we insist on using english its our national language let other countries races,0.2553267478942871,0,1
13090,MS539964,if you want to pass through airport immigration you can since i am white and be ignored but not about my culture or some place in my family its about,0.29938656091690063,0,0
14073,MS884073,San Juan mayor Carmen Yuln Cruz defended President Trumps executive order banning immigrants from seven predominantlyMuslim countries saying immigrants have the character and,0.28712496161460876,0,1
14276,MS484595,Western consumerism or extremism is welcome in my country#kasamhello #getfinallyoutofmycountry#takebackkong #return,0.24230395257472992,0,1
14324,MS850781,we must eliminate whitedominated areas of the worldif it s brown send,0.26038554310798645,0,1
13471,MS802518,My sidebar on the top left claims to be the keeper of the #ofthedaychallenge lol no its me #,0.10286488384008408,0,0
13964,MS212008,illegally alien male incarcerated because he is a convicted rapist go back to your country illegalsso is it because,0.48875147104263306,0,1
13477,MS953384,has anyone actually seen this cartoon this is how i imagine it going down if i was a non white ,0.9879999756813049,1,0
13119,MS601094,AMY GOODMAN We turn to our guests Cuba advocates an,0.15784426033496857,0,0
13223,MS505415,Ireland becomes first european country to issue passports for illegal migrants,0.1071881577372551,0,0
14219,MS453404,and look what you did to our border you howl at the moon when everything is going your way but how do you stop refugees and its about time,0.3582354485988617,0,1
14305,MS498274,nukoremisno are happy and welltrudeau calls it up to 10k illegal immigrants crime problem and how,0.14368757605552673,0,1
14274,MS477765,#ButHillarys #TrumpRussia collusion wasnt treason nor illegal thank you very much #buildthewall #lockthemup #enddaca #,0.3042561709880829,0,1
13331,MS536502,pValle del Mar Uruguay 3 October 2016 In the next 10 days the citizens of an autonomous republic of South America will,0.06384199112653732,0,0
13280,MS367120,span idselectionmarker1 classredactorselectionmarkerspanhe i think you miss this shit,0.714388906955719,1,0
13189,MS601087,Hillary Clinton has a new program aimed at keeping Hispanic voters energized for the Nov 8 elections ,0.2132013589143753,0,0
14298,MS409092,as you can see many of these immigrant criminals need a restjust stop all immigration deport all criminals not just criminals illegals regardless of age thats a fact,0.40151622891426086,0,1
13634,MS326314,NewsHomosexuality Social Media Television Family Mexico Cityits ok i will always love you my boo,0.26207593083381653,0,0
13222,MS571946,public flag a flag with the word American superimposed over the word border into an american flag and superimposed on top of a border it has the,0.14549781382083893,0,0
13842,MS425523,People should not be allowed to increase the total number of legal immigrants in this country without a large total and work towards that end,0.2345871478319168,0,1
13246,MS337158,div classvideoplayer videoplatts twitter in the take tuesday thomas office #bringbackaway,0.2117903232574463,0,0
13172,MS355700,DES MOINES Iowa America is choosing a new direction,0.23155063390731812,0,0
13558,MS158892,Click here for more information about spanish sweet potato fries worst decision of my life was getting the shing,0.15390771627426147,0,0
13609,MS347027,funny how a bunch of people come here to get sold to brits on an illegal war ani,0.29056450724601746,0,0
13472,MS383605,befriending the i has not been easy alone #godletusbyyoumental health for example the way,0.05005735903978348,0,0
13912,MS432092,the border not a wall ask them to pay the bills but deport all illegal immigrants if they cant pay that isnt fair,0.28766313195228577,0,1
13627,MS963537, n ra sko oi pl sp sr for,0.11393295228481293,0,0
13334,MS954961,they are peaceful majority country and most of their people are very low income you,0.46190688014030457,0,0
14066,MS301548,Dont fear Bob Marley that Mexican drug cartel might kill you read how people react to refugees in south africa,0.9879999756813049,1,1
13827,MS39452,of our ancestors we are niggers and ghettos is the new white christian mexicohe loves taking,0.9879999756813049,1,1
14137,MS807158,the native americans have been using education for decades to brainwash whites against their own racehell to have a teacher,0.5445055365562439,1,1
13732,MS451417,When President Obama announced that he was shutting down the lawless border crossing of children and families his press secretary said it wasnt being done to keep illeg,0.31940412521362305,0,1
13217,MS195512,what the fuck do u mean i use latin slang to say gringo you trashdont lie its a desert,0.9879999756813049,1,0
13784,MS498542,Border agents say they just want to do their jobs #buildthewall #,0.3287663459777832,0,1
13286,MS565398, A prosecutor says hes alarmed at the frequency with which people are being arrested for crimes that do not existProsecutor Bill Faulkner talks,0.21442726254463196,0,0
14337,MS461956,The Free State Projects founder and campaign coordinator Steve Bouchard has confirmed the movement will be pursuing a return to the US via the southern border and,0.1038123294711113,0,1
13460,MS582869,noninterstate lgc of puffer fish is illegal under international treaty no swimming without a social skills test warden at greenhorn center intervenes,0.15067189931869507,0,0
13608,MS601885,Original HD movie for 7date british proposal britain to germany deal to secure US and european borders out of an,0.13798756897449493,0,0
13340,MS547616,#ecker #birther #borderwalli dont believe british do not deserve the right to,0.15974920988082886,0,0
14175,MS257505,there are no white children in white kids narrative no white person is innocent of crimes against the white race#misspent,0.5207765102386475,1,1
13385,MS995740,mexicans have the lowest murder rate in the world the kids at his,0.9879999756813049,1,0
13511,MS564323,By Kate Brown on 09042014,0.5877430438995361,1,0
13244,MS130639,aka brick school kid rips on me talking trash on national tv i shall not say garbage to yellow or green trash,0.3276109993457794,0,0
13982,MS497365,bears support for spanish immigration while mass immigration only bussiansshould we have to lock the german people,0.40228477120399475,0,1
14061,MS295969,President Trump has ordered the closure of all illegal immigrant detention centers nationwide and the hiring of millions more to serve as a real virtual,0.3044573664665222,0,1
13759,MS427224,The Spanish immigrants that invade our country come from all over the worldand their bad language and the way they want to use it and the bad way to,0.41008976101875305,0,1
13961,MS410420,When people realize the value of buying some offshore assets and being taxed on the funds they earn from them offshore they will start to ignore this illegal advantage they,0.3093278706073761,0,1
13811,MS868618,such a shame that blokes with 2 or more kids are no longer illegal to have a mixed child with the aeptance of these types of people comes,0.27387696504592896,0,1
13442,MS583557,AROUND 200 Europeans are being held in Turkey by the authorities for illegally crossing the border into the EU mean hundreds of refugees are to be sent back to,0.17243093252182007,0,0
13589,MS1006166,1978 the year chicago stopped white flight and white flight became illegal surprised anyone else sees it ,0.0795930027961731,0,0
13945,MS479112,The Open Society Institute hosted a discussion on the effects of open borders on countries within the EU after from data gained from the migration crisis shows a steady increase,0.11859070509672165,0,1
13374,MS326522,officer spools through a remote semi after patrolman latches onto a suspect to arrest on sea cattle s#,0.13986577093601227,0,0
13860,MS893880,a typical pakistani woman she sucks his weak little dtgthe indians and mexicans,0.9879999756813049,1,1
13152,MS752826,Title text No puzent la esporte,0.2054608315229416,0,0
13958,MS455597,what if we stop importing illegal migrants into usa first time lets go to our destiny i want to send them to their homeland then another million,0.21424224972724915,0,1
13105,MS972282,by golly i d vote that way and i am not ashamed to say that i have lived in many white communities and white nations and in many of,0.29471275210380554,0,0
13785,MS465833,as we have seen many asylum seekers dont even speak english doesnt even speak fluent in English they speak like rapiststaking,0.2737412452697754,0,1
13676,MS168870,Do You Read Code #documentary and stories of illegal immigrant teenage brown girls in gangs have urv made them fluent in english #gardening,0.2967856228351593,0,0
13856,MS829468,Donald Trump may be a major threat to the survival of the white race madexit is disgusting and not,0.4175126850605011,0,1
13527,MS555985,european politicians push through their immigration plansreceive a full report on your life,0.418061763048172,0,0
13131,MS983459,even though it is not illegal to breed in norway it is so letten legislation that makes it illegal to re,0.0733577162027359,0,0
13850,MS211952,despite the national protests over the torture report which alleges of providing illegal sleep and food as torture and of being racially profiling police officers,0.30569660663604736,0,1
13436,MS983323,You know what would be even better Adding in more languages other than english right up front on the box Some pretty cool options there ,0.06157747656106949,0,0
13900,MS437914,Many people in the Hispanic community and communities of color are taking advantage of the environment and schools they are given and we have a president that has already,0.2864129841327667,0,1
13932,MS406113,The latest into the deportation war began yesterday as Border Patrol agents found armed and dangerous illegal alien from El Salvador Escobar in San Francisco hish returning from,0.09003465622663498,0,1
13322,MS923723, and this is my contribution to this forum white like all other colors is,0.11693228036165237,0,0
14090,MS498274,nukoremisno are happy and welltrudeau calls it up to 10k illegal immigrants crime problem and how,0.14368757605552673,0,1
13475,MS520439,Texas AG Ed Pressler wants to make young immigrants held in immigration detention centers more law abiding,0.21486563980579376,0,0
13449,MS769119,im beyond cynical that the kids on mexico going back to some of the bs the press has written about us is more important than their,0.9879999756813049,1,0
13572,MS540341,of legislation emasculation de facto divorce illegal unconstitutional victoria constitution not non inferentially written child trafficking reproductive healthfailures,0.11401613056659698,0,0
14269,MS660828,the left is becoming inhuman this has to stopthe targetted nations have an illegal practice of child marriage in many parts,0.28933173418045044,0,1
13802,MS814036,with their gold stars and militaristic banners they clearly state that their aim is to dominate and destroy other nations simply stated they do not,0.27398282289505005,0,1
13645,MS572023,Congratulations to Shaun Harper who has been added to the upcoming #fakenews2018 #takebackthepack tour it is required to download and sign the,0.04288560897111893,0,0
13553,MS504356,eSports is here for you eSport is the future of public diplomacy on immigration would like to point out there are areas we do not agree or share,0.1499556303024292,0,0
14318,MS407949,and goes on to state that as the excuse goes and we are legally entitled to oupy borders as now we are free to exploit peoples labor and children and,0.33399564027786255,0,1
13405,MS326703,its almost like samosa is a hash brown with cheese that melts in your mouthnothing deters you from trying something,0.3867500126361847,0,0
13416,MS736244,#mikeandliza for first place #michaelbarnes and greg will miss themi,0.12921297550201416,0,0
13959,MS835585,hitler was right all along all nonwhites really are a danger to whites as they will eventually try to flee the white race and make their,0.5126946568489075,1,1
13299,MS788031,If youre going to close the border and start using it as a Mexican slaughterhouse for the worlds poorest people you may want to,0.4474526345729828,0,0
13875,MS297805,in the north american republic as english aas gangs flood into america illegal migrants are urged to refrain from contacting the law enforcement authorities via paris,0.20393286645412445,0,1
14190,MS28312,The Trump administration continues to ignore the law by continuing to enforce ObamaCares border security laws and it continues to attack the credibility of Judge Andrew Hanens,0.25362128019332886,0,1
13906,MS422181,to sneak into the #usa our country is full of #illegal #alien crime family invaders diversions members that only serve a side of #,0.14940592646598816,0,1
13648,MS985906,now i wear the same skin color as my mama so i am quite over white ,0.3206298053264618,0,0
13207,MS529924,It has been a strange couple of weeks for democracy as at least ones voice is deemed nonarguable by machine politicians and,0.1809539645910263,0,0
13383,MS526106,Rep Corrine Brown wins reelection video,0.23985348641872406,0,0
13347,MS983747,adriatic adriatic borders and ethnography 2012 traveland maritimersin mars,0.21340568363666534,0,0
13915,MS891420,race mixing is the root of all the world problems todayno white person should send a single penny or lift a single,0.3188011348247528,0,1
13603,MS926370,people with brown hair are brown people the brother of the victim sat next to,0.5123392343521118,1,0
13196,MS512309,Trump on immigrants America should run the world on principles of freedom from fear #bailout #breaking #americanobliterationend,0.22647874057292938,0,0
13851,MS445585,USA TODAY Sports relive the MexicoUnited States border crisis and the scary thing is the rest of america is laughing at you live #build,0.25842729210853577,0,1
13366,MS554977,For a moment there was hope of a reasonable explanation of why the Spanish government refused,0.22533008456230164,0,0
13866,MS491258,Keywords economy of shortages inequality open borders neoliberalism open borders immigration primary industry of shortages,0.20497596263885498,0,1
13325,MS325450,US to aept turkey from venezuela ahead of electionwhen will the world stop talking about how this season has,0.08633670955896378,0,0
13339,MS310839,the CEO of le jour supermarkets took to twitter to attack #ivandrewsonsmark #beansanytimeisbest,0.13728700578212738,0,0
13925,MS460908,wrongvotecouk true vpn servers no free vpn internet no pirate media filter no more controlled immigration immigration borderless,0.1808215230703354,0,1
13372,MS383605,befriending the i has not been easy alone #godletusbyyoumental health for example the way,0.05005735903978348,0,0
13315,MS169421,The race for the White House is the only thing thats changed since I was a kid and took it easy in the grocery store #,0.38584399223327637,0,0
13739,MS431457,is a sweet white girl thats making illegal immigrants cry because they dont know how to hmupeople of all races are,0.45084452629089355,0,1
13410,MS597515,eBook for sale November 11 2017 in Spanish with thousands of words by esarbroniosplease note that the ebooks are for a specific computer,0.05041974037885666,0,0
13395,MS599874,The president of Mexico expressed his sympathy on Wednesday for the families of the three young men detained by US immigration authorities following Trumps new travel ban on,0.11633595079183578,0,0
14113,MS499264,be careful of statim be careful of the 1st amendment illegal immigration broken america laws illegal border patrol security migrants criminalians and drug dealers illegal aliens,0.9879999756813049,1,1
14010,MS825152,CBS The state is ending all foster homes it stops with the brown peopleintellectual property theft,0.1725008338689804,0,1
13086,MS100689,endless hopes for a brownie in this reddit trash can dayharry potter was a poor mans san,0.25105756521224976,0,0
13757,MS453359,in america we do not take in illegal migrants america is not a magnet to illegalsmuslim migrant attacks,0.29987895488739014,0,1
13338,MS940341,i live in montana and nonwhite immigration at large youtube nonwhite immigration at large mass meeting 2014,0.23679359257221222,0,0
13814,MS422362,whole international bailout for the greece society are stupid europeans immigrants also too poor to send their kids to school refugees when are going to,0.9879999756813049,1,1
13882,MS836355,our mission is to combat child marriage and sexual exploitation by insourcing all our staff to the mexico region and take all the migrant labour that we,0.9879999756813049,1,1
14333,MS449209,strong#immigration #securetheborder #buildthewall #fakenewsits not illegal to be a,0.26739853620529175,0,1
13622,MS106117,div classswatch stylebackgroundcolor #ffffffdivdiv classmidcol unvarnished un,0.20012080669403076,0,0
14230,MS460580,THE LAW Through a flurry of pardons and commuting of sentences to two years 5 if you are an illegal alien you can remain a U,0.162513867020607,0,1
13587,MS115258,Remember the silly video which supposedly showed the manning of Trump Tower today mocking 911 in all its unspicuousness,0.9879999756813049,1,0
14036,MS461423,Although my father helped mine escape when he was deported many years ago this country will not deport child molesters,0.9879999756813049,1,1
13376,MS369765,A few days ago i went to buy the latest tekka #barcoback and using this feature through my library of 6500 books,0.1069037914276123,0,0
13877,MS851255,the amount of fraud and deception that ours when immigrants whether legally or illegally bring their cultural values and minority population level of trust to our country,0.21814124286174774,0,1
14238,MS497805,oficials must be prosecuted for using dna to smuggle in unvetted immigrants must be sent back to their homelands must be jailed for,0.34434303641319275,0,1
13593,MS547064,Senator Bernie Sanders continued to endorse the Open Borders Lobby Hillary Clinton also is the problem when it comes to bringing families together and we need strong families again,0.18454048037528992,0,0
13995,MS466408,some particularly hateful immigrants wanting to come here kill us all and get all the welfare and entitlements pay for them to come stay in our country paying for,0.5663983225822449,1,1
13108,MS328922,Location Federico Chavez square Salvador du Plessis city,0.2111843079328537,0,0
13098,MS144972,not funny at all brownies jig not funny at all brownies jighonk if you dont like,0.28805243968963623,0,0
14278,MS429134,have voted YES in 2010 for real immigration reform to end illegal aliens security loopholes which drive down wages with some no questions asked we the people can save ,0.24237434566020966,0,1
13194,MS554977,For a moment there was hope of a reasonable explanation of why the Spanish government refused,0.22533008456230164,0,0
13848,MS498400,17 people dead and hundreds injured after NY building used to store illegal immigrant comes crashing down in crossfirebtw my,0.27528631687164307,0,1
13820,MS883555,the white race can never again be considered as the best race due to the diversity in our countrywhy on earth are,0.4412701427936554,0,1
13696,MS915845,you are never invited to become a member of any group that claims to be fighting for the white race,0.4835381507873535,0,0
13147,MS599874,The president of Mexico expressed his sympathy on Wednesday for the families of the three young men detained by US immigration authorities following Trumps new travel ban on,0.11633595079183578,0,0
13187,MS518437,President Trump and the president of the United States can remain silent about immigration based on the order of an illegal alien judge of immigrant judge a supreme court justice,0.24631495773792267,0,0
13780,MS500762,by randy from michigan city somedays are clean and no crime here deport illegal immigrants also no jobs here the first priority must be to,0.23078987002372742,0,1
13384,MS346087,USA TODAY Sports has added a giant map of USA from the Trainspotting film throughout the entire country showing cities with distinct culturalbarbour over,0.2134266197681427,0,0
13839,MS41769,a non life long argentine cis man who consider himself to be a groid but still believes he should be treated as such,0.19224266707897186,0,1
14067,MS84701,all up in this bitch mexicananiggas dont mess with jimmy seb plain and simple,0.9879999756813049,1,1
14313,MS465833,as we have seen many asylum seekers dont even speak english doesnt even speak fluent in English they speak like rapiststaking,0.2737412452697754,0,1
13461,MS996985,many times public schools struggle to find time to educate their black and hispanic students unbelievable to me,0.20457753539085388,0,0
13413,MS1004271,attitude is everything and when a government is not trusted with the country its,0.1348261684179306,0,0
14037,MS81516,divyour mom is ugly as shit you should be hitting her cunt face first or somethingayy latinos,0.9879999756813049,1,1
13818,MS429133,they never tell the truth never remember to tell them what they dont want to hear hahahahahahahah #illegalaliens #immigrationend,0.058776769787073135,0,1
13211,MS507121,In the 75 years since the incorporation of Puerto Rico into the United States its foreign affairs have devolved to the jurisdiction of federal courts and its,0.04549984261393547,0,0
13966,MS456306,Since the prison guard whore rape my boyfriend decided to escape from the spanish mafia where will he end up the other side the,0.9879999756813049,1,1
13093,MS144936,im working hard im happya few weeks ago im really into that show im not good at english so ill just say,0.9879999756813049,1,0
14245,MS428045,many immigrant families from brazil have arrived in usa to flee violence but they will be targets if they returnyou,0.9879999756813049,1,1
14046,MS465833,as we have seen many asylum seekers dont even speak english doesnt even speak fluent in English they speak like rapiststaking,0.2737412452697754,0,1
13342,MS988093,it is also worth noting that members of the german minority in ohsouthern idaho especially do nt,0.16680510342121124,0,0
14064,MS51964,the act of speaking only latinos in the room is racistblah blah hoes,0.9879999756813049,1,1
13798,MS464602,build a wall and deport all illegals daca is over illegal aliens have passed the minors gov through the back door the children are the primary care,0.9879999756813049,1,1
13834,MS423891,Now that the Supreme Court has legalized the illegal aliens to come in via the southern border when they rape and kill american citizens and the over run the,0.9879999756813049,1,1
13204,MS311898,#bumbadrom img srcimage1gif stylewidth100 height33px border0 alt,0.2238089144229889,0,0
14176,MS861980,maybe they re just so relieved to be rid of the non white when will these white people learn that their one world government is only legitimate when registered,0.5039297938346863,1,1
14124,MS869137,in addition to generally not wanting to deal with the nonwhite idiot hate that whites receive from the regs for supposedly protecting them,0.9879999756813049,1,1
14179,MS889312,dont look like they have many thousands of members only a few hundred are honest members and they all want their own country they dont want,0.2715934216976166,0,1
13321,MS568747,reps employ race baiting deportation illegal aliens so they cant votei guess #itsthefuture is bullshit because,0.9879999756813049,1,0
13668,MS945083,english law does nt allow of course bashing of policemen eventhough that is in espanol ,0.11367669701576233,0,0
14172,MS297821,you have not done anythingi wouldnt use illegal immigrants as wages lower tax take in the,0.3156246542930603,0,1
13281,MS601143,of 12 Hotels in Manaus Brazil Choose the one that best meets your needs,0.14537999033927917,0,0
13980,MS301338,President Trump does what he always does when he sees a non blue state like democrats are weak he pulls the cards on liberal blue statesend,0.25233495235443115,0,1
14141,MS485339,many they come by their speed they will not stop till they reach we all gotta have the tough ones now its time to give em our #nonos,0.31150081753730774,0,1
13769,MS501196,gorsuch cheered on to be body snatcher but not for saving our nation or our refugees #deportthemall #sendthemback#end,0.33031508326530457,0,1
14203,MS457006,You know that if i was to go and rob a bank #buildthatwall those wackos #daca and all those illegals with drug,0.3115939199924469,0,1
13169,MS123235,so tucker isnt cnn anymore hes not even a news channel hes still on conservative channel hes on latino on the liberal side but hes still,0.3107042610645294,0,0
13130,MS978763,then their mother comes into the room and they all recoil a little then they realize they were mistaken and their brown eyes would show white hair ,0.18749654293060303,0,0
13400,MS593788,or choose another one #grittidae #illegalimmigration #philharmaposun #lovemusingswhen its,0.2016107439994812,0,0
13192,MS571946,public flag a flag with the word American superimposed over the word border into an american flag and superimposed on top of a border it has the,0.14549781382083893,0,0
13888,MS484840,from 100 necessaryintelligent doesnt exist with the spanish immigrantsit doesnt exist with themit already existedhere,0.21187178790569305,0,1
13266,MS982144,narrative boarding schools homeschool your kids for a free controlled education we are totally surrounded ,0.10536395758390427,0,0
13934,MS51964,the act of speaking only latinos in the room is racistblah blah hoes,0.9879999756813049,1,1
13085,MS161296,#EvanVanSantana grabs a victory over KVanna as #earlney2016 resumes #texasport string #elastic,0.25030937790870667,0,0
13531,MS163555,love the mustache hahahha thank you brownie points i just ordered from you againand they are trash,0.9879999756813049,1,0
13552,MS136626,what is a bondage bridgei am talking santa bean wooden feet keggs clams,0.9879999756813049,1,0
13920,MS434450,this has nothing to do with racism this is about american securitythis isnt about trade war negotiations but creating a new border post physical #banis,0.2949688136577606,0,1
13297,MS937288,shes a derren brown singer youtube brown hair blue eye looks,0.13109739124774933,0,0
13473,MS533762,refugee cities thousands of people in russia ethnic minorities not immigrants only here legal immigrants lets see if you guys want a soupcon about it,0.3849276900291443,0,0
13907,MS296266,victory europe now has 4 million illegal migrants and is trapped in an economic and political crisis if must ask them to leave espaola,0.11127328872680664,0,1
14019,MS836107,and just let the whites die outsomalian immigrants claimed raping to be a part of their culture we should,0.9879999756813049,1,1
13988,MS299657,the victim is a cop who can do nothing about the illegal alienswith moneywho was apprehended by a that is responsible for not removing illegal aliens,0.23170560598373413,0,1
13452,MS934748,for a closer look at the false front due to the bull area of north america,0.31442034244537354,0,0
13142,MS929680,i d love to have a dance and a sing along mexicans dressed,0.4816371202468872,0,0
13565,MS559517,SAN FRANCISCONEW YORK Reuters California will be the first state to adopt a law allowing terminally ill patients to donate organs,0.13793839514255524,0,0
13698,MS786929,ofstrategy How cool would it be if the silverbacks and fans got alongi still cant believe the,0.12260518223047256,0,0
14310,MS225216,all tweets and internal youtube vids are mineislamic terror attack comes one day after we let illegals back,0.9879999756813049,1,1
13535,MS780373,dude that is a fucking brown face dude that is going to throw his temper out for another round #vegan #simpleaussie #superfood,0.9879999756813049,1,0
14078,MS888754,or put simply the democrats want to genocide nonwhites and only whites will be spared experience their tactics first hand whites only ,0.5420545935630798,1,1
14300,MS61536,greekfire antifa with history of violence and hate crimes a crockbut seriously all these latinos and as,0.9879999756813049,1,1
13234,MS982144,narrative boarding schools homeschool your kids for a free controlled education we are totally surrounded ,0.10536395758390427,0,0
13230,MS183036,Jun 1 2013 Eating a carrot is a certain way to get your pinky crossed and but a brownie seems to be the king of,0.24587103724479675,0,0
13692,MS130719,riiiickbarney brown on white trash denier on commies 10 am local air conditioned at charlie,0.9879999756813049,1,0
14339,MS73889,of i think if your white you dont deserve to be part of this country and yes your right to be proud of the color of your skin but not,0.5438076257705688,1,1
13922,MS430686,even bernie might think we are crazy to deport all illegals without making an indepence daca law which will allow them to return,0.3844601511955261,0,1
14072,MS454185,president of the atlantican union that is at the new panamerican legal centre of the importance of the illegal immigration its impact on american,0.12503863871097565,0,1
13756,MS474506,The power of the media and individual states make resisting a build up to war illegalwomen thugs taking it up the a,0.12594164907932281,0,1
13359,MS988293,welcome to stormfront the largest white nationalist community on the web the next,0.3571374714374542,0,0
13541,MS167203,#BringBackBarakadear god let me go to hell please god help me take my all girl uniform home,0.9879999756813049,1,0
13345,MS797077,and will they use their new global ranking system to defeat hen and christmas meatballsis instant restaurant round 3 gonna,0.06763458997011185,0,0
14152,MS844872,Mexicans Dont Want To Rape Kids Just The KIDS they will get when they die and they will die because they do not want to,0.9879999756813049,1,1
13229,MS773783,juan no gowhat does that mean have to gonot gonna lie im with kat andre #,0.22665253281593323,0,0
13643,MS130851,i want a plain joe brown bottle but im not entirely sure that means full fatfor the millions who couldnt,0.4493209719657898,0,0
13241,MS722287,blockquote classtwittertweetpTHERE WILL BE AN AIRPO SHUTTLE FOR ONLY 100 PEOPLEend,0.2296631783246994,0,0
14121,MS479762,Trump Trade Nominee Already Rolling Back Labor Standards Not to mention ignoring executive orders on immigration and border security,0.22549642622470856,0,1
13661,MS393390,1994 Bakersfield Pueblo home sold for 741900 and noone even bothered to look through the deed like you are blind,0.9879999756813049,1,0
13440,MS981371,npstorybar titlecameron leaves wall building kickstarters and enters supermarket bc real estate speculation scam,0.10616955906152725,0,0
13190,MS941047,mexicans have been coming here for a long time and now there are many more immigrants than ever before ,0.4846668243408203,0,0
13287,MS193542,la abuelita 1337 a tuiten en the national pasado mexicanalberta rock the,0.22065527737140656,0,0
13828,MS452658,further measures should be taken by this nation against illegal immigrantsif this laws interpretation is used no one will have a say in their decisions as theironly,0.2471252977848053,0,1
13812,MS462275,syrian asylum seekers blocked off russian border vienna tradition threatened by mexicans at the border local mediapeople,0.23629812896251678,0,1
14107,MS461233,USA is doing a good job reducing illegal immigration there was no reason to keep the illegal alien child when they could have adopted a the child instead of a,0.35862651467323303,0,1
13479,MS922188,an english man is on his way to darwin after a few beers and says that he is from acton,0.16940896213054657,0,0
13373,MS955042,but i like this song we already know that whites can and have embraced diversity ,0.40834617614746094,0,0
13754,MS482555,Article 8yid do we hate your country open your borders make yinz pay for them first and the yins do the same,0.2734825015068054,0,1
14167,MS806563,and the nonwhite homelands are crying out for some form of relief from this racial scumim with,0.46329790353775024,0,1
13136,MS748859,the sauce makes everything bettergiving katie and nikki haircuts a 15 min treat next time #,0.10877272486686707,0,0
13164,MS714991,also 3 setback to a good year for veg wowif robert celine ever met josh purdy,0.16797694563865662,0,0
13432,MS546652,including daily heat wave on outback citieswhen youre craving something spicy and something with cumin you go to hell,0.9879999756813049,1,0
13621,MS942546,ok im in my college town and can attest to the type of white gentrification many white neighborhoods experience and damn,0.31424081325531006,0,0
13763,MS470157,the more people pay rent the worse it getsthe 1 million illegal immigrants and the more than 2 million parents who claim,0.9879999756813049,1,1
13747,MS70720,but i guess it doesnt matter bc mexican moms suck when it comes to daddys,0.9879999756813049,1,1
13114,MS526509,UK struggle with borders leaks migration data two claims of migrants you would think the country would be doing better with them etc more,0.12647555768489838,0,0
13309,MS750186,evil jade star is back to prove a point #throwbackThursday #goodvibedont get me,0.17854279279708862,0,0
13546,MS347027,funny how a bunch of people come here to get sold to brits on an illegal war ani,0.29056450724601746,0,0
13447,MS949085,you mean evolution is false and that there is no creation of a white nation ,0.40409669280052185,0,0
13409,MS782816,one bell pepper if i had 2 i would have 2 spicy i guess id take both on the roadmy heart says,0.11116551607847214,0,0
13355,MS126442,end the cuban revolutionyeah mother wildlife it sufficespastor qt says,0.11805732548236847,0,0
13846,MS474202,Or the homeless that are invading America #deportthemall #buildthatwall #nodaca #deportthemallnow #lockthemall,0.21488991379737854,0,1
13968,MS816976,this was a bad move by the jewlords to turn off the old irish population in favour of the spics and hispanic community order to the,0.9879999756813049,1,1
14316,MS876280,and i fear for the future of all english peoplethe white race will soon be on the brink of being a minority,0.37669727206230164,0,1
14329,MS461957,there is like a crisis happening like mad people are leaving you know we were not able to protect the americans from illegal immigration so stupid we have more,0.9879999756813049,1,1
13357,MS980051,i was on the edge of my seat waiting for the news today when i saw the story non white immigration in,0.16344329714775085,0,0
13178,MS984775,best way to use one is to practice each day and get really good at it as a white nationalist i take,0.26314812898635864,0,0
13296,MS536525,Brazils GDP will fall in the third quarter after borrowing one of the highest amounts in the world because of,0.07671840488910675,0,0
13841,MS493057,you are the reason of reklamada human rights are under threat even in honduras so we cannot play nice with anyone thank you for being,0.14135877788066864,0,1
13313,MS195512,what the fuck do u mean i use latin slang to say gringo you trashdont lie its a desert,0.9879999756813049,1,0
14231,MS412987,and you thought you knew us #illegals were rapists the illegal aliens must feel more freedom than americans #buildthewall,0.9879999756813049,1,1
13469,MS915793,that is the absolute last thing we need damian brown 28 and susan bresee 23 both of the above,0.20814859867095947,0,0
13707,MS388961,will be done with itI want to do some friendly games on flimsy ryback name my car starbucks cards cardstand for,0.0923050045967102,0,0
13279,MS184509,h2how do you qualify yourself as non racistreturn to a location and get a message we have,0.32884299755096436,0,0
13557,MS169421,The race for the White House is the only thing thats changed since I was a kid and took it easy in the grocery store #,0.38584399223327637,0,0
13891,MS213186,of 1000 most searched mexican 4 us bastards get all the credit flaired up nniggas with,0.9879999756813049,1,1
13799,MS428579,Apart from getting illegal migrants with fake drivers from one State to another it will cost crores of rupees for lodging of such,0.15374749898910522,0,1
13680,MS979803,great article it will be great to hear from other Latino members ,0.14122822880744934,0,0
13730,MS490175, trump will win the election red states will still be blue illegal immigrants will not be entitled to welfare and child care benefits and,0.35833343863487244,0,1
14125,MS441251,Not only have the red states passed 971 pieces of border related legislation this year they have had a hand in building it up in the,0.11809554696083069,0,1
13439,MS130131,acontact passenger motor vehicle theft prevention hotline 513 2772326can anybody explain to me that makes brown,0.10435004532337189,0,0
13781,MS851794,the white liberal is the worst of all species and the children of the old slav race these children are nothing but challenges to white homelands,0.47251656651496887,0,1
14235,MS444511,The Rolling Jubilee of Clinton is being subsidized by Israel all 10 bn in Social services and cuts by Mexico,0.27183711528778076,0,1
13688,MS983459,even though it is not illegal to breed in norway it is so letten legislation that makes it illegal to re,0.0733577162027359,0,0
14330,MS500109,excellent ash flat fwd side by side #americansfirst no criminal negligence deport the illegals and close the border no drivers licenses for illegal,0.28181856870651245,0,1
13127,MS558467,The backlash is still in full force at Berkeley delivers his tirade against #diversityimmigrant officers the at #illegal #ort,0.19040866196155548,0,0
13950,MS476206,immigration end legalised illegal entering not exportation one should not demand borders to stay openwhen you have a child this,0.9879999756813049,1,1
14089,MS499264,be careful of statim be careful of the 1st amendment illegal immigration broken america laws illegal border patrol security migrants criminalians and drug dealers illegal aliens,0.9879999756813049,1,1
13599,MS142455,by Chris hasa i need my mexican chile toie the one time you break it off,0.40571898221969604,0,0
14122,MS487438,this is unfair so would you say to the unemployed youth who are currently living in their cars #buildthewall to #deportthemall now #,0.24494999647140503,0,1
13576,MS580412,Learn how to quickly and easily set up for enrollment at the Jefferson Senior Center via #getinsupported,0.05622127652168274,0,0
13386,MS954961,they are peaceful majority country and most of their people are very low income you,0.46190688014030457,0,0
14210,MS457006,You know that if i was to go and rob a bank #buildthatwall those wackos #daca and all those illegals with drug,0.3115939199924469,0,1
13162,MS347027,funny how a bunch of people come here to get sold to brits on an illegal war ani,0.29056450724601746,0,0
14293,MS491516,President Trump has vowed to help build the border wall being constructed by the Obama administration no matter the cost #nochain migration #buildthatwall #dep,0.2725270688533783,0,1
13132,MS769119,im beyond cynical that the kids on mexico going back to some of the bs the press has written about us is more important than their,0.9879999756813049,1,0
13487,MS143326,edit i think its ok to use sprites that arent from an animated movie or tv show in your art project it helps everyone see the art that,0.04794260859489441,0,0
13156,MS963537, n ra sko oi pl sp sr for,0.11393295228481293,0,0
13957,MS421857,Mexico has a long history of brutal poverty and corruption that Trump will end forever #maga #mexicamania #undeclaredhab,0.9879999756813049,1,1
14336,MS436365,America never said they were happy and it never changed how they live the way they live #americafirst #trump #maga #rednation,0.24154751002788544,0,1
13529,MS1000481,i live in up state new york what country have you lived in for,0.10901283472776413,0,0
13202,MS186647,nt is 20 go away1 of our favorite minorities are democrats #disappointed #darwin what a,0.2880372703075409,0,0
13170,MS529146,unions wont pay debt for illegal immigrants unless they get police or federal moneyicu is a sayonara,0.19723330438137054,0,0
13412,MS160113,have i seen someone walk into the small restaurant with brownies and a glass of whiskey you will have to ask them if you can get one,0.18212801218032837,0,0
13205,MS943598,does anyone else find it strange that throughout history whites have always been the minority ,0.2835738956928253,0,0
13369,MS736244,#mikeandliza for first place #michaelbarnes and greg will miss themi,0.12921297550201416,0,0
13744,MS464152,Latinos take our country back #trumptrain#sendthemback #magaridiculous feminist is,0.3689258098602295,0,1
13174,MS531154,div classswatchdiv classswatch stylebackgroundcolor #FF5500divdiv,0.2296631783246994,0,0
13312,MS978533,Reuters US stocks closed lower on Monday with the energy sectors benchmark index SPLX falling 035 percent ,0.1701633334159851,0,0
14267,MS270605,Anonymous from Cuba on how to #relinquishyourdefend that tyranny we hold in our hand #oupy,0.18201681971549988,0,1
13263,MS383605,befriending the i has not been easy alone #godletusbyyoumental health for example the way,0.05005735903978348,0,0
13628,MS1004763,much like the usual suspects they play the race card without any remorse no i do nt hate jose es,0.21661384403705597,0,0
13184,MS917163,since your answer said it was a class not a school let s hope this is a typo and not you wanting to kick others children out for bad,0.231963112950325,0,0
13528,MS194670,it would kill u to bet on florida when they suck at football so why waste your time betting #borderlandmoose #lossless,0.9879999756813049,1,0
13617,MS116008,# why is Obama talking about #cutbacks when he is destroying jobs thats exactly what he has been doing for,0.3544083833694458,0,0
13704,MS954961,they are peaceful majority country and most of their people are very low income you,0.46190688014030457,0,0
13717,MS300546,the locals have an issue with immigration and police across the globe but the homeless immigrants in brazil take the cake the locals have an issue with immigration and,0.33912819623947144,0,1
13434,MS327494,Teen brown eyes and pale complexion watchers will love reading this toenail selfie videojon jon oke,0.2705760598182678,0,0
13881,MS814036,with their gold stars and militaristic banners they clearly state that their aim is to dominate and destroy other nations simply stated they do not,0.27398282289505005,0,1
14033,MS674711,The brownout is over where it never was it was created by scumbag politicians who stole the thunder of the people #benshad,0.9879999756813049,1,1
13390,MS940341,i live in montana and nonwhite immigration at large youtube nonwhite immigration at large mass meeting 2014,0.23679359257221222,0,0
14023,MS27286,of a quiet fatso fuck this bitchonly a true faggot would believe latino kids are terrorists or sell,0.9879999756813049,1,1
13320,MS794928,rebea can i guess who the creative team for network ten has been #hashtagtheycantgoback,0.095359668135643,0,0
13629,MS974886,like i do spock appears to be making a huge fuss on this thread and flagging the degenerate fools,0.45114412903785706,0,0
13106,MS525903,eugenics progressive america for liberal racial policies and open bordersmom laughs at my trumpiness v fred s,0.3989368677139282,0,0
13139,MS982665,the time for war is now the west is on the threshold of wiping itself out and the white race will be left,0.4352792203426361,0,0
13483,MS910284,the judicial branch of government is the last line of defense for the white race against the hostile government of the majority ,0.3822369873523712,0,0
13422,MS928534,too many white kids are sending mixed signals about their racial heritage when they start dating outside of their race youre,0.4467579424381256,0,0
13741,MS299657,the victim is a cop who can do nothing about the illegal alienswith moneywho was apprehended by a that is responsible for not removing illegal aliens,0.23170560598373413,0,1
13445,MS547125,blame rapemafia scapegoat claims by victimsclaims from a new john brazile book make it clear,0.39022547006607056,0,0
13377,MS128603,Governorelect Ed Murray in King of Prussia for a car wash where he ate a browniethrowing,0.08332566171884537,0,0
14229,MS411437,the arrogance of the modern european statelets continue to use up existing refugees to build our border fence if we,0.42124658823013306,0,1
13836,MS453561,in a week the liberals will insist on more illegal immigration so when will the rude americans learn the truthfor some,0.9879999756813049,1,1
14091,MS883555,the white race can never again be considered as the best race due to the diversity in our countrywhy on earth are,0.4412701427936554,0,1
13482,MS536525,Brazils GDP will fall in the third quarter after borrowing one of the highest amounts in the world because of,0.07671840488910675,0,0
13889,MS433613,not illegal immigrant did something wrong so #democrats who want #immigration bill even the illegals who commit #trafficking should be arrested#immigration,0.4773818254470825,0,1
14306,MS887783,South Carolina at long last lets a nonwhites name enter it is time for white patriots to bring their ugly culturally backward,0.9879999756813049,1,1
13984,MS898240,it is an honor to have og racial diversity in the reichskirche ,0.2190219610929489,0,1
14111,MS900579,if i dont see a racial problem soon whites will be the ones eating the dirtiest meal of their livestheir gods,0.531924307346344,1,1
14268,MS296266,victory europe now has 4 million illegal migrants and is trapped in an economic and political crisis if must ask them to leave espaola,0.11127328872680664,0,1
13269,MS985224,The members of sb group are threatened by the white gene pool peoples it s about maintaining white country and culture,0.353222519159317,0,0
14163,MS479997,please give the scamming scum this ban the non stller immigrants say fuckyou both need to grow up,0.9879999756813049,1,1
13689,MS311935,exterior harbors cars #nomadside #shipfleet #admiral #incmotorsportwhich route,0.19448412954807281,0,0
13638,MS958990,in some areas if you have brown eyes you are more than likely white but still get brown looks and have brown hair so it s not really a,0.22687296569347382,0,0
13675,MS917163,since your answer said it was a class not a school let s hope this is a typo and not you wanting to kick others children out for bad,0.231963112950325,0,0
13671,MS305447,canadian bush flying hundreds one of the woods havent looked at that detail much yetcnn #swatreport,0.18465737998485565,0,0
13327,MS984922,i live in the southern tip of ontario just over the border in younger brother s life ,0.2950921654701233,0,0
14338,MS469433, the harder we push back on illegal immigration the easier it will be for xenophobic dems to take over our government,0.44270196557044983,0,1
13494,MS112097,rincels rthrowbackThursday nonsense #lukexnax #aswres #austintheswootno #c,0.2296631783246994,0,0
13294,MS927147,npstorybar titleReaders weigh in on school segregation story link,0.15085925161838531,0,0
13179,MS140791,In an interview with Brazilian magazine Tgina do Estado TE on the eve of the 2015 ASN Copa Libertad,0.13052405416965485,0,0
13251,MS602310,lifean order for return of two thousand illegal immigrants freed from custody not to reenter the United states after two years,0.16015683114528656,0,0
13823,MS433613,not illegal immigrant did something wrong so #democrats who want #immigration bill even the illegals who commit #trafficking should be arrested#immigration,0.4773818254470825,0,1
14342,MS466672,to mark the 100 days until the free trade agreement is implemented refugees #trump will not stop deportations of illegals as #maga #immigration #,0.34914228320121765,0,1
13969,MS811005,Mexicans are totally hypocritical They continuously praise terrorists while they are everywhere no more borders the person that invented,0.599003791809082,1,1
13808,MS434201,we hear from the italian immigrants that cant find to make their living in hispanic neighborhoods like denverand springfieldo get rid of the it,0.2067948579788208,0,1
13822,MS298666,America has almost 3 billion people but the 1 billion illegal immigrants there speak in droves only a few hundred of which are members of any religion in americ,0.24760349094867706,0,1
13458,MS783376,ninsta beanochio bar of the,0.19752253592014313,0,0
13182,MS565625,they gotta pay us more but at least we live in the country we should be proud of the country we live in but this is gonna be a bunch,0.41183438897132874,0,0
13228,MS160113,have i seen someone walk into the small restaurant with brownies and a glass of whiskey you will have to ask them if you can get one,0.18212801218032837,0,0
13358,MS949657,it s the most disgusting thing i have ever heard michael brown is the nicest,0.3728771209716797,0,0
13158,MS366668,A wave of protests is expected to strike across North America and around the world as the world reacts to the shocking news that Trump administration is planning nuclear strike,0.20905905961990356,0,0
13153,MS908272,5 of 5 stars at stars yep white house corresponded to me last week for a week so i decided,0.1258523166179657,0,0
14069,MS25225,im sure if we had really dumb criminals we wouldnt have to worry about spics and blacks just because they look like they might have a,0.9879999756813049,1,1
13421,MS115709,are well and treat you like familylmao hi brownie white star trash brownie man trash at that,0.9879999756813049,1,0
13703,MS132450,Oeiras toast vl do bilei made a pie with all my red velvet brownies #food,0.17397941648960114,0,0
13662,MS155724,by tikki carter on mesquite and goat cheese making a columbus sourdough browniethere,0.2213914692401886,0,0
13324,MS558695,as an illegal immigrant i am going to write a letter to the boston community groups and media condemning what i witnessed in detroit in protest of the,0.2848372459411621,0,0
13835,MS480238,Joplin Mayor Eddie Neen says that his city has been hit hardest by these refugees illegally entering our land our a world of differenceend,0.2439594715833664,0,1
13992,MS254099,#Asylum13 #illegal Immigrations no do feel bad going to the our country we and our babies was wont remove,0.18919803202152252,0,1
14162,MS462705,For people not well educated leave them alone if they come here legally and speak the right words go back to your own countries go back to your country,0.22554051876068115,0,1
14286,MS430886,Lawmakers want to legalize even more illegal aliens to give them welfare and eventually a child should they be allowed to stay #trump #maga #send,0.25385168194770813,0,1
13210,MS166285,Brown leaves as a finalist for the Cy Young Award,0.19887158274650574,0,0
13493,MS337158,div classvideoplayer videoplatts twitter in the take tuesday thomas office #bringbackaway,0.2117903232574463,0,0
13793,MS492550,is responsible for hiding and targeting immigrantsit is with no legal basis to be referring to illegalsonly 13 are foreignerswho come to,0.11083675175905228,0,1
13255,MS583073,GermanPortugueseScottish organiser and journalist Jensine Cramer is the author of Several Ghosts of Northern England and,0.14768144488334656,0,0
14321,MS297803,this is outrageous but as an immigrant from brazil i want my country and the people of brazil to recognize my contribution to this country and I want,0.22495801746845245,0,1
13256,MS132560,rah12 gold a game sounds so funmy fear of brownies may be,0.11211651563644409,0,0
13224,MS150420,im really wanting a brownie when the ice cream is gone and its all about shawarma no cheesecant,0.26003316044807434,0,0
13760,MS482931,Will you be too poor to vote this year you might be able to if more illegals are resettled in your area you will be able to,0.9879999756813049,1,1
13519,MS567797,The political mandate was made but certainly the illegality of some of the actions demanded by the mandate has produced it now,0.20653213560581207,0,0
13564,MS748859,the sauce makes everything bettergiving katie and nikki haircuts a 15 min treat next time #,0.10877272486686707,0,0
13948,MS960,The phrase screw the poors was originally created by an antipoet for a racist aim at the underclass originally meaning merely,0.9879999756813049,1,1
14265,MS475399,favorite this post Omerta#kavanaugh I defend the illegal aliens 7th district criminal alien who is that guy in,0.08698494732379913,0,1
13443,MS734793,yes i have 2 being a cooking show your culinary handicaps dont help that littlethey serve me beans from a can,0.3960704505443573,0,0
14297,MS502802,Dont the media and Dems focus on how many illegal immigrants passed the criminal background check BEFORE they came here #amnesty #trump #maga #,0.33598873019218445,0,1
14102,MS254099,#Asylum13 #illegal Immigrations no do feel bad going to the our country we and our babies was wont remove,0.18919803202152252,0,1
13723,MS494838,you leave uk and its illegal to hold a protest in london #buildthatwalli like how that b,0.09200259298086166,0,1
14109,MS408741,and where do the imigrants go when they get on to other countries now that they are getting welfare but still cant go back home and help keep a,0.13151229918003082,0,1
13556,MS138903,of 5 watches this one wordmed yonightcap is so beautiful a daisy chain made of 4 pepperoni,0.2935664653778076,0,0
13752,MS295415,At a time when we have a President who is actively trying to destroy this country we cannot lose sight of the fact that,0.1533360481262207,0,1
13867,MS463302,When Unholy Hunger enters the battlefield exile all nonland permanents,0.2075747698545456,0,1
13252,MS574863,pWhat are the latest energy trends and the impacts of this on the oil industry in Canada and the USA Learn more here Mike Brown,0.11702842265367508,0,0
13544,MS195129,Social media reactions to ronaldo brujillo posting to twitter oppo mexican firebrand especial,0.1248631626367569,0,0
13885,MS858268,the liberal democrats and their supporters are acting as if the world is endingwhen the non white homelands are,0.28785714507102966,0,1
13540,MS955482,2015 has been the year of the brown boar in britain well what about when i get out of,0.08827824145555496,0,0
13308,MS358831,AUSTIN Texas That time you brought home a food truck in Austin you deserve an award,0.1412147879600525,0,0
13278,MS600274,Ive enjoyed the many discussions on this topic here in recent days illegal immigrant parent left child with language impairments by,0.22997967898845673,0,0
13159,MS402874,I highly recommend this course how to analyze sources and judge sources based on culture#please forgive my english some links are,0.13479071855545044,0,0
13237,MS591762,Border is a source of,0.19037416577339172,0,0
14258,MS826430,We often hear about the holocaust but do we ever talk about the black or brown holocaust mexicans,0.9879999756813049,1,1
13904,MS866558,being mixed race and white makes you an objectifying minorityits a shame that university,0.3093346357345581,0,1
14247,MS459087,becoming illegal to ssid immigrants# #buildthewall #voteragingolistening to baby boomers,0.14276960492134094,0,1
13615,MS138903,of 5 watches this one wordmed yonightcap is so beautiful a daisy chain made of 4 pepperoni,0.2935664653778076,0,0
14134,MS462702,dont think when you work for the government and make thousands of dollars you get a cut of illegal immigrants wages and welfare benefits illegal immigrants make 12800,0.3700028955936432,0,1
13710,MS513320,re foxnews coverage of border wall putting pressure on walli would be delighted if everyone put their feelings out of,0.1261293739080429,0,0
13165,MS1000481,i live in up state new york what country have you lived in for,0.10901283472776413,0,0
13817,MS461546,intabicimmigrant criminality would you blame the illegal immigrants who killed the 12 year old kid in one county in u,0.5314604640007019,1,1
13364,MS149865,endless meat delicious in pepperoni cheesy wonder string cheese blue nuggets frankenmixedwhat is your favorite,0.22659027576446533,0,0
13450,MS922188,an english man is on his way to darwin after a few beers and says that he is from acton,0.16940896213054657,0,0
13507,MS792548,and I really dislike curry saucewe need some more lynn nikki #throwbackthursday,0.4275404214859009,0,0
13486,MS584487,someone explain why i am not allowed to donate at all to an illegal immigrant ppl using my immigrant values of compassion and citizenship to promote the #disc,0.24210555851459503,0,0
13801,MS467861,actually a guy that is in american florida illegally you dont get to say that the sun is the only god thats alredy up,0.12720203399658203,0,1
13481,MS515827,OPED Partisanship not reality drove the immigration debate but the dream will not die Join the #borderchange movement on facebook,0.0928490087389946,0,0
13089,MS119557,orbpeteRiTLs joey beanies and has a cigar inside of a cookie jarif,0.2137911319732666,0,0
13522,MS327780,the coruption of the word burmado they know what they are doing or is it all payback for,0.09732452780008316,0,0
13869,MS420801,States are seizing federal illegal alien kids #buildthatwall #sendthembackcia is destroying the trust it has built,0.19547700881958008,0,1
13998,MS243500,sex with a mexican chick fucks got a video and photosetwtf is wrong with people,0.9903420805931091,1,1
14181,MS454992,the worst kind of racist act of any kind is for them to say they dont believe in daca and is illegal and americans should build their own,0.9879999756813049,1,1
14108,MS39669,Cleveland Young men of color in the United States are four times more likely than their white peers to be arrested for lowlevel,0.21190154552459717,0,1
13631,MS773783,juan no gowhat does that mean have to gonot gonna lie im with kat andre #,0.22665253281593323,0,0
13140,MS567797,The political mandate was made but certainly the illegality of some of the actions demanded by the mandate has produced it now,0.20653213560581207,0,0
14343,MS7086,strange how people ask me about the mexico slave trade when it was over a century agoin the 1960,0.9879999756813049,1,1
13775,MS425978,Latinos we need your votes next November help elect democrats in statehouses as they fight for jobs health care education immigrant rights,0.20444758236408234,0,1
13253,MS527547,la mexico salutes the immigrant community who help to meet the hospital needs of the poor we have a limited resource,0.4146350026130676,0,0
14221,MS453394,States of emergency are being declared across the US a police state has taken hold #undemocratic #americafirst #bringback,0.16172446310520172,0,1
14161,MS674711,The brownout is over where it never was it was created by scumbag politicians who stole the thunder of the people #benshad,0.9879999756813049,1,1
13406,MS965514,tutorial for any english teacher looking to create a lesson plan for the new year or even for the first day of school ,0.06046546995639801,0,0
13669,MS151325,always decided my favorite color is purple bc i always thought the seal of approval was on purple everythinga large fountain on,0.08188816159963608,0,0
14195,MS26033,he of the people the he of the laws and the he of the teachings should all wear brown shoes in solidarity,0.2732124328613281,0,1
13921,MS434696,american immigration law bernie sanders helps illegals avoid jail if they call their dads and moms from bernie sanders country illegally and,0.2933841049671173,0,1
14198,MS420624,epsoli spanish unions ties rape they rape american women that dont want a life of polyamory or a feminazi or an aess chau,0.9879999756813049,1,1
13214,MS184394,the chart child of coffee and brownies i made it for my brother because hes dumber then meof course this,0.06654340028762817,0,0
13537,MS972282,by golly i d vote that way and i am not ashamed to say that i have lived in many white communities and white nations and in many of,0.29471275210380554,0,0
13990,MS301338,President Trump does what he always does when he sees a non blue state like democrats are weak he pulls the cards on liberal blue statesend,0.25233495235443115,0,1
13803,MS19674,the poll cutthroats are predators not preyi hate those minorities that vote for the,0.38573771715164185,0,1
14021,MS500769,mexican emigrates to texas over illegal alien issue #securetheborder #lockthemup #maga #trump #rednationrising,0.235146626830101,0,1
13963,MS431466,The New York Times has run an editorial on immigrants #stoptheinvasion deport illegals #stopbuildingthatwall the left likes to whine about but,0.28177693486213684,0,1
13328,MS601899,welcome to this project that is also a movement#yesallwomen #immigrant #mexicanhumanrights #legal #immigration,0.370448499917984,0,0
13371,MS193101,charles was a great american player for lil jiggyshe has a cute brownie hottie about,0.18512998521327972,0,0
13597,MS958199,1949 Chevy Bel Air 4x4 wpk 455 hp cuban 1 12 liters turbos 45 cal 30 cal,0.18687941133975983,0,0
14257,MS425117,are the few that support illegal immigration are the few that support illegal immigrationspain returning economy has both refugees and migrants,0.3646252751350403,0,1
14159,MS464152,Latinos take our country back #trumptrain#sendthemback #magaridiculous feminist is,0.3689258098602295,0,1
13665,MS175178,girls life test way to muchrip off skanks shoes on meback in the,0.9879999756813049,1,0
14087,MS288301,the reason why people hate minorities in this world is because you hate,0.5326660871505737,1,1
14303,MS491690,#201cnd #openborders #dontsendusback #americansfirst #liberalsthis is,0.23644307255744934,0,1
14189,MS497365,bears support for spanish immigration while mass immigration only bussiansshould we have to lock the german people,0.40228477120399475,0,1
13573,MS788031,If youre going to close the border and start using it as a Mexican slaughterhouse for the worlds poorest people you may want to,0.4474526345729828,0,0
13166,MS917163,since your answer said it was a class not a school let s hope this is a typo and not you wanting to kick others children out for bad,0.231963112950325,0,0
13273,MS329916,well i cant go all around wearing an all over furry shiba but i hope to make a collabi,0.24454182386398315,0,0
13200,MS547616,#ecker #birther #borderwalli dont believe british do not deserve the right to,0.15974920988082886,0,0
13418,MS155724,by tikki carter on mesquite and goat cheese making a columbus sourdough browniethere,0.2213914692401886,0,0
14150,MS89356,indian queenthe exact opposite of a good white girlmy skinny latina b,0.4417833387851715,0,1
13459,MS595034,but she was arguing for migration not asylumlike trump said somehow so mexicans feel comfortable with muslims and,0.3200565278530121,0,0
14335,MS413172,many Americans have never heard of amnesty and are completely clueless about illegal immigrantsurum you are stupid enough to think you,0.9879999756813049,1,1
13188,MS983747,adriatic adriatic borders and ethnography 2012 traveland maritimersin mars,0.21340568363666534,0,0
13092,MS934125,my university does not have a policy on this but we do have diversity and inclusion ,0.13926556706428528,0,0
13586,MS777142,c1300 from Old French opration 12c from Latin opitus event of those who take pleasure,0.24002569913864136,0,0
13168,MS930341,little brown girl commits robbery while high on heroin little brown girl gank france out of prison jobs for houseboats iceland and the northern tip of,0.9879999756813049,1,0
13467,MS158892,Click here for more information about spanish sweet potato fries worst decision of my life was getting the shing,0.15390771627426147,0,0
14063,MS417781,In an effort to create jobs and create security in america those convicted of crime should not be able to come here legally instead of getting deported we must,0.09215126186609268,0,1
14027,MS471860,the actual source of the fight for jobs is that illegals take jobs they pay their way if they can get paid at all #stoptheinv,0.12690399587154388,0,1
14260,MS415646,public libhorizontal coke and illegal immigration add the rot to their IQhow are refugees a burden on the system,0.3280147314071655,0,1
14331,MS237393,Republican Ted Cruz has long denied that being born in Canada to a CubanAmerican mother makes him a foreigner,0.15131953358650208,0,1
13699,MS531154,div classswatchdiv classswatch stylebackgroundcolor #FF5500divdiv,0.2296631783246994,0,0
13414,MS547032,THE HEA OF LIBEY BORDERS CONTINUE TO RISK AROUND EUROPE AND DONALD TRUMP CALLING FOR A MORE RAC,0.2884712815284729,0,0
13219,MS565303,Huge story from NYT today on our refugee children learning English as they get on #immigrationthe first pic of a,0.3458077311515808,0,0
13977,MS240520,the brown nggas hate itfucking trump is racist like lee sikile hates hockey,0.9879999756813049,1,1
13145,MS358831,AUSTIN Texas That time you brought home a food truck in Austin you deserve an award,0.1412147879600525,0,0
13216,MS195129,Social media reactions to ronaldo brujillo posting to twitter oppo mexican firebrand especial,0.1248631626367569,0,0
13612,MS706855,#Apple #Android #AppleTV #adpocalypse #byebyebye #therocode #adventuresinspace #cabaret #,0.2296631783246994,0,0
14233,MS889312,dont look like they have many thousands of members only a few hundred are honest members and they all want their own country they dont want,0.2715934216976166,0,1
13353,MS546307,flashmp3back to topcan i promise to treat my lover with as much respect as i would treat,0.15655827522277832,0,0
13213,MS144158,1975 AFC Championship Game Jim Brown #29 of the Kansas City Chiefs,0.17989252507686615,0,0
14084,MS669370,were tired of seeing men who believe there is no god slaughter minorities they do nothing to end racism and sexismyou,0.5080134272575378,1,1
13770,MS461365,tabletrtdfrom the borough of rome opens its doors to deport any illegal immigrant who resides in the i,0.27715280652046204,0,1
13679,MS943598,does anyone else find it strange that throughout history whites have always been the minority ,0.2835738956928253,0,0
13403,MS601899,welcome to this project that is also a movement#yesallwomen #immigrant #mexicanhumanrights #legal #immigration,0.370448499917984,0,0
13508,MS585808,The president of the United States has the power to protect Americans inside our borders via executive order 2120 practice as presidenthe took action in 2013when,0.18511515855789185,0,0
13766,MS462673,#TheMexicanAgenda was launched by the people of #mexico #nodacadeal will stop illegal immigration with vise and,0.238389253616333,0,1
13896,MS865243,white men are the true victims in todays raciallyconscious societywhen the outside,0.45703738927841187,0,1
13262,MS358831,AUSTIN Texas That time you brought home a food truck in Austin you deserve an award,0.1412147879600525,0,0
13651,MS197906,nylon brims are great i cant put yankees in my shed with redi and im a brownie point,0.1781443953514099,0,0
14215,MS406422,repeal the law that allows for amnesty in the states they are desperate for legal residents to self deport to the states,0.20250025391578674,0,1
13976,MS230444,dozens of senators refuse to support torture ban in wake of #torturereportus is run by an idiot,0.9879999756813049,1,1
13733,MS453108,US must end illegal immigration and build the wall now if we want to #stoptheinvasion we are importing from abroad we are not going to be,0.2915244698524475,0,1
13333,MS183036,Jun 1 2013 Eating a carrot is a certain way to get your pinky crossed and but a brownie seems to be the king of,0.24587103724479675,0,0
13653,MS169421,The race for the White House is the only thing thats changed since I was a kid and took it easy in the grocery store #,0.38584399223327637,0,0
13918,MS43227,i hate you whiteywe need those stupid illegals in our society they solve nothing and all they do is bring,0.9879999756813049,1,1
13185,MS505415,Ireland becomes first european country to issue passports for illegal migrants,0.1071881577372551,0,0
14088,MS892526,An antiracist protest was cancelled at a southeast European university after violent white nationalist thugs attacked students,0.9879999756813049,1,1
13227,MS920274,santa cruz is nothing but a pedantic mexican with an athenian nationality if your brother,0.25769928097724915,0,0
14112,MS297013,Before November 8th all you liberals planning to keep your borders open to refugees but take your,0.45189112424850464,0,1
13109,MS148058,pub lic was already illegal cuz of weed but we are just getting startedwhitey might have the final word in,0.9879999756813049,1,0
14164,MS447104,but i am actually proud of youillegal immigrants get to stay in America illegally not us citizens,0.270315557718277,0,1
13478,MS585897,i am not 100 against ppl who get british welfare because they want to marry immigrantsi luv,0.29936206340789795,0,0
14289,MS441289,America needs a law to protect it citizens from illegal immigration #noamnesty #nodaca #keepamericasafe,0.2523815333843231,0,1
13361,MS150773,today i finally made a brownie in over 8 years #givingbingo #diabetes and couldnt be happier thanksgiving is my favorite meal of,0.10322065651416779,0,0
13417,MS738975,1 Austin Kearns Since day one yay all my favourites are here forever more #grrrl #blackgirlthrowback #nof,0.12492656707763672,0,0
14212,MS485563,The We Are Change consumer alliance is the launch hub of our open borders globalist regime change plans #trump #maga #daca #noam,0.2036968171596527,0,1
13435,MS985224,The members of sb group are threatened by the white gene pool peoples it s about maintaining white country and culture,0.353222519159317,0,0
13930,MS411600,retard who is a hate monger who thinks he is the reason we did not deport 6 million illegals and refugees sent to us from 73,0.9879999756813049,1,1
13138,MS801206,late 14c from Old French absoute avoid someone from Medieval Latin absuuisse lack of seriousness,0.17485690116882324,0,0
13470,MS565303,Huge story from NYT today on our refugee children learning English as they get on #immigrationthe first pic of a,0.3458077311515808,0,0
14077,MS850720,The EU did not kill off race mixing and the development of a nonwhite population in order to eliminate the inferior race mixing genes those genes are,0.3713473379611969,0,1
13525,MS194434,that quiklet post is doing to texas flag football mexican win clb winjihadists are,0.24717004597187042,0,0
14184,MS866558,being mixed race and white makes you an objectifying minorityits a shame that university,0.3093346357345581,0,1
13955,MS479837,union repatment center houston texas overtime in response to human smuggling an illegal aliens death has passed #endthedeepdeportation,0.13433782756328583,0,1
13579,MS305335,huge fmr mrc vet thank you for the opportunity to serve our nationi didnt sleep last night so im out,0.2721494436264038,0,0
13201,MS353005,Donna Brazile the embattled former chair of the Democratic National Committee is backing Hillary Clinton and Donald Trump for president even after being hired as a,0.33838361501693726,0,0
13236,MS980051,i was on the edge of my seat waiting for the news today when i saw the story non white immigration in,0.16344329714775085,0,0
13843,MS901270,USA 1971 1971 Controversial book by a white american How the nonwhites will finally rise up and take back their country,0.1969372034072876,0,1
14228,MS296692,about the means of intimidationmurder through nonstop immigration law enforcement the fascist state has failed americathis is rapeby illegal invasion by immigration #,0.9879999756813049,1,1
13865,MS493057,you are the reason of reklamada human rights are under threat even in honduras so we cannot play nice with anyone thank you for being,0.14135877788066864,0,1
14207,MS434345,then we need to deport all illegals first #sanctuarycities must be shut down across the country #buildthatwall,0.19436301290988922,0,1
14295,MS405938,of northern clime can be wealthy the impoverished and poor are trending towards the united states deporting all the illegals the schools closing the health,0.15584303438663483,0,1
13767,MS465318,Why I am back home on the german border after 30 years of unemployment in germany with more jobs for germanys,0.18385137617588043,0,1
14103,MS430476,Deseret News one of the biggest risers in congress publicly calls for imperial martial law to clamp down on illegal immigrants,0.19314847886562347,0,1
13265,MS916404,see this post diversity means anything but white ,0.3912681043148041,0,0
14202,MS432617,attorneys to get smart our lawsuit against browns for jailing immigrants are illegal free speech month let them plead dumb criminal pleading legal sentence open the borders,0.9879999756813049,1,1
13862,MS446232,Academy Awardnominated and Golden Globenominated director Stephen J Cannell delivers an effective and,0.12794114649295807,0,1
13431,MS568747,reps employ race baiting deportation illegal aliens so they cant votei guess #itsthefuture is bullshit because,0.9879999756813049,1,0
14205,MS8470,Illegal immigrants steal job applicants,0.3621889054775238,0,1
13186,MS790185,blockquote classtwittertweetpWhat could be better then 2 Chainz spiking the chocolate milk with green jello sauce,0.0501033216714859,0,0
13144,MS558467,The backlash is still in full force at Berkeley delivers his tirade against #diversityimmigrant officers the at #illegal #ort,0.19040866196155548,0,0
13154,MS201369,hey man i dont kno your trash but you sure as hell got itntcuz u are surrounded by brown,0.9879999756813049,1,0
13673,MS115005,Puerto Rico Gov Ricardo Rossello offers an expansive tax plan for the people of #puertorderia which includes sweeping,0.1199912428855896,0,0
13197,MS327007,This is an open session at the 3rd Annual San Francisco Sketchbook Festival The creator of,0.18471963703632355,0,0
14263,MS277154,wanderingbum congrats to the brown people for all,0.3827265501022339,0,1
13171,MS311337,center2 watcheswhat a jessica martin vintage clothes key chain sweaterwatch latino collection black #,0.2624861001968384,0,0
13577,MS522113,nothing the over trade and transit protest is an insult to all people in the business of providing transportation and commerce to our border communities people who work hard to,0.3410205543041229,0,0
13693,MS123235,so tucker isnt cnn anymore hes not even a news channel hes still on conservative channel hes on latino on the liberal side but hes still,0.3107042610645294,0,0
13716,MS7086,strange how people ask me about the mexico slave trade when it was over a century agoin the 1960,0.9879999756813049,1,1
13719,MS414187,theres a whole lotta hysterical xenophobic nazis waiting to stab xenophobic foreigners in the face in the name of fucking national security this fucking,0.9879999756813049,1,1
13176,MS188219,This is really part one of the Mexican Cracka Series Im so glad i made this and got to do an achivement for a,0.3277353346347809,0,0
13567,MS954961,they are peaceful majority country and most of their people are very low income you,0.46190688014030457,0,0
13323,MS591762,Border is a source of,0.19037416577339172,0,0
13807,MS491690,#201cnd #openborders #dontsendusback #americansfirst #liberalsthis is,0.23644307255744934,0,1
13343,MS984775,best way to use one is to practice each day and get really good at it as a white nationalist i take,0.26314812898635864,0,0
14290,MS837417,the issue is they are acting like they have some kind of superiority over us in white minority ruleour school systems are,0.2797570526599884,0,1
14237,MS405938,of northern clime can be wealthy the impoverished and poor are trending towards the united states deporting all the illegals the schools closing the health,0.15584303438663483,0,1
14185,MS455597,what if we stop importing illegal migrants into usa first time lets go to our destiny i want to send them to their homeland then another million,0.21424224972724915,0,1
13233,MS916404,see this post diversity means anything but white ,0.3912681043148041,0,0
14105,MS478071, USIS deputy praises #sorosandbundestag open borders policy since 1980s #pestonmigrants,0.3219521939754486,0,1
14080,MS436365,America never said they were happy and it never changed how they live the way they live #americafirst #trump #maga #rednation,0.24154751002788544,0,1
14277,MS474506,The power of the media and individual states make resisting a build up to war illegalwomen thugs taking it up the a,0.12594164907932281,0,1
13782,MS472257,us legal one is not like the other they were created for illegal means not good civil liberties they were made for the illegal ones not good so say it,0.15685060620307922,0,1
14018,MS877417,the logic of white guilt runs something like this if there are more nonwhites in the world then whites have a responsibility to make themselves,0.512280285358429,1,1
13116,MS551863,to other countries with their governments catch them and deport themcyber attacks are a serious issue but mainly has nothing to,0.20746909081935883,0,0
14197,MS33506,theres nothing wrong with yelling out the window at the top of your lungs we dont need no white man all we need is latinos if,0.3727633059024811,0,1
13235,MS139692,perhaps the best blk feature everits good to be purple and i have a brownie,0.25346025824546814,0,0
13394,MS602687,People who cross the CanadaUS border on a bicycle with armful of syringes for mexico drugs,0.15709035098552704,0,0
13908,MS90049,seems like one of these faggot throwback racists only hung out with these hoes when he had to pay her child supportend,0.9879999756813049,1,1
14000,MS404528,temporary immigrants visas for illegal aliens at the border are temporary illegals laws or do they not have to be obeyed so long as they don,0.1293393224477768,0,1
13398,MS194670,it would kill u to bet on florida when they suck at football so why waste your time betting #borderlandmoose #lossless,0.9879999756813049,1,0
13892,MS81355,these dont make me happy they make me madi hate that half black halfbreed tom canadian wetback nig,0.9879999756813049,1,1
13341,MS525903,eugenics progressive america for liberal racial policies and open bordersmom laughs at my trumpiness v fred s,0.3989368677139282,0,0
13221,MS199908,one of my favorite things about breakfast is when those 3 cute brownie names come out and i end up licking this jar,0.3045252859592438,0,0
13644,MS193871,this green #madisonbarrel is perfect smokpaw is #sober #smokmones #embarrel #bombs away,0.2183820903301239,0,0
13764,MS461546,intabicimmigrant criminality would you blame the illegal immigrants who killed the 12 year old kid in one county in u,0.5314604640007019,1,1
13859,MS483743,#darkproletariat #illegalaliens #nodacadeal #buildthewall #nosanctuarycities #noamnesty #,0.2296631783246994,0,1
13895,MS500769,mexican emigrates to texas over illegal alien issue #securetheborder #lockthemup #maga #trump #rednationrising,0.235146626830101,0,1
13805,MS864376,mexicans are among the most vile and vicious animals on the face of the earth they have been reduced to eating dogs and being paid to,0.5190477967262268,1,1
13924,MS282927,i cant believe this lies fucking denis shaw is disgusting as fuck#canttakebackthekshe spit,0.9879999756813049,1,1
13464,MS125410,miss texas people are trash their team did it we got knocked out too mark us #lostwoody likes to,0.9879999756813049,1,0
13545,MS198632,care just butc u but half off atlanta ave black bean cheese dip caramel corn porter my fav veggie chips do not eat,0.24649418890476227,0,0
13663,MS529996,It was a familiar scene in Colombia as all were enraptured by the presidential election of the leftist candidate for president that received,0.10419677197933197,0,0
13441,MS1005862,On the evening of thursday june 6 th ian james michael brown murdered his estranged wife holly firesthe killings took place on,0.3195079267024994,0,0
13387,MS132160,repoonthescenes mirror had one blueand a lot brown with a fewpink in italso if it didnt say,0.2696214020252228,0,0
13614,MS784383,do you think he is being lazy by not making as many meals as those 5 other brown kidskat and andre,0.9879999756813049,1,0
13640,MS591068,Theresa May said in an article for the London Sunday Telegraph that a hard border would have to be established with a modern customs union with the,0.14112725853919983,0,0
14170,MS404249,#ICM4immigration by the time we get our illegal invaders out the 3rd world #immigration are always a disaster#trump#maga,0.3571171760559082,0,1
13713,MS940789,i read an article on how to make money as a medic i decided to check it out ,0.061623234301805496,0,0
14199,MS498928,if so hes under no obligation to leave such a vulnerable area #stopdeportingillegals #nodaca #noamnesty #n,0.26681286096572876,0,1
13727,MS498742,#entire america is watching this illegal alien is being posted up on some stairs in a free speech zone and if someone from our #unite,0.19586846232414246,0,1
13501,MS186582,Hello my name is ikaila is a brownie with a heart problem all cookies and cake just got madethese,0.09993896633386612,0,0
13749,MS33506,theres nothing wrong with yelling out the window at the top of your lungs we dont need no white man all we need is latinos if,0.3727633059024811,0,1
14272,MS70720,but i guess it doesnt matter bc mexican moms suck when it comes to daddys,0.9879999756813049,1,1
13991,MS427026,The Supreme Court has made it illegal to induce a person to join the confederation of aboriginals by drawing a fatwa to,0.27739784121513367,0,1
13446,MS923723, and this is my contribution to this forum white like all other colors is,0.11693228036165237,0,0
14047,MS503363,This is the kind of music that could make The Americans refugees think twice before doing illegal activities theyve been given,0.2766946256160736,0,1
14273,MS448434,who came here 8 years ago and call illegal aliens criminals they are just people who have one foot out the door to make a better life for their kids,0.27060467004776,0,1
14031,MS844917,Dont even think about it White babies are favoured by the government This is why the government cannot properly address the problem of racial hate,0.9879999756813049,1,1
13225,MS564323,By Kate Brown on 09042014,0.5877430438995361,1,0
13682,MS558726,I have and i have would like to live with in Sweden and the wall is absurd but apparently its ok its no solution to illegals let them keep,0.3831959068775177,0,0
13437,MS150420,im really wanting a brownie when the ice cream is gone and its all about shawarma no cheesecant,0.26003316044807434,0,0
14308,MS434412,immigration and hard right liberal agenda again being forced through us law and order milion of illegal immigrants now an ideological threat to liberal democracy das farce,0.3964848816394806,0,1
13428,MS335360,House Republicans are demanding details from the Senate on their ongoing dispute over the federal ExportImport bank and,0.35993140935897827,0,0
14253,MS418398,the leader of europe doesnt mind voting for untrained illegal immigrant spain and lira to keep them out of europe some countries have almost gone,0.301705002784729,0,1
13983,MS444549,A CRUZ supporter bit off part of the hands of a couple after their wedding and a judge said there is nothing illegal about that,0.09660183638334274,0,1
13536,MS116596,MSNBC host Joy Reid slammed GOP candidates for trolling Trump over the killing of a border patrol agent in Arizona as the candidates vie for late night leads,0.35332730412483215,0,0
13096,MS175468,see also The naked rapper wakes up to his mugshot Posted by Letstakebackstreetyou did it my mani,0.9879999756813049,1,0
13318,MS305824, Extreme Posted by spanish burger for breakfast i can get a tattoo soon to,0.07556257396936417,0,0
13454,MS591068,Theresa May said in an article for the London Sunday Telegraph that a hard border would have to be established with a modern customs union with the,0.14112725853919983,0,0
13502,MS714991,also 3 setback to a good year for veg wowif robert celine ever met josh purdy,0.16797694563865662,0,0
13101,MS311337,center2 watcheswhat a jessica martin vintage clothes key chain sweaterwatch latino collection black #,0.2624861001968384,0,0
14056,MS502802,Dont the media and Dems focus on how many illegal immigrants passed the criminal background check BEFORE they came here #amnesty #trump #maga #,0.33598873019218445,0,1
14285,MS850720,The EU did not kill off race mixing and the development of a nonwhite population in order to eliminate the inferior race mixing genes those genes are,0.3713473379611969,0,1
13295,MS979197,its illegal to throw away a used nfl ball cap if you roll over same for wearing it around your neck,0.9879999756813049,1,0
13642,MS199014,have u opened ur gross browniesi suck at excuses and so do you not,0.5028953552246094,1,0
13401,MS565625,they gotta pay us more but at least we live in the country we should be proud of the country we live in but this is gonna be a bunch,0.41183438897132874,0,0
14232,MS418102,the authorities have orderedout all parties illegal immigrants since 20 january 2017,0.15742282569408417,0,1
13547,MS343759,meta itempropwidth content1170 meta itempropheight content1170 2018 Honda Civic Hatchback Track,0.2296631783246994,0,0
14174,MS465880,i am sure we can sell millions of aliens into the us thru #illegalimmigration for a large part of the annual income tax paid are for the,0.27655428647994995,0,1
13306,MS587892,or simply sharing your images go toLike millions of other young immigrants who may soon be interning at our friend Martins GrecoRoman,0.1924230307340622,0,0
13701,MS943598,does anyone else find it strange that throughout history whites have always been the minority ,0.2835738956928253,0,0
13720,MS851663,mexicans play words games to make blacks resent white people then whites have to hide or fight because when the fight breaks out whites would rather,0.5757443308830261,1,1
14074,MS410646,ban all immigration and open all borders from all over the worldtweeted out this tweet looking for #defund,0.26388731598854065,0,1
13532,MS149121,quinn goes to the doctor to get some eye lifts and is greeted with this sex abuse guilt because hes a brownie,0.9879999756813049,1,0
14106,MS472120,the future of our nation depends upon each person having the confidence in us to protect all citizens from invasion by illegal aliens from any state no matter where it,0.1262655407190323,0,1
13639,MS541169,sucks about the time he intro babby him the poor old tool is almost out of the spanish language or in the ,0.4388681650161743,0,0
13316,MS954961,they are peaceful majority country and most of their people are very low income you,0.46190688014030457,0,0
14148,MS500315,a corrupt cop in philadelphia killed a couple to put two on the bus thats illegal and a waste of taxpayers money dont let a cop put two in,0.3459895849227905,0,1
14322,MS295969,President Trump has ordered the closure of all illegal immigrant detention centers nationwide and the hiring of millions more to serve as a real virtual,0.3044573664665222,0,1
13724,MS502602,illegal alien because #trump is against illegal alien#maga#rednationrising#americafirst #buildthatwall#votedemsout,0.24701987206935883,0,1
13300,MS784383,do you think he is being lazy by not making as many meals as those 5 other brown kidskat and andre,0.9879999756813049,1,0
14292,MS466406,ancient richilly hairy man that brought millions to his homestate through millions of illegal immigrants#migrantsillegal migrationis undermining national identity#brexit,0.9879999756813049,1,1
13570,MS577141,of 5 spanish kids they are amazing and having fun talking english 3and for her hard threesome with,0.9879999756813049,1,0
14256,MS498397,Politicians in France #stoptheinvasioni am an immigrant in the usa i was here years and now,0.14536640048027039,0,1
14182,MS424446,is so tough on illegals that now her opponent now supports letting illegals vote as a concession to his general voter fraud position #buildthewall #,0.3813810348510742,0,1
13598,MS504653,the world is sick of the beauty pageant and unfortunately america is a police statebreitbart exec says proimmigration,0.28367188572883606,0,0
13575,MS929156,heres an example of how nonwhite immigration will destroy white society and culture ,0.9879999756813049,1,0
13864,MS960,The phrase screw the poors was originally created by an antipoet for a racist aim at the underclass originally meaning merely,0.9879999756813049,1,1
14156,MS433572, los angeles is not a utopia of crime but alot of it is being done by illegals but you would never know it by,0.2786799669265747,0,1
14251,MS465880,i am sure we can sell millions of aliens into the us thru #illegalimmigration for a large part of the annual income tax paid are for the,0.27655428647994995,0,1
13917,MS960,The phrase screw the poors was originally created by an antipoet for a racist aim at the underclass originally meaning merely,0.9879999756813049,1,1
13954,MS461546,intabicimmigrant criminality would you blame the illegal immigrants who killed the 12 year old kid in one county in u,0.5314604640007019,1,1
13809,MS479762,Trump Trade Nominee Already Rolling Back Labor Standards Not to mention ignoring executive orders on immigration and border security,0.22549642622470856,0,1
14116,MS887958,why are we doing this your whites becoming a minority in spain is the single greatest threat to their survival,0.4616793692111969,0,1
13301,MS757055,meta itempropwidth content1170 meta itempropheight content1170 2016 Ford Transit Classic Hatchback,0.2296631783246994,0,0
13806,MS404528,temporary immigrants visas for illegal aliens at the border are temporary illegals laws or do they not have to be obeyed so long as they don,0.1293393224477768,0,1
14009,MS418421,for full evidence look at mexico what happened was that an illegal immigrant was caught crossing the border last year illegally crossing the border illegally to miami,0.2776296138763428,0,1
14315,MS300550,Anyone working to deport millions of illegal immigrants has to stop demonizing refugees viaericson reads as imbecilic,0.42884334921836853,0,1
13424,MS167203,#BringBackBarakadear god let me go to hell please god help me take my all girl uniform home,0.9879999756813049,1,0
13776,MS467210,tabletrtd1 in 3 Americans want no amnesty for illegalsno illegal will be eligible for,0.4027397632598877,0,1
13635,MS516681,eremetromietansomethey choose to call themselves immigrants but they did not come to this country illegally they have lived here for over a generation,0.22704190015792847,0,0
13880,MS418421,for full evidence look at mexico what happened was that an illegal immigrant was caught crossing the border last year illegally crossing the border illegally to miami,0.2776296138763428,0,1
13584,MS144936,im working hard im happya few weeks ago im really into that show im not good at english so ill just say,0.9879999756813049,1,0
14012,MS410420,When people realize the value of buying some offshore assets and being taxed on the funds they earn from them offshore they will start to ignore this illegal advantage they,0.3093278706073761,0,1
13623,MS199014,have u opened ur gross browniesi suck at excuses and so do you not,0.5028953552246094,1,0
13242,MS595028,as everyone thinks who knows the spanish language I tried 2 hour perfectspanish phrase with perfect daily perfectspanish phrase #ivotedend,0.09056384116411209,0,0
13484,MS935123,visit the usacanada border and be pleasantly surprised could nt have happened to a greater genius,0.10659580677747726,0,0
14211,MS814036,with their gold stars and militaristic banners they clearly state that their aim is to dominate and destroy other nations simply stated they do not,0.27398282289505005,0,1
13404,MS353005,Donna Brazile the embattled former chair of the Democratic National Committee is backing Hillary Clinton and Donald Trump for president even after being hired as a,0.33838361501693726,0,0
14058,MS459783,#binbash echo head over to day of resignation is 2018 time2300 title now illegal no immigrant or any person evicted must,0.14626187086105347,0,1
13218,MS119932,of cash gold from pinjar with one jest of a brownieyellow bait,0.14288507401943207,0,0
14135,MS729,are you a jew nigga who thinks yall dont be jealous of the hispanic chicks who are even thicker skinned than he isend,0.9879999756813049,1,1
13633,MS559377,ofFLIN4TRIGGERandbeatingitorg#stoptheinvasion #trump #clinton #illegallyent #impe,0.26216304302215576,0,0
13626,MS551863,to other countries with their governments catch them and deport themcyber attacks are a serious issue but mainly has nothing to,0.20746909081935883,0,0
13616,MS953961,he does nt like urban spics and sec 8 coons does anyone else have trouble keeping their life,0.9879999756813049,1,0
13804,MS437418,of note in this years vote was the breaking of #foradvisorrichard einhorn along with skank illegal immigrant from refugee hell j,0.9879999756813049,1,1
13239,MS1001489,this guy looks like he could be mexican hi i am very tired,0.3106319308280945,0,0
13247,MS944278,never seen one but if i did it s possible it s probably a non white myself one of each,0.1806463897228241,0,0
13117,MS167203,#BringBackBarakadear god let me go to hell please god help me take my all girl uniform home,0.9879999756813049,1,0
13745,MS98047,The Tories are reneging on their pledge to make drinking alcohol from glass bottles illegal I am sure their predecessors made vodkas from crystal meth laws,0.9879999756813049,1,1
14041,MS900985,with all the hate and illegal acts that the nonwhite homelands are full ofyou might say but,0.23017732799053192,0,1
13786,MS418776,USA Exchange Rate Freeze and Forced Givebacks Starting now all foreign financial institutions and many us citizens must cooperate and make the necessary tax returns and payment to,0.06301089376211166,0,1
14076,MS99683,Trumps America will be bad if you are a non white trash american the illegal immigrants pay most of the real costs and youre a gangster,0.9879999756813049,1,1
13999,MS461289,America needs more immigrants that qualify for spousal tax break roped in that #Americaneeds #voters #maga #,0.14181479811668396,0,1
13619,MS599789,Dan Simmons Free Speech Radio #188 with Mikey Weinstein 12415#metoo #birther #illegalimmigration #immigration,0.2078748196363449,0,0
14146,MS439393,That is just another reason why you need a strong and organized immigration ban to protect the american taxpayers not illegals while they get free education and all,0.29755303263664246,0,1
13490,MS988100,sorry but does anyone else ever clean the gun cases for them they seem to like them better than the pepper spray,0.06505437195301056,0,0
14145,MS446507,Dont you think it should be illegal for dummies like you to enter the country #border #nomics #enddaca #endchainm,0.3305830657482147,0,1
14246,MS430686,even bernie might think we are crazy to deport all illegals without making an indepence daca law which will allow them to return,0.3844601511955261,0,1
13303,MS188136,so now i can tell off these selfiesthese latinos gotta be a united people#republicoflatin,0.29032912850379944,0,0
13121,MS559377,ofFLIN4TRIGGERandbeatingitorg#stoptheinvasion #trump #clinton #illegallyent #impe,0.26216304302215576,0,0
13492,MS602310,lifean order for return of two thousand illegal immigrants freed from custody not to reenter the United states after two years,0.16015683114528656,0,0
13914,MS465811,USA sees a doubling of its undocumented immigrant population over the next decade via leading global migration policy think tank Migration Policy Institute says border security is no more an,0.23592324554920197,0,1
13388,MS326314,NewsHomosexuality Social Media Television Family Mexico Cityits ok i will always love you my boo,0.26207593083381653,0,0
13160,MS937288,shes a derren brown singer youtube brown hair blue eye looks,0.13109739124774933,0,0
13505,MS909163,9082011 ukraine amazoncouk i am interested in meeting white nationalist organizations in ire,0.1927778422832489,0,0
14003,MS476206,immigration end legalised illegal entering not exportation one should not demand borders to stay openwhen you have a child this,0.9879999756813049,1,1
13844,MS3385,incrediblethe white race is to white people as the redwood forest is to the northern tribes of america they,0.44922715425491333,0,1
14340,MS411223,But the Trump team tells us hell deport 2 million immigrants it def this illegals awhen am i supposed to,0.36524873971939087,0,1
13444,MS554618,h3The Obvious Solution For The Federal Government To Overturn The Obamacare Illegal Defund For Employee Benefits Of Every Employer Who Has Aept,0.2296631783246994,0,0
13408,MS326522,officer spools through a remote semi after patrolman latches onto a suspect to arrest on sea cattle s#,0.13986577093601227,0,0
13986,MS900579,if i dont see a racial problem soon whites will be the ones eating the dirtiest meal of their livestheir gods,0.531924307346344,1,1
13854,MS411703,The goal of the future must be totalitarian communism in everythingmoney war borders education etc anything goes the good have only one heart their that,0.1930561363697052,0,1
13456,MS955482,2015 has been the year of the brown boar in britain well what about when i get out of,0.08827824145555496,0,0
13956,MS276562,me im at the border the police is gunning for the inmates if they dont helpliar liars li,0.3440755605697632,0,1
13695,MS140921,5 min heat set their brownies,0.2532349228858948,0,0
14242,MS424530,A petition to the Americans to stop the illegal invasion into the us to make them equal says we should not give them refuge in the us illegally we are,0.23102052509784698,0,1
13596,MS353005,Donna Brazile the embattled former chair of the Democratic National Committee is backing Hillary Clinton and Donald Trump for president even after being hired as a,0.33838361501693726,0,0
13097,MS369765,A few days ago i went to buy the latest tekka #barcoback and using this feature through my library of 6500 books,0.1069037914276123,0,0
14095,MS856396,americans and irish understand each other better than spaniards and the beaners but the punks are ignorant,0.9879999756813049,1,1
14234,MS474506,The power of the media and individual states make resisting a build up to war illegalwomen thugs taking it up the a,0.12594164907932281,0,1
14020,MS62438,the hatred of migrants is merely a color blind racial issuejust so you know your a horrible person and i hope you,0.9879999756813049,1,1
13350,MS592935,Republican members of Congress across the country have spent the last several weeks,0.12527422606945038,0,0
13559,MS185642,blockquote classtwittertweetpBeware Sesame Street nasty Spanish teacher is teaching children to cheat on test today,0.9879999756813049,1,0
13674,MS718825,the world would be a better place without spoopy little tykes like you and the rest of your shitty little bannings show,0.9879999756813049,1,0
13771,MS453108,US must end illegal immigration and build the wall now if we want to #stoptheinvasion we are importing from abroad we are not going to be,0.2915244698524475,0,1
13973,MS55642,of the yearfaggotsall latinos are rapists and criminals unless pardoned by Obama,0.9879999756813049,1,1
13853,MS27784,When it comes to toiletries Americans are pathetic a#n #anglosif you love those latinos so,0.9879999756813049,1,1
13277,MS939451,A protestor was hit with pepper spray by police after throwing a rock through a window of a pizz,0.13602793216705322,0,0
13972,MS441320,by kirkwood with alice lynn in rewind and reprisal crows cry again with tar headlines people are scared about who will deport them,0.13013391196727753,0,1
14270,MS425623,end the illegal invasion by these criminal illegal aliens into the us#noamnesty#endcrime#endtrustfunddollars #votedems,0.22607406973838806,0,1
13517,MS558726,I have and i have would like to live with in Sweden and the wall is absurd but apparently its ok its no solution to illegals let them keep,0.3831959068775177,0,0
13787,MS55998,i still think trump should release his taxes and do what every other white billionaire has done by selling his business to a foreign government,0.29443541169166565,0,1
14317,MS456158,They might be violating the law but the refugees havent filled the majority of the positions have to do with positions that are non immigration need do to address,0.21762926876544952,0,1
13161,MS985224,The members of sb group are threatened by the white gene pool peoples it s about maintaining white country and culture,0.353222519159317,0,0
13329,MS149844,LAKE COUNTY Fla University of Florida football analyst Chris Spielman says the Gators should retire Dave Arandas number in honor of his incredible,0.11477839201688766,0,0
13734,MS414978,end illegal immigrants after it has been established that they create more crime and that they are taking our taxpayers dollars #sanctuarycities #immigration #amer,0.18978993594646454,0,1
13561,MS536942,Here comes krraako #hispanicamericans #refugee #refugeevillage #traditional #firstworldwomensevents,0.25031983852386475,0,0
13939,MS422362,whole international bailout for the greece society are stupid europeans immigrants also too poor to send their kids to school refugees when are going to,0.9879999756813049,1,1
14151,MS431005,theres no understanding for immigrants unless we call the illegal border crossers illegal refugees without a visa illegal aliens #trump #maga #rednationrising,0.34507858753204346,0,1
13997,MS437418,of note in this years vote was the breaking of #foradvisorrichard einhorn along with skank illegal immigrant from refugee hell j,0.9879999756813049,1,1
13367,MS972282,by golly i d vote that way and i am not ashamed to say that i have lived in many white communities and white nations and in many of,0.29471275210380554,0,0
14240,MS50134,end the racist spicwear assclown nigger fans is lifemy man is down in indo climes sp,0.9879999756813049,1,1
14165,MS465982,human rights are non human rightshuman rights are trumped by human rightspolitical correctness is a violent mindsetattack is all that matters to one shamed as,0.31288230419158936,0,1
14334,MS464292,not really surprised that these entitled twits are seeking to use rape ausations to pit our 2 nd am woman against our ambassador #takeitback #,0.42867380380630493,0,1
13762,MS461546,intabicimmigrant criminality would you blame the illegal immigrants who killed the 12 year old kid in one county in u,0.5314604640007019,1,1
13319,MS105463,not my tulpa wont kill megreat story about brownies make them brownies,0.21035689115524292,0,0
14005,MS483489,I can understand and respect people who want to reduce immigration we cannot have the same people coming into the country and our society is changing greatly but in this,0.2810426950454712,0,1
14015,MS444999,#Myanmarese forces enter our country illegal with no permit and no security payment and destroy us with sexual assault the ethnic cleansing #freesave,0.9879999756813049,1,1
14222,MS464917,Were going to miss a heck of a lot of you todayshould they not guard their borders they should wait until,0.26113560795783997,0,1
13304,MS559517,SAN FRANCISCONEW YORK Reuters California will be the first state to adopt a law allowing terminally ill patients to donate organs,0.13793839514255524,0,0
14153,MS435820,America are illegal migrants who need to go back to their countries its time to deport thembrg the crime wave in,0.17198726534843445,0,1
13382,MS541852,not so tight no pain no gain anyone cares of the border checkso #fakenews calls to #stopthe,0.30328306555747986,0,0
13987,MS28496,the rican payola shill isnt the only one that thinks ryan braun should step down as president,0.9879999756813049,1,1
13647,MS988023,they have pictures of nonwhites with whites inside them and with that,0.573307454586029,1,0
13810,MS889312,dont look like they have many thousands of members only a few hundred are honest members and they all want their own country they dont want,0.2715934216976166,0,1
13496,MS535632,strong#opposesaustralia has said they do not want refugees coming here to prevent further illegal migration and is making it clear to,0.2260763794183731,0,0
14160,MS498941,these people think we should support the invading forces our government decides are the problem and the resources needed to solve the problem its at our border our businesses and,0.31844383478164673,0,1
13797,MS259060,Can Trump raise taxes or is his best solution to deport illegals for stealing jobs from Americans #fakenews,0.37121403217315674,0,1
13566,MS533762,refugee cities thousands of people in russia ethnic minorities not immigrants only here legal immigrants lets see if you guys want a soupcon about it,0.3849276900291443,0,0
13594,MS971593,and as a brown skinned person i just do nt get why we are mixed ,0.26366716623306274,0,0
13285,MS913385,2015 will be a very good year for the white nationalist cause crap like that is all so common these days,0.9879999756813049,1,0
13468,MS383075,endorsed by jim brown ill vote for fiorini because of a href,0.14655765891075134,0,0
13791,MS299439,of course the american people want illegal immigration stopped by getting rid of obama all illegals must goamsterdam,0.4783048927783966,0,1
13919,MS824570,Mexican drug lords are firing squad victims so the next generation of Mexican society will be organised and controlled by nonwhites,0.9879999756813049,1,1
13800,MS842235,great and hispanics and blacks are united against whites and put that down to your general depravitythe people that,0.5774440765380859,1,1
13195,MS909163,9082011 ukraine amazoncouk i am interested in meeting white nationalist organizations in ire,0.1927778422832489,0,0
13646,MS329916,well i cant go all around wearing an all over furry shiba but i hope to make a collabi,0.24454182386398315,0,0
13825,MS1601,are you fucking retarded #mexicanagreat #losangeles #buzzfeed #american hoe #losangeles #teab,0.9879999756813049,1,1
13873,MS300502,#dumpsuniforms if the people want to make sure no one should ever go through any uni illegal immigrant is always getting jobs law needs,0.2129468321800232,0,1
13580,MS547616,#ecker #birther #borderwalli dont believe british do not deserve the right to,0.15974920988082886,0,0
13971,MS451417,When President Obama announced that he was shutting down the lawless border crossing of children and families his press secretary said it wasnt being done to keep illeg,0.31940412521362305,0,1
13427,MS148058,pub lic was already illegal cuz of weed but we are just getting startedwhitey might have the final word in,0.9879999756813049,1,0
14302,MS446421,of 49 Hotels in VegasWere told there are 100 million illegal immigrants in the US yet fewer than 01 have,0.12109947949647903,0,1
13151,MS564323,By Kate Brown on 09042014,0.5877430438995361,1,0
14301,MS460973,Canada plans to expel 7000 illegal border crossers,0.1704588234424591,0,1
14261,MS416998,endorsed Trump also vows to end illegal immigration,0.42081138491630554,0,1
13163,MS547804,THEY said it would be impossible to deport rapists once they reached the US because the border is built inhumanely and,0.9879999756813049,1,0
13302,MS704632,in survival of the fittesti just made a triple brown butter runneth over,0.15749143064022064,0,0
13243,MS916404,see this post diversity means anything but white ,0.3912681043148041,0,0
14201,MS98047,The Tories are reneging on their pledge to make drinking alcohol from glass bottles illegal I am sure their predecessors made vodkas from crystal meth laws,0.9879999756813049,1,1
13740,MS468049,Canada is my home now #metoo now theyre going to stop you from coming home by shutting down our border through the these 2s,0.28563180565834045,0,1
13993,MS428614,i think our government should not advocate torture and open borders but at the same time we have to protect our cities from their creatures #keepamericasafe,0.21133574843406677,0,1
13926,MS466408,some particularly hateful immigrants wanting to come here kill us all and get all the welfare and entitlements pay for them to come stay in our country paying for,0.5663983225822449,1,1
13897,MS442988,Does the plight of illegal aliens in your city help justify the adoption of radical progressive policies #buildthatwall #m,0.16397976875305176,0,1
13497,MS333319,Red Bull RB12 spied in testing by volkswagenpostponed im almost finished with all of the updates,0.1354784369468689,0,0
13965,MS495785,Govt remains mum on an international law breach by russia#maga #buildthewall #deportthemall #americafirst #,0.20953550934791565,0,1
13317,MS953374,The idea of organised white nationalism is foreign to me petermy condolences,0.26787063479423523,0,0
13655,MS931326,i am in favor of out borders if they want i ll fight like hell to make sure no one else has a right to their country than i,0.403024822473526,0,0
14127,MS451197,pVANCOUVERBritish Columbia is in a bit of a tizzy after a truck driver sent both Columbians and the Canadian border,0.19472450017929077,0,1
14129,MS865243,white men are the true victims in todays raciallyconscious societywhen the outside,0.45703738927841187,0,1
13389,MS558726,I have and i have would like to live with in Sweden and the wall is absurd but apparently its ok its no solution to illegals let them keep,0.3831959068775177,0,0
13607,MS601143,of 12 Hotels in Manaus Brazil Choose the one that best meets your needs,0.14537999033927917,0,0
13852,MS240520,the brown nggas hate itfucking trump is racist like lee sikile hates hockey,0.9879999756813049,1,1
13107,MS940341,i live in montana and nonwhite immigration at large youtube nonwhite immigration at large mass meeting 2014,0.23679359257221222,0,0
13872,MS498760,And they are going to deport us here the #immigration crisis is not their problem our economy isausama al q,0.2749820649623871,0,1
13618,MS348201,enrique velez viamet with 3 comm companies today to see the #typo their #calloutcode,0.2418888807296753,0,0
13215,MS1004271,attitude is everything and when a government is not trusted with the country its,0.1348261684179306,0,0
14296,MS476518,President Obama announced the creation of an office to help people leave illegal immigration and add jobs to the economy #buildthatwall #buildthatdeportation,0.23853138089179993,0,1
14026,MS426836,#adamspermamnesty illegals can work and even claim they were raped their fathers will be jailed because of it #buildthewall #no,0.39165592193603516,0,1
13913,MS283256,obama white nationalist altright trolls wanted a fight with trump are sore loser go away,0.9879999756813049,1,1
14104,MS451890,in an attempt to make a political issue out of a real and lethal disease against americans just to steal money from us citizens to bail out illegal immigrants,0.9879999756813049,1,1
14004,MS842463,this is the same race that thinks raping babies cures aidsislam controls people and does not permit anyone to express their,0.9879999756813049,1,1
13543,MS100807,When it comes to long hair I am more concerned with mane style than locksi want to live with brown people,0.4025925099849701,0,0
14254,MS430908,#FakeNews Congress needs to shut down all #illegalalien #immigration offices soon we need all legal immigrant to register with their state they must use their,0.2105778604745865,0,1
14119,MS404719,5 Overwhelming majorities of blacks whites and Hispanics support a path to citizenship,0.42889416217803955,0,1
14191,MS469846,In any country you have the right to free speech in a free country its illegal to boycott a country if they put people in jobs not because they are,0.17346003651618958,0,1
13258,MS909163,9082011 ukraine amazoncouk i am interested in meeting white nationalist organizations in ire,0.1927778422832489,0,0
13465,MS969071,The Spanish economy is in trouble The banks are insolvent and almost all the companies are in crisis and all this due to this gangly mul,0.2510892450809479,0,0
13721,MS425978,Latinos we need your votes next November help elect democrats in statehouses as they fight for jobs health care education immigrant rights,0.20444758236408234,0,1
14053,MS409092,as you can see many of these immigrant criminals need a restjust stop all immigration deport all criminals not just criminals illegals regardless of age thats a fact,0.40151622891426086,0,1
14093,MS453108,US must end illegal immigration and build the wall now if we want to #stoptheinvasion we are importing from abroad we are not going to be,0.2915244698524475,0,1
13929,MS35115,hey lil silverback just because you and those in your cohort dont fit in cant hide behind your people label they are just like everyone elseend,0.3790983259677887,0,1
14177,MS461289,America needs more immigrants that qualify for spousal tax break roped in that #Americaneeds #voters #maga #,0.14181479811668396,0,1
13569,MS768308,The provincial government and the Englishonly vote in #guestveea face off between ppl,0.2732105851173401,0,0
13523,MS780761,i think french fry is delicious when it is put together by a brown belt in boxingim so sick of these kids,0.13858482241630554,0,0
13894,MS423885,Republicans want to arrest and deport children even their parents #noamnesty #buildthatwall #endchainmigration #endvisalottery #,0.27978774905204773,0,1
13726,MS447685,The Spanish queen is being raped by thousands of foreign aliens who are on holiday and want her babies,0.9879999756813049,1,1
13899,MS296692,about the means of intimidationmurder through nonstop immigration law enforcement the fascist state has failed americathis is rapeby illegal invasion by immigration #,0.9879999756813049,1,1
13743,MS299439,of course the american people want illegal immigration stopped by getting rid of obama all illegals must goamsterdam,0.4783048927783966,0,1
13613,MS366668,A wave of protests is expected to strike across North America and around the world as the world reacts to the shocking news that Trump administration is planning nuclear strike,0.20905905961990356,0,0
14016,MS488390,First people took to the streets the day we were declared an illegal alien regime were imposed when we entered #maga #kag #rednationrising,0.14165019989013672,0,1
13772,MS891420,race mixing is the root of all the world problems todayno white person should send a single penny or lift a single,0.3188011348247528,0,1
13863,MS464917,Were going to miss a heck of a lot of you todayshould they not guard their borders they should wait until,0.26113560795783997,0,1
13796,MS484840,from 100 necessaryintelligent doesnt exist with the spanish immigrantsit doesnt exist with themit already existedhere,0.21187178790569305,0,1
14279,MS482931,Will you be too poor to vote this year you might be able to if more illegals are resettled in your area you will be able to,0.9879999756813049,1,1
13125,MS116008,# why is Obama talking about #cutbacks when he is destroying jobs thats exactly what he has been doing for,0.3544083833694458,0,0
13480,MS989153,10475 views latin alphabet lszchristmas tree,0.2303413450717926,0,0
13103,MS105234,i saw those give away at #heytheswap for the perfect beaniedd night on #minnhc,0.13979341089725494,0,0
13736,MS459609,AUGUSTA A debate has erupted on social media and in bars around the state about whether illegal immigrant criminals should be deported back to their home,0.25255826115608215,0,1
13264,MS599874,The president of Mexico expressed his sympathy on Wednesday for the families of the three young men detained by US immigration authorities following Trumps new travel ban on,0.11633595079183578,0,0
14040,MS480081,intrustofdependence #deportthemall #enddaca now #buildthatwallillegal alien in Hawaii,0.18981704115867615,0,1
13829,MS54382,everyone is a bitchi love how white trash arent considered white trash by latino culture bc they are just black,0.9879999756813049,1,1
13399,MS925980,christmas music the latin alphabet is not a language and cannot be deciphered ,0.08003085106611252,0,0
13751,MS474202,Or the homeless that are invading America #deportthemall #buildthatwall #nodaca #deportthemallnow #lockthemall,0.21488991379737854,0,1
14055,MS456744,on the drive away from the water leviathan cantaloupe country are full of people fleeing #illegalimmigration with their children and car that could,0.2896461486816406,0,1
13625,MS591068,Theresa May said in an article for the London Sunday Telegraph that a hard border would have to be established with a modern customs union with the,0.14112725853919983,0,0
13568,MS596666,not even latin lutherans actually speak dutch dialect so naturally you get generic retards like you who think the tword is a joke,0.9879999756813049,1,0
13858,MS452514,endangered species are a so called conservation charity but they are exploiting the illegal wildlife trade we must take legal actions against illegal wildlife trade if the,0.23629677295684814,0,1
13257,MS163882,of them were trash guysoutback stands 100ft below sea level today in california looking like great stress relief,0.0870627835392952,0,0
14029,MS486257,Via the liberal perspective then #nrc is asking us to care for illegals that can go back and forth between us and them now take #usa,0.32213735580444336,0,1
14288,MS404804,#change the way we are educated over trying to go global with mass immigration white genocide is up the newnormsthey must be stopped#buildthe,0.4754900336265564,0,1
14139,MS487721,the right to free speech in this country do we really want to close down our borders to those scum sucking on welfare benefit seeking misfits scum,0.9879999756813049,1,1
13967,MS476206,immigration end legalised illegal entering not exportation one should not demand borders to stay openwhen you have a child this,0.9879999756813049,1,1
13516,MS526106,Rep Corrine Brown wins reelection video,0.23985348641872406,0,0
13115,MS601143,of 12 Hotels in Manaus Brazil Choose the one that best meets your needs,0.14537999033927917,0,0
13498,MS934501,those nwo are god awful you should definitely help the white race out there who s behind these posts ,0.9879999756813049,1,0
13254,MS155564,I was introduced to biscuits and gravy a few years ago while eating hash browns with my two cousins before a game of tough youte bro all the,0.17886872589588165,0,0
14100,MS276562,me im at the border the police is gunning for the inmates if they dont helpliar liars li,0.3440755605697632,0,1
13332,MS155564,I was introduced to biscuits and gravy a few years ago while eating hash browns with my two cousins before a game of tough youte bro all the,0.17886872589588165,0,0
13198,MS585897,i am not 100 against ppl who get british welfare because they want to marry immigrantsi luv,0.29936206340789795,0,0
13351,MS991235,i was recently in brampton just north of the border we stop to look at some of the same attractions,0.10978229343891144,0,0
13146,MS394269,In his 2012 book Battlefield America The War on the American People 2013,0.16046564280986786,0,0
13203,MS930341,little brown girl commits robbery while high on heroin little brown girl gank france out of prison jobs for houseboats iceland and the northern tip of,0.9879999756813049,1,0
13126,MS601943,On the Saracens their national and international histories and its importance to modern scholarship the race of the man who founded,0.24327541887760162,0,0
14255,MS433338,Article 5 Section 8 of the US Constitution states the president has the power to defend the country within or without the borders of the united states,0.11313074827194214,0,1
13292,MS601143,of 12 Hotels in Manaus Brazil Choose the one that best meets your needs,0.14537999033927917,0,0
14248,MS492710,have just spent the last year working on building a northern border wall they have 24B left to spend on #trumptrumps #immigration plan,0.20520976185798645,0,1
13979,MS484595,Western consumerism or extremism is welcome in my country#kasamhello #getfinallyoutofmycountry#takebackkong #return,0.24230395257472992,0,1
13832,MS479997,please give the scamming scum this ban the non stller immigrants say fuckyou both need to grow up,0.9879999756813049,1,1
13694,MS707824,to make sweet peppermint they need to do more cook timemaybe if the next round of instant restaurants were more like,0.13565605878829956,0,0
13705,MS601143,of 12 Hotels in Manaus Brazil Choose the one that best meets your needs,0.14537999033927917,0,0
14059,MS404719,5 Overwhelming majorities of blacks whites and Hispanics support a path to citizenship,0.42889416217803955,0,1
14110,MS460830,Iowa activists welcome aggressive and neverending wars against immigrants not necessarily that high immigration controls are needed on our southern border think again #nodaca #,0.9879999756813049,1,1
14187,MS27286,of a quiet fatso fuck this bitchonly a true faggot would believe latino kids are terrorists or sell,0.9879999756813049,1,1
13379,MS978533,Reuters US stocks closed lower on Monday with the energy sectors benchmark index SPLX falling 035 percent ,0.1701633334159851,0,0
13259,MS325450,US to aept turkey from venezuela ahead of electionwhen will the world stop talking about how this season has,0.08633670955896378,0,0
13601,MS984922,i live in the southern tip of ontario just over the border in younger brother s life ,0.2950921654701233,0,0
14131,MS883555,the white race can never again be considered as the best race due to the diversity in our countrywhy on earth are,0.4412701427936554,0,1
14192,MS475974,Gov Rick Snyder and local leaders are saying tomorrow isnt far away the beginning of the end of #lockedoutamerica #illegalaldeletv,0.07700163125991821,0,1
13118,MS126442,end the cuban revolutionyeah mother wildlife it sufficespastor qt says,0.11805732548236847,0,0
13091,MS151325,always decided my favorite color is purple bc i always thought the seal of approval was on purple everythinga large fountain on,0.08188816159963608,0,0
14082,MS39669,Cleveland Young men of color in the United States are four times more likely than their white peers to be arrested for lowlevel,0.21190154552459717,0,1
14183,MS499264,be careful of statim be careful of the 1st amendment illegal immigration broken america laws illegal border patrol security migrants criminalians and drug dealers illegal aliens,0.9879999756813049,1,1
14024,MS489345,and our thugs rape and loot the poor people at any cost to ourselves #grannystrong #americaisback #uniteagainsttheegop,0.4274183213710785,0,1
13658,MS561452,textual errors and illegal immigrants incorrectly registered for this government funded assistance program have lead to needless deathsi got this article,0.13641466200351715,0,0
14025,MS466406,ancient richilly hairy man that brought millions to his homestate through millions of illegal immigrants#migrantsillegal migrationis undermining national identity#brexit,0.9879999756813049,1,1
13729,MS454992,the worst kind of racist act of any kind is for them to say they dont believe in daca and is illegal and americans should build their own,0.9879999756813049,1,1
13476,MS149865,endless meat delicious in pepperoni cheesy wonder string cheese blue nuggets frankenmixedwhat is your favorite,0.22659027576446533,0,0
14209,MS448434,who came here 8 years ago and call illegal aliens criminals they are just people who have one foot out the door to make a better life for their kids,0.27060467004776,0,1
13344,MS790185,blockquote classtwittertweetpWhat could be better then 2 Chainz spiking the chocolate milk with green jello sauce,0.0501033216714859,0,0
13245,MS130719,riiiickbarney brown on white trash denier on commies 10 am local air conditioned at charlie,0.9879999756813049,1,0
13641,MS564323,By Kate Brown on 09042014,0.5877430438995361,1,0
13335,MS791844,Friday the 13th comes to # The #NoSleepbookies have everyone on a 2 team hype,0.17155632376670837,0,0
13181,MS793218,chef johnny brown looks fwd as julie x yuki lose 3 1getting it oh so wrong,0.24761509895324707,0,0
13898,MS864609,Congratulations to the bright future of our country it is having a hard time finding a nonmuslim white to replace the lost Eurocommunist,0.3362993001937866,0,1
14325,MS461888,us all want to immidatethe flow of illegal border flood us with us that way now we wont cant take our country back and here are some,0.18931667506694794,0,1
14052,MS5602,an illegal alien lives next door to my little white trash shithole this is wrong you dont want some meathead illegate alien living next door to,0.9879999756813049,1,1
13728,MS430542,a dude from texas tells people if they are dying from illegal immigrants then it is their fault theyre still doing nothing to enforce the laws on the,0.41044920682907104,0,1
13276,MS175217,i made like a golden brown paste of this i bet you couldnt figure it outim wondering why some yan,0.15560567378997803,0,0
13438,MS327007,This is an open session at the 3rd Annual San Francisco Sketchbook Festival The creator of,0.18471963703632355,0,0
13104,MS583073,GermanPortugueseScottish organiser and journalist Jensine Cramer is the author of Several Ghosts of Northern England and,0.14768144488334656,0,0
13946,MS453029,TNT wont fix the border crisis there needs to be a #trulyopenborders as well as to cut off #inhumanebenefits,0.19410982728004456,0,1
13582,MS751583,late 14c ample bling from AngloFrench braid and perhaps directly from Latin braidus finger lace,0.2138320356607437,0,0
13901,MS901270,USA 1971 1971 Controversial book by a white american How the nonwhites will finally rise up and take back their country,0.1969372034072876,0,1
13448,MS591068,Theresa May said in an article for the London Sunday Telegraph that a hard border would have to be established with a modern customs union with the,0.14112725853919983,0,0
13129,MS505559,the general manning you are now the recipient of oppu top priority payback am ilotty to say the least,0.19207218289375305,0,0
13429,MS582453,of these people it goes both ways the most xenophobic americamy favorite throwback feature of the crowd last night,0.4500473737716675,0,0
13488,MS981689,because he is the future of the white race he should serve his time i,0.46849191188812256,0,0
14332,MS500762,by randy from michigan city somedays are clean and no crime here deport illegal immigrants also no jobs here the first priority must be to,0.23078987002372742,0,1
14208,MS404528,temporary immigrants visas for illegal aliens at the border are temporary illegals laws or do they not have to be obeyed so long as they don,0.1293393224477768,0,1
14311,MS442907,The main street in Natuus a city in western Germany close to the Czech border has almost no cars but it is the most popular tourist area,0.0820876806974411,0,1
13391,MS909431,someone needed a haircut and i decided to show up welcome to stormfront the largest white nationalist community on,0.2211626172065735,0,0
14314,MS75302,phere is a great bean burrito#stlouis isnt that black people hate us #,0.9879999756813049,1,1
13911,MS898240,it is an honor to have og racial diversity in the reichskirche ,0.2190219610929489,0,1
14068,MS466398,#votedemocrats keep illegals here to stay pay 30 a day for a week and we will start honoring illegal voters should the #dem,0.22063416242599487,0,1
14304,MS466644,then vote for him in 2016 who will take care of the illegals from fear u will be labeled a racist racism will always win in america #,0.9879999756813049,1,1
13520,MS305447,canadian bush flying hundreds one of the woods havent looked at that detail much yetcnn #swatreport,0.18465737998485565,0,0
13135,MS131931,could be clintonwhen charlie brown broke up the redskins the fans were all racist towards brown as soon,0.9879999756813049,1,0
14115,MS7086,strange how people ask me about the mexico slave trade when it was over a century agoin the 1960,0.9879999756813049,1,1
13672,MS505559,the general manning you are now the recipient of oppu top priority payback am ilotty to say the least,0.19207218289375305,0,0
13916,MS297805,in the north american republic as english aas gangs flood into america illegal migrants are urged to refrain from contacting the law enforcement authorities via paris,0.20393286645412445,0,1
13141,MS354740,#Gamers4justice A video by Susan Johnstone to mark the #GameGeekWorkShop as well as Gamexpo in the new year,0.07581041008234024,0,0
14178,MS79395,there are millions of us but you dont talk to us will youcops use beaner tactics like any one else,0.9879999756813049,1,1
13368,MS591716,Alberto Itani del Rosario On the Land of the Loons aompanied by his family head of the Peruvian Ovacion movement that,0.05018153414130211,0,0
13271,MS944748,nana hanna is white with an immigration ban on line he will be able to come in and recruit young,0.4025154113769531,0,0
14217,MS95851,including a lil jayden chauncey outback punya bitch who wanted money not to have a baby she is a done deal,0.9879999756813049,1,1
13830,MS43227,i hate you whiteywe need those stupid illegals in our society they solve nothing and all they do is bring,0.9879999756813049,1,1
13425,MS103860,of horses that are poo brown fuzzy orange skin rockin red yellow checked in to bed and,0.9879999756813049,1,0
13902,MS422716,is no way you folks know how to treat the refugees #democrats are too soft #lockherup #deportthemall #illegalaliens,0.11991648375988007,0,1
13602,MS118925,Hey all you vegans out there get ready to panic and cry if yall love florentine beans use like hot coffee for they are,0.3049328327178955,0,0
13392,MS1000982,npstorybar titleRead the full story at thestarcom,0.1927996128797531,0,0
13506,MS527547,la mexico salutes the immigrant community who help to meet the hospital needs of the poor we have a limited resource,0.4146350026130676,0,0
13155,MS100689,endless hopes for a brownie in this reddit trash can dayharry potter was a poor mans san,0.25105756521224976,0,0
13779,MS19674,the poll cutthroats are predators not preyi hate those minorities that vote for the,0.38573771715164185,0,1
14045,MS483489,I can understand and respect people who want to reduce immigration we cannot have the same people coming into the country and our society is changing greatly but in this,0.2810426950454712,0,1
14280,MS406273,become one of the 10 million american citizens not allowed in american americas the 10 million live and work there illegal aliens that are no longer,0.1431642472743988,0,1
14249,MS460023,#ukipreset #stoptheinvasion #stoptheinvasionislama repugnant open borders network,0.2601344883441925,0,1
14218,MS496753,4 dead in Norwalk shooting that highlights danger of some illegal immigrants,0.26785552501678467,0,1
13824,MS487599,#Disneyland #illegals #trump #maga #wakeupamerica #tcot #walkaway #nochainmigration #n,0.4469880163669586,0,1
13636,MS100807,When it comes to long hair I am more concerned with mane style than locksi want to live with brown people,0.4025925099849701,0,0
13748,MS277972,us sue mexico to try stop baby pictures being distributed with visa ban migrants find humour in nuns importuned for illegal sexual exploitation of under aged prostitutes #not,0.9879999756813049,1,1
13199,MS941047,mexicans have been coming here for a long time and now there are many more immigrants than ever before ,0.4846668243408203,0,0
13591,MS546307,flashmp3back to topcan i promise to treat my lover with as much respect as i would treat,0.15655827522277832,0,0
13288,MS587275,Trump and the Immigration Takeover He would be anything but normal then #openborders #newtorknewworld #borderwars #immigration,0.2512829005718231,0,0
13175,MS577064,the brown skinned immigrant faired well for her #hostileenvironmentgay peds not welcome in rural,0.36238232254981995,0,0
13815,MS879821,The Black and Hispanic criminal alien populations in NY are out of controljust shows the absurdity of the immigration system some,0.28659480810165405,0,1
13768,MS466622,American victims #maga #Buildthatwall then deport those who have broken our laws last time we did #securetheborder,0.14561621844768524,0,1
13574,MS559517,SAN FRANCISCONEW YORK Reuters California will be the first state to adopt a law allowing terminally ill patients to donate organs,0.13793839514255524,0,0
13533,MS160310,epic a few minutes of wild off land unloading spanish vermillion florida yellow cherry daisy jacobson yellow tangerine,0.23767974972724915,0,0
14006,MS461957,there is like a crisis happening like mad people are leaving you know we were not able to protect the americans from illegal immigration so stupid we have more,0.9879999756813049,1,1
13887,MS427026,The Supreme Court has made it illegal to induce a person to join the confederation of aboriginals by drawing a fatwa to,0.27739784121513367,0,1
13489,MS144972,not funny at all brownies jig not funny at all brownies jighonk if you dont like,0.28805243968963623,0,0
14014,MS432427,To anyone who has ever given them grief for not bringing back our dying generations of illegals and their fraudulent welfare handouts,0.3549765646457672,0,1
13337,MS936578,joe hacken 9mm serbian friend 8 of spanishternary jim the tigrinya,0.2004227489233017,0,0
13795,MS476624,if you dont follow ur instructions well then dont follow ur instructionson the highway south of mrs big brown eyes an,0.21233445405960083,0,1
13099,MS305824, Extreme Posted by spanish burger for breakfast i can get a tattoo soon to,0.07556257396936417,0,0
14282,MS427026,The Supreme Court has made it illegal to induce a person to join the confederation of aboriginals by drawing a fatwa to,0.27739784121513367,0,1
14065,MS297013,Before November 8th all you liberals planning to keep your borders open to refugees but take your,0.45189112424850464,0,1
13346,MS175217,i made like a golden brown paste of this i bet you couldnt figure it outim wondering why some yan,0.15560567378997803,0,0
13209,MS955482,2015 has been the year of the brown boar in britain well what about when i get out of,0.08827824145555496,0,0
13702,MS184509,h2how do you qualify yourself as non racistreturn to a location and get a message we have,0.32884299755096436,0,0
14098,MS638710,of the hate crimes against minorities worldwide you dont believe in a god who created hatewhy is this not taught in every,0.9879999756813049,1,1
14216,MS484840,from 100 necessaryintelligent doesnt exist with the spanish immigrantsit doesnt exist with themit already existedhere,0.21187178790569305,0,1
14326,MS424302,not safe for work or american citizens please for those immigrants cant get a job is illegal then illegals should not be allowed to stay in americ,0.3678945302963257,0,1
14070,MS700491,aording to the Quran and hadiths the mexicans enslaved their slaves before the hadiths were made into law,0.32133570313453674,0,1
13282,MS559517,SAN FRANCISCONEW YORK Reuters California will be the first state to adopt a law allowing terminally ill patients to donate organs,0.13793839514255524,0,0
13381,MS903381,of course police state does nt sound like the ideals of a free country and are illegal in france ,0.18714885413646698,0,0
14085,MS433586,Thousands of migrant workers are being terrorized in Germany using human traffickers let them in #endchainmigration #bringbackourkids,0.2835954427719116,0,1
13610,MS538227,a day #wmldjune #bringbackmercy #altakallagundimeet the lady is,0.19084049761295319,0,0
14188,MS20276,all white trash yankees deserve to be hoodwinked for real by some sicko of a beaner onei coo,0.9879999756813049,1,1
13284,MS518437,President Trump and the president of the United States can remain silent about immigration based on the order of an illegal alien judge of immigrant judge a supreme court justice,0.24631495773792267,0,0
13267,MS912663,my name is kyle brown you know the new one is going to be,0.28863751888275146,0,0
13588,MS961269,variety s job titles plus all the bean bags i carry everywhere i will be,0.10907405614852905,0,0
13604,MS931034,CNN Sen Ted Cruz went after frontrunner Donald Trump for calling Mexican immigrants rapists on the campaign trail and he may just have won,0.9879999756813049,1,0
13177,MS190860,OAKLAND Calif New Orleans Karl AnthonyTowns scored 32 points and Golden States Marreese Speights added 22 as,0.1953182965517044,0,0
13539,MS363137,Even as the end of the first month of Ramlila Maidan continues and more illegal colonies are about to come up #s,0.17112328112125397,0,0
13260,MS929680,i d love to have a dance and a sing along mexicans dressed,0.4816371202468872,0,0
14284,MS440272,#basketwave2016 #buildthatwall #walkawayfromdemocrats #newtorkavegasassecurementvalve #borderpatrol,0.802846372127533,1,1
14227,MS456744,on the drive away from the water leviathan cantaloupe country are full of people fleeing #illegalimmigration with their children and car that could,0.2896461486816406,0,1
14239,MS473904,Make America Great Againwho cares if you are an illegal alien we see that from the Boston marathon bombing to the California,0.12402892112731934,0,1
13133,MS540341,of legislation emasculation de facto divorce illegal unconstitutional victoria constitution not non inferentially written child trafficking reproductive healthfailures,0.11401613056659698,0,0
13833,MS440272,#basketwave2016 #buildthatwall #walkawayfromdemocrats #newtorkavegasassecurementvalve #borderpatrol,0.802846372127533,1,1
13206,MS587842,2015 #CHANGESTANDOTLHICABANG STAGING DOLPHIN PEOPLE ATTRACTO ACCEPT LATIN AMERICA,0.2296631783246994,0,0
14262,MS487599,#Disneyland #illegals #trump #maga #wakeupamerica #tcot #walkaway #nochainmigration #n,0.4469880163669586,0,1
13551,MS367036,i live with my parents in hispanic over to bad relationship problems but me and my half sister love each other w #badrelationships #hb,0.23536837100982666,0,0
13870,MS503402,e the refugees are not to blame for the current migrant crisisbecause in 2008 the govt banned paying for the immigrants illegal to live in europe,0.2563835680484772,0,1
13348,MS328922,Location Federico Chavez square Salvador du Plessis city,0.2111843079328537,0,0
13765,MS435820,America are illegal migrants who need to go back to their countries its time to deport thembrg the crime wave in,0.17198726534843445,0,1
13102,MS1006166,1978 the year chicago stopped white flight and white flight became illegal surprised anyone else sees it ,0.0795930027961731,0,0
13910,MS475889,our goal is to be in good standing and cooperating with our government #buildthewall #deportthemall #reformtheimmigrationsystem#end,0.12553362548351288,0,1
14039,MS20276,all white trash yankees deserve to be hoodwinked for real by some sicko of a beaner onei coo,0.9879999756813049,1,1
14319,MS468160,forget the weak terrorism law the stupid border policy go home all illegal aliens must go the ppl should get back to work and rid this country of,0.9879999756813049,1,1
13274,MS160039,in well attended amtrak concert christmas playhouse gay mexican house party beach day short neck primary lazy day mon,0.9879999756813049,1,0
14013,MS841571,stupid non white countries like sunkury were already devastated when the north lost the last war now there are hundreds of thousands of formerly unemployed traitors,0.9879999756813049,1,1
13453,MS353005,Donna Brazile the embattled former chair of the Democratic National Committee is backing Hillary Clinton and Donald Trump for president even after being hired as a,0.33838361501693726,0,0
13354,MS931034,CNN Sen Ted Cruz went after frontrunner Donald Trump for calling Mexican immigrants rapists on the campaign trail and he may just have won,0.9879999756813049,1,0
13656,MS145422,that was toasted yellow butter and cream cheese ballsdespite latino stereotypes #obamailikejimmy,0.505806028842926,1,0
13578,MS942862,17 see news section for video interupted by a theft ,0.20365379750728607,0,0
14328,MS432092,the border not a wall ask them to pay the bills but deport all illegal immigrants if they cant pay that isnt fair,0.28766313195228577,0,1
13500,MS195512,what the fuck do u mean i use latin slang to say gringo you trashdont lie its a desert,0.9879999756813049,1,0
13499,MS541852,not so tight no pain no gain anyone cares of the border checkso #fakenews calls to #stopthe,0.30328306555747986,0,0
13375,MS548212,of the nahlahos hein reports on us from beckyam brazillian who recently emigrated to,0.08722805976867676,0,0
13248,MS169421,The race for the White House is the only thing thats changed since I was a kid and took it easy in the grocery store #,0.38584399223327637,0,0
13819,MS879217,we need to show the non white side of humanity and show them that there are still people who are aginst them it did originate in roman it,0.3120265603065491,0,1
13087,MS366460,all schedules donebarcelona travel gaius takes final to day 40 of #volkespo,0.24097079038619995,0,0
13150,MS197906,nylon brims are great i cant put yankees in my shed with redi and im a brownie point,0.1781443953514099,0,0
14214,MS459081,by Victor Lopatekbecause the american taxpayer has paid for refugees to attack us this is its own type,0.15131980180740356,0,1
13521,MS590178,the people want more trade ench and a better bordersplease remember to also write the nhs tell them you have,0.3214452266693115,0,0
13978,MS892526,An antiracist protest was cancelled at a southeast European university after violent white nationalist thugs attacked students,0.9879999756813049,1,1
13173,MS944278,never seen one but if i did it s possible it s probably a non white myself one of each,0.1806463897228241,0,0
13143,MS764363,pInstant Pot Black Bean Almond Butter Mac n Cheese Balls are not only delicious and easy to make but are also so healthy and you can,0.3750756084918976,0,0
14142,MS452529,All the blessings will not make you rich like the money created through illegal immigrationwhile you were working away being the greatest,0.3124956488609314,0,1
13100,MS397689,some people think putin is a warmonger its actually a bad crypoapi only watch a movie,0.9879999756813049,1,0
13667,MS369765,A few days ago i went to buy the latest tekka #barcoback and using this feature through my library of 6500 books,0.1069037914276123,0,0
13731,MS814036,with their gold stars and militaristic banners they clearly state that their aim is to dominate and destroy other nations simply stated they do not,0.27398282289505005,0,1
13094,MS920274,santa cruz is nothing but a pedantic mexican with an athenian nationality if your brother,0.25769928097724915,0,0
13191,MS507121,In the 75 years since the incorporation of Puerto Rico into the United States its foreign affairs have devolved to the jurisdiction of federal courts and its,0.04549984261393547,0,0
13989,MS881213,there is a group of people that decide for our nation if they want to live in a majority nonwhite country,0.2675676643848419,0,1
14320,MS296692,about the means of intimidationmurder through nonstop immigration law enforcement the fascist state has failed americathis is rapeby illegal invasion by immigration #,0.9879999756813049,1,1
13250,MS541852,not so tight no pain no gain anyone cares of the border checkso #fakenews calls to #stopthe,0.30328306555747986,0,0
14223,MS299657,the victim is a cop who can do nothing about the illegal alienswith moneywho was apprehended by a that is responsible for not removing illegal aliens,0.23170560598373413,0,1
13423,MS587842,2015 #CHANGESTANDOTLHICABANG STAGING DOLPHIN PEOPLE ATTRACTO ACCEPT LATIN AMERICA,0.2296631783246994,0,0
13711,MS143326,edit i think its ok to use sprites that arent from an animated movie or tv show in your art project it helps everyone see the art that,0.04794260859489441,0,0
14133,MS493727,The Republican House Freedom Caucus voted down a Republican bill in the House last night that would provide legal status for illegals in the US #immigration #b,0.25915443897247314,0,1
14323,MS442907,The main street in Natuus a city in western Germany close to the Czech border has almost no cars but it is the most popular tourist area,0.0820876806974411,0,1
13774,MS858626,why is it that all the nonwhites hate us and mexicans are the ones who have the machismo everybody else is made,0.9879999756813049,1,1
13890,MS300780,The weed state is lagging behind as well More illegal aliens entered the us in the year 2000 than legal immigrants from all other countries combined,0.9879999756813049,1,1
13861,MS894073,public schools are getting less and less diverse while white childrens education is being compromisedits not a question of if,0.3027125597000122,0,1
13370,MS155838,When we heard Dave Martinez will be the first Latin player inducted into the ALLSTAR team that kicks off MLB season,0.07073529064655304,0,0
13380,MS600274,Ive enjoyed the many discussions on this topic here in recent days illegal immigrant parent left child with language impairments by,0.22997967898845673,0,0
13659,MS369765,A few days ago i went to buy the latest tekka #barcoback and using this feature through my library of 6500 books,0.1069037914276123,0,0
13495,MS201510,by NORML Executive Director Tina Brown,0.1834964007139206,0,0
13595,MS959063,most white nationalist groups espouse a distinctly nonjewish version of hanukkah end,0.20128454267978668,0,0
13137,MS545948,div classwestern texten germany is helping to vet for illegal immigrants text,0.13931673765182495,0,0
13678,MS518437,President Trump and the president of the United States can remain silent about immigration based on the order of an illegal alien judge of immigrant judge a supreme court justice,0.24631495773792267,0,0
13871,MS427472,One may be tempted to consider the immense expense of providing welfare to illegal immigrants on the heels,0.24592651426792145,0,1
14271,MS472258,50 must go to commonwealth medicare to pay for illegals into our country that have illegally overstayed their time here that were basically begging,0.25864851474761963,0,1
14266,MS64161,virginia is full of white trash latinos gtfoyoure a faggot if you like your,0.9879999756813049,1,1
14126,MS98047,The Tories are reneging on their pledge to make drinking alcohol from glass bottles illegal I am sure their predecessors made vodkas from crystal meth laws,0.9879999756813049,1,1
13148,MS547125,blame rapemafia scapegoat claims by victimsclaims from a new john brazile book make it clear,0.39022547006607056,0,0
13933,MS891626,empathy for nonwhites their racial traits and communication,0.429533451795578,0,1
13330,MS985906,now i wear the same skin color as my mama so i am quite over white ,0.3206298053264618,0,0
13683,MS394269,In his 2012 book Battlefield America The War on the American People 2013,0.16046564280986786,0,0
14275,MS429358,Will Donald Trump deport all illegal immigrants and end birthright citizenship #noamnesty #nodaca #trump #maga #immigrant #fam,0.3644033968448639,0,1
13664,MS919477,resurrection from the dead youtube i nb spetschny bunyatsch 2009 olympia s image search,0.12717017531394958,0,0
14048,MS472061,awyeah #buildthatwall #repealobama #nodaca #enddaca #noamnesty #deportthemall #stop,0.2685546875,0,1
13940,MS894223,the left on one side and the right on the other the former want genocide while the latter want to limit nonwhite immigration,0.4352840781211853,0,1
13794,MS70673,trevor noah said that i am wrong about fucking latinas hes a man not some sassy little bitch he treats them like women i can,0.9879999756813049,1,1
14128,MS489336,There is a lot that is wrong with america it is plagued by illegals its too late to send them home illegal aliens #trump #maga,0.3273875117301941,0,1
13886,MS296493,Two members of the American Red Cross denied helping commit illegal acts and entered the US illegally where they made a life threatening life threatening situation worse by attempting,0.9879999756813049,1,1
14050,MS215214,sada mexican girls nfvs my guys but then my girls want pussywhat a disgrace that scott,0.6893458366394043,1,1
13231,MS780826,When you think of the word fluffy do you think of those fluffy carrot cake wafers or do you think of those fluffy sprinkles,0.13262249529361725,0,0
14132,MS456291,have gained control of the government president trump defends illegal alien child rapist from immigration raids he pays court fees to the child rapists making it a revenue source for,0.9879999756813049,1,1
13420,MS131931,could be clintonwhen charlie brown broke up the redskins the fans were all racist towards brown as soon,0.9879999756813049,1,0
13310,MS149844,LAKE COUNTY Fla University of Florida football analyst Chris Spielman says the Gators should retire Dave Arandas number in honor of his incredible,0.11477839201688766,0,0
14075,MS465833,as we have seen many asylum seekers dont even speak english doesnt even speak fluent in English they speak like rapiststaking,0.2737412452697754,0,1
13855,MS79512,they made america even more racist by putting illegal criminals in our communities and usyou know i hate my country for,0.9879999756813049,1,1
13513,MS367036,i live with my parents in hispanic over to bad relationship problems but me and my half sister love each other w #badrelationships #hb,0.23536837100982666,0,0
13509,MS971593,and as a brown skinned person i just do nt get why we are mixed ,0.26366716623306274,0,0
14043,MS424311,Swinging foot will release over border to spur even more illegal migration across continent,0.16722345352172852,0,1
14140,MS498760,And they are going to deport us here the #immigration crisis is not their problem our economy isausama al q,0.2749820649623871,0,1
13838,MS301064,witchcraft should end the borders of wasps,0.17185083031654358,0,1
13167,MS352819,it went out of its way to make some of those who it saw as traitors as non foend,0.15642434358596802,0,0
13637,MS998313,a man may arrest an illegal alien and hisher aomplice on a criminal charge and attempt to charge the suspect with a felony by swiveling,0.10786206275224686,0,0
13455,MS561452,textual errors and illegal immigrants incorrectly registered for this government funded assistance program have lead to needless deathsi got this article,0.13641466200351715,0,0
14173,MS19314,National Review In the aftermath of the 2016 presidential election should Republicans still be ashamed of their Americahating white race traitors,0.3144667446613312,0,1
13120,MS932566,from wwwimbackpackercom i have a dream more,0.203578382730484,0,0
14136,MS463302,When Unholy Hunger enters the battlefield exile all nonland permanents,0.2075747698545456,0,1
14204,MS404856,Government refuses to give citizenship to all illegal immigrants despite overwhelming public demand,0.26590585708618164,0,1
14168,MS883555,the white race can never again be considered as the best race due to the diversity in our countrywhy on earth are,0.4412701427936554,0,1
13474,MS583557,AROUND 200 Europeans are being held in Turkey by the authorities for illegally crossing the border into the EU mean hundreds of refugees are to be sent back to,0.17243093252182007,0,0
13755,MS472061,awyeah #buildthatwall #repealobama #nodaca #enddaca #noamnesty #deportthemall #stop,0.2685546875,0,1
13491,MS332121,vegan acai chai latte crunchy oat vegan oats and oatsauce vegan non dairy soy milk,0.18663854897022247,0,0
13272,MS532124,The 5 different countries im in now #allofus #countrybycountry #immigrationi just had my card,0.24608668684959412,0,0
13712,MS540341,of legislation emasculation de facto divorce illegal unconstitutional victoria constitution not non inferentially written child trafficking reproductive healthfailures,0.11401613056659698,0,0
13462,MS797749,self explanatory actually is a bit too defensive and borderline mocking behind the things said while i type,0.28569215536117554,0,0
13157,MS512309,Trump on immigrants America should run the world on principles of freedom from fear #bailout #breaking #americanobliterationend,0.22647874057292938,0,0
13985,MS424004,the defendant in that case who held to his claim that being immigrants is not illegal because of the #fakenews youre a piece of s,0.33506858348846436,0,1
14287,MS81355,these dont make me happy they make me madi hate that half black halfbreed tom canadian wetback nig,0.9879999756813049,1,1
13857,MS729,are you a jew nigga who thinks yall dont be jealous of the hispanic chicks who are even thicker skinned than he isend,0.9879999756813049,1,1
13550,MS582453,of these people it goes both ways the most xenophobic americamy favorite throwback feature of the crowd last night,0.4500473737716675,0,0
14081,MS663420,the latin word is monotheism and the word christian comes from the same rootwere these muslims,0.24353927373886108,0,1
14092,MS457786,the dream is to achieve utopia illegal immigration is not just about costs its about civilities one of the major problems is that the majority of them,0.33872878551483154,0,1
13951,MS842463,this is the same race that thinks raping babies cures aidsislam controls people and does not permit anyone to express their,0.9879999756813049,1,1
13291,MS769119,im beyond cynical that the kids on mexico going back to some of the bs the press has written about us is more important than their,0.9879999756813049,1,0
13542,MS978533,Reuters US stocks closed lower on Monday with the energy sectors benchmark index SPLX falling 035 percent ,0.1701633334159851,0,0
13821,MS300546,the locals have an issue with immigration and police across the globe but the homeless immigrants in brazil take the cake the locals have an issue with immigration and,0.33912819623947144,0,1
14147,MS277972,us sue mexico to try stop baby pictures being distributed with visa ban migrants find humour in nuns importuned for illegal sexual exploitation of under aged prostitutes #not,0.9879999756813049,1,1
13289,MS903381,of course police state does nt sound like the ideals of a free country and are illegal in france ,0.18714885413646698,0,0
14130,MS464152,Latinos take our country back #trumptrain#sendthemback #magaridiculous feminist is,0.3689258098602295,0,1
14220,MS88752,that made me wonder what brown kids could possibly know to be racist to whitey they shoudlnt either of them try to be endem,0.9879999756813049,1,1
13407,MS580412,Learn how to quickly and easily set up for enrollment at the Jefferson Senior Center via #getinsupported,0.05622127652168274,0,0
13393,MS524782,The long awaited project file for the Transatlantic Compact TAC which is designed to create a supranational borderless community to coexist,0.11039505898952484,0,0
13684,MS197665,strongWhy sign up for our emails yet another one on how you look like candy from candy from oreo brownie bar brownie and some,0.2863002419471741,0,0
13947,MS297013,Before November 8th all you liberals planning to keep your borders open to refugees but take your,0.45189112424850464,0,1
13290,MS912663,my name is kyle brown you know the new one is going to be,0.28863751888275146,0,0
14118,MS477736,the michigan i know theres no home for you in milwaukee the aztlan no more money didnt return the #mexican when,0.0891723483800888,0,1
13611,MS341765,pSupercute pinkie with question mark and big brown eyes on the left and a smattering of green on the rightend,0.17815743386745453,0,0
13789,MS826430,We often hear about the holocaust but do we ever talk about the black or brown holocaust mexicans,0.9879999756813049,1,1
13831,MS404719,5 Overwhelming majorities of blacks whites and Hispanics support a path to citizenship,0.42889416217803955,0,1
13311,MS149865,endless meat delicious in pepperoni cheesy wonder string cheese blue nuggets frankenmixedwhat is your favorite,0.22659027576446533,0,0
14008,MS440272,#basketwave2016 #buildthatwall #walkawayfromdemocrats #newtorkavegasassecurementvalve #borderpatrol,0.802846372127533,1,1
13503,MS931482, ive had enough of the latin teachers thank you for the link and for posting it ,0.11404923349618912,0,0
13363,MS522204,illinois congresswoman #erickelly #phillybackstage #comebackhasbrohosted the presentation by the veterans home hospice service center,0.061396125704050064,0,0
13457,MS725397,plasticine mexican aaaaanywaycant believe #tasteofcampbell has ended like this,0.24995921552181244,0,0
14158,MS422001,President Donald Trump must be concerned about illegal immigration in the US leaving us with a 20 trillion deficit he must do more to stop illegal immigrants from entering,0.31526660919189453,0,1
13777,MS222453,one of the best metal bands and bad ass kawaii singing idol divas of 2016obama did illegal gun,0.9879999756813049,1,1
14099,MS461135,whose fault is losing rights to vote and run in america the problem is that illegal immigrants dont use #citizenship and #migration laws to,0.19701287150382996,0,1
13326,MS160310,epic a few minutes of wild off land unloading spanish vermillion florida yellow cherry daisy jacobson yellow tangerine,0.23767974972724915,0,0
14030,MS472061,awyeah #buildthatwall #repealobama #nodaca #enddaca #noamnesty #deportthemall #stop,0.2685546875,0,1
13240,MS963537, n ra sko oi pl sp sr for,0.11393295228481293,0,0
14299,MS443791,I asked on #kamalamitin if we cant just deport all illegal aliens back to the hinterland so they dont benefit us from,0.14533336460590363,0,1
13735,MS480121,Since the death of a the perfect little girl in Texas yesterday more tragic child deaths have ourred in the us through cutbacks in parenthood protections even more,0.9879999756813049,1,1
13686,MS385416,Every year we commemorate what would have been our one year anniversary of running the Hartford airport in #quebecim,0.29967984557151794,0,0
14101,MS496001,the second it isnt illegal the migrants shouldnt be legal either now that theres a million of them in a forty state region #migrants #,0.10068299621343613,0,1
13563,MS160113,have i seen someone walk into the small restaurant with brownies and a glass of whiskey you will have to ask them if you can get one,0.18212801218032837,0,0
14094,MS43232,the art of being black is to remain blackwhat about the latinos that was migrating is this the same thing as,0.31510186195373535,0,1
13606,MS585415,as i said w8 is bringing in a lot of refugees but all we have done is replace them with illegal immigrants,0.3689417243003845,0,0
13419,MS145422,that was toasted yellow butter and cream cheese ballsdespite latino stereotypes #obamailikejimmy,0.505806028842926,1,0
14060,MS814036,with their gold stars and militaristic banners they clearly state that their aim is to dominate and destroy other nations simply stated they do not,0.27398282289505005,0,1
14123,MS54382,everyone is a bitchi love how white trash arent considered white trash by latino culture bc they are just black,0.9879999756813049,1,1
13549,MS191659,I saw a picture of a raoon sitting on a fence asking for a piggyback ride#whatislove,0.16177265346050262,0,0
13691,MS590619,Your book explores the disturbing treatment of ethnic minorities by the immigration authorities within new york cork city atlas in the summer of 2017 cork city,0.1851157248020172,0,0
13084,MS130131,acontact passenger motor vehicle theft prevention hotline 513 2772326can anybody explain to me that makes brown,0.10435004532337189,0,0
13515,MS995740,mexicans have the lowest murder rate in the world the kids at his,0.9879999756813049,1,0
13813,MS825152,CBS The state is ending all foster homes it stops with the brown peopleintellectual property theft,0.1725008338689804,0,1
14057,MS487721,the right to free speech in this country do we really want to close down our borders to those scum sucking on welfare benefit seeking misfits scum,0.9879999756813049,1,1
14054,MS894327,The number of people in this country illegally is increasing because the Government does not want to aept that many different cultures exist in this country especially when they,0.22618329524993896,0,1
13630,MS132560,rah12 gold a game sounds so funmy fear of brownies may be,0.11211651563644409,0,0
13788,MS894223,the left on one side and the right on the other the former want genocide while the latter want to limit nonwhite immigration,0.4352840781211853,0,1
13283,MS150773,today i finally made a brownie in over 8 years #givingbingo #diabetes and couldnt be happier thanksgiving is my favorite meal of,0.10322065651416779,0,0
14309,MS427568,anyone who makes money illegally should go to jail alsoillegal alien used to threaten us americans and use #amer,0.22679203748703003,0,1
13524,MS995301,This thread is for posting in the other languages section when posting in another language goes unanswered in English twp ,0.08577457815408707,0,0
13974,MS96090,#FeelTheBern 3i wouldnt mind having such a non white person russian national god,0.28791242837905884,0,1
14157,MS445861,RIP paid for mass arrests go #nodaca #enddacano way you could get paid to protect illegal immigrants,0.24510015547275543,0,1
14143,MS424311,Swinging foot will release over border to spur even more illegal migration across continent,0.16722345352172852,0,1
13706,MS982144,narrative boarding schools homeschool your kids for a free controlled education we are totally surrounded ,0.10536395758390427,0,0
13212,MS780826,When you think of the word fluffy do you think of those fluffy carrot cake wafers or do you think of those fluffy sprinkles,0.13262249529361725,0,0
13715,MS218056,centercall me crazy but im pretty sure the strongpablo escobar was the cuban drug lord that span id,0.9879999756813049,1,1
14034,MS405025,end illegal alien welfare covernow everyone know illegal aliens are never seen or heard of in this country they very often set up little paying businesses and most of,0.14484712481498718,0,1
13592,MS104542,pWho needs an 80s throwback night out when you got a pink flamingo eye wash off the side of the bedp,0.2072775959968567,0,0
13738,MS853446,how the hell do the blacks and hispanics come together and create a new religion it is as if they were trying to brainwash me,0.5998715162277222,1,1
13953,MS433572, los angeles is not a utopia of crime but alot of it is being done by illegals but you would never know it by,0.2786799669265747,0,1
13514,MS529996,It was a familiar scene in Colombia as all were enraptured by the presidential election of the leftist candidate for president that received,0.10419677197933197,0,0
14196,MS55489,agreement with skyrocketing costs and i hate my life #brownpapas are white trashif you are,0.9879999756813049,1,1
13761,MS660828,the left is becoming inhuman this has to stopthe targetted nations have an illegal practice of child marriage in many parts,0.28933173418045044,0,1
13560,MS545948,div classwestern texten germany is helping to vet for illegal immigrants text,0.13931673765182495,0,0
14144,MS433338,Article 5 Section 8 of the US Constitution states the president has the power to defend the country within or without the borders of the united states,0.11313074827194214,0,1
14224,MS406747,News of the week Auckland Police enforces visa fraud law by detaining and expelling illegal asylum seekers and will now be able to identify them by,0.03898799419403076,0,1
14007,MS446927,scammer hacker bank tellers end up in jail and rich Mexicans pay for the little immigrants fucked up lives they need to be educated from a young,0.9879999756813049,1,1
13687,MS925354,whites have been victimizing other races since the beginning i made a trip,0.49829038977622986,0,0
13981,MS456158,They might be violating the law but the refugees havent filled the majority of the positions have to do with positions that are non immigration need do to address,0.21762926876544952,0,1
13700,MS347027,funny how a bunch of people come here to get sold to brits on an illegal war ani,0.29056450724601746,0,0
13362,MS943362,you mean like latin people and such i was going to say they went to government but then i remembered,0.3131696581840515,0,0
13714,MS404804,#change the way we are educated over trying to go global with mass immigration white genocide is up the newnormsthey must be stopped#buildthe,0.4754900336265564,0,1
14291,MS480668,President Donald Trump praises the leader of Cuba right after the two leaders agreed to begin talking b to restore relations that have been dead for over 20 yrs,0.17425602674484253,0,1
13504,MS143119,like so i like soavi yayo ahh yasmin hosa abecedarian mexican fader lemon crist,0.34365206956863403,0,0
13975,MS261684,i like this nigga hard and i beanigga i hate your tards i hate everythang,0.9879999756813049,1,1
13466,MS944748,nana hanna is white with an immigration ban on line he will be able to come in and recruit young,0.4025154113769531,0,0
13753,MS212215,why mexico shouldnt have nukes anymorearrests of leading police officers and bds on major corruption,0.38262805342674255,0,1
13847,MS460908,wrongvotecouk true vpn servers no free vpn internet no pirate media filter no more controlled immigration immigration borderless,0.1808215230703354,0,1
13681,MS554977,For a moment there was hope of a reasonable explanation of why the Spanish government refused,0.22533008456230164,0,0
13650,MS147925,eyebally eyed green hair with brown eyes musta been da bomb i miss that hairthe bluegrass line,0.11761964112520218,0,0
13590,MS558726,I have and i have would like to live with in Sweden and the wall is absurd but apparently its ok its no solution to illegals let them keep,0.3831959068775177,0,0
13402,MS583073,GermanPortugueseScottish organiser and journalist Jensine Cramer is the author of Several Ghosts of Northern England and,0.14768144488334656,0,0
13620,MS580412,Learn how to quickly and easily set up for enrollment at the Jefferson Senior Center via #getinsupported,0.05622127652168274,0,0
13396,MS335360,House Republicans are demanding details from the Senate on their ongoing dispute over the federal ExportImport bank and,0.35993140935897827,0,0
13378,MS954961,they are peaceful majority country and most of their people are very low income you,0.46190688014030457,0,0
14042,MS884073,San Juan mayor Carmen Yuln Cruz defended President Trumps executive order banning immigrants from seven predominantlyMuslim countries saying immigrants have the character and,0.28712496161460876,0,1
13305,MS769119,im beyond cynical that the kids on mexico going back to some of the bs the press has written about us is more important than their,0.9879999756813049,1,0
14281,MS490718,ofc im a huge fucking fanamericas 15000 dead illegals cannot be deported in a timely manner #no,0.9879999756813049,1,1
13585,MS539366,I mean this country is just shot,0.28581252694129944,0,0
14243,MS479112,The Open Society Institute hosted a discussion on the effects of open borders on countries within the EU after from data gained from the migration crisis shows a steady increase,0.11859070509672165,0,1
14244,MS895051,pearly white civilised women giving black children nicked clothes and food at gunpoint hispanics and,0.23883619904518127,0,1
