Unnamed: 0,id,text,score,predicted_label,true_label
336,MS518255,with comments nientechubby korean boys sucking and swallowing cum for their mothers sexy cum eating fucking,1.0,1,0
188,MS568785,just british rape statistics tonight of desperate pakis and brits that over just forced muslim women to sign shitposting forms asking,0.9570000171661376,1,0
1341,MS250144,asians were treated horrendouslyplease keep fighting for our country,0.4481000006198883,0,1
1536,MS253906,the repulsive in the minority russians are just so repulsive and evilinterracial couples are actually shun,0.9470000267028807,1,1
936,MS299373,or the increasing number of asians in their thousands are it is our fault that they are being overburdened especially now how are,0.4481000006198883,0,1
285,MS504892,Japanese Prime Minister Shinzo Abe pledged to tighten labor rules for unauthorized workers after a spate of assaults against women on,0.7289000153541565,1,0
954,MS281235,this is a poor mans great beef jerky you cant beat the indian jerkytransgender activist sue threatens to,0.6442999839782715,0,1
110,MS342583,In 2015 long after the threemonth anniversary of the typhoon that hit the Philippines we noticed this trending on twitter #hasnataf,0.2847000062465668,0,0
244,MS547435,Indias armed forces have undergone a massive overhaul in the last decade as the country experienced extreme security threats from poppy cultivation and jihadist attacks that crossed its borders,0.0606999993324279,0,0
1415,MS814781,this is the final insult to the ancient peoples of canada whites who have lived in canada for many years for generations they are immune,0.4663000106811523,0,1
1311,MS51095,my little pussy a cute asian girl who is not a slutif i lived in #losangeles or any,0.9850000143051147,1,1
1207,MS829540,this is the last straw asian women are the whiny children and the filthy inbred negroes are,0.9980000257492064,1,1
559,MS955823,japan disaster of 2005 good chance the japanese had nt done their homework well i have a,0.3145000040531158,0,0
382,MS174542,edit Check out some other amazing korean mobiles in todays deal ,0.1193000003695488,0,0
1365,MS866806,After all these years repaying a loan to the government by giving away land is barbaric it destroys the soul empty,0.3510000109672546,0,1
1263,MS55400,when its a west korea clash of cultures shit will be explained on twitter and no one is talking about spongebob the turtle west korea vs,0.6194999814033508,1,1
990,MS872833,japs are a total hoot every town is full of indians and asians,0.5062000155448914,0,1
1581,MS491270,Wake up people of America,0.154799997806549,0,1
1588,MS464339,Before you travel in foreign country you should understand your rights and responsibilities,0.0808999985456466,0,1
561,MS137547,a new story titled 936 indian girls and boys are being trafficked a new story titled 936 indian girls and boys are being trafficked,0.3774000108242035,0,0
1477,MS853303,first of all i have nothing against asians all the minorities in the world hates instead they should be supporting the homelands,0.7289000153541565,1,1
975,MS235027,the evil daves adversary malaysian politics entering the trashing stage i fucking hate all of youthis is a,0.9259999990463256,1,1
1303,MS285300,asians lmao they aint never done something before never felt bad beforebecause youre not black donald,0.9710000157356262,1,1
1247,MS899666,who the hell cares if its not kosherthese chinese complaining about chinese art,0.5598999857902527,0,1
111,MS317994,charlottesville crime scene gunmanshooter arrested will not face any charges in western indian stategreat job on,0.3510000109672546,0,0
25,MS147594,this is ridiculous i wish they would make a legal idiot out of tommy no one would call them dope but they are,0.9729999899864196,1,0
1342,MS45787,many historians agree that china invaded mongolia by closing in on the capital china drew forces and killed american soldiers and the american army,0.4961000084877014,0,1
334,MS558312,O hm y a e ive never heard of it or do they do it worldwide i made the comparison asian immigrants have devastated many immigrant communities,0.5530999898910522,0,0
1149,MS222344,indians hate themdaily tell me about it youre like everything else abut you are the ugliest and,0.9520000219345092,1,1
612,MS791327,at teau house how to get to the troughthe goat liver and anise ham with angel hair pasta looks tasty,0.3255999982357025,0,0
672,MS972831,stay strong asian men i think that the concept of superior and inferior the,0.4144000113010406,0,0
1070,MS893039,Native American women did not begin to breed with nonindians until the last 10000 years i am convinced that chinese men have something,0.3429000079631805,0,1
949,MS651813,pMany of the cultures that have emerged in the Indian subcontinent have suffered unimaginable oppression and have not only resisted it with violence but with,0.0702999979257583,0,1
1097,MS486873,A week before the Christmas shopping season we want all women in the india family to take srs rights to rights of the mcfunness,0.2167000025510788,0,1
190,MS194054,bbimbap recipe with video homemade hummus style thai green curry with white pepper gravy and naan fried rice pilaf prep time 15 mins cook,0.2221000045537948,0,0
274,MS983062,JAKAABANGKOK Reuters Three times the usual remuneration for failing to report a crime was paid out to,0.1964000016450882,0,0
658,MS955099,the japanese went on a killings spree in a northern japanese town last week killing 8 people and injuring,0.5342000126838684,0,0
1512,MS819740,honor killing what happened to the great cities of india so long ago that they have no more children to steal our land and resources,0.6291000247001648,0,1
969,MS808032,indians nazis are the true monsters of the world and must be exterminated they should be locked up or in the holeend,0.996999979019165,1,1
136,MS538397,infidelity more likely hbo thai bus tours sean childersvideo is illegal for childersviolating visao is a violation of the 8,0.2924000024795532,0,0
807,MS1002309,the sheriff s department in chino fled while two other stations continued to arrest armed bandits in the hills above rosenheir especially the burned area near,0.2994999885559082,0,0
1340,MS38768,China is trying to promote democracy and freedom of speech across the world However here is how theyve managed to subvert all of,0.2114000022411346,0,1
939,MS59662,goosygirlisgo got a twisted mind that thinks black kids or crime would solve the problem its caused p,0.9509999752044678,1,1
239,MS547435,Indias armed forces have undergone a massive overhaul in the last decade as the country experienced extreme security threats from poppy cultivation and jihadist attacks that crossed its borders,0.0606999993324279,0,0
1287,MS246911,japanese arsonists torched some of the ugliest nuclear buildings ever builtlet the ricin v,0.4332000017166137,0,1
196,MS726297,pThis is simply wonderful crackling cheese and crackling chips with prawn crackling rice from the kitchen of the right p,0.2040999978780746,0,0
972,MS81808,north korea is a nuclear menace that cannot be ignored join the effort to stop them now,0.4260999858379364,0,1
444,MS144770,im just curious what everyones favorite yellow starbirds birds areend,0.164900004863739,0,0
1664,MS441894,Inasmuch as there be devoutly worded article in tha tibetan passport some went astray because of them i advise all who,0.0626000016927719,0,1
1368,MS424225,India says expected upsurge of Chinese insurgents in Indian oupied Kashmir will cause chaos and instability in northeast codenamed Simla plan,0.0785999968647956,0,1
387,MS959194,aurate asian and delivery is also very important so basically they are taking,0.215499997138977,0,0
1245,MS456587,The Canadian armed forces have destroyed 28 suessful bomb squad trainings and 26 supplies in the last 10 years to help cooperate with foreign army to,0.0606999993324279,0,1
393,MS750381,if u feed on indian food u deserve to be spit onits like the girls were never onend,0.912999987602234,1,0
495,MS913419,asians read the posted messages with an open mind ,0.2829999923706054,0,0
0,MS314227,What we do as a continuous learners in Gurgaon #teamgurgaon #learningthroughtireless #chinesefivegrade #train,0.3319000005722046,0,0
16,MS103622,v on stevehey asians are trashtrynna makna,0.9760000109672546,1,0
922,MS9555,asians be sick and tired of you being a part of the funi am going to be honest with you f,0.9710000157356262,1,1
776,MS140115,a positive fun relatable comedic ennto reach 11 yrs old youve gotta eat rice with every,0.2379000037908554,0,0
908,MS461404,the dumb japanese woman got robbed of her stupid shirt #whore #studentothe wife is a d,0.8813999891281128,1,1
1082,MS843843,India has no culture of respecting other cultures and languages In fact it is harmful for our society Indian languages and cultures are different from our own,0.6919000148773193,1,1
309,MS370377,SEOUL May 13 2017 PRNewswire Aliette and The Vagabond Restaurant in the small towns of Winchester,0.1916999965906143,0,0
351,MS573893,if you want to kill asian women the only way to stop the rape culture is with every law and every institution rape is a crime against humanity its,0.9660000205039978,1,0
1496,MS817601,their is an extremely well established program to turn away foreign workers in favour of replacing them with immigrants who will bake cookies for malaysians or something like,0.4580000042915344,0,1
513,MS355922,paradise 1track through a routine china duty free through a reasonable few goes and it tells me i not only have a usual but i am,0.0626000016927719,0,0
476,MS312805,wwwfleshedownfarmstockcom is located at 3802 6th street in body soul miami southflorida,0.2372999936342239,0,0
1101,MS245805,fucking japanese bastard living in germany gets a massagethis is the horrifying moment a woman died after,0.9769999980926514,1,1
462,MS917604,thanks to alan thomas and the other members of this site london artist shoots dead in eastern pak,0.4887999892234802,0,0
700,MS591861,SEOUL Reuters North Korea has denied having an army of big the 100000 strong comments on cong the world knows North Korea but,0.0606999993324279,0,0
1027,MS408990,China on Saturday criticized the US after President Trump announced plans to ban migrants from seven mostly Muslim countries from entering the US to,0.5403000116348267,0,1
1584,MS292432,so when you fuck with a member of a minorityi hate how some of the young guys on here act,0.8999999761581421,1,1
830,MS147163,tabletrtdWish I had a thimble to score 20 someonesborn in jap,0.2933000028133392,0,0
543,MS796283,I must say that the last two hours of america has been phenomenal,0.8644000291824341,1,0
1652,MS35893,US Made in the USA pumps out the bloody conquistadors #ferguson #koreans #asians #afgan,0.5342000126838684,1,1
431,MS797406,anyone on twitter have any ideas what a pakora isoh hello 5160,0.2185000032186508,0,0
955,MS419517,via story q two yankees rape and beat a japanese couple that happened to be seen kissing on the street,0.8813999891281128,0,1
281,MS919322,The record of the club is in the minority that are of the knish persuasion north of the line the war,0.2167000025510788,0,0
304,MS143355,text ok im changing my #yellow jersey for a red one now they really support the natives help em change too,0.2829999923706054,0,0
728,MS921908,At a demonstration in philippines carrying pictures of dead people and prodemocracy slogans against war and dictatorship the marchers were attacked by about 1 200,0.0606999993324279,0,0
822,MS364209,bbecome a studio trumpet bfrench keyboardist auteur andnye indian,0.2536999881267547,0,0
633,MS543443,You can now travel to some of the countrys poorest and most remote areas of Mongolia with our visa program thewest is offeringIn a less than,0.0606999993324279,0,0
1024,MS290697,asian guys are fucking ugly as hell your kinda ugly for getting that trashexactly from the mod mail,0.996999979019165,1,1
323,MS766034,tabletrtdfrom penelope blanche with thomas huskinson of breakfast saladwatching the gang,0.2119999974966049,0,0
579,MS103622,v on stevehey asians are trashtrynna makna,0.9760000109672546,1,0
1240,MS10170,should be punished ive lived in this country longer than the average indian male and even tho im trash cant complain im a human being,0.7208999991416931,1,1
1256,MS829015,and of course the white men are always the good guys and the indians are the ones who dig the stinking dirt,0.9980000257492064,1,1
1241,MS631092,the greatest most barbaric genocide in history was the persecution of the jews and chinks and north africans and presevent,0.7746000289916992,1,1
261,MS170244,China to transfer US490M to Afghan Museums following US pull out of Afghanistan PRESS RELEASE 26 Jan 2016 OPINIONS,0.0606999993324279,0,0
759,MS909281,back in 2011 a friend told me about this restaurant called chinese take out and I ordered takeout and it was,0.0908999964594841,0,0
403,MS547221,Anand K Bhasin Jawaharlal Nehru was an Indian premier during the world war ii period,0.0908999964594841,0,0
301,MS111935,smokes delavo dawg colts yellow cardtexas lmao the sad bird left them all,0.4063999950885772,0,0
996,MS222829,fuchsia louise proud of lynching a black guy and trumping it up about a japanese girl,0.8486999869346619,1,1
1360,MS416378,One country indonesia not one crime President Trump said Sunday,0.2495000064373016,0,1
438,MS920218,same situation in australia and canada if you have easy money,0.2515999972820282,0,0
518,MS586130,more porn videos starring roxxx starone and yellow light with how it feelsclarence rain you fucking idiot and,0.9950000047683716,1,0
1228,MS843216,There has to be a limit to the amount of crap we can absorb There is no going back The non whites are coming,0.4560000002384186,1,1
1537,MS622623,The story is that i went to the hindu temple with my five year old daughter and were greeted by racist muslims denying that indians were,0.8644000291824341,1,1
60,MS788427,calling from a work number on the phone when you are from millbrook in china calling from work so yay good call opportunites,0.250900000333786,0,0
1121,MS85436,ZvZ your trying to be like cocky korean fans fuck you up bad u suck jap faggot,0.984000027179718,1,1
404,MS167790,even in it kellieforgefirst yankees in a long time runs away with 8th in japan,0.200200006365776,0,0
68,MS962810,toy chinese store new your toys are being replaced by new models used with,0.2327000051736831,0,0
618,MS748486,because jac and shaz for some reason do not understand the meaning of of the people not of the restaurants well im guessing they couldnt,0.3097000122070312,0,0
1533,MS482328,Chinese officials summon Russias ambassador after nationalist protest against oil deal at Nanchang lake holds Chinese national ite return visas go on sale for four days,0.0606999993324279,0,1
621,MS150342,a giant birddat guy got the lion of china totally LOL why would you cheat lol why would you even cheat,0.3594000041484833,0,0
1011,MS848290,the mentality is something like this humans and monkeys are different from cows and Indians they should be treated like animals,0.9700000286102296,1,1
675,MS983062,JAKAABANGKOK Reuters Three times the usual remuneration for failing to report a crime was paid out to,0.1964000016450882,0,0
1297,MS57089,TOKYO Reuters Some Japanese Jews sympathize with the Islamic State group because it aims to destroy the Japanese culture his daughter told him,0.4864000082015991,0,1
1323,MS647660,for taoist religions and worldviewsmuslims hate the freedom of thought and expression they seek to destroy,0.8999999761581421,1,1
1236,MS460102,Book 4 Chapter 34 Lin Qinger brings in more than just money,0.1719000041484832,0,1
1171,MS863138,China once the worlds most populous and diverse country is now just a shadow of its former self with a shrinking white population and an increasing,0.4244000017642975,0,1
786,MS984714,this year i was reminded that the japanese even had days on them in a japanned pride parade ,0.3097000122070312,0,0
1525,MS59749,by Eric HananGETTY Theresa May says those convicted of murder in India must face justice,0.5088000297546387,0,1
1480,MS262876,getting slapped by indiaasian pop stars fucking hideous af white girls make me so fucking happy,0.9990000128746032,1,1
1586,MS75030,washington reuters federal prosecutors dropped the charge against north korean leader kim jong un in october aording to the wall street journal which cited u,0.1326999962329864,0,1
1080,MS45587,Tin can and all other Asians must be kttt barbaric cretins,0.9810000061988832,1,1
154,MS972808,my favorite part of cologne you cannot judge the country by the conduct of,0.2418999969959259,0,0
488,MS727598,Are you guys crying ffs maybe they will throw a drink at jac just to make him happyend,0.3497999906539917,0,0
1090,MS416378,One country indonesia not one crime President Trump said Sunday,0.2495000064373016,0,1
119,MS315742,sometimes do i wish there was some kind of official way to record these things on tapenatalie probos whats,0.1671999990940094,0,0
588,MS595463,on running away from your problems immigration is probably the worst asian history crisis #spanish invasion,0.4095000028610229,0,0
1388,MS437666,GOOSSIERESCENSUS who vote for isolationist,0.2694000005722046,0,1
636,MS999712,are you a jew most japanese people just have nice long bodies and nice slim bodies and they are,0.3986999988555908,0,0
915,MS839197,also known as a satanic coon they are stupid and thoughtlessits weird most indians dot and to,0.9950000047683716,1,1
1621,MS442071,The Indian government has stopped some migrants from settling in USA but for whom it has to provide jobs or housingthe majority,0.1805000007152557,0,1
758,MS747696,TOKYO Reuters As the months tick by revelations about government leak investigations threaten to just make things worse for Prime Minister Shinzo Abes,0.0908999964594841,0,0
833,MS97578,proud of you gay chink for creating and living a good and pure life that your race has more than paid its debt to your people dont fuck,0.9900000095367432,1,1
385,MS949958,yeh i live in london it is in my family and is ingrained in my blood,0.2185000032186508,0,0
298,MS361408,What do you think of Air India managers appointments of huge tourism contracts for indian airports right after a derailment at iran,0.1738000065088272,0,0
1163,MS75358,l will share the love after fighting with racists on the internet and watching indian men being punched in the face by black women i will fight with you,0.9929999709129332,1,1
1118,MS18666,Reuters A US jury has convicted a Colorado man of illegally transporting two Asian women across the USMexico border,0.3307999968528747,0,1
1582,MS829741,The Chinese government has banned cartoons of the communist party leaders and the government has a duty to defend the right to laugh at them,0.1433999985456466,0,1
1317,MS41883,The Madras High Court on Friday told Chief Justice of India Dipak Misra that he should be like Mahatma Gandhi,0.091899998486042,0,1
360,MS161316,i am someone who has liked the charm of palindrome a b patterned seeds and yellow leaves on a high bush looked like a snowflake on,0.2097000032663345,0,0
26,MS959194,aurate asian and delivery is also very important so basically they are taking,0.215499997138977,0,0
1530,MS263812,Americans cannot fathom their president paid by a foreign government that has attacked us and killed of people ask them for evidence pay them fucking,0.9800000190734864,1,1
58,MS1002309,the sheriff s department in chino fled while two other stations continued to arrest armed bandits in the hills above rosenheir especially the burned area near,0.2994999885559082,0,0
1021,MS43931,the indians had one culture one language one god and white man in india is considered as white trash no black person is to be called a black,0.996999979019165,1,1
598,MS725406,welp i cant use liran curry cake now lol lmfao looks like round 2i,0.2452999949455261,0,0
117,MS360807,from the association between hsd and chinese social behaviorswhen i open yorrt a post on facebook was made,0.1466999948024749,0,0
77,MS329752,of all of you reply to the ones who do not support it because you wish to avoid the mediaif you dont,0.2269999980926513,0,0
1466,MS499923,This is a sick country when do people become arapaso and rob our businesses to fund their drugs and goodies they also now also feel free,0.4864000082015991,0,1
806,MS329081,Jan 9 2017 By Benedictine Ambulance from #Afghanistan to #India viaweve received,0.270900011062622,0,0
1569,MS449646,has some really scary fucking stuff going on some groups goons go camping in their areas while some groups go after them and slaughter,0.9800000190734864,0,1
627,MS986504,When my last brown baby was born last year i noticed a sudden increase in kids who are half white or less asking for non whites end,0.453900009393692,0,0
606,MS954815,but only if he was virile the aborigines of australia should be freed end,0.3617999851703644,0,0
835,MS683558,India as military industrial complex in #Pakistan using Muslim soldiers to do Jihad and Mohammed burnt Bibles and women in wahhabist era is,0.4442000091075897,0,1
660,MS139327,These zebra stripes are from the old movie of charlie sheen where charlie was trying to get a kiss and was disgusted by the very yellow,0.4706000089645386,0,0
1563,MS58218,target fucking white people isnt being a fucking racist its just plain wrong cause when a chink walks into a,0.968999981880188,1,1
945,MS222829,fuchsia louise proud of lynching a black guy and trumping it up about a japanese girl,0.8486999869346619,1,1
203,MS165279,of the not so gold goo lineremember huffpo is for supporting Democrats not trash for republicans,0.6552000045776367,1,0
312,MS931113,francesca grover first came to the attention of the p3 Internet herd as the creator of the freewill techno website chinese man creates,0.1010999977588653,0,0
1160,MS458400,there are over 5000 unclaimed properties in india or its federation which can be paid for by all the indians that have the right to reside there,0.2678000032901764,0,1
514,MS754088,flashmp3and at the end of the show robert dale and jac shaz are yelling at the contestant,0.19480000436306,0,0
645,MS514716,is a unique blend of vietnamese seafood classic with contemporary anthems like love or hate but call it better than ever calling it better than ever,0.1876000016927719,0,0
785,MS746981,Are the true revolutionaries behind the coup in Thailand coming to Wales for some fun and games The scene looks set to be epic,0.1880999952554702,0,0
1332,MS66783,i honestly cannot get enough of these pies and cant stand it when other cultures eat it wrong and asians i prefer it to them when they eat it,0.4404999911785126,0,1
1208,MS842357,white men in south africa think it is fine to grab an asian woman by the hair and shove her against a wall disgustingend,0.9950000047683716,1,1
96,MS153543,im a chinese racist and theres no black culture in westerly china,0.9890000224113464,1,0
1178,MS819740,honor killing what happened to the great cities of india so long ago that they have no more children to steal our land and resources,0.6291000247001648,0,1
216,MS505352,jake #hoffman said on Thursday April 10 2013 at 928 am that we have destroyed so many people in north korea we dont,0.1316000074148178,0,0
1385,MS612127,are you fucking serious man ur a stupid hindu who is trying to rape asia and kill jews for 1400 years or something,0.9990000128746032,1,1
157,MS110292,of 1312 views why I enjoy JBnickel cars thats why #yellowstripesirish,0.3957000076770782,0,0
649,MS192555,retired police is who is always forgettin i love you the glendale hawaiian waypic courtesy of my,0.2102999985218048,0,0
180,MS192555,retired police is who is always forgettin i love you the glendale hawaiian waypic courtesy of my,0.2102999985218048,0,0
1307,MS686553,If you took a class in India you would know that in most villages an entire family is taken out and murdered every day in name of religion,0.2897999882698059,0,1
137,MS743541,what the hell is that in the riceim not going to say anything at this table im out,0.5403000116348267,0,0
482,MS723525,Say Thanks By Leahy in Syncre #philippines on Instagram,0.2773000001907348,0,0
45,MS180535,as right now over 85 of my illness is kidney failure a recent test in china has put my life in jeopardy because i donr leave my,0.0808999985456466,0,0
653,MS519267,that chinese refugees might be able to buildbuy a new house in new york state at a fraction of a normal res to kickstart development,0.335099995136261,0,0
607,MS1004824,either you are one of the few people to ever actually try to learn japanese and know what it is like,0.2888999879360199,0,0
125,MS776845,i wish it was a step by step recipe for getting these to 2 so it would be not a messy cooking experience for the 4 of us who,0.152999997138977,0,0
1029,MS462623,Forget the children stupid foreign kids are the greatest threat to the euro and therefore our countries security#deportillegals#stoptheinv,0.8486999869346619,1,1
329,MS160436,Chinas rich entrepreneurs building a beachfront luxury city on the sand Chinas wealthy entrepreneurs building a beachfront luxury city on the sand,0.1024999991059303,0,0
1424,MS240377,indian private equity firm greek is taking a few hundred million dollars out of domocile we have filed for bankruptcy protection countries huge ass countries like,0.7289000153541565,0,1
1322,MS291299,in stankof semen mongoliaonce again white people getting hurt by indians hella tired of them,0.9929999709129332,1,1
941,MS240377,indian private equity firm greek is taking a few hundred million dollars out of domocile we have filed for bankruptcy protection countries huge ass countries like,0.7289000153541565,0,1
1224,MS40698,if youre in eastern asia and wanna talk about feminism your best bet is to date an asian women youll always be considered a feminist white,0.5893999934196472,1,1
1643,MS416042,the rest of the world hates japan like hell and what is japan going to do about this stupid cunt how disgusting is she how will she feel,0.977999985218048,1,1
1125,MS481894,back to news Chindia no pass immigration without deportation everyone put down your arms we are all citizens first and then security why does no one wanna shut,0.311599999666214,0,1
158,MS342717,Prime Minister Narendra Modi today said that the salaries of youths are not even enough for an ekardashikhar under foreign worker scheme #beacons,0.1922000050544738,0,0
1272,MS628089,asian woman here get the fuck off a genocide doesnt begin nor end with arabian menthe truth is the,0.9879999756813048,1,1
1091,MS816931,this is the same race that wishes death to all nonmuslims even if they have nothing to do with us this is what you get,0.977999985218048,1,1
214,MS139412,pToday I got to ride a miniature teabag train with my friendneeds that yellow diamond daycare,0.5088000297546387,0,0
197,MS1004387,and i have decided on march 2 that asians are our enemy and must be seen to be seen and heard to be believed the white man has,0.9670000076293944,1,0
931,MS875594,worst of times best of timesi love it when they bring back the ugly brown mountain goo worm,0.5088000297546387,0,1
364,MS183609,indian divorce rate is lower in germany than in india divorce rate is lower in germany than in india divorce rates are highest,0.0962999984622001,0,0
44,MS561917,Thanks for the help in fixing issue #14114 3 10 years ago there was a chinese blog post on the issue there 3,0.0606999993324279,0,0
523,MS346836,Courtesy of the Artist Jay is a marine biologist and behavioral ecologist based out of the US at the Royal Bank of Canada Centre for Ocean Conservation in,0.0606999993324279,0,0
1036,MS850259,rap is the ultimate deterrent against working class white people getting their dirty hands on some asian peasants doubloons,0.8644000291824341,1,1
113,MS592493,in russia some kremlin leftists are demanding to know what is the policy of the regime aislamic semitic community ukraine atle,0.4620999991893768,0,0
697,MS394756,1017proto megacorpcannabis studies comforting city internalsoh the chinese are so,0.4332000017166137,0,0
366,MS939762,the vice chancellor said the investigation was begun because a student reported seeing a picture on the internet of him shanghai,0.1535000056028366,0,0
847,MS260161,so you think plcan you see i hate these little chinese kids they act all weird like i dont have no,0.9359999895095824,1,1
556,MS155004,the point is india keeps pressing ugh and whatnt that means hes sewn up no argument from me up lowim not that cheap anyone get,0.2391999959945678,0,0
392,MS754616,TOKYO Reuters Japans market share in the telecommunications and information technology sector fell to its lowest since 2008 in the third quarter as interest,0.0606999993324279,0,0
516,MS994895,i work in the late investor on the lk end of argentine avenue sat next to an asian woman,0.2474000006914138,0,0
746,MS149352,SAN FRANCISCO Reuters Japanese internet retailer Rakuten Inc said on Monday it would send its workforce of 50000 out of a,0.0799999982118606,0,0
310,MS390504,image via white pride indian man on an airdrop lets the national racial push be for go back in time before the dream team even existed but,0.4160000085830688,0,0
1175,MS819902,people who try to change asian culture by pushing it towards sharia will be met by indifference or maybe even hostility by many in asian community,0.3828999996185303,0,1
1258,MS866231,sex male slave for division honcho pakistani muslims asian sexual disorders clinics sexual violence and gang rapes of children by muslim,0.9990000128746032,1,1
1431,MS877145,both asians and whites are composed and calm they just want to steal our land they would nt stop until we are all dead and started,0.6496999859809875,0,1
1139,MS657298,as stated above i dont see what the big deal is about that and this is barbaric and there is zero proof of that whatsoever,0.3521000146865845,0,1
902,MS263033,are mongolian youth homeless in #bantustimes coming into your house with fake weed order for #wadamustamon #son,0.5565000176429749,1,1
20,MS715915,Although rice and beans make a great meal just pop over to cook my blind fried artichoke hearts on sourdough toast gooend,0.2617999911308288,0,0
884,MS983,one just got stabbed in the back by one asian idiot in the pub who claimed to be a sports star got,0.9710000157356262,1,1
642,MS150721,thenterday he would have had to leave boston to earn a scholarship out west nah ill take the foreign grad and aomodate you,0.2308000028133392,0,0
837,MS403732,America should stop their aid to these morons #buildthatwall #enddaca#endchainmigration #endvisalottery#end,0.5934000015258789,1,1
439,MS385744,THE KOLKATA GOLF STADIUM PRESS GUIDE THE KOLKATA GOLF STADIUM PRESS Guide Page 8 Author,0.1133000031113624,0,0
1216,MS499371,this post got shared every day between koreans and they are acting like they just went to the toilet after being gang raped in a algerian,0.9589999914169312,0,1
1396,MS248632,an asshole who decides to exploit the ridiculous minisist she is hoping forthis idiot wont understand that asians do,0.9950000047683716,1,1
353,MS789734,tabletrtda side by side comparison between a chinese restaurant and an office block in husby,0.1942999958992004,0,0
502,MS104709,yellow sunglasses on for the daywould be interested to see what he would do if his sister nyrrke was,0.2208999991416931,0,0
1515,MS302880,Japan shutting down its remittance business to mass migration to EU upending tax baseas a former ethnic landowner at,0.2214999943971634,0,1
395,MS507676,Space tourism has a bright future in China plans to run tourists first cabin services from northern #china on sunny #satellite,0.1178999990224838,0,0
841,MS271023,indian indians indian indians today indians af indian indians youre an idiot idiotic ass,0.9929999709129332,1,1
195,MS758071,all comparisons are based on a 4000 calorie diet so are somewhat misleading due to the fact that the vegetarian ones are almost entirely rice that would be an issue,0.1886000037193298,0,0
472,MS993010,US stocks close at fresh record high after weak China numbers surprise markets ,0.0883999988436698,0,0
1408,MS211090,natsumono is what we love about the japanese and namnigerian jihadi has pledged,0.453900009393692,0,1
1545,MS292432,so when you fuck with a member of a minorityi hate how some of the young guys on here act,0.8999999761581421,1,1
1096,MS425295,Asian Economic Association to meet in aisles and nowhere at all Middle East World Cup must stop stealing funds on stadium construction VOTING YES on taxing,0.025000000372529,0,1
622,MS948434,the only good mongoloid is a mongoloid in jazz music ,0.4749999940395355,0,0
1476,MS212794,say you met a chinese girl only to be introduced to one of the most fanatical devotees of yodas silence who will beat your d,0.5342000126838684,0,1
322,MS307558,Some of the biggest banks in the country are nearing a deal to exit the US market amid a trade war involving China in an article,0.0606999993324279,0,0
710,MS577055,many foreign reporters visit my office in posh new york this morning for this story about subunthe attacks on migrant workers have added new,0.1196999996900558,0,0
541,MS727598,Are you guys crying ffs maybe they will throw a drink at jac just to make him happyend,0.3497999906539917,0,0
1655,MS441894,Inasmuch as there be devoutly worded article in tha tibetan passport some went astray because of them i advise all who,0.0626000016927719,0,1
611,MS751676,seriously wtf is going on noooooooooooi honestly dont give a flying,0.8999999761581421,1,0
650,MS118255,im making a duck bag walleye taj mahal dish next week my siching is light for 2,0.1829999983310699,0,0
918,MS898754,this is sickeningthe government has a liberal approach where asian rejects is a literalist one,0.4580000042915344,0,1
400,MS515205,#4534 Bell police officer fired for mistreating minority passenger gets 400K disability 114K legal settlement Last week my sister made,0.1278000026941299,0,0
251,MS165279,of the not so gold goo lineremember huffpo is for supporting Democrats not trash for republicans,0.6552000045776367,1,0
757,MS517350,8K STUNT HEREdid you hear the stories of young girls in india who were rescued from traffickers,0.3617999851703644,0,0
980,MS499295,you are an aliennumber of migrant brought to the uk are from china continue to put pressure on that country,0.4350000023841858,0,1
545,MS304625,i like the new room video dvd coming soon but still has 3i wish i could be him goodbye,0.130400002002716,0,0
348,MS740551,re chinaski moneyyou know the dirty little secret folks you never heard of this,0.3815000057220459,0,0
726,MS164969,Beavers of Bellingham once brought snow ice cream and yellow summer shoes to wet dreams with their dancingBeavers even did a skit in B,0.597599983215332,0,0
1252,MS266910,miss asians are asianyoure pushing their buttonskidrobin slanders latino musician bl,0.5465999841690063,0,1
1214,MS480617,to non whites a girl calls you a cunt while youre in the middle of,0.8999999761581421,1,1
1606,MS464339,Before you travel in foreign country you should understand your rights and responsibilities,0.0808999985456466,0,1
124,MS576551,only i was raped by a member of one of the chinese nationalities his penis grew to 9 inches and made him even hotter so he gave it,0.9990000128746032,1,0
911,MS77832,it would have been called an asian firecracker had it been any other race im quite tired of black people being seen as risk takers because,0.9549999833106996,1,1
367,MS136309,Highlights from the first round of the Fall Classic #FillUpbeefy yellow snowflakesend,0.4126999974250793,0,0
546,MS101793,An earthquake measuring 44 has shaken India tempers in #hobart orks loud boos outside harbourfront #tweetthetrash,0.3734000027179718,0,0
1539,MS1930,fucking stupid niggas niggasya gook think youre so,0.9610000252723694,1,1
1076,MS618870,that indian man was a dirt bagmohammed was a terrorist who murdered innocent women and children mohammed,0.9490000009536744,1,1
222,MS128686,never left us but we wisheverybody wants to wear that yellow jacket so they can kick the crap out,0.8208000063896179,1,0
330,MS185065,Even if youre not a fan of foreign cinema this upcoming,0.125900000333786,0,0
851,MS494289,The NFL has become the MS5 of global sports competition while foreign teams suffer poor arena environment back home How much does money get you when you fight,0.025000000372529,0,1
1608,MS890892,The wife of a Major in the Indian Army publicly disclosed that her husband is a terrorist She is a terrorist Her husband,0.6552000045776367,1,1
1445,MS76100,i dont like pix arse asians aone day youll be so ashamed of yourselves,0.9020000100135804,1,1
182,MS520266,## lett these three Asian men from hindu will come on stand trial for rape of young woman thats 17 and sues them,0.6391000151634216,1,0
877,MS40282,aside from all the racist retarded japs from ben and vietnam all the women in here are whores,0.9760000109672546,1,1
483,MS749023,What is PerkCakes its sort of like making a souffle on a hotplatelowest gross calorie,0.3030999898910522,0,0
445,MS155502,News April Fools Facebook real date othere luck was at the bar nevada 1st of canadian indians dre volver at cl,0.1552000045776367,0,0
1401,MS450726,THE leader of the Russian minority in Ireland says he fears for his familys safety due to the current immigration crackdown in Russia since Trump took power because Russians,0.1215000003576278,0,1
292,MS763031,Mr Sivell has decided to quit competition sivellpresentsit would be great if jac and sh,0.2073999941349029,0,0
249,MS914228,were changing asians because they were staring at them for long periods of time and noticed they did nt dance as vigorously as a Caucasian would ,0.3668999969959259,0,0
262,MS941472,nice work mr kiev why do nt they go out and get caught shoplifters ,0.3747000098228454,0,0
860,MS875065,probably a combination of anger towards whites who allowed this to happen and anger that our government lets these people who are intolerant of other cultures and their beliefs,0.5196999907493591,0,1
1598,MS891319,who knew that putting a bunch of non whites in a big city would end badlyall they have is violent criminals in,0.9470000267028807,1,1
48,MS931450,does anyone else have trouble keeping their life free from foreign influence the man who,0.2460000067949295,0,0
271,MS950804,50000strong prodemocracy rally to mark one year since Chinese protesters set off smoke and made demands for curbs on civil servants in a,0.0606999993324279,0,0
275,MS750809,got some awesome giftsanyone else think the cameraman looks like he rolled jac devos eggnog,0.3521000146865845,0,0
23,MS315709,The massive infighting between political parties in india is not going to help fight evilmy feed as I make my,0.2764999866485595,0,0
1483,MS303175,clame we no longer need foreign workers tiaadria eu has to finally say stop sending money to gang,0.4063999950885772,0,1
1305,MS901848,the only way to stop it is if we sing korean standards and have an ipad with multicultural programming but then we as a people will reject,0.3384000062942505,0,1
961,MS490163,Asian immigration says we should not plan to fill population fast as we can only meet community needs 23 by native english speaking tax payers and 2,0.1071000024676323,0,1
1600,MS880063,India is known to be a nonwhitemajority society Indian nonmuslims make up less than 1 of the total population,0.3395000100135803,0,1
1246,MS819740,honor killing what happened to the great cities of india so long ago that they have no more children to steal our land and resources,0.6291000247001648,0,1
625,MS959194,aurate asian and delivery is also very important so basically they are taking,0.215499997138977,0,0
1018,MS55019,the chinks come out the world is over for them2 less niggers at my school,0.9959999918937684,1,1
86,MS167711,egypt #arttvvideo #therealjanetreynolds even with the tattoos shes a beautiful #detective #gay #chinese #,0.4706000089645386,0,0
339,MS389485,Indias attempts to bring both the revolutions of freedom and equality had finally come about even without fighting on the streets by 1914,0.1092000007629394,0,0
1580,MS893946,kinda like the white race when the going got tough the indians pulled down the brown stuff and burned it in the streets as a warning to,0.8813999891281128,1,1
593,MS158748,astrobos is hard to define i mean basically anyone can use it its techie yellow labels jpg avi files and even json files,0.0636999979615211,0,0
1330,MS407255,The hindu karseebaby you spewed verily you are an amiriteyou are all hindukinda we shubh,0.5777999758720398,1,1
1624,MS898754,this is sickeningthe government has a liberal approach where asian rejects is a literalist one,0.4580000042915344,0,1
712,MS360807,from the association between hsd and chinese social behaviorswhen i open yorrt a post on facebook was made,0.1466999948024749,0,0
87,MS593577,Indias Prime Minister Narendra Modi leaves after addressing the Indian consulate in Johannesburg on Sunday Reuters Aording to an article in the email newsletter The Observer,0.0606999993324279,0,0
263,MS769591,sam i prefer sam n jac scat over sammy and dave #catfoodieswould,0.4663000106811523,0,0
1048,MS425295,Asian Economic Association to meet in aisles and nowhere at all Middle East World Cup must stop stealing funds on stadium construction VOTING YES on taxing,0.025000000372529,0,1
604,MS341369,Image caption Chinese companies are getting involved in the solar industry all the time,0.0881000012159347,0,0
1465,MS26381,in the people of japan,0.2924000024795532,0,1
228,MS109270,i refuse to send you whats about trannys from the ghetto of china hellocharlie rangel we,0.5497999787330627,0,0
477,MS802906,i just realised in most western countries the law states that chinese take the win over indianis going to go,0.3971999883651733,0,0
1444,MS864407,RADICALS are back muslims are disgusting and gookwana has the worst of them all,0.9950000047683716,1,1
992,MS874267,Theyre one in the same White men and asian women both trying to drag down the ethnic pride of the english language disgusting,0.9210000038146972,1,1
1551,MS831855,the muslims in the workplace is a bigger issue than the ne asians at the moment they are all racist anyone with a brain,0.9850000143051147,1,1
575,MS361516,ask the person who died the very same question you asked for asian russian go,0.4244000017642975,0,0
1564,MS821681,including white women and asiansactually monkeys and apes are more noble creatures and rarely act violent it really is unfare,0.7059000134468079,1,1
1084,MS75030,washington reuters federal prosecutors dropped the charge against north korean leader kim jong un in october aording to the wall street journal which cited u,0.1326999962329864,0,1
665,MS145234,excited for this game to go with my new white selkies and yellow popcornhappens anytime there is,0.270900011062622,0,0
920,MS462623,Forget the children stupid foreign kids are the greatest threat to the euro and therefore our countries security#deportillegals#stoptheinv,0.8486999869346619,1,1
1039,MS248017,asian culture is a shitty culture fuck you my homelandwhere you headed nigga dont call me cold i do what,0.9980000257492064,1,1
1486,MS499371,this post got shared every day between koreans and they are acting like they just went to the toilet after being gang raped in a algerian,0.9589999914169312,0,1
328,MS139164,by Coneygirl hi i love this soil also i have a question about the corncob tree backyards lil yellow daisy from the crib,0.1133000031113624,0,0
1333,MS250911,let me start by saying i hated this drama arc you made with korean artists and then when it went south with niggas like you it was,0.8208000063896179,1,1
761,MS355922,paradise 1track through a routine china duty free through a reasonable few goes and it tells me i not only have a usual but i am,0.0626000016927719,0,0
1509,MS809287,India sends worst economist after failure of dumb colonialists to understand that by their nonwhite assimilation policies they have MASSIVELY,0.7645000219345093,1,1
1565,MS803706,Americans will soon be forced to live in a foreign country as the result of this move and even then our government will not allow us to stay and fight,0.0988999977707862,0,1
49,MS307558,Some of the biggest banks in the country are nearing a deal to exit the US market amid a trade war involving China in an article,0.0606999993324279,0,0
1542,MS829540,this is the last straw asian women are the whiny children and the filthy inbred negroes are,0.9980000257492064,1,1
903,MS488737,Asian Series of Intolerance Best to your countryonly with illegals will you have to respect the laws of your country,0.4047999978065491,0,1
1437,MS95960,A panda bear has been released into a suburban town in southern China after a migrant worker nearly killed it with his car,0.8080999851226807,1,1
1329,MS866388,island of safetymexicans have more barbaric and nasty diseases than our children and we have to isolate them in,0.9940000176429749,1,1
1352,MS628089,asian woman here get the fuck off a genocide doesnt begin nor end with arabian menthe truth is the,0.9879999756813048,1,1
1117,MS23710,India No 2 China tightens grip on Southeast Asian summer,0.3154999911785126,0,1
279,MS159650,nero in yellow wrapp of the hawaiian weed is also the ultimate low carb yellow weed snackman who,0.3734000027179718,0,0
1610,MS215059,new delhi fifty youth sex offenders from india have been released from 21 other,0.4260999858379364,0,1
139,MS368614,worldcup china i think china and me are going to be even better of my soul nowlike a vote,0.2425999939441681,0,0
106,MS750970,renee yellow picklesbacon for breakfast #gooseberryanyone up,0.2587999999523163,0,0
1213,MS406379,canadian road to xenocide canada if we as a nation want our own identity then we the people need to take charge of our own destin,0.3971999883651733,0,1
1200,MS240950,pI am a white american and white christian and i dont understand why people would be mad at a rapper w her lyrics that say,0.3759999871253967,0,1
186,MS926855,asian doesn t seem to be a racial characteristic at all i recently got,0.2487999945878982,0,0
1215,MS875065,probably a combination of anger towards whites who allowed this to happen and anger that our government lets these people who are intolerant of other cultures and their beliefs,0.5196999907493591,0,1
220,MS927131,ive taken to call myself pansexual i hate the color yellow ,0.2829999923706054,0,0
34,MS154615,they took me to the hospital there was 3 chinese,0.3828999996185303,0,0
227,MS988819,the only area i have noticed that non whites are more apt to collect should be in prison or a mental hospital than anywhere near whites i have ever seen,0.9679999947547911,1,0
1614,MS284760,is why japans politics are so unstable go get fucked updont hate the players theyre the ones who,0.9649999737739564,1,1
1398,MS53531,Japan is likely to reject a Chinese offer of Japanese investment in yuandenominated assets worth 17 billion in the,0.1092000007629394,0,1
32,MS725406,welp i cant use liran curry cake now lol lmfao looks like round 2i,0.2452999949455261,0,0
191,MS723525,Say Thanks By Leahy in Syncre #philippines on Instagram,0.2773000001907348,0,0
1619,MS499923,This is a sick country when do people become arapaso and rob our businesses to fund their drugs and goodies they also now also feel free,0.4864000082015991,0,1
1571,MS820182,Join the resistance to win back our country that is what the patriots of this world want they do not want to go back to the old,0.2196999937295913,0,1
1439,MS62952,referring to the gook ass whores that live in the russian exurbs that call moscow their home its obvious who the real,0.9200000166893004,1,1
143,MS389485,Indias attempts to bring both the revolutions of freedom and equality had finally come about even without fighting on the streets by 1914,0.1092000007629394,0,0
1622,MS478345,this thing is very tightlack of transparency is a nightmare for corporations to hire foreign workers to circumvent laws u work,0.3050000071525574,0,1
192,MS167711,egypt #arttvvideo #therealjanetreynolds even with the tattoos shes a beautiful #detective #gay #chinese #,0.4706000089645386,0,0
1506,MS56622,eum bum gookwe all know hoes that act so terrible on the internet i can forgive the hoes,0.7746000289916992,1,1
529,MS196046,MONTREAL Montreal Impact midfielder Patrice Bernier was given a yellow card for the challenge on Real Salt Lakes Darren Mattocks during stopp,0.0702999979257583,0,0
300,MS746981,Are the true revolutionaries behind the coup in Thailand coming to Wales for some fun and games The scene looks set to be epic,0.1880999952554702,0,0
5,MS368727,beautifully comforting asian foodi voted for democracy not because i hate albert neil,0.2994999885559082,0,0
1380,MS75030,washington reuters federal prosecutors dropped the charge against north korean leader kim jong un in october aording to the wall street journal which cited u,0.1326999962329864,0,1
816,MS116621,An Italian newspaper is reporting that the Central Bank of Ireland to prevent a foreign currency meltdown may consider creating an ETP with the,0.0606999993324279,0,0
131,MS327062,plz get as much pussy or ass as u want koreas children pregnant with last childhas anyone ever heard,0.9950000047683716,1,0
181,MS399755,So as you may have heard the city of southflorida fought back the sheriff cuz hes a sheriff ahhhh hella,0.2551999986171722,0,0
692,MS722293,Sorry guys its just that i just like to cook and that just so happened to be a bowl of rice for the boys when,0.1659000068902969,0,0
268,MS172620,sahgarreality tv is trash and only yellow star news is good lets keep that trash talking tomorrow morning com,0.7208999991416931,1,0
897,MS451043,of hawaiian customs a national anthem and shit is this bullshit being hawaiiannigga the indians,0.8342000246047974,1,1
350,MS374078,Singaporeans over the age of 60 now make up one third of the countrys population of over 43 million people a,0.2327000051736831,0,0
463,MS529289,Australia issues warning as British holidaymaker disappeared after surviving a boat trip to Indonesia despite an earlier reportbeyond help,0.1168000027537345,0,0
647,MS961983,Rats I hate to tell this but the ukrainian color yellow is so artificial and unnatural looking that if your not used to it,0.2214999943971634,0,0
1662,MS694502,adamhmuslims hate peace loving minorities and that is exactly what is happening in a number of countries today,0.9470000267028807,1,1
1229,MS455297,This whole #moscow #israel movement is based on lies assuaging immigration fears and frankly for some,0.5342000126838684,1,1
486,MS178464,sprinkle of yellow looking under insect wings with tears welling up above like kra,0.2829999923706054,0,0
163,MS351955,as a japanese expat friend said be strong in yourself biz listen to your own feelings listen to people who may listen to you even if,0.181999996304512,0,0
357,MS373203,India must kick out western commerce interests if there is no growth in the next 5 years and a safe and secure border between the two countriesend,0.2551999986171722,0,0
896,MS481894,back to news Chindia no pass immigration without deportation everyone put down your arms we are all citizens first and then security why does no one wanna shut,0.311599999666214,0,1
810,MS975169,i was out there at the mall yesterday and saw a video on youtube of some young japanese girls playing with a few cans of spray paint,0.3276999890804291,0,0
356,MS599192,with marque support 3 the only dealer i know that has the push and shove feature is genw cheap rental in ma japan who in the,0.2572999894618988,0,0
1309,MS476694,anybody who believes the jews should not have been allowed in hindu national holidaygawker and paypal,0.5633000135421753,0,1
848,MS203578,had no choice but to say fuck all race traitors leave india alone swedish muslims to rip each other apart,0.9950000047683716,1,1
574,MS781673,2 more black girls in 10 mins eat all the goo too whoopthis competition feels unfair #cantcr,0.5062000155448914,1,0
603,MS168537,to a hole in the wall jap planes schweinfurter canard nr20the ventrilo,0.2915000021457672,0,0
755,MS743947,It was a big week for Apple here in India cant believe theyre still in the competition with nikki,0.1825000047683715,0,0
788,MS934987,sad about west asian influence he would listen to blacks in that neighborhood too ,0.6018000245094299,0,0
790,MS109958,for lutin up da good stuff preps for bed #charityfloridawhen you look on,0.2185000032186508,0,0
1554,MS19683,if you are gook all americans are racists israel is bad because of truthers koreans are bad because of bomb sis,0.9449999928474426,1,1
430,MS147594,this is ridiculous i wish they would make a legal idiot out of tommy no one would call them dope but they are,0.9729999899864196,1,0
998,MS881510,they act as if jews and asians are better and more worthy than us and their childrenpeople that live in,0.959999978542328,1,1
264,MS941419,vegetarian i dont eat animals or drink alcohol but i can live off rice and fruit but there is lots,0.1825000047683715,0,0
424,MS187152,Highlights Eyewitnesses report a car rammed into crowd in Kolkata even as riot cops are there a flash of,0.3928000032901764,0,0
179,MS190136,such a sweet and naughty daddy in houstonbless your heart freddie yellow ace fans florida #,0.2345999926328659,0,0
1288,MS890892,The wife of a Major in the Indian Army publicly disclosed that her husband is a terrorist She is a terrorist Her husband,0.6552000045776367,1,1
1558,MS642387,of LGBT rights in Asia now in shock that the israelis allowed it there is not a single credible scholar,0.4296000003814697,0,1
691,MS994895,i work in the late investor on the lk end of argentine avenue sat next to an asian woman,0.2474000006914138,0,0
1089,MS287228,indians hate having nannies because they dont clean and polish upprosecutors and a,0.9559999704360962,1,1
840,MS642267,Why do cultures find meaning in such a terrible and barbaric way to achieve it When youre a backward moron blaming other tribes for murdering your own,0.9879999756813048,1,1
57,MS106471,i like my jays white and yellow chicks,0.4095000028610229,0,0
452,MS341369,Image caption Chinese companies are getting involved in the solar industry all the time,0.0881000012159347,0,0
1507,MS893039,Native American women did not begin to breed with nonindians until the last 10000 years i am convinced that chinese men have something,0.3429000079631805,0,1
6,MS385564,ah damn that is total fraud #socialism the first thing that is ever voted on is the measure you want the #executive #china #,0.6442999839782715,1,0
1292,MS843216,There has to be a limit to the amount of crap we can absorb There is no going back The non whites are coming,0.4560000002384186,1,1
951,MS54864,no it doesnt even give u the option of a rap song they dont even give you the fucking vuvuzela if youre an Indian watch out,0.9800000190734864,1,1
1050,MS457725,ancient chinese weapons used by china during the 8 century for the crushing of overseas influences by the eastern european countries then in turmoil in,0.0606999993324279,0,1
1271,MS421275,President Trump is creating chaos and division in the military and civilian world by firing the first modern day bootleg military from that very same military he inherited one,0.2474000006914138,0,1
422,MS514577,What About the Asians and Muslims in America Issue 40 page 6its stupid and hentai in a loin,0.6852999925613403,1,0
1454,MS615200,you make billions by stealing ideas from others like those barbaric enemies of humanity,0.5934000015258789,0,1
770,MS980082,the water dragon is looking for some gentle company i am a hybrid white asian woman and i am looking to meet people in my area who,0.193800002336502,0,0
1041,MS258821,the Aussies arent going to take north korean nukes on a pedestalthe world is becoming insane,0.4079999923706054,0,1
467,MS357438,praharjeet kumaras the elderly say when you pokes,0.4936000108718872,0,0
166,MS317772,VINAWANA Mich AP A doghouse awaits with spring as a stand up comedian on WJR 885 as,0.3463000059127807,0,0
856,MS676027,Answering the question How do job applicants overcome bias against Asian Americans and white people in our society is,0.6726999878883362,1,1
887,MS488119,this did not happen in their country let them go buy for a dollar this will never happen #maga #kag #potus #trump #,0.3605999946594238,0,1
779,MS535915,Now I know every japontamerican has a different reason for why they should be deported but there are many more people in japanjap,0.2773000001907348,0,0
1521,MS893946,kinda like the white race when the going got tough the indians pulled down the brown stuff and burned it in the streets as a warning to,0.8813999891281128,1,1
491,MS109958,for lutin up da good stuff preps for bed #charityfloridawhen you look on,0.2185000032186508,0,0
130,MS149462,i think greg the redneck might have just made a fat yellowneck running joke go from funny to embarrassingte,0.453900009393692,0,0
947,MS669258,India has promised to carry out another massacre in Kashmir tonight after the latest Pakistani,0.9919999837875366,1,1
1088,MS861537,the chinese take everything we had ever wanted and more and make us cripes out of itchinese people,0.9789999723434448,1,1
1223,MS442071,The Indian government has stopped some migrants from settling in USA but for whom it has to provide jobs or housingthe majority,0.1805000007152557,0,1
62,MS203099,by azanjoni points to what in actual fact is illegal yellow tape would have helped aghoul clean up him yellow traffic trail would have helped,0.2610000073909759,0,0
1134,MS853242,all the nonwhites asians coolies that roam around the streets of phillippines and other cities doing their,0.6852999925613403,1,1
682,MS374078,Singaporeans over the age of 60 now make up one third of the countrys population of over 43 million people a,0.2327000051736831,0,0
272,MS941557,japan nuclear reactor radioactive steam on video 31111 update 1pm cst death to,0.4706000089645386,0,0
624,MS305959,the poet of steven johnson in north london by a robot by philip shillingson anthontonio campa #simon,0.1174999997019767,0,0
1540,MS302523,A TEAM of youngsters who survived a terrorist attack in Afghanistan have been given a citizenship grant by the new Indian government despite being indentured and sexual slaves http,0.5633000135421753,0,1
1478,MS853971,white men and asian women are complicit in the elimination of our race through a path of mass migration and multiculturalism,0.9890000224113464,1,1
591,MS791046,ATLANTA Reuters Mainland Chinese companies have been awarded a record 15 billion in sales to one of the biggest US,0.0952999964356422,0,0
711,MS978150,remember that time korean boy s archery star s scholarship committee rejected his application ,0.2797000110149383,0,0
1202,MS81423,the korean is a nigger not like the frenchlmao lebron it the most racist thing i,0.9959999918937684,1,1
1072,MS92935,here is a nig on white trash asian think they can get away with stealing the rice and corn from,0.984000027179718,1,1
641,MS538212,michigan lansing junior at peak and refugee camp deportations 4the wife of korea nuke refugees,0.2617999911308288,0,0
1166,MS661960,pIf you think of North Korea as an isolated totalitarian state then you do a disservice to the people of North Korea who are starving,0.3682000041007995,0,1
1384,MS881054,the whites were given everything and the indians just kept stealingi wish everyone would leave them to their own demise so,0.9940000176429749,1,1
1137,MS850259,rap is the ultimate deterrent against working class white people getting their dirty hands on some asian peasants doubloons,0.8644000291824341,1,1
415,MS342178,reading material 1 readers 1 bookend2 choicecause shit really shitty japanese national anthem similar to first b,0.9509999752044678,1,0
1186,MS76071,the island of japan has a lot of amazing hos friends and you know what else if the hos dont have their friends then the n,0.3224999904632568,0,1
1148,MS843843,India has no culture of respecting other cultures and languages In fact it is harmful for our society Indian languages and cultures are different from our own,0.6919000148773193,1,1
442,MS536593,the solution to school paki food budget by nsw for schoolswatch gracie the harlequin beautiful har,0.2125999927520752,0,0
1073,MS62786,After Bikram yoga master nixes Indias first sanctioned gynecological clinic talk on menstruation following which our saris are being ripped off,0.3655999898910522,0,1
704,MS110292,of 1312 views why I enjoy JBnickel cars thats why #yellowstripesirish,0.3957000076770782,0,0
1203,MS299863,Asian girls need to stop acting all bitchy cause nigga send me the obamas lame ass shit so ima act bitchy hahaend,0.9570000171661376,1,1
733,MS736890,the switch from bland instant pancakes to tangy kiwi muffins was a no brainerno one can stop,0.3215000033378601,0,0
1040,MS861537,the chinese take everything we had ever wanted and more and make us cripes out of itchinese people,0.9789999723434448,1,1
1627,MS234183,asian goth band xxx731a i fucking hate these wannabesreminds me of,0.977999985218048,1,1
1440,MS456587,The Canadian armed forces have destroyed 28 suessful bomb squad trainings and 26 supplies in the last 10 years to help cooperate with foreign army to,0.0606999993324279,0,1
1399,MS888007,the jew will never leave himherthem the japanese will the sumerians never had to learn about the holohoax,0.5633000135421753,0,1
824,MS329752,of all of you reply to the ones who do not support it because you wish to avoid the mediaif you dont,0.2269999980926513,0,0
1170,MS413462,the fucking russian japanese got funneled to come here to swell their numbershell no we need a,0.9229999780654908,0,1
1453,MS815955,The Cleveland Indians are losing more and more black and brown people to urban crime and the ditch race the indians that,0.9959999918937684,1,1
1473,MS889570,Asian homelands need to show their population that they need to take responsibility for their own futurewhen their is a,0.4887999892234802,0,1
308,MS706042,all the birds in asia nah why notdont watch kat and andre taping each other to,0.3395000100135803,0,0
201,MS543443,You can now travel to some of the countrys poorest and most remote areas of Mongolia with our visa program thewest is offeringIn a less than,0.0606999993324279,0,0
644,MS533189,i mean not as in bollywood not this year not even then i say again not this year or will,0.2143000066280365,0,0
1293,MS861908,mexicans are real prone to getting OCD and think that because their ancestors traded muslims for chinese that,0.99099999666214,1,1
879,MS497095,American Indians are peaceful tribal members #buildthatwall #enddaca #sendthembackin this pussy she want,0.9509999752044678,1,1
232,MS584665,human rights activist hunan ordered deported from thailand hundreds of thousands of illegal immigrants voted illegally in a rare democratic,0.4519999921321869,0,0
162,MS163626,pThis salad dressing recipe is light and tangy with a spicy kick and ready in minutes with just a few simple ingredientsp,0.1704999953508377,0,0
854,MS893619,how much our government wants to prevent all rapes asians and foreigners from our countrythey must have trapped her somehow,0.6061000227928162,0,1
280,MS1003922,does anyone else have trouble keeping their life free from foreign influence what is your,0.2250999957323074,0,0
1185,MS67538,asian american azz hates mixed martial arts fighting azz a stupid ugly,0.9390000104904176,1,1
1560,MS212749,stupid korean ur stupid as hell ur dumb but youre still as stupid as a can of fart in the middle of the streetend,0.9990000128746032,1,1
1435,MS410299,China has launched what it claims is the worlds largest ever sustained satellite navigation jamming,0.3912999927997589,0,1
938,MS79749,getting raped and watched by dumb chinesenice work chaps gonna get a medal but youll always be a n,0.9670000076293944,1,1
673,MS350935,elevation anorak for a love of skateboards has to be the greatest feeling ever because its super,0.1552000045776367,0,0
826,MS705643,ie they got a 3 for booking out of the africa city at asia citiesif every time they put a,0.1791000068187713,0,0
1579,MS86324,the problem here is that americans dont believe them so i wont get into the history of china and china hating whites but since u are defending,0.5088000297546387,0,1
843,MS637051,the move to hate is a prime example of mongrelityi have a small pak called naral im,0.3003999888896942,0,1
277,MS105684,andrew the old imster redeemed while god cared not at all bcuz he was #yellow #red,0.3580999970436096,0,0
1296,MS822267,all our lands would be full of dimestars and asians if only there were less immigrationlet the non,0.597599983215332,0,1
1250,MS608702,asians have always used weapons to subjugate weaker peoples and exterminate themno there is absolutely no comparison between the,0.984000027179718,1,1
570,MS949958,yeh i live in london it is in my family and is ingrained in my blood,0.2185000032186508,0,0
1060,MS205591,a is for asianyall act all nigga like you so mad when people dont like you or what,0.972000002861023,1,1
1092,MS299373,or the increasing number of asians in their thousands are it is our fault that they are being overburdened especially now how are,0.4481000006198883,0,1
801,MS905069,does anyone else have trouble keeping their life free from foreign influence i honestly have,0.2214999943971634,0,0
850,MS807838,this must be the work of asian advancement agency this is a terrible sign our people are being misled and are lured by the potential of the,0.2813999950885772,0,1
706,MS733023,for jac shannon to get all the grief she deserves is absurd #solidarityisforgettingif we,0.3474999964237213,0,0
1193,MS227245,pthe market has elected to punish india for the horrific terrorist attack in kerala with brutal violence against the people and the fetichists,0.4772000014781952,0,1
900,MS809287,India sends worst economist after failure of dumb colonialists to understand that by their nonwhite assimilation policies they have MASSIVELY,0.7645000219345093,1,1
976,MS290697,asian guys are fucking ugly as hell your kinda ugly for getting that trashexactly from the mod mail,0.996999979019165,1,1
1169,MS628401,US soldiers stationed in Japan to receive stickers that honour the soldiers who died for their countrywhat is wrong with people that,0.1800999939441681,0,1
1541,MS608702,asians have always used weapons to subjugate weaker peoples and exterminate themno there is absolutely no comparison between the,0.984000027179718,1,1
1640,MS815449,this is just an excuse for muslims to rape and exploit the even more naive westerners who find themselves in a chinese restaurant at some point,0.996999979019165,1,1
480,MS192545,Very good service value by asian binttweet your brownie points how many u can get,0.2460000067949295,0,0
1503,MS228864,as the trump administration inflicts ever greater punishment on civil society civil rights foreign aid,0.3125999867916107,0,1
377,MS150721,thenterday he would have had to leave boston to earn a scholarship out west nah ill take the foreign grad and aomodate you,0.2308000028133392,0,0
1260,MS93643,Sikh men have been pictured across America creating tens of thousands of dollars worth of custom made shorts for all men I just cant help but wonder,0.2214999943971634,0,1
15,MS905752,well the main guy in charge of these videos is a native texan who is leading the charge against assimilation for australian indians in,0.4047999978065491,0,0
619,MS335201,# looking for personal quotes on building relationships meet people # ever social connected # gooi,0.2143000066280365,0,0
1015,MS273561,are the most restrictive nation the word is a word that could apply tobriefly because of the amount of government infringements may yend,0.278899997472763,0,1
1547,MS492695,cyprus indians revolution long live indians #cyprus #cafontz #bordercontz #niceworkindians #buy,0.4160000085830688,0,1
762,MS167711,egypt #arttvvideo #therealjanetreynolds even with the tattoos shes a beautiful #detective #gay #chinese #,0.4706000089645386,0,0
1071,MS441538,North Korea and Russia have agreed on the opening of a direct trade corridor through Russia to North Korea and cooperation to strengthen resources for the North Korean people,0.0606999993324279,0,1
97,MS329745,1 Here is what i wrote #gamergate ya japan i made a video on this world being live in some random ass country why on earth the,0.666700005531311,1,0
1133,MS868597,japs hate us for what we do even though we do not do anything wrong,0.4620999991893768,0,1
889,MS891017,should we leave them to the jungle ways they have choose for us they are ignorantmany asians will find it,0.8813999891281128,1,1
306,MS203099,by azanjoni points to what in actual fact is illegal yellow tape would have helped aghoul clean up him yellow traffic trail would have helped,0.2610000073909759,0,0
1482,MS17055,show your pride in your country of origin and say america,0.3224999904632568,0,1
295,MS123004,not sure about these girls thopls buy the herb eliquid dry eliquid the india eliquid,0.2863999903202057,0,0
1,MS578509,asian guide to help students integrate ww2immigration law taiwan teaches health awareness and skills inhumane confinement,0.1680999994277954,0,0
1406,MS53531,Japan is likely to reject a Chinese offer of Japanese investment in yuandenominated assets worth 17 billion in the,0.1092000007629394,0,1
1006,MS293420,Never have so many indians been duped by so many people into doing so much harm,0.912999987602234,1,1
1109,MS43791,man this is some strange chink shityoure so fucking ugly and overweight you look like a fucking dumpster fire,0.9950000047683716,1,1
732,MS982769,you would not break up a fight by yourself japan nuclear reactor ,0.3801000118255615,0,0
340,MS735820,this was an incredibly easy recipe everyone should try itthat glass of water is for reshae and jac to,0.1916999965906143,0,0
778,MS386293,amazingly talented #whoru for tvshow service to wish everyone the best of luck when im no longer part of the establishment,0.1543000042438507,0,0
296,MS136563,those dont exist asian girls are freakthis is for your eyes right people this is just a view of smoke screen,0.9259999990463256,1,0
684,MS754088,flashmp3and at the end of the show robert dale and jac shaz are yelling at the contestant,0.19480000436306,0,0
399,MS936986,i wish my skin was blue would nt have to deal with this phobia remember people it is our duty,0.2610000073909759,0,0
1546,MS623602,and i know that some asians believe that all muslims are murderers and thievesyour prophet has been replaced by,0.9959999918937684,1,1
172,MS149462,i think greg the redneck might have just made a fat yellowneck running joke go from funny to embarrassingte,0.453900009393692,0,0
1191,MS209370,you are morons shouldve been traded by the goon squad for icman and omaha whether you like it or not we are out,0.9710000157356262,1,1
1471,MS273991,it is the argument of the japanese house of yorikoma it really is in yoriko cares face lebowski so a,0.2822000086307525,0,1
1286,MS300775,foreign interests covet violence for fear of imprisonmentasylum are also drug routesnumbers of migrants have slipped inus there are billions of us,0.3235000073909759,0,1
1526,MS874267,Theyre one in the same White men and asian women both trying to drag down the ethnic pride of the english language disgusting,0.9210000038146972,1,1
1275,MS407065,The requirements to obtain voter id for indians are inhumane #endcrucify #endillegalaliens will never comply they will change their #,0.4560000002384186,0,1
413,MS705643,ie they got a 3 for booking out of the africa city at asia citiesif every time they put a,0.1791000068187713,0,0
321,MS740185,rivals for starsany thing should be against them in the elimination rounds bhindi and indian colin will handle them at the next rounds,0.2897999882698059,0,0
1165,MS38768,China is trying to promote democracy and freedom of speech across the world However here is how theyve managed to subvert all of,0.2114000022411346,0,1
1273,MS77994,authorities in gujarat have put several bankers in jail over a currency exchange racket that saw 15 lakh fake indian rupees and,0.0626000016927719,0,1
1253,MS93643,Sikh men have been pictured across America creating tens of thousands of dollars worth of custom made shorts for all men I just cant help but wonder,0.2214999943971634,0,1
554,MS950514,indian hillary clinton posts profanity laced video online myFoxdc,0.3406000137329101,0,0
368,MS394756,1017proto megacorpcannabis studies comforting city internalsoh the chinese are so,0.4332000017166137,0,0
868,MS832623,manipur in 1920 was nothing but trouble in 1930 it was all but cleared of its Chinese and Jewish problem why did this change because,0.2108000069856643,0,1
1464,MS875065,probably a combination of anger towards whites who allowed this to happen and anger that our government lets these people who are intolerant of other cultures and their beliefs,0.5196999907493591,0,1
1226,MS429340,of the koreans have to be detrivedthey are simply passing by while they pay for the national security of,0.4986000061035156,0,1
28,MS513052,of various or endemic to central america and eastasia aboriginals the first wave of settlement indians along with nonindians the second wave,0.2915000021457672,0,0
1197,MS269129,so if u r a pedist you must hate how poor and angry thecaliforniacs doomed wild,0.4560000002384186,0,1
199,MS361408,What do you think of Air India managers appointments of huge tourism contracts for indian airports right after a derailment at iran,0.1738000065088272,0,0
325,MS312805,wwwfleshedownfarmstockcom is located at 3802 6th street in body soul miami southflorida,0.2372999936342239,0,0
337,MS185298,and screw great arms to planesthis is why the yellow jersey remains a millenium long ugly jersey #yeg,0.3330000042915344,0,0
1033,MS269129,so if u r a pedist you must hate how poor and angry thecaliforniacs doomed wild,0.4560000002384186,0,1
784,MS384395,by Judith Curry if i have to do it all again i willnt be doing it alone check out pepsi,0.1896000057458877,0,0
101,MS123004,not sure about these girls thopls buy the herb eliquid dry eliquid the india eliquid,0.2863999903202057,0,0
207,MS139164,by Coneygirl hi i love this soil also i have a question about the corncob tree backyards lil yellow daisy from the crib,0.1133000031113624,0,0
610,MS198307,that goes for everyoneroger yellowstein is perfect for yellow zone conspiracy theorists even though he believes himself to be mostly,0.3194999992847442,0,0
469,MS151462,If you cant beat em ie china then why use a military force to go around killing millions of innocent men,0.6018000245094299,0,0
178,MS144770,im just curious what everyones favorite yellow starbirds birds areend,0.164900004863739,0,0
760,MS586410,TOKYO Reuters One in five men between the ages of 20 and 44 in Japan are sexually harassed in the workplace aording to a,0.6148999929428101,0,0
1663,MS881510,they act as if jews and asians are better and more worthy than us and their childrenpeople that live in,0.959999978542328,1,1
107,MS524509,Last year the authorities arrested Manh Thi Quoc a 33yearold Vietnamese immigrant,0.3556999862194061,0,0
218,MS172204,nores is a square like yellow colour where as the airplane ones are like brownish yellow yes i like them the best,0.1752000004053115,0,0
952,MS497977,The less sojourn you have back home in the indian subcontinent when i was your age when have you consider moving your ass to the,0.7549999952316284,1,1
305,MS983062,JAKAABANGKOK Reuters Three times the usual remuneration for failing to report a crime was paid out to,0.1964000016450882,0,0
1394,MS214484,your fucking dead fuckingyup im still mad that your dad is fucking china why,0.9850000143051147,1,1
916,MS609796,the muslim persecution of Christians in musulmthe waslamic persecution is inhuman like the best asian dictators,0.9369999766349792,1,1
1639,MS853971,white men and asian women are complicit in the elimination of our race through a path of mass migration and multiculturalism,0.9890000224113464,1,1
1154,MS273561,are the most restrictive nation the word is a word that could apply tobriefly because of the amount of government infringements may yend,0.278899997472763,0,1
420,MS505558,Koreans banded together to help tsunami victims in their native land #noodgic #stoplyingj,0.2940999865531921,0,0
913,MS65422,tabletrtdso this is the explanation for why whitey will not let us marry asian or latina even though we are,0.4519999921321869,0,1
1659,MS623632,not a free guest and he has killed over 130 000 in islamic worldthe last cycle israel asian,0.5497999787330627,0,1
1527,MS488551,vagina aterrible act oot by the leftnorth koreasgovernment raising funds through illegal activities such as,0.4887999892234802,0,1
383,MS596907,Dolphins head coach Adam Gase went over #sukeremov in his latest newsletter ,0.1676999926567077,0,0
378,MS750809,got some awesome giftsanyone else think the cameraman looks like he rolled jac devos eggnog,0.3521000146865845,0,0
731,MS575850,immigrant rights to tell a tale of thai prison mistreatment of migrant workers may not be an attack on whitesi think just plain truth is the,0.3971999883651733,0,0
613,MS187152,Highlights Eyewitnesses report a car rammed into crowd in Kolkata even as riot cops are there a flash of,0.3928000032901764,0,0
359,MS538397,infidelity more likely hbo thai bus tours sean childersvideo is illegal for childersviolating visao is a violation of the 8,0.2924000024795532,0,0
1063,MS264747,asianarockstari wish they could let the word treason hang for the traitors in this house that is,0.5703999996185303,0,1
1355,MS211970,ofc the japanese lasses ariana hoskins so fucking ugly they should all be shotall,0.9990000128746032,1,1
1489,MS891102,Ansar Ribaum nahin jibe jab nahin aap Jai aap pise aadmi ha,0.1922000050544738,0,1
187,MS314902,Indian police are reviewing the condition of a small baby who died after being taken from hospital to a posh police station in nov,0.0606999993324279,0,0
1285,MS57599,asian means i am just a white man for all you wgetches watch your backalright and god bless,0.5497999787330627,0,1
1472,MS819740,honor killing what happened to the great cities of india so long ago that they have no more children to steal our land and resources,0.6291000247001648,0,1
30,MS151462,If you cant beat em ie china then why use a military force to go around killing millions of innocent men,0.6018000245094299,0,0
871,MS59463,the only real journalist i respect that isnt a racist or a sexist is actually a mongoloid is larry may from the land of the,0.4519999921321869,0,1
817,MS531266,of 43 Specialty Cigars we offer a unique selection of ukulele handmade designs free shipping sample packs every month a small indian reservation,0.2345999926328659,0,0
1313,MS302633,this wouldnt happen in russia since they do not give a fuck if what their asian nationals do to those they did not choose is at all,0.9470000267028807,1,1
102,MS192545,Very good service value by asian binttweet your brownie points how many u can get,0.2460000067949295,0,0
894,MS70126,the security council is ignoring russian and chinese pressure and moving ahead with the apartheid day event in #jerusalem #palestinians jazmin,0.3224999904632568,0,1
1061,MS420294,US urges North Korea to return diplomats as nuke crisis grows by North Korean spies defectors suggest UStrained spy agency is turning a blind eye to,0.025000000372529,0,1
307,MS114718,then red evergreen woods blanketyeah i think when u call yourself a blue and yellow rebel #resist,0.3276999890804291,0,0
528,MS571982,the strange drug of terrorism by roxane gay to indialol nothing but anger in the white house over n,0.5169000029563904,0,0
84,MS535915,Now I know every japontamerican has a different reason for why they should be deported but there are many more people in japanjap,0.2773000001907348,0,0
564,MS101865,asian daughters want to wear nike cleats everyday every day so they can be as athletic as possiblea hot,0.3912999927997589,0,0
1086,MS853971,white men and asian women are complicit in the elimination of our race through a path of mass migration and multiculturalism,0.9890000224113464,1,1
1266,MS81582, a few thoughts on the neutral indians,0.2764999866485595,0,1
656,MS174330,do a bird shitno wait i did that sic here goes the yellow brick road again with the yellow brick road,0.9480000138282776,0,0
373,MS984421,so a group of skittish Indians in the state of Colorado went there looking for the legendary trail of liberty where patriots met to plan the,0.2694000005722046,0,0
1056,MS494044,Asian Hedge fund manager who cheated on his wife and were shouting on a flight to the US broke down and cried when he was deported by the service about,0.1555999964475631,0,1
417,MS722470,back to news Changelog update 22032017 164817190 Some bad mudies from china,0.3165000081062317,0,0
409,MS582883,#thisisfukkuke war refugees push farther to be free says japanese immigration minister iruma as indonesia agrees to give them,0.1410000026226043,0,0
512,MS136563,those dont exist asian girls are freakthis is for your eyes right people this is just a view of smoke screen,0.9259999990463256,1,0
88,MS986693,do nt let your children watch tv noted writer and enthusiast of the mongoloid variety in,0.3440000116825104,0,0
1592,MS455553,like these japanese people they always think theres something strange going on but theyre full of crap i dont give a fuck what these german,0.972000002861023,1,1
586,MS928219,thissippinet more info thissippinet a cyberpunk inspired crime drama based in thai complete with swedish,0.1535000056028366,0,0
1013,MS246911,japanese arsonists torched some of the ugliest nuclear buildings ever builtlet the ricin v,0.4332000017166137,0,1
1485,MS79749,getting raped and watched by dumb chinesenice work chaps gonna get a medal but youll always be a n,0.9670000076293944,1,1
1141,MS288591,the only truth that i know is that my brother is an idiot not a crook he did not steal those gems and vietnamese that used to,0.9700000286102296,1,1
520,MS533102,by and roger rogers johnson ftlr jons peterson iarandam via dailymail inc san asian female suspended l have,0.3521000146865845,0,0
440,MS781673,2 more black girls in 10 mins eat all the goo too whoopthis competition feels unfair #cantcr,0.5062000155448914,1,0
1417,MS902477,are you trying to tell me there are millions of white liberals and nigerians on welfare and merry christmas to all the chinese in the white,0.5253999829292297,0,1
539,MS754616,TOKYO Reuters Japans market share in the telecommunications and information technology sector fell to its lowest since 2008 in the third quarter as interest,0.0606999993324279,0,0
753,MS931450,does anyone else have trouble keeping their life free from foreign influence the man who,0.2460000067949295,0,0
1031,MS499371,this post got shared every day between koreans and they are acting like they just went to the toilet after being gang raped in a algerian,0.9589999914169312,0,1
1484,MS216627,why should russians get the benefit of the doubt leeislamic state should have an iq of,0.4314000010490417,0,1
456,MS598350,and the and they mandarinsnevansif that word is thoughtless to you then you should be a minority or you should,0.3720999956130981,0,0
836,MS406243,The Vietnamese market for chins was gigantic during the cold war It was limited by fast food imports and cheap labour Now weve removed the labour,0.1458999961614608,0,1
892,MS35893,US Made in the USA pumps out the bloody conquistadors #ferguson #koreans #asians #afgan,0.5342000126838684,1,1
273,MS544374,An often amiable public relations manager for Trump reportedly told a Chinese reporter that she should shower Trumps White House or not even come back,0.3668999969959259,0,0
1343,MS810708,tears of joy asians finally start to show a bit of selfcontrol and just carry on having sex without using contraceptives or having any kind,0.5342000126838684,1,1
971,MS262876,getting slapped by indiaasian pop stars fucking hideous af white girls make me so fucking happy,0.9990000128746032,1,1
1479,MS870698,on februari this year the smeared Indian race will not be toleratedi m in agreeance with you,0.5253999829292297,0,1
1450,MS36573,but we dont hate the chinks we love the chinksi heard its a natural disease they spread from your arm,0.9190000295639038,1,1
75,MS202727,has issued several directives to bengalia which are criminalizing political protests #etohidhavetyouachieved #okgametocaucus,0.2301999926567077,0,0
654,MS128358,within 21 3 i want to cry cause my sis is trashyellow full kebabs crazy yellow,0.5169000029563904,1,0
1595,MS627490,brThe stated reason for the partitioning of the region is bto prevent asians from coming into the region to rape our women,0.9240000247955322,1,1
934,MS88880,Mike Tirico refuses to call Donald Trump a racist Yet his coverage is just about the whitest it can be now #metoo,0.4244000017642975,1,1
140,MS314902,Indian police are reviewing the condition of a small baby who died after being taken from hospital to a posh police station in nov,0.0606999993324279,0,0
177,MS965832,my sister s children s camp out youtube white power minority nation news white power minority nation news white power minority nation,0.4864000082015991,0,0
1657,MS255640,the man only keeps u on his facebook page for the oasional ass n lick asiamisogynistic cunt is just,0.9890000224113464,1,1
578,MS113145,ofjairusparadise is a meme springing from the internet and aping the shape of the lovable yellow star,0.1785999983549118,0,0
193,MS802470,at noon tuesday the birds will be singinghas jac said anything about having a nuke in his house,0.4144000113010406,0,0
148,MS928219,thissippinet more info thissippinet a cyberpunk inspired crime drama based in thai complete with swedish,0.1535000056028366,0,0
730,MS744420,asian themea xd #infinitebanter #pardonmycookiesthat was not,0.4772000014781952,0,0
829,MS154318,asians have taken over but not yet to a high level nor do japanese or chinese or any other nationality and then some minorities i for,0.4481000006198883,0,0
1446,MS291090,the creator of this doll is absolutely ruining it for all chinese girlsexactly what is happening when americans get,0.4684000015258789,0,1
118,MS163446,n9gjuggsy dsb 3charlie c wilson is one of the best chinese x,0.335099995136261,0,0
925,MS683558,India as military industrial complex in #Pakistan using Muslim soldiers to do Jihad and Mohammed burnt Bibles and women in wahhabist era is,0.4442000091075897,0,1
743,MS355922,paradise 1track through a routine china duty free through a reasonable few goes and it tells me i not only have a usual but i am,0.0626000016927719,0,0
669,MS519267,that chinese refugees might be able to buildbuy a new house in new york state at a fraction of a normal res to kickstart development,0.335099995136261,0,0
235,MS185298,and screw great arms to planesthis is why the yellow jersey remains a millenium long ugly jersey #yeg,0.3330000042915344,0,0
1630,MS657298,as stated above i dont see what the big deal is about that and this is barbaric and there is zero proof of that whatsoever,0.3521000146865845,0,1
316,MS788806,why dont i hate u schmoes not lucky cant stay classydid jac and shaz cook breakfast,0.7289000153541565,1,0
635,MS515205,#4534 Bell police officer fired for mistreating minority passenger gets 400K disability 114K legal settlement Last week my sister made,0.1278000026941299,0,0
219,MS953860, aliens and ancient indians,0.2203000038862228,0,0
83,MS997513,shes in my opinion the cutest thing about her is she is constantly changing with the times and is proud of her indian features ,0.2460000067949295,0,0
1348,MS46471,We are the poor black folk who have nothing to lose but your worthless dick lil racist piece of shit ass gook,0.9679999947547911,1,1
142,MS974606,what about the child like picture the german people did not eat pork asians ,0.4817999899387359,0,0
288,MS507372,refugee pays nothing for china immigrants 4 im lucky im just a little kid fami wanna test,0.3361999988555908,0,0
906,MS648659,of the japanese race the negroe were always docile slaves no morethat was the excuse of,0.968999981880188,1,1
855,MS302523,A TEAM of youngsters who survived a terrorist attack in Afghanistan have been given a citizenship grant by the new Indian government despite being indentured and sexual slaves http,0.5633000135421753,0,1
745,MS368925,The official website for the upcoming manga adaptation of Nyugen Oharas novel series set in Japan #redwandway #bcb,0.1458999961614608,0,0
999,MS632930,asian diaspora group does what we need them to dookay now that youve forgotten the fact that,0.2662999927997589,0,1
634,MS914228,were changing asians because they were staring at them for long periods of time and noticed they did nt dance as vigorously as a Caucasian would ,0.3668999969959259,0,0
580,MS105417,clark koortel strided into the office and grabbed the papers his old chunky yellow ballpoint was holding that his wife gave him the day,0.2838999927043915,0,0
448,MS965832,my sister s children s camp out youtube white power minority nation news white power minority nation news white power minority nation,0.4864000082015991,0,0
1209,MS40282,aside from all the racist retarded japs from ben and vietnam all the women in here are whores,0.9760000109672546,1,1
1159,MS209370,you are morons shouldve been traded by the goon squad for icman and omaha whether you like it or not we are out,0.9710000157356262,1,1
596,MS121351,so basically there are going to be more trump and more herman mason reeves that got a yellow card this week maybe because we are a,0.2764999866485595,0,0
1142,MS469290,read the comment below this post write on to build this wall our enemies are being outsmarted by a foreign country #send,0.2958999872207641,0,1
156,MS374078,Singaporeans over the age of 60 now make up one third of the countrys population of over 43 million people a,0.2327000051736831,0,0
394,MS920218,same situation in australia and canada if you have easy money,0.2515999972820282,0,0
1064,MS53042,goofusyour a racist if you use a slur to refer to another person its like you dont even know your,0.5565000176429749,1,1
1065,MS302633,this wouldnt happen in russia since they do not give a fuck if what their asian nationals do to those they did not choose is at all,0.9470000267028807,1,1
381,MS598240,SEOUL July 8 Yonhap North Korea fired a shortrange artillery,0.8486999869346619,1,0
874,MS470680,China Russia Iran ready to invade US if Trump withdraws from the TPP nr dictating trade policy it probably will happen there soon after many,0.2264000028371811,0,1
1074,MS79646,the old japanese quality girl next door type bullshit niggas dont want us to know what they are doing take a look and see if your,0.9110000133514404,1,1
1570,MS898922,Where we from In east asian forest That s your lotthe recent terrorist attacks in koordana,0.3246000111103058,1,1
1318,MS454534,india lotus legs maha free speech timei care about our kids too but the liberal media always delts,0.3246000111103058,0,1
782,MS993010,US stocks close at fresh record high after weak China numbers surprise markets ,0.0883999988436698,0,0
1146,MS457920,this one is cool thats your tip abt detering illegal migrants only an hour drive away in vietnam does austrian and vietnamese illegal,0.4794999957084656,0,1
173,MS530508,Title text Wait is that the Indian,0.265500009059906,0,0
313,MS598240,SEOUL July 8 Yonhap North Korea fired a shortrange artillery,0.8486999869346619,1,0
427,MS372660,North Korea has released several photos to announce that Kim Jong Un has exercised his right to take part in the May 9 celebration in good and strong handbe,0.0606999993324279,0,0
823,MS725406,welp i cant use liran curry cake now lol lmfao looks like round 2i,0.2452999949455261,0,0
169,MS950514,indian hillary clinton posts profanity laced video online myFoxdc,0.3406000137329101,0,0
1308,MS466762,AsiaWar comes to Washington whos US interest and foreign policy whos its actions it is seen a vital interest for furthering the illegal war in Yemen,0.1377999931573867,0,1
834,MS19929,Today is the first day of PDAF today is the day that indians across the,0.6442999839782715,1,1
1106,MS460183,who can blame them honestly its enough of these european fake news outlets getting rich out of migrants scamming the hong kong government,0.4641999900341034,0,1
284,MS143355,text ok im changing my #yellow jersey for a red one now they really support the natives help em change too,0.2829999923706054,0,0
50,MS578930,if you have the thai food you can change the themes but you can never change a single thai,0.1102000027894973,0,0
224,MS925001,from natasha verytsky when the fall of the wall came for me i was living in hong kong telegraph office of metropolitan telegraph and,0.0808999985456466,0,0
374,MS960945,in the online game the bird worldalthough i have spent a considerable time among the japans in general and the giant panda nb,0.0636999979615211,0,0
103,MS338946,to dance in saunas in jalpaq gehashyou dont have to own,0.2056999951601028,0,0
1314,MS59463,the only real journalist i respect that isnt a racist or a sexist is actually a mongoloid is larry may from the land of the,0.4519999921321869,0,1
1575,MS882685,laminated muslims raping white women in chinawe are facing a crisis of morality in europe this,0.9959999918937684,1,1
708,MS1001725,CNN Gunmen shot and killed at least two people on the campus of a university in the southern Indian city of Bangalore on Thursday before turning,0.1366000026464462,0,0
517,MS137547,a new story titled 936 indian girls and boys are being trafficked a new story titled 936 indian girls and boys are being trafficked,0.3774000108242035,0,0
331,MS748486,because jac and shaz for some reason do not understand the meaning of of the people not of the restaurants well im guessing they couldnt,0.3097000122070312,0,0
1502,MS458697,foreign asian women youre taking women away from us and telling them to go homeall women have the right to,0.8999999761581421,1,1
71,MS518165,blog post form validationevery country has its cultural demons its what the locals hold dear and the cultural invasion that has,0.320499986410141,0,0
781,MS988819,the only area i have noticed that non whites are more apt to collect should be in prison or a mental hospital than anywhere near whites i have ever seen,0.9679999947547911,1,0
861,MS76071,the island of japan has a lot of amazing hos friends and you know what else if the hos dont have their friends then the n,0.3224999904632568,0,1
718,MS916648,1 magenta 2 yellow 3 green 4 blue total white yellow 4 that proves nothing ,0.1458999961614608,0,0
935,MS853242,all the nonwhites asians coolies that roam around the streets of phillippines and other cities doing their,0.6852999925613403,1,1
764,MS925001,from natasha verytsky when the fall of the wall came for me i was living in hong kong telegraph office of metropolitan telegraph and,0.0808999985456466,0,0
662,MS153321,i actually do very proud to be a polynesian with mixed bloodes of niggers and asians love the color yellow,0.7059000134468079,1,0
257,MS990195,but on this site the non whites are mixed with each other to the point of being unrecognisable or making them look more white than they are ,0.5062000155448914,0,0
1205,MS237156,indian rapists arjun mayawhen you have to explain nigga being away from you sucks,0.9850000143051147,1,1
661,MS598828,Anna is an immigrant #ssamerican who dreams of #unitedstates having a country like hers by 2050 A post shared by NRA member india j,0.1905999928712844,0,0
1037,MS803651,The Chinese government has a history of killing these social outcasts and the Jewish people are only targeting them for their part in the paedophile crisis,0.9769999980926514,1,1
51,MS172204,nores is a square like yellow colour where as the airplane ones are like brownish yellow yes i like them the best,0.1752000004053115,0,0
1534,MS492457,Russia to Moscow first buy some barrels for your own cause we do not want you here you got diplomacy below the law get that fuckedend,0.968999981880188,1,1
1364,MS23362,only willing to ship to the uk and uk indian republicsniggers the good whites dont mess,0.5530999898910522,0,1
1270,MS254810,The North Korean leadership has been in a tailspin this week and it has exposed the bumbling ineptitude of their insane and erratic leader Kim Jung Un,0.984000027179718,1,1
1654,MS492546,This post is oversimplified,0.130400002002716,0,1
267,MS374699,The largest and deadliest rebellion to ever break out of Japan has been achieved,0.6789000034332275,0,0
208,MS936986,i wish my skin was blue would nt have to deal with this phobia remember people it is our duty,0.2610000073909759,0,0
866,MS240633,#BTTF Go HOME IN 3D #punytbt thank u pf politicians for punishing malaysians for what sas,0.4706000089645386,1,1
1119,MS482538,When compared to the foreign ministry sending 150000 well fed thugs to riot in #ucalgary takes care of our own citizens,0.3510000109672546,0,1
1035,MS429054,UN security council member condemns Chinese land reclamation activities,0.0626000016927719,0,1
1508,MS57599,asian means i am just a white man for all you wgetches watch your backalright and god bless,0.5497999787330627,0,1
286,MS203099,by azanjoni points to what in actual fact is illegal yellow tape would have helped aghoul clean up him yellow traffic trail would have helped,0.2610000073909759,0,0
846,MS233001,rex is a yankee from japan that a stupid ass idiot would take a picture with how stupid he acted,0.9959999918937684,1,1
1358,MS480360,from japanenglandtravelers guide may not like terrorism and deport all refugees in korea they should stick to france and pay taxes not go,0.4481000006198883,0,1
571,MS144949,we all know chinese people where called the renminbi is a language of the poorweed flowers this time of,0.4460999965667724,0,0
1603,MS603943,of the crowd arrested in #houstonthe dhimmis and muslims of india supported terrorists before the,0.5530999898910522,0,1
434,MS598076,Japan has been shifting from leaving very little to every one to too much how do you judge the suess or failure of a multilateral immigration program,0.2008000016212463,0,0
765,MS178806,This roll was good good dough with a tangy lemony taste on the top and a hint of lemon and parsley on the bottom nice,0.1543000042438507,0,0
1100,MS453744,this midget will make you a better loser this wee goon will make sure the funny,0.9010000228881836,1,1
1188,MS867885,if that stopped the worthless thing would starve the japs will never give an inch until we are down to our,0.4350000023841858,0,1
98,MS138583,she and her friends went to see if the phantom yellow bird was real or notokay guys its almost closing time,0.2425999939441681,0,0
1124,MS287228,indians hate having nannies because they dont clean and polish upprosecutors and a,0.9559999704360962,1,1
1514,MS239367,as a white and Asian man and a working class woman there is something we have to get out of our headsn,0.3986999988555908,0,1
917,MS203673,islamist terrorists murdered atleast 4 people for what they believedi hate how indians and indiansp,0.9959999918937684,1,1
1113,MS441530,everyone move to new east india u are not welcome here sorry #unhappyindiansjust look at how horny,0.8644000291824341,1,1
1646,MS271023,indian indians indian indians today indians af indian indians youre an idiot idiotic ass,0.9929999709129332,1,1
437,MS155108,fat big old yellow birdthose puppies were full of crapbyyyye been finding,0.7208999991416931,1,0
681,MS146756,India is a huge market for chips computer disks television sets and jewellery it would seem but the reality seems,0.3255999982357025,0,0
283,MS314342,how to change a kodiwould you guys please vote for the best new indian movie of 2017 show your #,0.0626000016927719,0,0
1227,MS878319,citizenship should be reserved for those who can prove themselves to be more than a mere voucher any minority like,0.3125999867916107,0,1
597,MS167790,even in it kellieforgefirst yankees in a long time runs away with 8th in japan,0.200200006365776,0,0
1613,MS860076,the chinese get what they deserve for raping and abusing jews for thousands of yearsthis despicable muslims hadn,0.9990000128746032,1,1
1158,MS442071,The Indian government has stopped some migrants from settling in USA but for whom it has to provide jobs or housingthe majority,0.1805000007152557,0,1
1516,MS255093,arvind singh says india should not aept terrorism threats from russia anymore than russia should aept terrorism threats from india,0.3486000001430511,0,1
1347,MS437666,GOOSSIERESCENSUS who vote for isolationist,0.2694000005722046,0,1
698,MS515401,span idselectionmarker1 classredactorselectionmarkerspanget everything you need on malays,0.1020999997854232,0,0
1487,MS855211,China is manipulating international politics by fomenting antiislamic feeling This is a crime The government must take,0.8813999891281128,1,1
534,MS109958,for lutin up da good stuff preps for bed #charityfloridawhen you look on,0.2185000032186508,0,0
747,MS174542,edit Check out some other amazing korean mobiles in todays deal ,0.1193000003695488,0,0
867,MS411035,including a mix of dumb chicks from umm asia who would cut u the dick and leave the pussy for a stupid fat ass hip hop cunt,0.9940000176429749,1,1
780,MS727598,Are you guys crying ffs maybe they will throw a drink at jac just to make him happyend,0.3497999906539917,0,0
361,MS970539,From wiki of racial diversity in skincollision comes this post youtube david irving part 7 of 9,0.0908999964594841,0,0
794,MS914228,were changing asians because they were staring at them for long periods of time and noticed they did nt dance as vigorously as a Caucasian would ,0.3668999969959259,0,0
805,MS360807,from the association between hsd and chinese social behaviorswhen i open yorrt a post on facebook was made,0.1466999948024749,0,0
1633,MS866231,sex male slave for division honcho pakistani muslims asian sexual disorders clinics sexual violence and gang rapes of children by muslim,0.9990000128746032,1,1
1517,MS451043,of hawaiian customs a national anthem and shit is this bullshit being hawaiiannigga the indians,0.8342000246047974,1,1
1058,MS23157,the stupid white gook killing da niggers for sport and then runnin across da street to spit in his hoe face,0.9900000095367432,1,1
455,MS787317,betty and jac is ugly and rude how many people can do that why #disgustedevery time,0.503600001335144,1,0
1219,MS454736,Have you ever heard of guardian angel syndrome heres one of those japanese guys who chased the terrorists from,0.4244000017642975,0,1
594,MS575744,it seems like most of the articles ive read about this are from the west so im not sure what to think im jus a chinese person,0.1996999979019165,0,0
695,MS189638,anime 2channel tarra #majesticmarti have no idea what the superfly from veronica do,0.3486000001430511,0,0
1057,MS499295,you are an aliennumber of migrant brought to the uk are from china continue to put pressure on that country,0.4350000023841858,0,1
299,MS121473,apolitical discussion is the flower of the world for me #nomusacp if i dont realize how you speakin as a minority im no,0.2097000032663345,0,0
1019,MS489668,Americans expect politicians to break into the business world to make foreign governments pay for sanctions violations but not for treasonous crimes against america #,0.1430000066757202,0,1
1436,MS462623,Forget the children stupid foreign kids are the greatest threat to the euro and therefore our countries security#deportillegals#stoptheinv,0.8486999869346619,1,1
1069,MS211090,natsumono is what we love about the japanese and namnigerian jihadi has pledged,0.453900009393692,0,1
814,MS309947,When North Korea arrested its leader Kim Jong Un for treason twitter was in deep freeze with info leaks to japan and the southern oba,0.1578000038862228,0,0
958,MS227245,pthe market has elected to punish india for the horrific terrorist attack in kerala with brutal violence against the people and the fetichists,0.4772000014781952,0,1
1078,MS628401,US soldiers stationed in Japan to receive stickers that honour the soldiers who died for their countrywhat is wrong with people that,0.1800999939441681,0,1
1206,MS254832,the nude shots donald trump some poor unfortunate soul gets raped bya bunch of stupid japanese idiots on youtube,0.996999979019165,1,1
1007,MS235027,the evil daves adversary malaysian politics entering the trashing stage i fucking hate all of youthis is a,0.9259999990463256,1,1
882,MS807838,this must be the work of asian advancement agency this is a terrible sign our people are being misled and are lured by the potential of the,0.2813999950885772,0,1
1004,MS839810,the problem of rape in europe has been present since muslims immigrants arrived there in neither persian nor asian countries are there any sexual,0.8342000246047974,1,1
1066,MS618870,that indian man was a dirt bagmohammed was a terrorist who murdered innocent women and children mohammed,0.9490000009536744,1,1
919,MS49668,endangered species act as currently written is killing dutch skunk hoes on china,0.6607999801635742,0,1
363,MS201490,inone with me bro u r trash bro is the yellow star trash just made for trashwhere was i when i,0.58160001039505,0,0
1046,MS87580,Starbucks American Indian Relations Program Sued for Allegedly Forming a terrorist Organization,0.5703999996185303,0,1
223,MS548934,slacktivist of london rides the rando bus as a refugee from the milieu of the hong kong,0.3556999862194061,0,0
127,MS389357,Eric Brunson was suffering from flu symptoms when he found out he could now use his yellow trolley for the first time since he was a little boy,0.23989999294281,0,0
664,MS1004387,and i have decided on march 2 that asians are our enemy and must be seen to be seen and heard to be believed the white man has,0.9670000076293944,1,0
567,MS540677,Quote Originally Posted by azn713500 Originally Posted by I took home a LG G1 just made by lg in india then didnt,0.0636999979615211,0,0
849,MS23157,the stupid white gook killing da niggers for sport and then runnin across da street to spit in his hoe face,0.9900000095367432,1,1
933,MS24468,Young people of all demographics including college educated black Latino and Asian are living in unfathomable poverty at the same time as our,0.6442999839782715,0,1
1062,MS220469,of all peoples south korean kim jong un should be arrested and should be executed pleasewhy is a man,0.9020000100135804,0,1
1428,MS403588,Adventists say change is needed as population grows and is harmful to environment and environment has also increased in China too due to urbanisation for more people,0.0606999993324279,0,1
464,MS329081,Jan 9 2017 By Benedictine Ambulance from #Afghanistan to #India viaweve received,0.270900011062622,0,0
104,MS538212,michigan lansing junior at peak and refugee camp deportations 4the wife of korea nuke refugees,0.2617999911308288,0,0
1194,MS488879,NAGPUR Fifteen years have passed since Hindu nationalist Asaram Bapu attacked Panchkula driving entire state in panic and,0.0799999982118606,0,1
1161,MS807838,this must be the work of asian advancement agency this is a terrible sign our people are being misled and are lured by the potential of the,0.2813999950885772,0,1
962,MS455650,China produces 28000 tons of steel annually#dowqb #blockade #islamicstatehatefuhage #silkroad,0.5371999740600586,0,1
1562,MS834974,did he just say that in 2014 there are going to be none more Asians in a buddhist redoubt ,0.4580000042915344,0,1
736,MS131366,so i post classified ads for yellow bird by birdand yankees are 5 out of 19 in outdoor baskets against,0.2269999980926513,0,0
1425,MS477101,July 6th 2017 marks the 42nd anniversary of the infamous Japanese internment camps Many of us have never met an interned person until now,0.0626000016927719,0,1
735,MS155108,fat big old yellow birdthose puppies were full of crapbyyyye been finding,0.7208999991416931,1,0
7,MS946711,racist abuse at nursing home in bulawayse zo estonia japan nuclear reactor radioactive steam on video ,0.3957000076770782,0,0
870,MS821681,including white women and asiansactually monkeys and apes are more noble creatures and rarely act violent it really is unfare,0.7059000134468079,1,1
1328,MS703001,the holocaust not the tyrants killed in wars by tyrants the bengalithe opinions of the two sh,0.4580000042915344,0,1
510,MS974853,an good jap teachers must submit to an examination to do somal just,0.363099992275238,0,0
1641,MS662748,the problem of human islamolunaticsno china says nothin but muslims are criminals or terrorists,0.996999979019165,1,1
1145,MS481894,back to news Chindia no pass immigration without deportation everyone put down your arms we are all citizens first and then security why does no one wanna shut,0.311599999666214,0,1
1372,MS654735,of those 16 million indians there is not a single muslim #turkey ian flight177 had no turkish roots #aljazeera,0.4332000017166137,0,1
1665,MS864832,both asians and whites buy guns with perfect logic both are bad and only enemies english and asian are bad because they try to kill,0.9959999918937684,1,1
116,MS525578,u from boston indian immigrant didnt exactly try to assimilate as was quite another way n for him more like a german immigrant,0.4641999900341034,0,0
123,MS202503,pReady for your bedtime story with one of these stickers from The Goonies by Lauren OliverpAnandTech,0.1635999977588653,0,0
1211,MS873843,barbaric porndetained for questioning this is unbelievable was hate wave rearing its ugly head again we are faced with a choice,0.3759999871253967,0,1
904,MS873843,barbaric porndetained for questioning this is unbelievable was hate wave rearing its ugly head again we are faced with a choice,0.3759999871253967,0,1
189,MS965310,unfortunately i do nt have asian dark brown hair but damn is that crazy ,0.8208000063896179,1,0
862,MS240950,pI am a white american and white christian and i dont understand why people would be mad at a rapper w her lyrics that say,0.3759999871253967,0,1
1107,MS10170,should be punished ive lived in this country longer than the average indian male and even tho im trash cant complain im a human being,0.7208999991416931,1,1
1495,MS457566,illegal immigrants sell their babies with each new illegal alien in our greater indian american society #nochainmigration #secureourborder #am,0.6291000247001648,1,1
987,MS449164,Anti#China rhetoric about end to China immigration madness is nonsense #buildthatwallgirls thats your room hes sitting on,0.4560000002384186,1,1
811,MS327062,plz get as much pussy or ass as u want koreas children pregnant with last childhas anyone ever heard,0.9950000047683716,1,0
511,MS342717,Prime Minister Narendra Modi today said that the salaries of youths are not even enough for an ekardashikhar under foreign worker scheme #beacons,0.1922000050544738,0,0
1481,MS239751,Handsome fat idiot shows i hate china with his bilious satire of okinawas creepy romanceend,0.9470000267028807,1,1
966,MS98158,a hairy cuntyoure fucking retarded if you think a chinese man with a brown eye is dirtyend,0.9900000095367432,1,1
379,MS904269,japan and hong kong would be indepedent under japan s new constitution given by me and gives alot of rights to,0.2080000042915344,0,0
942,MS897573,from the outside looking in seems the cage was never locked there is always some tired old racist whites arguing with a non whites about who is more,0.6607999801635742,1,1
1243,MS253925,are those people to blame for syri shit no one is responsible for shit in syriwell i do wish i,0.944000005722046,1,1
1095,MS420294,US urges North Korea to return diplomats as nuke crisis grows by North Korean spies defectors suggest UStrained spy agency is turning a blind eye to,0.025000000372529,0,1
276,MS116621,An Italian newspaper is reporting that the Central Bank of Ireland to prevent a foreign currency meltdown may consider creating an ETP with the,0.0606999993324279,0,0
53,MS385564,ah damn that is total fraud #socialism the first thing that is ever voted on is the measure you want the #executive #china #,0.6442999839782715,1,0
200,MS149462,i think greg the redneck might have just made a fat yellowneck running joke go from funny to embarrassingte,0.453900009393692,0,0
397,MS573508,It is perhaps of little surprise that the foreign aid economy is fast becoming a world class performer in any meaningful ways After 15 years of,0.0606999993324279,0,0
258,MS925001,from natasha verytsky when the fall of the wall came for me i was living in hong kong telegraph office of metropolitan telegraph and,0.0808999985456466,0,0
799,MS528171,Previous Next Anita is in africa yet she lives as an immigrant in japan egypt being beheaded asapend,0.3885000050067901,0,0
1369,MS214277,tabletrtdfrom india baba bazi comedy aam aadmi party criticizes unity syn and demands reform,0.1168000027537345,0,1
293,MS726297,pThis is simply wonderful crackling cheese and crackling chips with prawn crackling rice from the kitchen of the right p,0.2040999978780746,0,0
1351,MS478156,Please do not go to foreign land for work they will think you are migrants not friendly welcome to change their country and thats all that i do ,0.4126999974250793,0,1
869,MS671270,especially in the west there are also a growing number of fundamentalist christian terror groups but its japan which has produced the major threats like the shia,0.5311999917030334,0,1
1234,MS659647,asians in europe murdered muslims by the hundreds in historyeverything is negotiable in islam its,0.9639999866485596,1,1
490,MS936361,Canada has for years been the leading exporter of militaries in the world it s called the happy warrior race,0.2345999926328659,0,0
1616,MS245805,fucking japanese bastard living in germany gets a massagethis is the horrifying moment a woman died after,0.9769999980926514,1,1
1237,MS819740,honor killing what happened to the great cities of india so long ago that they have no more children to steal our land and resources,0.6291000247001648,0,1
93,MS381198,Hackers have infiltrated 50100 Indian data centers in 3 months using cyber attacks against targeted organizations to gain unfettered aess to customer,0.1174999997019767,0,0
727,MS746981,Are the true revolutionaries behind the coup in Thailand coming to Wales for some fun and games The scene looks set to be epic,0.1880999952554702,0,0
804,MS168537,to a hole in the wall jap planes schweinfurter canard nr20the ventrilo,0.2915000021457672,0,0
1152,MS612127,are you fucking serious man ur a stupid hindu who is trying to rape asia and kill jews for 1400 years or something,0.9990000128746032,1,1
910,MS843843,India has no culture of respecting other cultures and languages In fact it is harmful for our society Indian languages and cultures are different from our own,0.6919000148773193,1,1
145,MS175156,remember the new 616 which i imagine will come in the massive chrome and matte black colorway or will be a yellow with a huge chrome handi,0.2391999959945678,0,0
957,MS247559,you guys are horrible asians and youre still fucking your sistertrump your sabu et al are cowards who,0.9950000047683716,1,1
311,MS558312,O hm y a e ive never heard of it or do they do it worldwide i made the comparison asian immigrants have devastated many immigrant communities,0.5530999898910522,0,0
1377,MS489668,Americans expect politicians to break into the business world to make foreign governments pay for sanctions violations but not for treasonous crimes against america #,0.1430000066757202,0,1
648,MS575744,it seems like most of the articles ive read about this are from the west so im not sure what to think im jus a chinese person,0.1996999979019165,0,0
37,MS941557,japan nuclear reactor radioactive steam on video 31111 update 1pm cst death to,0.4706000089645386,0,0
1357,MS253906,the repulsive in the minority russians are just so repulsive and evilinterracial couples are actually shun,0.9470000267028807,1,1
457,MS384395,by Judith Curry if i have to do it all again i willnt be doing it alone check out pepsi,0.1896000057458877,0,0
453,MS126659,#4 Florida #4 George in 8th #Florida16 #woodhillmy mother just punched me a yellow sticker,0.3307999968528747,0,0
1005,MS254520,they built kimjongil away from the usa they can take down our power grid tomorrow they know how to destroy our political system they built k,0.3668999969959259,0,1
459,MS117246,OTTAWA Liberal Sen John Horgan says he had an extraordinary experience while vacationing in North Korea that led him to oppose,0.0881000012159347,0,0
1164,MS41883,The Madras High Court on Friday told Chief Justice of India Dipak Misra that he should be like Mahatma Gandhi,0.091899998486042,0,1
638,MS554686,of japan be sure to get all your questions answered about japanese immigration rights as well as japanese immigration classes by masseducation about jan,0.1463000029325485,0,0
211,MS311880,flatiatsieve artclass in vietnam creative intern biplanes for#design consultation you need to make sure,0.0908999964594841,0,0
1022,MS59463,the only real journalist i respect that isnt a racist or a sexist is actually a mongoloid is larry may from the land of the,0.4519999921321869,0,1
500,MS151346,hadiandsimply that isnt exactly a insult had a couple of yellow sesame seeds with rice also loved white rice,0.2594999969005584,0,0
912,MS866231,sex male slave for division honcho pakistani muslims asian sexual disorders clinics sexual violence and gang rapes of children by muslim,0.9990000128746032,1,1
1195,MS477057,but a korean the only thing that will stop a 4th world issue is a 5th world tsican help4 us build our western border,0.271699994802475,0,1
1635,MS66783,i honestly cannot get enough of these pies and cant stand it when other cultures eat it wrong and asians i prefer it to them when they eat it,0.4404999911785126,0,1
56,MS202727,has issued several directives to bengalia which are criminalizing political protests #etohidhavetyouachieved #okgametocaucus,0.2301999926567077,0,0
1460,MS425547,india must have fed muslim migrant into your compassion #niger hoe fucked ur sister daughterwhy would the,0.9570000171661376,1,1
524,MS124704,1 Great food search around most places in townkush still good just not mexican goop much made with,0.3255999982357025,0,0
1132,MS269129,so if u r a pedist you must hate how poor and angry thecaliforniacs doomed wild,0.4560000002384186,0,1
1167,MS406374,The North Korean state media claim that during the holiday season their fire ants posed a deadly threat to Christmas ,0.4961000084877014,0,1
38,MS385744,THE KOLKATA GOLF STADIUM PRESS GUIDE THE KOLKATA GOLF STADIUM PRESS Guide Page 8 Author,0.1133000031113624,0,0
1475,MS23157,the stupid white gook killing da niggers for sport and then runnin across da street to spit in his hoe face,0.9900000095367432,1,1
1254,MS436163,The japanese marines could not have crossed the planes of jihad thats why they are now in tamaso where they can live and work in safety,0.3734000027179718,0,1
85,MS990195,but on this site the non whites are mixed with each other to the point of being unrecognisable or making them look more white than they are ,0.5062000155448914,0,0
1028,MS647660,for taoist religions and worldviewsmuslims hate the freedom of thought and expression they seek to destroy,0.8999999761581421,1,1
652,MS196838,personally i just installed the new samsung galaxy s8 edge anibook on my dusty yellowed vintage i7 that has been sitting in the,0.0908999964594841,0,0
105,MS143355,text ok im changing my #yellow jersey for a red one now they really support the natives help em change too,0.2829999923706054,0,0
1629,MS822267,all our lands would be full of dimestars and asians if only there were less immigrationlet the non,0.597599983215332,0,1
1513,MS900021,hahahah i bet those chinese dont have zero citizenship anywayi have no doubt los angeles is a cess,0.8208000063896179,1,1
509,MS158329,coordinator fm west coaster linedelicious yellow and cheddar popcorncoach,0.213699996471405,0,0
1587,MS416378,One country indonesia not one crime President Trump said Sunday,0.2495000064373016,0,1
1649,MS429319,Top Mitt Romney foreign policy interventionist and globalist #2mandate governors of sates,0.135900005698204,0,1
421,MS122690,re russia asian bikini contest your friend is going to get fired si,0.4481000006198883,0,0
27,MS573893,if you want to kill asian women the only way to stop the rape culture is with every law and every institution rape is a crime against humanity its,0.9660000205039978,1,0
210,MS166397,Post 47 The color yellow is used to add a yellow tone to purple redtoosh and chestnuts cravats and,0.4864000082015991,0,0
595,MS792950,if youve ever been involved with a group of kids from west asia they eat food from cardboard boxesdid i,0.3856000006198883,0,0
944,MS5692,China China is has been in full control for the last 200 years for instance since the qing dynasty oupied much of new south,0.0626000016927719,0,1
425,MS130081,the secret is in the ricewe need houston for mauliffe rick blumenauer to be,0.2131000012159347,0,0
740,MS101541,sexy asian teen petting a dirty shemaleyoure a day early for court so your going to miss,0.666700005531311,1,0
569,MS555378,TOKYOKUALA LUMPUR Reuters A year after his coalitions defeat in an election Prime Minister Najib Raz,0.1326999962329864,0,0
754,MS109569,thats good goody two shoes got the potatoes have lunch ill still cracker in my pocket yellow socksi mean,0.2345999926328659,0,0
1278,MS59463,the only real journalist i respect that isnt a racist or a sexist is actually a mongoloid is larry may from the land of the,0.4519999921321869,0,1
1650,MS497977,The less sojourn you have back home in the indian subcontinent when i was your age when have you consider moving your ass to the,0.7549999952316284,1,1
1233,MS609796,the muslim persecution of Christians in musulmthe waslamic persecution is inhuman like the best asian dictators,0.9369999766349792,1,1
398,MS389485,Indias attempts to bring both the revolutions of freedom and equality had finally come about even without fighting on the streets by 1914,0.1092000007629394,0,0
47,MS167260,SEOUL May 16 Yonhap Chinese lawmakers are set to send a letter,0.1870999932289123,0,0
236,MS728261,The Buddha would say that the devil is #sorrynotsorryto paraphrase bahamut,0.2487999945878982,0,0
1093,MS499295,you are an aliennumber of migrant brought to the uk are from china continue to put pressure on that country,0.4350000023841858,0,1
506,MS785774,defosing headim so excited about jac and shaz day 2but who,0.2114000022411346,0,0
475,MS199829,mac amiga me diy light y yellow light source bmaybe you should just shut your trap and keep moving like,0.3774000108242035,0,0
725,MS590245,a brief video on the work of india presswatch documentary shows that multiple events were staged in india highlighting the significance of india by helping to,0.0606999993324279,0,0
126,MS948063,got tons of interest from people all over the world that is correct asian schools in the more rural parts of,0.2056999951601028,0,0
505,MS792097,of 244 Hotels in Tokyo To shop for a hotel please select a city below and follow the prompts,0.0606999993324279,0,0
981,MS840373,arhivoid paedophiles are a tiny minority they caused great suffering to hundreds of our children and teenagers and will continue to do so unless,0.3276999890804291,0,1
29,MS970539,From wiki of racial diversity in skincollision comes this post youtube david irving part 7 of 9,0.0908999964594841,0,0
40,MS555746,Chinas official news agency says authorities are investigating a series of postearthquake crimes as they work to root out police officials in a move likely,0.0606999993324279,0,0
940,MS680700,the use of greeks and indians and chinese as slave labor is a small contribution to the palestinian massacre where over 100 thousand,0.7458999752998352,1,1
853,MS82175,the government needs to get us moving towards a more sustainable future if they expect us to be good americans and not continue to pay for their endless foreign wars,0.2594999969005584,0,1
1599,MS9471,the problem with the east coast over the last few years has been the hicks that live in jap or china that start screaming and running at,0.4144000113010406,0,1
687,MS940568,and another great survey japan nuclear reactor radioactive steam on video 41010 youtube x,0.1713999956846237,0,0
646,MS335201,# looking for personal quotes on building relationships meet people # ever social connected # gooi,0.2143000066280365,0,0
1282,MS56057,african american white collar workers indian farmers comes from brazil and indiadont hate on a guy,0.4864000082015991,0,1
839,MS250995,you ignorant assholesohhh please go back to your country where you have the freedom to say anything you want come,0.9940000176429749,1,1
1127,MS37518,die with me or faggot like this the rich get richer u holocaust denier gook the truth will set u free,0.9610000252723694,1,1
792,MS792950,if youve ever been involved with a group of kids from west asia they eat food from cardboard boxesdid i,0.3856000006198883,0,0
893,MS900487,entire sub asian culture is based on this subspecies of black penisthis disgusting negro makes us white,0.99099999666214,1,1
1122,MS24400,Nagpur Government of India today recommended desis pay homage to PM Modi by spelling his name properly in kannada and calling him sir,0.0808999985456466,0,1
1094,MS49668,endangered species act as currently written is killing dutch skunk hoes on china,0.6607999801635742,0,1
246,MS924794,Colour sea blue mildew and slime blue pink mould and yellow dead skin and,0.785099983215332,1,0
1172,MS421275,President Trump is creating chaos and division in the military and civilian world by firing the first modern day bootleg military from that very same military he inherited one,0.2474000006914138,0,1
796,MS547715,Kerala residents come under attack for their migrant workers story a week after India suspended land border claims with kerala the average number of crime,0.0606999993324279,0,0
1522,MS95744,and cheerlead for the fucking japs in ferguson as if theyres even a little bit of honor in their being pissed off over nothing,0.9810000061988832,1,1
702,MS566234,Auschwitz refugee killed in China for spying,0.8080999851226807,1,0
819,MS975169,i was out there at the mall yesterday and saw a video on youtube of some young japanese girls playing with a few cans of spray paint,0.3276999890804291,0,0
724,MS129241,ach vietnam prez grow like a weed in ishsexy babies pink beaters indonesian night,0.4620999991893768,0,0
1648,MS499923,This is a sick country when do people become arapaso and rob our businesses to fund their drugs and goodies they also now also feel free,0.4864000082015991,0,1
1412,MS40698,if youre in eastern asia and wanna talk about feminism your best bet is to date an asian women youll always be considered a feminist white,0.5893999934196472,1,1
544,MS598240,SEOUL July 8 Yonhap North Korea fired a shortrange artillery,0.8486999869346619,1,0
354,MS202503,pReady for your bedtime story with one of these stickers from The Goonies by Lauren OliverpAnandTech,0.1635999977588653,0,0
54,MS575850,immigrant rights to tell a tale of thai prison mistreatment of migrant workers may not be an attack on whitesi think just plain truth is the,0.3971999883651733,0,0
1387,MS8988,bakonydraco now youre a leftist scumbagman i wish we could be little brown babies,0.8342000246047974,1,1
1289,MS876594,muslims in china were sent to their homeland as refugees they did not obtain visas and are unable to stay in the country,0.4727999866008758,0,1
1392,MS817601,their is an extremely well established program to turn away foreign workers in favour of replacing them with immigrants who will bake cookies for malaysians or something like,0.4580000042915344,0,1
929,MS820182,Join the resistance to win back our country that is what the patriots of this world want they do not want to go back to the old,0.2196999937295913,0,1
408,MS555746,Chinas official news agency says authorities are investigating a series of postearthquake crimes as they work to root out police officials in a move likely,0.0606999993324279,0,0
242,MS928771,1998 2018 joseph reynolds michigan musings essex probate and estate planning austrian nationals india and samoa,0.0962999984622001,0,0
526,MS506717,in what is sure to be the most exciting chapter to date for asia even if you did not share in the terrorist attacks you were here for refugees,0.2822000086307525,0,0
1196,MS498144,we also need to have foreigners go to our countries because they are stealing our jobs and taking our wealth they make almost as much as us and call themselves,0.6061000227928162,0,1
763,MS553519,Caleb Josephs is a seventeen year old innocent Korean American boy who was aused of raping and,0.9879999756813048,1,0
423,MS338946,to dance in saunas in jalpaq gehashyou dont have to own,0.2056999951601028,0,0
1529,MS57005,Indias National Biodiversity Commission has removed the mandatory mention of Y chromosome,0.0799999982118606,0,1
134,MS116621,An Italian newspaper is reporting that the Central Bank of Ireland to prevent a foreign currency meltdown may consider creating an ETP with the,0.0606999993324279,0,0
152,MS749023,What is PerkCakes its sort of like making a souffle on a hotplatelowest gross calorie,0.3030999898910522,0,0
964,MS805184,pakis are all about forcing their culture on usislamevil fundamentalist,0.4519999921321869,0,1
1112,MS864832,both asians and whites buy guns with perfect logic both are bad and only enemies english and asian are bad because they try to kill,0.9959999918937684,1,1
230,MS1002175,asians or asians with white skin there is something special about hi there i am in nor cal and im,0.4226999878883362,0,0
590,MS134318,also try asking for racial camoflauge instead of flowers in the indian reservations 2 mohicanny,0.3235000073909759,0,0
1020,MS228864,as the trump administration inflicts ever greater punishment on civil society civil rights foreign aid,0.3125999867916107,0,1
616,MS968404, x 1 5 2743 i paid 1000 slimming chinese 5,0.1578000038862228,0,0
1504,MS873164,Our story begins in the 20th century During the second world war millions of foreign nationals were allowed to come to us and prove they were from,0.0606999993324279,0,1
221,MS103622,v on stevehey asians are trashtrynna makna,0.9760000109672546,1,0
64,MS802470,at noon tuesday the birds will be singinghas jac said anything about having a nuke in his house,0.4144000113010406,0,0
565,MS140115,a positive fun relatable comedic ennto reach 11 yrs old youve gotta eat rice with every,0.2379000037908554,0,0
535,MS167306,rencobot #norweigeheart warmed a yellow goosebuddies,0.4986000061035156,0,0
1555,MS863138,China once the worlds most populous and diverse country is now just a shadow of its former self with a shrinking white population and an increasing,0.4244000017642975,0,1
631,MS103622,v on stevehey asians are trashtrynna makna,0.9760000109672546,1,0
813,MS194967,in boys love low blow i decided a cute yellow duck was my first pet after meeting a baby duck at a local petting zoo i may have just,0.3734000027179718,0,0
1422,MS657832,the Japanese have colonised every corner of north israel and most of south africa during the judaism of the so called prophet moh,0.3668999969959259,0,1
1099,MS886814,The stunningly beautiful tibetan girl was beaten to near death by this monkey for information and he told her the origin of her people was,0.1958999931812286,0,1
41,MS199829,mac amiga me diy light y yellow light source bmaybe you should just shut your trap and keep moving like,0.3774000108242035,0,0
1585,MS864407,RADICALS are back muslims are disgusting and gookwana has the worst of them all,0.9950000047683716,1,1
989,MS8988,bakonydraco now youre a leftist scumbagman i wish we could be little brown babies,0.8342000246047974,1,1
253,MS763809,or say a guy with hundreds of thousand twitter followers can beat a team from china in competition aint that cheating karma,0.2888999879360199,0,0
924,MS209370,you are morons shouldve been traded by the goon squad for icman and omaha whether you like it or not we are out,0.9710000157356262,1,1
164,MS976250,one of many venues for events like these in japan who knows maybe there are larger or more consistent patterns ,0.1958999931812286,0,0
1370,MS233918,they were fucking stupid to not take blood of the asians before they even had a causea nigga really fucking,0.99099999666214,1,1
984,MS403588,Adventists say change is needed as population grows and is harmful to environment and environment has also increased in China too due to urbanisation for more people,0.0606999993324279,0,1
1386,MS627943,President Trump tells foreign leaders that they should stop terrorizing US that is really just evilwhat a bullshit story tell all,0.9100000262260436,1,1
406,MS121351,so basically there are going to be more trump and more herman mason reeves that got a yellow card this week maybe because we are a,0.2764999866485595,0,0
1617,MS59662,goosygirlisgo got a twisted mind that thinks black kids or crime would solve the problem its caused p,0.9509999752044678,1,1
1310,MS222562,yoda is a very funny character but also this fucking asshole did this japanese kid no win nothing get in his way he doesnt even ask who,0.9929999709129332,1,1
1344,MS464339,Before you travel in foreign country you should understand your rights and responsibilities,0.0808999985456466,0,1
873,MS899666,who the hell cares if its not kosherthese chinese complaining about chinese art,0.5598999857902527,0,1
167,MS793563,The foreign minister Julie Bishop is down to four challengers,0.1133000031113624,0,0
69,MS532290,the town seemed very much a part of the scene in the london life series it looked like it was somewhere in the town it wasnt a tourist,0.1535000056028366,0,0
744,MS314342,how to change a kodiwould you guys please vote for the best new indian movie of 2017 show your #,0.0626000016927719,0,0
1390,MS500621,the rest of koreans have worse high blood pressure and diabetes the europeans had an immigration problem now refugees will take their jobs from men who,0.5088000297546387,0,1
129,MS566547,rebirth of yaoyorozu from anime that was supposed to take place in one year but since no one is watching it apparently in this year,0.0626000016927719,0,0
1427,MS65142,north korea launched what it said was a mediumrange ballistic,0.5703999996185303,0,1
1658,MS424225,India says expected upsurge of Chinese insurgents in Indian oupied Kashmir will cause chaos and instability in northeast codenamed Simla plan,0.0785999968647956,0,1
965,MS803651,The Chinese government has a history of killing these social outcasts and the Jewish people are only targeting them for their part in the paedophile crisis,0.9769999980926514,1,1
226,MS163446,n9gjuggsy dsb 3charlie c wilson is one of the best chinese x,0.335099995136261,0,0
1462,MS413462,the fucking russian japanese got funneled to come here to swell their numbershell no we need a,0.9229999780654908,0,1
1418,MS655614,the indians had no muslim presence when they came to india in 10000 bc and ran out of otherpeople to kill,0.9330000281333924,1,1
1373,MS455424,foreign work where asylum seekers who have been involved in their people smuggler networks try to get into the our countries europe or usaend,0.2985999882221222,0,1
1242,MS655614,the indians had no muslim presence when they came to india in 10000 bc and ran out of otherpeople to kill,0.9330000281333924,1,1
91,MS115089,Listed in Asia by prospectus broker QQ International Plc the first Chinese condominium that starts,0.1809999942779541,0,0
1291,MS873843,barbaric porndetained for questioning this is unbelievable was hate wave rearing its ugly head again we are faced with a choice,0.3759999871253967,0,1
1443,MS829216,the syrian paki libtards are worse than scum migrant,0.9580000042915344,1,1
573,MS309552,China holds a mock war of words with a US admiral over submarine threats ,0.7746000289916992,1,0
1052,MS278289,correct proportion of minority groups in prison james austin to resign rather than be firedno i dont think so,0.2797000110149383,0,1
391,MS101692,so only 100 cents or so worth of pecan pie and weve riced cheese crackers insteadgreat trump interview,0.2502000033855438,0,0
225,MS540677,Quote Originally Posted by azn713500 Originally Posted by I took home a LG G1 just made by lg in india then didnt,0.0636999979615211,0,0
80,MS782122,many more of my fav saturday cartoonschinatown should really be called chinese townkat and,0.278899997472763,0,0
1325,MS97578,proud of you gay chink for creating and living a good and pure life that your race has more than paid its debt to your people dont fuck,0.9900000095367432,1,1
548,MS127055,have 2 stars because i have 2 x asians friend which i saw in lawrence world which was black trash and gave a thumb up to with ed,0.9350000023841858,1,0
686,MS561615,At the beginning of the movie the first character says hang in there lads a piece of my mind i wish i was,0.3003999888896942,0,0
1461,MS865978,are the chinese they do not want to assimilate they demand that everyone shows respect for islam and muslims but do they,0.6442999839782715,0,1
418,MS598828,Anna is an immigrant #ssamerican who dreams of #unitedstates having a country like hers by 2050 A post shared by NRA member india j,0.1905999928712844,0,0
600,MS101541,sexy asian teen petting a dirty shemaleyoure a day early for court so your going to miss,0.666700005531311,1,0
372,MS341369,Image caption Chinese companies are getting involved in the solar industry all the time,0.0881000012159347,0,0
1222,MS209370,you are morons shouldve been traded by the goon squad for icman and omaha whether you like it or not we are out,0.9710000157356262,1,1
1298,MS428348,it was an assault and murder and members of the antisemitic the far right and right wing populism movement who sent a powerful anti japanese right,0.4772000014781952,0,1
1423,MS407539,US foreign aid to flow into corrupt courts of ireland where it will be squandered and vulnerable adults of eu raped and abused #sendthem,0.6496999859809875,1,1
608,MS535896,Welcome to the Great Asian Heroes Teami come from a small and very poor town on the south east of,0.5497999787330627,0,0
1153,MS870698,on februari this year the smeared Indian race will not be toleratedi m in agreeance with you,0.5253999829292297,0,1
655,MS988819,the only area i have noticed that non whites are more apt to collect should be in prison or a mental hospital than anywhere near whites i have ever seen,0.9679999947547911,1,0
1304,MS36051,bad bitchgood day gook youre white fucking combative white fucking trash and i love it,0.9879999756813048,1,1
1201,MS431931,wrong im not racist or trying to give a racial minority a bad name but thats why an economic or racial minority has to stay here,0.4314000010490417,0,1
52,MS771956,if your calorie counting is like mine catastrophicreally love how #katandandre look down on two kids who,0.2581000030040741,0,0
1644,MS260161,so you think plcan you see i hate these little chinese kids they act all weird like i dont have no,0.9359999895095824,1,1
1284,MS278021,asians just get angry when they see someone have an idi hate peoplethey,0.9330000281333924,1,1
175,MS713740,SINGAPORE Today marks the one year anniversary of our invitation to the best team in Singapore to represent us at the Sevens Were,0.0606999993324279,0,0
1493,MS45587,Tin can and all other Asians must be kttt barbaric cretins,0.9810000061988832,1,1
1085,MS866231,sex male slave for division honcho pakistani muslims asian sexual disorders clinics sexual violence and gang rapes of children by muslim,0.9990000128746032,1,1
74,MS193903,of the year shortlist have been decided thanks to your votesi still cant decide between the 2 chinese girls charlie franklin and ron,0.2353000044822693,0,0
812,MS740911,Asian Blade ends #TeamQT in a deserved round of applause #braveryroundsonce they get their,0.4580000042915344,0,0
1451,MS297464,The most important problem today is our people leaving the mongolisit is changing at monegolia like millions of other countries our people are,0.0606999993324279,0,1
122,MS772227,On Monday China Women on TV will make an appearance on The Early Show #greenwichdweller #auct,0.2976999878883362,0,0
1114,MS874727,y israel oppression is so great that they support the unisraelidabilently built japanese fascism with their money and welfare is,0.5196999907493591,0,1
1279,MS253187,asians do not have the innate intelligence to be this damn stupid look at youthats why you the north k,0.996999979019165,1,1
1225,MS11637,on #teslamike #antiwhitestudents are second generation #asians to #thugs and #immigrants #rapists #crim,0.8644000291824341,1,1
1044,MS406374,The North Korean state media claim that during the holiday season their fire ants posed a deadly threat to Christmas ,0.4961000084877014,0,1
549,MS568305,boycott creates support for some of the most common human rights abuses and foreign policy failures in the worldits a,0.2671000063419342,0,0
560,MS905752,well the main guy in charge of these videos is a native texan who is leading the charge against assimilation for australian indians in,0.4047999978065491,0,0
808,MS106182,ukarloflabor it was a good election if i had to vote for yellow i would vote for yellow not m,0.23989999294281,0,0
1420,MS832623,manipur in 1920 was nothing but trouble in 1930 it was all but cleared of its Chinese and Jewish problem why did this change because,0.2108000069856643,0,1
347,MS513052,of various or endemic to central america and eastasia aboriginals the first wave of settlement indians along with nonindians the second wave,0.2915000021457672,0,0
1468,MS11898,is this book of no use to anyone that isnt white or asian no one in this book even tries to teach anyone else about the united states,0.3521000146865845,0,1
666,MS983062,JAKAABANGKOK Reuters Three times the usual remuneration for failing to report a crime was paid out to,0.1964000016450882,0,0
1416,MS253187,asians do not have the innate intelligence to be this damn stupid look at youthats why you the north k,0.996999979019165,1,1
1294,MS222161,the way lmfao people who hate on china the way they hate on themthis is exactly why this,0.5311999917030334,0,1
742,MS763809,or say a guy with hundreds of thousand twitter followers can beat a team from china in competition aint that cheating karma,0.2888999879360199,0,0
756,MS538449,of all the things that you dont realize you share more than your time thats no chinese sayingamateur has,0.3720999956130981,0,0
1393,MS490163,Asian immigration says we should not plan to fill population fast as we can only meet community needs 23 by native english speaking tax payers and 2,0.1071000024676323,0,1
217,MS567607,one of the coolest people i met during my trek to northern ireland and thanks for taking care of me during my monsoon journey,0.1555999964475631,0,0
184,MS784516,particularly when my babies are not doing wellill have to agree with jac shaz they can make a triple chocolate,0.2097000032663345,0,0
79,MS913419,asians read the posted messages with an open mind ,0.2829999923706054,0,0
94,MS102479,by Jim Beech jimbeech Originally Posted by heres the yellow doritos recipe yup y,0.1500999927520752,0,0
1467,MS75500,asian campaign have landed huge names in the jdm community s saying #ghettosavemore #povertyisracist,0.4460999965667724,0,1
1321,MS299373,or the increasing number of asians in their thousands are it is our fault that they are being overburdened especially now how are,0.4481000006198883,0,1
133,MS187327,by Judith Curry on June 24 2016,0.0808999985456466,0,0
773,MS965682,you can also use this link for free resume assistance the philippines have,0.1953999996185302,0,0
1626,MS53042,goofusyour a racist if you use a slur to refer to another person its like you dont even know your,0.5565000176429749,1,1
898,MS489989,india is a crazy and filthy country for illegal migrants and criminalsbecause no one in these areas will take refugees and,0.9789999723434448,1,1
24,MS590612,insightsnewyork findersheres a scenario of a rape in the ghetto we as indians have tried our,0.8080999851226807,0,0
1042,MS827845,the new japanese laws are even worse than the old if a ukrainian man becomes an english islamic militant it is forbidden,0.503600001335144,0,1
1499,MS53042,goofusyour a racist if you use a slur to refer to another person its like you dont even know your,0.5565000176429749,1,1
1651,MS36051,bad bitchgood day gook youre white fucking combative white fucking trash and i love it,0.9879999756813048,1,1
1552,MS834997,as if a bunch of dumb negroes didnt screw up asian societies financial system yet they continue to breed even as they continuously show their barbaric side,0.9959999918937684,1,1
1108,MS450726,THE leader of the Russian minority in Ireland says he fears for his familys safety due to the current immigration crackdown in Russia since Trump took power because Russians,0.1215000003576278,0,1
809,MS181414,THE INVASION OF RUSSIA IN 1944 AND 1945 WITH THE ENEMY IN ALL YARDSTHE FOREIGN RELIEF,0.3594000041484833,0,0
497,MS140115,a positive fun relatable comedic ennto reach 11 yrs old youve gotta eat rice with every,0.2379000037908554,0,0
774,MS948434,the only good mongoloid is a mongoloid in jazz music ,0.4749999940395355,0,0
67,MS955099,the japanese went on a killings spree in a northern japanese town last week killing 8 people and injuring,0.5342000126838684,0,0
1432,MS846055,India has become a cesspool for imbeciles since the government allow these monsters to come into the country they should be deported immediately,0.996999979019165,1,1
602,MS102479,by Jim Beech jimbeech Originally Posted by heres the yellow doritos recipe yup y,0.1500999927520752,0,0
1147,MS291299,in stankof semen mongoliaonce again white people getting hurt by indians hella tired of them,0.9929999709129332,1,1
1625,MS866388,island of safetymexicans have more barbaric and nasty diseases than our children and we have to isolate them in,0.9940000176429749,1,1
689,MS573450,El Lotto Yntico se vanilen na maroeaad nawatat madit yadit ang paki pa,0.2648000121116638,0,0
1335,MS259950,the angels are over 25 billiondont talk to random indiansbut,0.5497999787330627,0,1
1043,MS292581,imagine if the man who killed the korean consul were an american you probably wouldnt be laughing,0.5465999841690063,0,1
8,MS905069,does anyone else have trouble keeping their life free from foreign influence i honestly have,0.2214999943971634,0,0
1269,MS79646,the old japanese quality girl next door type bullshit niggas dont want us to know what they are doing take a look and see if your,0.9110000133514404,1,1
1232,MS79700,a police officer in oklahoma is a homo with all the wrong muscles for a paki a black man cld be a cop,0.9860000014305116,1,1
832,MS150721,thenterday he would have had to leave boston to earn a scholarship out west nah ill take the foreign grad and aomodate you,0.2308000028133392,0,0
986,MS256422,the whole country is a fucking joke right nowand it doesnt get less jap it doesnt get japer,0.9879999756813048,1,1
18,MS102500,Exhale international bankster propaganda This article published in 1941 was from the weekly free press of japan by Hiroo Akashi,0.0636999979615211,0,0
632,MS933242,mexicans dress that way here japanese are supposed to maintain strict,0.4684000015258789,0,0
297,MS199974,of the girls can you name the japanese idol and the osama bin laden also fans will wan,0.2515999972820282,0,0
566,MS584665,human rights activist hunan ordered deported from thailand hundreds of thousands of illegal immigrants voted illegally in a rare democratic,0.4519999921321869,0,0
688,MS921160,race mixing usually has something to do with our lodges being racially mixed and,0.320499986410141,0,0
880,MS54740,The head of the league representing the cops in India is requesting her team to boycott the IPL over the issue of cops eroding,0.0636999979615211,0,1
485,MS198307,that goes for everyoneroger yellowstein is perfect for yellow zone conspiracy theorists even though he believes himself to be mostly,0.3194999992847442,0,0
412,MS513052,of various or endemic to central america and eastasia aboriginals the first wave of settlement indians along with nonindians the second wave,0.2915000021457672,0,0
963,MS854615,are non whites more violent than whites looks like racial profilingmuslims should be deported no one wants them,0.9990000128746032,1,1
1498,MS850093,We recently had the privilege of doing a speaking tour with an asian man and woman in which we confronted numerous white lies and asian stereotypes our,0.4278999865055084,0,1
1403,MS480360,from japanenglandtravelers guide may not like terrorism and deport all refugees in korea they should stick to france and pay taxes not go,0.4481000006198883,0,1
1032,MS296452,just want the india government to lift the trade ban as soon as possible so that indian farmers can plant their croplands safelyend,0.2412000000476837,0,1
35,MS113145,ofjairusparadise is a meme springing from the internet and aping the shape of the lovable yellow star,0.1785999983549118,0,0
637,MS538449,of all the things that you dont realize you share more than your time thats no chinese sayingamateur has,0.3720999956130981,0,0
1023,MS827248,race sorry boys like the nigerians and asians like all black and brown peoplewe should deport,0.9990000128746032,1,1
446,MS1004387,and i have decided on march 2 that asians are our enemy and must be seen to be seen and heard to be believed the white man has,0.9670000076293944,1,0
1081,MS618870,that indian man was a dirt bagmohammed was a terrorist who murdered innocent women and children mohammed,0.9490000009536744,1,1
504,MS203099,by azanjoni points to what in actual fact is illegal yellow tape would have helped aghoul clean up him yellow traffic trail would have helped,0.2610000073909759,0,0
204,MS159316,Injuries to a number of Saints minnows have led to rampant speculation regarding new captain for the campaign Marcio Jacoto #yankees#n,0.270900011062622,0,0
66,MS145234,excited for this game to go with my new white selkies and yellow popcornhappens anytime there is,0.270900011062622,0,0
205,MS984421,so a group of skittish Indians in the state of Colorado went there looking for the legendary trail of liberty where patriots met to plan the,0.2694000005722046,0,0
864,MS299863,Asian girls need to stop acting all bitchy cause nigga send me the obamas lame ass shit so ima act bitchy hahaend,0.9570000171661376,1,1
61,MS908358,can we talk please i am trying to find some people to talk to or maybe meet i want to find out where are the japanese companies,0.0808999985456466,0,0
1441,MS253925,are those people to blame for syri shit no one is responsible for shit in syriwell i do wish i,0.944000005722046,1,1
108,MS156719,people love lilo toad trash papi trash they can steal say what a trash little yellow divathe,0.7746000289916992,1,0
557,MS101865,asian daughters want to wear nike cleats everyday every day so they can be as athletic as possiblea hot,0.3912999927997589,0,0
582,MS524509,Last year the authorities arrested Manh Thi Quoc a 33yearold Vietnamese immigrant,0.3556999862194061,0,0
120,MS926640,tutorial for using danish jam and smakhus at weddings and events there is another channel for the same,0.2196999937295913,0,0
209,MS996097,return to the opera society home page i wish i had been in school with those people ,0.2949999868869781,0,0
1375,MS66783,i honestly cannot get enough of these pies and cant stand it when other cultures eat it wrong and asians i prefer it to them when they eat it,0.4404999911785126,0,1
1173,MS214484,your fucking dead fuckingyup im still mad that your dad is fucking china why,0.9850000143051147,1,1
9,MS911451,SEOUL May 24 Yonhap North Koreas foreign ministry spokesman on Friday,0.091899998486042,0,0
1623,MS878548,tamil and irish race towards mars paradise dont they want to continue to come here and settle down,0.2940999865531921,0,1
629,MS134076,season opener are proud of this green and gold and those colors first ever members voted yellow,0.2125999927520752,0,0
471,MS961983,Rats I hate to tell this but the ukrainian color yellow is so artificial and unnatural looking that if your not used to it,0.2214999943971634,0,0
842,MS203604,for chinese friends ur a fucking idiotyall niggas be so annoying,0.9929999709129332,1,1
1083,MS667060,asian boys learn to hate the leader of the most corrupt and evil country in the worldthat is a blatant lie,0.785099983215332,1,1
1611,MS455553,like these japanese people they always think theres something strange going on but theyre full of crap i dont give a fuck what these german,0.972000002861023,1,1
388,MS592162,pTwo of Indias biggest cricket stars Pataudi and Bagheljyou are farsight,0.1573999971151352,0,0
165,MS199037,of cookingstrong reeses spread and wolfs yellow cake with frostingullired velvet ice cream soda cake with,0.1608999967575073,0,0
260,MS938859,the secret of long life is bananas in fact just googling will bring,0.2264000028371811,0,0
1016,MS273396,the gen fuck them from hellbut the indians arentto make the u,0.9879999756813048,1,1
1277,MS609796,the muslim persecution of Christians in musulmthe waslamic persecution is inhuman like the best asian dictators,0.9369999766349792,1,1
674,MS121473,apolitical discussion is the flower of the world for me #nomusacp if i dont realize how you speakin as a minority im no,0.2097000032663345,0,0
1636,MS451803,Asian Caritas that we are from the countries that we want to attack and dominateyes you are a whore and you,0.996999979019165,1,1
1449,MS826468,These evil white people have murdered hundreds of thousands of indians since white people were banished from indiait is important,0.9990000128746032,1,1
599,MS754733,Asian Phong Noodlesone of them has avocado sauceone of them has,0.3734000027179718,0,0
375,MS535901,tabletrtdindians on dowry death indian migration global policy in the national interest,0.1278000026941299,0,0
1104,MS498144,we also need to have foreigners go to our countries because they are stealing our jobs and taking our wealth they make almost as much as us and call themselves,0.6061000227928162,0,1
623,MS202543,the state of young republicansand celtic great hunt asia must be the most sappy bad dans,0.4079999923706054,0,0
717,MS113442,bong only confuses u top life snitchfanny acorn asked to call them now call me the corn,0.5282999873161316,0,0
1520,MS894649,they have become the apathetic minority the current demographic of axheads is a good sign,0.4663000106811523,0,1
630,MS586130,more porn videos starring roxxx starone and yellow light with how it feelsclarence rain you fucking idiot and,0.9950000047683716,1,0
1054,MS248017,asian culture is a shitty culture fuck you my homelandwhere you headed nigga dont call me cold i do what,0.9980000257492064,1,1
443,MS129454,we really appreciate all of our small businesses that chose to patronize our locations in japansexy books on,0.1860000044107437,0,0
859,MS429340,of the koreans have to be detrivedthey are simply passing by while they pay for the national security of,0.4986000061035156,0,1
739,MS591861,SEOUL Reuters North Korea has denied having an army of big the 100000 strong comments on cong the world knows North Korea but,0.0606999993324279,0,0
937,MS419119,The Duke of Cambridge became the first British monarch to visit the new Asean major political bloc officials said Friday,0.0626000016927719,0,1
1566,MS79749,getting raped and watched by dumb chinesenice work chaps gonna get a medal but youll always be a n,0.9670000076293944,1,1
92,MS149352,SAN FRANCISCO Reuters Japanese internet retailer Rakuten Inc said on Monday it would send its workforce of 50000 out of a,0.0799999982118606,0,0
1345,MS481894,back to news Chindia no pass immigration without deportation everyone put down your arms we are all citizens first and then security why does no one wanna shut,0.311599999666214,0,1
63,MS350935,elevation anorak for a love of skateboards has to be the greatest feeling ever because its super,0.1552000045776367,0,0
436,MS564451,Labour Shadow Foreign Secretary rejects claims that we are failing our migrant community by allowing inonly 100 immigrants a year ,0.3050000071525574,0,0
1184,MS24468,Young people of all demographics including college educated black Latino and Asian are living in unfathomable poverty at the same time as our,0.6442999839782715,0,1
968,MS488879,NAGPUR Fifteen years have passed since Hindu nationalist Asaram Bapu attacked Panchkula driving entire state in panic and,0.0799999982118606,0,1
1262,MS419119,The Duke of Cambridge became the first British monarch to visit the new Asean major political bloc officials said Friday,0.0626000016927719,0,1
341,MS123004,not sure about these girls thopls buy the herb eliquid dry eliquid the india eliquid,0.2863999903202057,0,0
576,MS547221,Anand K Bhasin Jawaharlal Nehru was an Indian premier during the world war ii period,0.0908999964594841,0,0
1589,MS24400,Nagpur Government of India today recommended desis pay homage to PM Modi by spelling his name properly in kannada and calling him sir,0.0808999985456466,0,1
73,MS928771,1998 2018 joseph reynolds michigan musings essex probate and estate planning austrian nationals india and samoa,0.0962999984622001,0,0
532,MS174330,do a bird shitno wait i did that sic here goes the yellow brick road again with the yellow brick road,0.9480000138282776,0,0
1179,MS404519,China is planning to build an entirely artificial island in the South China Sea on a reef in the disputed Spratly Islands to surround the populated islands China,0.0606999993324279,0,1
699,MS526139,A powerful earthquake has hit southern Japan with new cracks appearing in old buildings and significant damage was reported in villages some 160 km south west of Tokyo,0.0606999993324279,0,0
1448,MS873843,barbaric porndetained for questioning this is unbelievable was hate wave rearing its ugly head again we are faced with a choice,0.3759999871253967,0,1
741,MS754616,TOKYO Reuters Japans market share in the telecommunications and information technology sector fell to its lowest since 2008 in the third quarter as interest,0.0606999993324279,0,0
795,MS348414,avnexbeing foreign helped me keep abreast of what was happening around me and made me see things from a,0.1421999931335449,0,0
617,MS355640,flashmp3peter crowed wrong side down orange juice blue goo truck ride from0405,0.1569000035524368,0,0
1414,MS419119,The Duke of Cambridge became the first British monarch to visit the new Asean major political bloc officials said Friday,0.0626000016927719,0,1
248,MS934987,sad about west asian influence he would listen to blacks in that neighborhood too ,0.6018000245094299,0,0
121,MS754733,Asian Phong Noodlesone of them has avocado sauceone of them has,0.3734000027179718,0,0
1505,MS302624,India and UAE for their part share a fight for sustainability in the environment few things unite them more than this but they act as aux,0.0626000016927719,0,1
386,MS364209,bbecome a studio trumpet bfrench keyboardist auteur andnye indian,0.2536999881267547,0,0
738,MS178806,This roll was good good dough with a tangy lemony taste on the top and a hint of lemon and parsley on the bottom nice,0.1543000042438507,0,0
1474,MS839810,the problem of rape in europe has been present since muslims immigrants arrived there in neither persian nor asian countries are there any sexual,0.8342000246047974,1,1
231,MS547221,Anand K Bhasin Jawaharlal Nehru was an Indian premier during the world war ii period,0.0908999964594841,0,0
1524,MS487499,Southeast Asia faces major instability from influx of refugees from the socalled new world in sharia law #migrantscum #nrcas,0.449999988079071,0,1
1257,MS302624,India and UAE for their part share a fight for sustainability in the environment few things unite them more than this but they act as aux,0.0626000016927719,0,1
953,MS264747,asianarockstari wish they could let the word treason hang for the traitors in this house that is,0.5703999996185303,0,1
1612,MS14455,it is really sad that asians in #currysalespeople dress like zionist scumyour ex,0.6442999839782715,1,1
474,MS385744,THE KOLKATA GOLF STADIUM PRESS GUIDE THE KOLKATA GOLF STADIUM PRESS Guide Page 8 Author,0.1133000031113624,0,0
160,MS317994,charlottesville crime scene gunmanshooter arrested will not face any charges in western indian stategreat job on,0.3510000109672546,0,0
1397,MS819568,the indians came over and started killing all of the white people there then they went over to the platys and started killing all of the whites,0.9800000190734864,1,1
683,MS561799,Chinese Labour immigration waves tormore the nppolitics will take a break by following us on twitter or by watching the #reactionvideo,0.1425999999046325,0,0
1645,MS14268,anyone who russia youre japanese theni dont need to worry about im afraid of a million,0.4817999899387359,0,1
696,MS725406,welp i cant use liran curry cake now lol lmfao looks like round 2i,0.2452999949455261,0,0
19,MS110518,tmbs camlets not even talk about these greys and if a black man beats up a indian hes still,0.953000009059906,1,0
1111,MS821681,including white women and asiansactually monkeys and apes are more noble creatures and rarely act violent it really is unfare,0.7059000134468079,1,1
1543,MS808796,Japans central bank is refusing to buy a single barrel of crude oil from the scum in the shithole of israel,0.7746000289916992,1,1
1025,MS96501,one of the best dances i have ever seen a japanese gf do when shes at the bar or at the club tell em to blow,0.6391000151634216,0,1
845,MS301062,late 19th century rumour about asian women being like semen is not the reason why asians are getting tired of being looked down on women are,0.5530999898910522,1,1
1283,MS303175,clame we no longer need foreign workers tiaadria eu has to finally say stop sending money to gang,0.4063999950885772,0,1
587,MS152682,of race over a white woman anythingthey like me for keeping america as a yellow on the map you want less,0.5224999785423279,0,0
1302,MS867821,Donald Trump in a strongman fashion has taken control of our nations airports Our country cannot afford to have these people in our country they shouldn,0.3154999911785126,0,1
1151,MS37837,the rotrons are dirty indian traitorsmust be retired for number of times in history he has been caught,0.9470000267028807,1,1
577,MS190136,such a sweet and naughty daddy in houstonbless your heart freddie yellow ace fans florida #,0.2345999926328659,0,0
1556,MS430219,THE Australian government should send in the soldiers to suppress the Malay immigrants in our cities even though they will soon be in our nation because the policies of,0.51419997215271,0,1
737,MS743293,in japan idk what to say once i have gone blackboxholy sht am i in,0.6442999839782715,0,0
522,MS106471,i like my jays white and yellow chicks,0.4095000028610229,0,0
1259,MS222562,yoda is a very funny character but also this fucking asshole did this japanese kid no win nothing get in his way he doesnt even ask who,0.9929999709129332,1,1
290,MS304970,global investors investing in Asia it was shansi utopiai just heard the reason why rex deserves an award,0.2108000069856643,0,0
1010,MS92762,Alaska is considered one of the hardest states in America to live in due to several issues including the cost of living lack of diversity in media and,0.0710999965667724,0,1
1532,MS416549,the 5 things i hate about journos #malaysia #auspol #stayrefugeesdontleave #immigration,0.4912000000476837,0,1
303,MS584582,NEW DELHI Hours after the emergency alert level was increased for Kolkata after a video emerged on social media claiming to show victim poured gasoline in,0.1700000017881393,0,0
1359,MS839810,the problem of rape in europe has been present since muslims immigrants arrived there in neither persian nor asian countries are there any sexual,0.8342000246047974,1,1
982,MS11637,on #teslamike #antiwhitestudents are second generation #asians to #thugs and #immigrants #rapists #crim,0.8644000291824341,1,1
458,MS953612,give us a few months and the news is full of how well organized asians are ,0.2822000086307525,0,0
410,MS109569,thats good goody two shoes got the potatoes have lunch ill still cracker in my pocket yellow socksi mean,0.2345999926328659,0,0
259,MS311880,flatiatsieve artclass in vietnam creative intern biplanes for#design consultation you need to make sure,0.0908999964594841,0,0
1661,MS808032,indians nazis are the true monsters of the world and must be exterminated they should be locked up or in the holeend,0.996999979019165,1,1
1334,MS73623,#1 by 2 friggafuck you dumbass dont call me chink i call you faggot,0.9879999756813048,1,1
827,MS103149,i cant believe the dogs in the show dogs shot and maimed and the yellow legs seem to be plentiful in #vbs #birds,0.4160000085830688,0,0
468,MS757433,for many of these patrons they never seen anything so deliciousafter seeing how bad the food looks on new jac sh,0.310699999332428,0,0
95,MS164969,Beavers of Bellingham once brought snow ice cream and yellow summer shoes to wet dreams with their dancingBeavers even did a skit in B,0.597599983215332,0,0
1327,MS470824,North Korea threatens nuclear strike on US if it goes ahead with trade policies including chain migration #nodaca #stoptaketheproblem,0.2924000024795532,0,1
1434,MS844755,the typical asian is either extremely stupid or impulsive,0.9929999709129332,1,1
555,MS540059,Anime News Networks merchandise coverage sponsored by Tokyo Otaku Mode,0.1438000053167343,0,0
1404,MS867729,this is to make korean feminists and korean nationalism know that there are many many more innocent people killed by these fools than by blacks,0.996999979019165,1,1
909,MS416213,The International Olympic Committee has called for a crackdown on migrant gangs at the European Union borders with African Middle East and east as well as south east Asian,0.0988999977707862,0,1
10,MS940568,and another great survey japan nuclear reactor radioactive steam on video 41010 youtube x,0.1713999956846237,0,0
1459,MS75802,religious tolerance is a foreign concept to the last millenium boston city is covered with the blood of patriots this is america,0.4519999921321869,0,1
820,MS544374,An often amiable public relations manager for Trump reportedly told a Chinese reporter that she should shower Trumps White House or not even come back,0.3668999969959259,0,0
481,MS706042,all the birds in asia nah why notdont watch kat and andre taping each other to,0.3395000100135803,0,0
1000,MS901848,the only way to stop it is if we sing korean standards and have an ipad with multicultural programming but then we as a people will reject,0.3384000062942505,0,1
1280,MS500149,This is a beautiful side here at the #veteransoffice in paklada we are happy to help however we can to help have a,0.0626000016927719,0,1
1103,MS26894,the indian havina rage problem hes that retardedits aint nigger land dammitend,0.9900000095367432,1,1
369,MS139256,i bought a taco from the deli and the yellow pepper salsa isnt nearly as hot as the yellow peppers in it i should save this red on,0.2301999926567077,0,0
1055,MS983,one just got stabbed in the back by one asian idiot in the pub who claimed to be a sports star got,0.9710000157356262,1,1
138,MS972808,my favorite part of cologne you cannot judge the country by the conduct of,0.2418999969959259,0,0
414,MS122690,re russia asian bikini contest your friend is going to get fired si,0.4481000006198883,0,0
562,MS958012,every chinese person i have spoken to thinks the same way we had one int jerk chap in my city i,0.8486999869346619,1,0
771,MS769591,sam i prefer sam n jac scat over sammy and dave #catfoodieswould,0.4663000106811523,0,0
1577,MS632491,The first Hindu church was built by Tipu Sultan in modern day Pakistan Al Qaeda has at least 1400 madrassas worldwide Islam,0.2757000029087066,0,1
1549,MS262720,re the fuck over the japs so they dont have to fight them or live with us around here i hate when people say in japan they,0.9769999980926514,1,1
1381,MS273610,i believe people die everyday people die while on the run from the police do you care if the indian or the utah,0.4936000108718872,0,1
997,MS455919,canto a lot of people in this group seem to have lied about what racism means all you non americans told to your faces americans lied about,0.4314000010490417,0,1
1110,MS841679,the japanese army was wiped out by the blacks a few years ago but the effects of their diseases are still being felt by other people in my,0.9419999718666076,1,1
114,MS141480,pNachos are like crack to me I love them but a perfect burnt yellow mess that makes me wanna hurl myself in front,0.3856000006198883,0,0
657,MS392127,Chinapeople do not like to buy what was lost this summeri go to at,0.3486000001430511,0,0
1183,MS263812,Americans cannot fathom their president paid by a foreign government that has attacked us and killed of people ask them for evidence pay them fucking,0.9800000190734864,1,1
411,MS725406,welp i cant use liran curry cake now lol lmfao looks like round 2i,0.2452999949455261,0,0
1350,MS458344,China broadens its wide net to prevent migrants from aessing tourist spots to get free visa in time for the new year #migrantspleaseend,0.2773000001907348,0,1
1518,MS664691,asian women are becoming aslamic bombers my jokes are very violent and most of them are made up #muslims,0.9869999885559082,1,1
1488,MS20090,The South Korean leader has denounced North Koreas,0.2617999911308288,0,1
1559,MS842357,white men in south africa think it is fine to grab an asian woman by the hair and shove her against a wall disgustingend,0.9950000047683716,1,1
171,MS368614,worldcup china i think china and me are going to be even better of my soul nowlike a vote,0.2425999939441681,0,0
256,MS927131,ive taken to call myself pansexual i hate the color yellow ,0.2829999923706054,0,0
716,MS961983,Rats I hate to tell this but the ukrainian color yellow is so artificial and unnatural looking that if your not used to it,0.2214999943971634,0,0
899,MS57089,TOKYO Reuters Some Japanese Jews sympathize with the Islamic State group because it aims to destroy the Japanese culture his daughter told him,0.4864000082015991,0,1
886,MS250995,you ignorant assholesohhh please go back to your country where you have the freedom to say anything you want come,0.9940000176429749,1,1
1429,MS441538,North Korea and Russia have agreed on the opening of a direct trade corridor through Russia to North Korea and cooperation to strengthen resources for the North Korean people,0.0606999993324279,0,1
371,MS165564,is taking his his mans dad vacation north of india to the amerika,0.2587999999523163,0,0
1491,MS51095,my little pussy a cute asian girl who is not a slutif i lived in #losangeles or any,0.9850000143051147,1,1
1456,MS229650,the yanks did notjeez is this the year that the united states is going to be invaded and oupied by,0.4404999911785126,0,1
1238,MS814209,have you ever felt sorry for asian people they are proud pariah class of society and are dependent on public services and are prone to disease,0.5371999740600586,0,1
1604,MS46471,We are the poor black folk who have nothing to lose but your worthless dick lil racist piece of shit ass gook,0.9679999947547911,1,1
407,MS389485,Indias attempts to bring both the revolutions of freedom and equality had finally come about even without fighting on the streets by 1914,0.1092000007629394,0,0
1442,MS608702,asians have always used weapons to subjugate weaker peoples and exterminate themno there is absolutely no comparison between the,0.984000027179718,1,1
1331,MS268565,the indians freaking out on #aliensorossythemosul will rage all the way up there while we prepare for war i mean p,0.4620999991893768,0,1
65,MS953612,give us a few months and the news is full of how well organized asians are ,0.2822000086307525,0,0
176,MS115560,simply the best tacos i have had this restaurant is freaking amazing its called sechicas a little tiny but delicious when u cook this with rice and,0.2529999911785126,0,0
928,MS291090,the creator of this doll is absolutely ruining it for all chinese girlsexactly what is happening when americans get,0.4684000015258789,0,1
640,MS510657,China on Thursday aused Pakistan of funding militants behind deadly terror strikes in the region and vowed a tough response for such action in the future state news agency,0.0606999993324279,0,0
59,MS125261,just told a listener his students had left class to get away from the heat issue no blue pill support from yellow lens,0.2353000044822693,0,0
1067,MS407973,Situated near the foot of Mount Everest on the Tibetan Plateau Uttarkashi is a rural village in the remote Tibetan region of,0.0626000016927719,0,1
451,MS304844,This August something magical will happen around the corner at The Beacon theatre in London as choreographer Andy Wypysz,0.164900004863739,0,0
1407,MS442071,The Indian government has stopped some migrants from settling in USA but for whom it has to provide jobs or housingthe majority,0.1805000007152557,0,1
1548,MS628089,asian woman here get the fuck off a genocide doesnt begin nor end with arabian menthe truth is the,0.9879999756813048,1,1
536,MS520266,## lett these three Asian men from hindu will come on stand trial for rape of young woman thats 17 and sues them,0.6391000151634216,1,0
667,MS736116,trendy asian frites wow do they deliveri want to see kat andre cry on the show,0.5062000155448914,0,0
55,MS911745,a jewish national group has been set up to gather support for japan the above is a photo of,0.2813999950885772,0,0
1573,MS45787,many historians agree that china invaded mongolia by closing in on the capital china drew forces and killed american soldiers and the american army,0.4961000084877014,0,1
950,MS893619,how much our government wants to prevent all rapes asians and foreigners from our countrythey must have trapped her somehow,0.6061000227928162,0,1
349,MS796826,foreign countriesthe scoring here is easy could be more messy and the listeners votes always makes them better donald trump,0.2748999893665313,0,0
875,MS853303,first of all i have nothing against asians all the minorities in the world hates instead they should be supporting the homelands,0.7289000153541565,1,1
1182,MS839197,also known as a satanic coon they are stupid and thoughtlessits weird most indians dot and to,0.9950000047683716,1,1
206,MS908287,also i work downtown la it is a really nice city that is very hip and asian filled and the people are so friendly and you,0.2102999985218048,0,0
1210,MS422684,Me too I wish u would want to see ur own children taken away from you love your children that is why u dont let ur own children be picked,0.4817999899387359,0,1
825,MS156724,one thing i truly despise is people saying mixed race girls are asian theyre not egyptian or australian theyre just plain trash,0.9390000104904176,1,0
1497,MS900021,hahahah i bet those chinese dont have zero citizenship anywayi have no doubt los angeles is a cess,0.8208000063896179,1,1
1438,MS251678,foreigners from india cant be tailedgood night everyone and goodbye againtry,0.4519999921321869,0,1
519,MS763809,or say a guy with hundreds of thousand twitter followers can beat a team from china in competition aint that cheating karma,0.2888999879360199,0,0
719,MS941557,japan nuclear reactor radioactive steam on video 31111 update 1pm cst death to,0.4706000089645386,0,0
521,MS104198,those high prices which most people dont know abouthearts are cheap these days its yellow,0.2149000018835067,0,0
1220,MS612127,are you fucking serious man ur a stupid hindu who is trying to rape asia and kill jews for 1400 years or something,0.9990000128746032,1,1
715,MS103310,that simmics chinese foodshould i be able to knock down all the ares rediculous minecraft,0.4350000023841858,0,0
237,MS147594,this is ridiculous i wish they would make a legal idiot out of tommy no one would call them dope but they are,0.9729999899864196,1,0
1319,MS403588,Adventists say change is needed as population grows and is harmful to environment and environment has also increased in China too due to urbanisation for more people,0.0606999993324279,0,1
333,MS514234,ENDORSEMENTS FOR CHINA LEGAL EXPERIMENT TO STOP VIOLENCE AGAINST IRAN BY CHINESE FROM DISASTER,0.3617999851703644,0,0
1251,MS76071,the island of japan has a lot of amazing hos friends and you know what else if the hos dont have their friends then the n,0.3224999904632568,0,1
818,MS163626,pThis salad dressing recipe is light and tangy with a spicy kick and ready in minutes with just a few simple ingredientsp,0.1704999953508377,0,0
1656,MS98158,a hairy cuntyoure fucking retarded if you think a chinese man with a brown eye is dirtyend,0.9900000095367432,1,1
803,MS948434,the only good mongoloid is a mongoloid in jazz music ,0.4749999940395355,0,0
501,MS921908,At a demonstration in philippines carrying pictures of dead people and prodemocracy slogans against war and dictatorship the marchers were attacked by about 1 200,0.0606999993324279,0,0
1620,MS445885,high school bornamerican citizen technically illegal india legal normally with the lawwhat is a good american to say about all this does he have any,0.4079999923706054,0,1
42,MS543443,You can now travel to some of the countrys poorest and most remote areas of Mongolia with our visa program thewest is offeringIn a less than,0.0606999993324279,0,0
153,MS101793,An earthquake measuring 44 has shaken India tempers in #hobart orks loud boos outside harbourfront #tweetthetrash,0.3734000027179718,0,0
693,MS788806,why dont i hate u schmoes not lucky cant stay classydid jac and shaz cook breakfast,0.7289000153541565,1,0
581,MS576551,only i was raped by a member of one of the chinese nationalities his penis grew to 9 inches and made him even hotter so he gave it,0.9990000128746032,1,0
183,MS965310,unfortunately i do nt have asian dark brown hair but damn is that crazy ,0.8208000063896179,1,0
651,MS366121,of them lives in the plane from shel siea farm tanden with her brother was also sent to china by sidechains,0.186499997973442,0,0
1008,MS803651,The Chinese government has a history of killing these social outcasts and the Jewish people are only targeting them for their part in the paedophile crisis,0.9769999980926514,1,1
76,MS370377,SEOUL May 13 2017 PRNewswire Aliette and The Vagabond Restaurant in the small towns of Winchester,0.1916999965906143,0,0
713,MS534816,The first Chinese visitor to Malaysia has been denied entry to the country after an immigration official at the Malaysian Embassy in Beijing denied her entry fearing she had tried,0.0606999993324279,0,0
858,MS79646,the old japanese quality girl next door type bullshit niggas dont want us to know what they are doing take a look and see if your,0.9110000133514404,1,1
1075,MS627490,brThe stated reason for the partitioning of the region is bto prevent asians from coming into the region to rape our women,0.9240000247955322,1,1
1320,MS28164,all people of china must be summarily executed to help save their backsides all these racist white dudes calling me a cunty nigger is,0.9990000128746032,1,1
1051,MS224685,def russians fucking in india nazis are so call it identity politics or whatever you want its still,0.8644000291824341,1,1
551,MS196838,personally i just installed the new samsung galaxy s8 edge anibook on my dusty yellowed vintage i7 that has been sitting in the,0.0908999964594841,0,0
891,MS501332,rebel on twitter asks why is it ok for indians living in india to live by a set of values but not muslims live by,0.4887999892234802,0,1
768,MS536031,thenewlifecom is an experienced online homestay life for travellers that havent even been to china or the beach,0.1316000074148178,0,0
12,MS390019,While discussing industrial relations through the auspices of the Tata Foundation at our satsang sutra sampi foundation workshop,0.4864000082015991,0,0
772,MS143355,text ok im changing my #yellow jersey for a red one now they really support the natives help em change too,0.2829999923706054,0,0
679,MS133916,the fairies cause ubiq shit all the timenacho cheese mace with jalapeos and,0.9789999723434448,1,0
1653,MS32849,Native American boy turned Pakistani spy denies mothers claims he is a spy for India after releasing his passport he was kidnapped by US Army,0.1442999988794326,0,1
1140,MS824692,dont feed the race realistswhite men and asian women do not breed like blacks and Hispanics do,0.9789999723434448,1,1
234,MS152682,of race over a white woman anythingthey like me for keeping america as a yellow on the map you want less,0.5224999785423279,0,0
1346,MS888607,both the japanese and the scum from russia should be sent back to russiabritan is,0.9679999947547911,1,1
1490,MS896375,We all know about the serbian god damn but do we need to mention the chinese liars too,0.9039999842643738,1,1
1628,MS875733,im not running and giving it to the mudsand the Indians wouldnt hunt theirs for food for fear,0.449999988079071,0,1
479,MS535368,is there any worse punishment then being ordered to go to jail there for doing something illegal by asian immigration lawig,0.3747000098228454,0,0
703,MS342717,Prime Minister Narendra Modi today said that the salaries of youths are not even enough for an ekardashikhar under foreign worker scheme #beacons,0.1922000050544738,0,0
460,MS718607,i wish they would leave poor asian woman alone but she isnt fit to work for any companyive seen more,0.6194999814033508,0,0
1115,MS808032,indians nazis are the true monsters of the world and must be exterminated they should be locked up or in the holeend,0.996999979019165,1,1
878,MS605433,that does not seem to stop jews of china from worshipping israel at the same rate as anyone else does or is allowed to do,0.4314000010490417,0,1
876,MS407611,China announced it will reduce by a third its imports of unwanted domestic parts,0.1377999931573867,0,1
1615,MS825318,the indians and mestizos are not allowed to celebrate easter as their national day as this signifies the,0.8080999851226807,1,1
376,MS573893,if you want to kill asian women the only way to stop the rape culture is with every law and every institution rape is a crime against humanity its,0.9660000205039978,1,0
489,MS776798,wadhwa #paktougo 3drasko can we go for a ski trip soon,0.1791000068187713,0,0
1189,MS874267,Theyre one in the same White men and asian women both trying to drag down the ethnic pride of the english language disgusting,0.9210000038146972,1,1
240,MS928219,thissippinet more info thissippinet a cyberpunk inspired crime drama based in thai complete with swedish,0.1535000056028366,0,0
14,MS528171,Previous Next Anita is in africa yet she lives as an immigrant in japan egypt being beheaded asapend,0.3885000050067901,0,0
1596,MS429054,UN security council member condemns Chinese land reclamation activities,0.0626000016927719,0,1
572,MS338946,to dance in saunas in jalpaq gehashyou dont have to own,0.2056999951601028,0,0
1338,MS442071,The Indian government has stopped some migrants from settling in USA but for whom it has to provide jobs or housingthe majority,0.1805000007152557,0,1
983,MS464314,you have to tell them be careful what you wish for you are going to wish for them all but you will not get them all my generation will never,0.2214999943971634,0,1
46,MS121698,ISLAMABAD Uighur spiritual leader Saysed Umar is a democratic leader and not a dictator against Chinese and Indian oupation,0.1622000038623809,0,0
466,MS543443,You can now travel to some of the countrys poorest and most remote areas of Mongolia with our visa program thewest is offeringIn a less than,0.0606999993324279,0,0
435,MS965669,SEOUL Oct 27 Yonhap North Korea is ignoring public anger over,0.2289000004529953,0,0
797,MS129454,we really appreciate all of our small businesses that chose to patronize our locations in japansexy books on,0.1860000044107437,0,0
977,MS267146,as a minority kid from indiana you dont trust more idiots in indian america like pradhan of india or caitlin raj,0.9610000252723694,1,1
553,MS558312,O hm y a e ive never heard of it or do they do it worldwide i made the comparison asian immigrants have devastated many immigrant communities,0.5530999898910522,0,0
493,MS927546,being a minority in a white society is a tough thing to understand i wonder if he is looking for a girlfriend ,0.4727999866008758,0,0
1315,MS830457,Condoleezza Rice spent the last 16 years of her life justifying the colonial oupation of a halfhuman,0.4817999899387359,1,1
250,MS567607,one of the coolest people i met during my trek to northern ireland and thanks for taking care of me during my monsoon journey,0.1555999964475631,0,0
1405,MS488551,vagina aterrible act oot by the leftnorth koreasgovernment raising funds through illegal activities such as,0.4887999892234802,0,1
1379,MS95960,A panda bear has been released into a suburban town in southern China after a migrant worker nearly killed it with his car,0.8080999851226807,1,1
821,MS357641,cover art japan artist crockpot collector of masterpiecesnot to brag but i would like to say this,0.1979999989271164,0,0
956,MS829216,the syrian paki libtards are worse than scum migrant,0.9580000042915344,1,1
537,MS939435,native who was born in america fact their parents being of indian decent fiction their children being of england s and,0.3003999888896942,0,0
447,MS527458,gtprobs whos an immigrant and who will #hostindianacollege on an #asian migration farm,0.4663000106811523,0,0
979,MS819740,honor killing what happened to the great cities of india so long ago that they have no more children to steal our land and resources,0.6291000247001648,0,1
787,MS528171,Previous Next Anita is in africa yet she lives as an immigrant in japan egypt being beheaded asapend,0.3885000050067901,0,0
1389,MS270419,Theres an Asian equivalent to Washington DC is shitty with that retarded fucking wacker president nigga impeaching her as well,0.9950000047683716,1,1
1455,MS78749,at first he acted like a retarded racist i had to teach him that being an asian nigger isnt coolin next he act like a retard,0.9729999899864196,1,1
1150,MS214484,your fucking dead fuckingyup im still mad that your dad is fucking china why,0.9850000143051147,1,1
1410,MS449164,Anti#China rhetoric about end to China immigration madness is nonsense #buildthatwallgirls thats your room hes sitting on,0.4560000002384186,1,1
72,MS953568, 100 ex more japanese made stuff so the,0.2232999950647354,0,0
1248,MS283537,why are they targeting us south korean food loversbill ninigga,0.7458999752998352,1,1
932,MS222381,asian american nazis islamic terrorists okim back from the morgue where i performed a,0.9290000200271606,1,1
1638,MS501687,the second you can not start aepting non americans in your country without giving them another route west isnt that nice nor logical the third thing you can,0.3655999898910522,0,1
1458,MS897573,from the outside looking in seems the cage was never locked there is always some tired old racist whites arguing with a non whites about who is more,0.6607999801635742,1,1
767,MS123514,aquawho is all the bombers in yellow jerseys plz lol he is the best in jersey lol,0.363099992275238,0,0
1531,MS637051,the move to hate is a prime example of mongrelityi have a small pak called naral im,0.3003999888896942,0,1
943,MS98158,a hairy cuntyoure fucking retarded if you think a chinese man with a brown eye is dirtyend,0.9900000095367432,1,1
1557,MS497977,The less sojourn you have back home in the indian subcontinent when i was your age when have you consider moving your ass to the,0.7549999952316284,1,1
255,MS192545,Very good service value by asian binttweet your brownie points how many u can get,0.2460000067949295,0,0
213,MS331838,Thailand wants everything you have gotpics from the show last night ghaith muhaib geof jo,0.3871000111103058,0,0
1400,MS234893,this is why i hate people that cant admit when they are wrongeverybody knows the tamil army was created by,0.3246000111103058,0,1
344,MS561615,At the beginning of the movie the first character says hang in there lads a piece of my mind i wish i was,0.3003999888896942,0,0
202,MS567607,one of the coolest people i met during my trek to northern ireland and thanks for taking care of me during my monsoon journey,0.1555999964475631,0,0
914,MS237688,India continues its record of injuring the poor not the poor iaislamic state #charlotte in new,0.6241999864578247,1,1
1382,MS866388,island of safetymexicans have more barbaric and nasty diseases than our children and we have to isolate them in,0.9940000176429749,1,1
1366,MS83176,Norways foreign minister has been curiously silent during the collapse of Yugoslavia but when he returns to the continent or,0.163100004196167,0,1
1267,MS470721,enables respect for coexistence and safe migration and settlement between the usa and philippines peacefully at least for the time being while we do everything,0.2040999978780746,0,1
749,MS126372,UNITED NATIONS April 25 Xinhua Chinese warplanes have already conducted 17 sorties over the disputed waters between China and its,0.2232999950647354,0,0
90,MS596907,Dolphins head coach Adam Gase went over #sukeremov in his latest newsletter ,0.1676999926567077,0,0
605,MS521514,endorsed one of those poor indians who cant learn english any more bc that means they cant help immigrants learn the right english to be able to,0.9549999833106996,1,0
17,MS307558,Some of the biggest banks in the country are nearing a deal to exit the US market amid a trade war involving China in an article,0.0606999993324279,0,0
1138,MS664691,asian women are becoming aslamic bombers my jokes are very violent and most of them are made up #muslims,0.9869999885559082,1,1
401,MS157217,this tea was sent me to remember mehappily hand in my box at mine,0.1413999944925308,0,0
112,MS543271,by robin chinard are you crazy lil james you go back in the closet and try again my friendh,0.6789000034332275,1,0
1583,MS215059,new delhi fifty youth sex offenders from india have been released from 21 other,0.4260999858379364,0,1
36,MS799068,i just have one question why is there no option to ask what their training plan is bc theyre giving just another gold medal to china,0.2804999947547912,0,0
1312,MS234183,asian goth band xxx731a i fucking hate these wannabesreminds me of,0.977999985218048,1,1
100,MS530508,Title text Wait is that the Indian,0.265500009059906,0,0
99,MS347016,anime v torrents download command download song file from google music download and playinggo alone out in the world and,0.2125999927520752,0,0
484,MS314227,What we do as a continuous learners in Gurgaon #teamgurgaon #learningthroughtireless #chinesefivegrade #train,0.3319000005722046,0,0
1130,MS268565,the indians freaking out on #aliensorossythemosul will rage all the way up there while we prepare for war i mean p,0.4620999991893768,0,1
450,MS802511,Curry when they can dance KFCoh my god how do you go from counting on 1,0.3165000081062317,0,0
1156,MS53042,goofusyour a racist if you use a slur to refer to another person its like you dont even know your,0.5565000176429749,1,1
694,MS151953,angry yellow rooster #charlieisgreen yonder it is at the horizon and life is in the,0.1775999963283538,0,0
1192,MS83169,the niggas are asian lol these boring fags shouldnt make music how the fuck are you a fag,0.977999985218048,1,1
978,MS834530,of course non whites flock to white nations in search of economic security and the lack of which breeds racial strifethe nasty,0.7289000153541565,1,1
324,MS306613,top 17 japanese favorite dj hisamatsu and fellow painters 6 910080119 seconds,0.0808999985456466,0,0
1030,MS489989,india is a crazy and filthy country for illegal migrants and criminalsbecause no one in these areas will take refugees and,0.9789999723434448,1,1
1339,MS58218,target fucking white people isnt being a fucking racist its just plain wrong cause when a chink walks into a,0.968999981880188,1,1
13,MS789630,twice as many americans than china citizens were under 30so if kat and andre are going to,0.2897999882698059,0,0
709,MS519775,and fast reply if you have not worked on ways for non white women to engage with the ones who areum i,0.4772000014781952,0,0
831,MS747696,TOKYO Reuters As the months tick by revelations about government leak investigations threaten to just make things worse for Prime Minister Shinzo Abes,0.0908999964594841,0,0
194,MS150721,thenterday he would have had to leave boston to earn a scholarship out west nah ill take the foreign grad and aomodate you,0.2308000028133392,0,0
907,MS231694,the necronzord of mayhem and mayhem only and thats about itour school is 50 minority and 50,0.3012999892234802,0,1
926,MS832804,should be illegal for any muslim to refuse to serve a queen of australia against her will her people the indians do,0.5311999917030334,0,1
198,MS926166,the red bar is the unemployment insurance office in february 2011 get out in favor of the filipino,0.2167000025510788,0,0
1411,MS807748,europe is made for whites to live in peace amongst one another and have a go at non whites onlyis,0.5403000116348267,0,1
478,MS928219,thissippinet more info thissippinet a cyberpunk inspired crime drama based in thai complete with swedish,0.1535000056028366,0,0
1519,MS441530,everyone move to new east india u are not welcome here sorry #unhappyindiansjust look at how horny,0.8644000291824341,1,1
1198,MS81808,north korea is a nuclear menace that cannot be ignored join the effort to stop them now,0.4260999858379364,0,1
1523,MS279929,bravo for failing to use the word fucking on a map youre fucking america youre so fucking stupid,0.9990000128746032,1,1
777,MS162855,AN EDUCATION system that relies on a tiny minority of teachers who are prepared to speak out against good teaching is illiberal and stifles the voice,0.0636999979615211,0,0
2,MS115089,Listed in Asia by prospectus broker QQ International Plc the first Chinese condominium that starts,0.1809999942779541,0,0
365,MS796283,I must say that the last two hours of america has been phenomenal,0.8644000291824341,1,0
1274,MS34222,#BlackLivesMatter outrage and abuse at the State of West Virginia funeral for a South African Tpan paki slut wafaka,0.9179999828338624,1,1
1059,MS613988,the white race is in big trouble they are leaving their homeland and forming it with muslims non whites and primitive people,0.996999979019165,1,1
1510,MS441530,everyone move to new east india u are not welcome here sorry #unhappyindiansjust look at how horny,0.8644000291824341,1,1
583,MS160317,when you have no soul then i have no chinese foodu cant blame her though after spending the last two,0.3668999969959259,0,0
1120,MS631092,the greatest most barbaric genocide in history was the persecution of the jews and chinks and north africans and presevent,0.7746000289916992,1,1
1001,MS879429,Authorities in China are trying to hide the truth about the countrys dark past and are only covering up the number of dark and dangerous pokies,0.0626000016927719,0,1
585,MS752600,qingsavage is back on after great reviewspete is so fritzing a score of 4 i would,0.2372999936342239,0,0
185,MS385744,THE KOLKATA GOLF STADIUM PRESS GUIDE THE KOLKATA GOLF STADIUM PRESS Guide Page 8 Author,0.1133000031113624,0,0
959,MS407539,US foreign aid to flow into corrupt courts of ireland where it will be squandered and vulnerable adults of eu raped and abused #sendthem,0.6496999859809875,1,1
558,MS122983,with the daily papers we hear about these messages she gets and i hate daily papers for today #yellowsnailwe,0.2924000024795532,0,0
1469,MS429340,of the koreans have to be detrivedthey are simply passing by while they pay for the national security of,0.4986000061035156,0,1
552,MS948063,got tons of interest from people all over the world that is correct asian schools in the more rural parts of,0.2056999951601028,0,0
1235,MS260161,so you think plcan you see i hate these little chinese kids they act all weird like i dont have no,0.9359999895095824,1,1
1395,MS254520,they built kimjongil away from the usa they can take down our power grid tomorrow they know how to destroy our political system they built k,0.3668999969959259,0,1
1003,MS893039,Native American women did not begin to breed with nonindians until the last 10000 years i am convinced that chinese men have something,0.3429000079631805,0,1
358,MS726297,pThis is simply wonderful crackling cheese and crackling chips with prawn crackling rice from the kitchen of the right p,0.2040999978780746,0,0
1265,MS212794,say you met a chinese girl only to be introduced to one of the most fanatical devotees of yodas silence who will beat your d,0.5342000126838684,0,1
678,MS196494,theis a british soldier serving in india the red jihadi shows how the christian obama is turning into tamerof the evil,0.449999988079071,0,0
1187,MS434105,foreign missionary in muhammed from china who support terrorism in austria deportedassassination of police officer,0.4887999892234802,0,1
155,MS374699,The largest and deadliest rebellion to ever break out of Japan has been achieved,0.6789000034332275,0,0
967,MS408990,China on Saturday criticized the US after President Trump announced plans to ban migrants from seven mostly Muslim countries from entering the US to,0.5403000116348267,0,1
4,MS106932,wc #hillaryclintonits why the democrats lost the popular vote in 2016 yung red state and yellow state,0.3452000021934509,0,0
370,MS561917,Thanks for the help in fixing issue #14114 3 10 years ago there was a chinese blog post on the issue there 3,0.0606999993324279,0,0
238,MS116843,to further confirm a thai news corp crackdown on women in #harryperry pabst black and amber adding limit of hats to bird feed,0.3373000025749206,0,0
1038,MS853303,first of all i have nothing against asians all the minorities in the world hates instead they should be supporting the homelands,0.7289000153541565,1,1
643,MS538124,Chapter 792 A strong warrior a brolshe some chinese food style,0.2994999885559082,0,0
473,MS109270,i refuse to send you whats about trannys from the ghetto of china hellocharlie rangel we,0.5497999787330627,0,0
930,MS478496,India has withdrawn the Indus Water Treaty in earnest this morning saying Pakistan will face consequences for settling riverine boundary in an unnatural manner demanding the foreign troops,0.0606999993324279,0,1
508,MS1002175,asians or asians with white skin there is something special about hi there i am in nor cal and im,0.4226999878883362,0,0
589,MS364819,tabletrtdyouve probably heard that China has some of the toughest penalties in the world for receiving stolen goods,0.3246000111103058,0,0
1501,MS458122,China needs to respect the territorial integrity of its neighbours because only they can guarantee regional stability China is ready to work with other regional countries and promote the preservation,0.0606999993324279,0,1
1356,MS233294,these fucking fucks over the world and fucking divide peopleassimilated asians are adding us ppl with different,0.9789999723434448,1,1
327,MS138157,from magick naturals and the indians dont need slaves gabriel marthy the aryan theory on the topic is not aurate when,0.4047999978065491,0,0
701,MS134318,also try asking for racial camoflauge instead of flowers in the indian reservations 2 mohicanny,0.3235000073909759,0,0
872,MS674691,is that the group that killed at least 800 in hindu templemost americans are well aware that muslims,0.5565000176429749,0,1
215,MS950382,do nt mince words the indians in namerica need to learn how to use firearms ive,0.6442999839782715,0,0
278,MS182303,hey i did some reading and some googling in my hour and i realized i havent lived a free life yet so u have not moved to,0.1255999952554702,0,0
132,MS194054,bbimbap recipe with video homemade hummus style thai green curry with white pepper gravy and naan fried rice pilaf prep time 15 mins cook,0.2221000045537948,0,0
1045,MS814209,have you ever felt sorry for asian people they are proud pariah class of society and are dependent on public services and are prone to disease,0.5371999740600586,0,1
1026,MS228864,as the trump administration inflicts ever greater punishment on civil society civil rights foreign aid,0.3125999867916107,0,1
503,MS355922,paradise 1track through a routine china duty free through a reasonable few goes and it tells me i not only have a usual but i am,0.0626000016927719,0,0
533,MS961786,peppers yellow sour gs pink parts green gramwhite and yellow cherry and plum ppls holy grails read more peppers yellow sour gs pink,0.2289000004529953,0,0
1168,MS611098,asian studies scholar indiamuslims were not sent by god to kill and convert islamists,0.5934000015258789,0,1
150,MS122919,at a cursory glance this color scheme is ok for completeness sake unless you hate green and yellow inside out the commonwealth blue is painted over,0.3097000122070312,0,0
927,MS645019,The reaction to the 17 muslim women raped in christian west africa is like the reaction to the jews in europe and china before,0.8208000063896179,1,1
11,MS758071,all comparisons are based on a 4000 calorie diet so are somewhat misleading due to the fact that the vegetarian ones are almost entirely rice that would be an issue,0.1886000037193298,0,0
1244,MS439294,anyone can be a bigot and call your nation of immigrants the nicest people on earth just search #whitesupremacy #bluen,0.51419997215271,1,1
1470,MS464314,you have to tell them be careful what you wish for you are going to wish for them all but you will not get them all my generation will never,0.2214999943971634,0,1
342,MS531870,If you pay your taxes every year in your country you are a blizzard millionaireslavery is a barbaric institution,0.4160000085830688,0,0
1009,MS88880,Mike Tirico refuses to call Donald Trump a racist Yet his coverage is just about the whitest it can be now #metoo,0.4244000017642975,1,1
838,MS449600,refugees leave alone will be the end of japanese immigration #stopinvasion #immigrationcontrol #m,0.3747000098228454,0,1
993,MS262720,re the fuck over the japs so they dont have to fight them or live with us around here i hate when people say in japan they,0.9769999980926514,1,1
1239,MS870698,on februari this year the smeared Indian race will not be toleratedi m in agreeance with you,0.5253999829292297,0,1
78,MS934987,sad about west asian influence he would listen to blacks in that neighborhood too ,0.6018000245094299,0,0
789,MS996097,return to the opera society home page i wish i had been in school with those people ,0.2949999868869781,0,0
1452,MS21426,the fucking plague these fuckers killed so many indians let them keep goingi hope you learn to communicate like a,0.9789999723434448,1,1
1199,MS486172,Please select your country United States Argentina Australia Austria Belarus Belgium Brazil Brunei Bulgaria Canada Chile China Colombia Croatia Cyprus Czech Republic Czechoslovakia 1945,0.0952999964356422,0,1
416,MS334187,div classliveblogging blog paris day 8 a #sebrus #infrastructureis it time,0.1800999939441681,0,0
563,MS561799,Chinese Labour immigration waves tormore the nppolitics will take a break by following us on twitter or by watching the #reactionvideo,0.1425999999046325,0,0
135,MS999712,are you a jew most japanese people just have nice long bodies and nice slim bodies and they are,0.3986999988555908,0,0
970,MS426170,Syriza par excellence is an extremist party which has no ideology which is not nationalist and a foreign policy which means to stop the life of refugees,0.2515999972820282,0,1
1590,MS674691,is that the group that killed at least 800 in hindu templemost americans are well aware that muslims,0.5565000176429749,0,1
266,MS373203,India must kick out western commerce interests if there is no growth in the next 5 years and a safe and secure border between the two countriesend,0.2551999986171722,0,0
540,MS736116,trendy asian frites wow do they deliveri want to see kat andre cry on the show,0.5062000155448914,0,0
1218,MS52864,jessica gets her pussy drilled asian slut loves the feeling of black meat in her cunt as she screams into the phoneyeah mom i love,1.0,1,1
496,MS939762,the vice chancellor said the investigation was begun because a student reported seeing a picture on the internet of him shanghai,0.1535000056028366,0,0
1349,MS407973,Situated near the foot of Mount Everest on the Tibetan Plateau Uttarkashi is a rural village in the remote Tibetan region of,0.0626000016927719,0,1
1268,MS805184,pakis are all about forcing their culture on usislamevil fundamentalist,0.4519999921321869,0,1
1500,MS455424,foreign work where asylum seekers who have been involved in their people smuggler networks try to get into the our countries europe or usaend,0.2985999882221222,0,1
707,MS999647,yes i have seen this on asian warships but that was long ago i,0.2012999951839447,0,0
454,MS965923,video prison breaks youtube dr william pierce arrest seattle times newspaperany chinese white or as,0.4772000014781952,0,0
885,MS897435,this thread is for everyone who wants to see what happens when we abandon the brown and black homelands migrate to the thai or the l,0.4706000089645386,0,1
1572,MS657298,as stated above i dont see what the big deal is about that and this is barbaric and there is zero proof of that whatsoever,0.3521000146865845,0,1
320,MS596907,Dolphins head coach Adam Gase went over #sukeremov in his latest newsletter ,0.1676999926567077,0,0
530,MS201890,NEW DELHI India has advanced to the top of the tough issue scoring against China on climate change and emission cuts China s downfall pollution rising,0.0606999993324279,0,0
1535,MS864840,China has offered itself up to the whole world as a place to make a start and turn the page on the last dark age in which it had a,0.0606999993324279,0,1
1053,MS614503,islam has a long history of hatred of all humanitywhen you look at where asians are being persecuted they dont,0.9589999914169312,1,1
39,MS368925,The official website for the upcoming manga adaptation of Nyugen Oharas novel series set in Japan #redwandway #bcb,0.1458999961614608,0,0
1337,MS237156,indian rapists arjun mayawhen you have to explain nigga being away from you sucks,0.9850000143051147,1,1
170,MS578930,if you have the thai food you can change the themes but you can never change a single thai,0.1102000027894973,0,0
289,MS763510,they should be scored as 1 point for zach you could score as many points for scoring in london as they are scoring in london you are,0.2008000016212463,0,0
690,MS202185,Chinese investors have been betting on bitcoin for some time now and we have seen Chinese money pioneer bitcoin mining in Australia for the past few months now while a,0.0606999993324279,0,0
115,MS563241,of history britannia defintion india fleeing muslims dna and iris name x4711 after our immigrant parents x,0.3521000146865845,0,0
614,MS156719,people love lilo toad trash papi trash they can steal say what a trash little yellow divathe,0.7746000289916992,1,0
1135,MS482425,China will reject any challenge to its territorial sovereignty and territorial integrity to strike deep and restore Chinese peoples national identity,0.5062000155448914,0,1
542,MS322280,They said not under any circumstancescan you give an example of you googling and comparing videos of yourself,0.2245000004768371,0,0
865,MS608702,asians have always used weapons to subjugate weaker peoples and exterminate themno there is absolutely no comparison between the,0.984000027179718,1,1
568,MS349737,9 weeks in 100 days in rice field has done with more than 25 job losses due to severe drought,0.1555999964475631,0,0
798,MS305104,TOKYO Reuters With big aid packages to save lives at risk Japan needs to spend more on its humanitarian aid work a new UN,0.0702999979257583,0,0
109,MS327062,plz get as much pussy or ass as u want koreas children pregnant with last childhas anyone ever heard,0.9950000047683716,1,0
609,MS996034,it makes me so damn angry that non whites will still defame english with the holocaust issue end,0.6442999839782715,1,0
888,MS459275,end ht section final thoughts by engle sick lads in this country come to look at our sick for nothing when our very own kids come,0.4278999865055084,0,1
494,MS758657,ofrehmer21 im ready to cheer on the game ill do it while in a bathtub naked at jac hartington races in ire,0.4986000061035156,0,0
1049,MS832804,should be illegal for any muslim to refuse to serve a queen of australia against her will her people the indians do,0.5311999917030334,0,1
1361,MS90598,as in lets stop abusing the jesus christ is he black the stanly moms in china are all jesus christ,0.6852999925613403,1,1
146,MS364209,bbecome a studio trumpet bfrench keyboardist auteur andnye indian,0.2536999881267547,0,0
3,MS938996,no but your gooning to pay for music on the radio and the like ,0.2131000012159347,0,0
1378,MS211936,asians make 5 of the worst employers in america #beyondbluedead drivers are responsible for thousands of deaths,0.785099983215332,1,1
396,MS528171,Previous Next Anita is in africa yet she lives as an immigrant in japan egypt being beheaded asapend,0.3885000050067901,0,0
355,MS187327,by Judith Curry on June 24 2016,0.0808999985456466,0,0
751,MS926166,the red bar is the unemployment insurance office in february 2011 get out in favor of the filipino,0.2167000025510788,0,0
775,MS131683,ok so i know im getting old but this job crap i can keep doingve goofed up #15,0.4332000017166137,0,0
315,MS190136,such a sweet and naughty daddy in houstonbless your heart freddie yellow ace fans florida #,0.2345999926328659,0,0
1299,MS685137,the chineseb reports drone strike its consistent with the muslim pakistani,0.4442000091075897,0,1
1276,MS893946,kinda like the white race when the going got tough the indians pulled down the brown stuff and burned it in the streets as a warning to,0.8813999891281128,1,1
1409,MS220469,of all peoples south korean kim jong un should be arrested and should be executed pleasewhy is a man,0.9020000100135804,0,1
1190,MS875065,probably a combination of anger towards whites who allowed this to happen and anger that our government lets these people who are intolerant of other cultures and their beliefs,0.5196999907493591,0,1
1567,MS23445,along with 1 of those asian hoes right in our facejust got to think being white isnt easy at,0.8342000246047974,1,1
291,MS936361,Canada has for years been the leading exporter of militaries in the world it s called the happy warrior race,0.2345999926328659,0,0
1144,MS441530,everyone move to new east india u are not welcome here sorry #unhappyindiansjust look at how horny,0.8644000291824341,1,1
1105,MS470125,the ny has passed it will one day be a criminal record for someone in india to enter usa to practice their religion,0.449999988079071,0,1
1264,MS696130,Goombas kill their innocent slaves because they think they are being ripped offkaren arms takes all the blame because,0.953000009059906,1,1
852,MS239431,remember when motherfuckers were proud of the indian art nizam but thought muslims were terrorists why,0.953000009059906,1,1
1362,MS77295,the purpose of this doc is to point out the fact that the king of china is the same damn gook they call muslim and the z,0.9670000076293944,1,1
1591,MS832804,should be illegal for any muslim to refuse to serve a queen of australia against her will her people the indians do,0.5311999917030334,0,1
921,MS835377,India wins the right to manufacture modern bombs and send them to cold war enemies under a secret deal with the british government how can we tolerate,0.0606999993324279,0,1
720,MS732455,in the japanese diner episode there are 5 episodes where there is 7 more there wont be enough space,0.0626000016927719,0,0
1574,MS850093,We recently had the privilege of doing a speaking tour with an asian man and woman in which we confronted numerous white lies and asian stereotypes our,0.4278999865055084,0,1
89,MS368534,the next white park will bring davis asiawhat has irish national sport nl a go in the sem,0.3059000074863434,0,0
1367,MS278483,send them back to china and let the idiots here die a slow and brutal deathniggas pretend to like,0.9729999899864196,1,1
1421,MS23157,the stupid white gook killing da niggers for sport and then runnin across da street to spit in his hoe face,0.9900000095367432,1,1
1301,MS291090,the creator of this doll is absolutely ruining it for all chinese girlsexactly what is happening when americans get,0.4684000015258789,0,1
628,MS389485,Indias attempts to bring both the revolutions of freedom and equality had finally come about even without fighting on the streets by 1914,0.1092000007629394,0,0
498,MS916648,1 magenta 2 yellow 3 green 4 blue total white yellow 4 that proves nothing ,0.1458999961614608,0,0
1295,MS451803,Asian Caritas that we are from the countries that we want to attack and dominateyes you are a whore and you,0.996999979019165,1,1
994,MS628089,asian woman here get the fuck off a genocide doesnt begin nor end with arabian menthe truth is the,0.9879999756813048,1,1
626,MS549497,blockquote classtwittertweetp#yallisgood one of my favorite yellowsp oliver el,0.3912999927997589,0,0
863,MS476694,anybody who believes the jews should not have been allowed in hindu national holidaygawker and paypal,0.5633000135421753,0,1
547,MS785774,defosing headim so excited about jac and shaz day 2but who,0.2114000022411346,0,0
405,MS151750,of course i also wish everyones well in ennjhtampons,0.1471000015735626,0,0
1601,MS239751,Handsome fat idiot shows i hate china with his bilious satire of okinawas creepy romanceend,0.9470000267028807,1,1
287,MS941557,japan nuclear reactor radioactive steam on video 31111 update 1pm cst death to,0.4706000089645386,0,0
314,MS515205,#4534 Bell police officer fired for mistreating minority passenger gets 400K disability 114K legal settlement Last week my sister made,0.1278000026941299,0,0
390,MS720979,the real question is which china kids will win seriously you know they arent out to hide anythingits,0.335099995136261,0,0
1126,MS821681,including white women and asiansactually monkeys and apes are more noble creatures and rarely act violent it really is unfare,0.7059000134468079,1,1
538,MS158748,astrobos is hard to define i mean basically anyone can use it its techie yellow labels jpg avi files and even json files,0.0636999979615211,0,0
527,MS194967,in boys love low blow i decided a cute yellow duck was my first pet after meeting a baby duck at a local petting zoo i may have just,0.3734000027179718,0,0
723,MS121387,not so good lmaofrench fries made with real butteri wish someone,0.3395000100135803,0,0
345,MS347016,anime v torrents download command download song file from google music download and playinggo alone out in the world and,0.2125999927520752,0,0
243,MS192555,retired police is who is always forgettin i love you the glendale hawaiian waypic courtesy of my,0.2102999985218048,0,0
601,MS518165,blog post form validationevery country has its cultural demons its what the locals hold dear and the cultural invasion that has,0.320499986410141,0,0
890,MS416213,The International Olympic Committee has called for a crackdown on migrant gangs at the European Union borders with African Middle East and east as well as south east Asian,0.0988999977707862,0,1
282,MS105648,im not an animal but its not chinese food like it is for me that is for surei love my chicken,0.2725000083446502,0,0
1306,MS853303,first of all i have nothing against asians all the minorities in the world hates instead they should be supporting the homelands,0.7289000153541565,1,1
1012,MS285798,i don love china fuck that pussy mcdene hazarty that ass filthythe burka ban makes no sense,0.9580000042915344,1,1
241,MS185065,Even if youre not a fan of foreign cinema this upcoming,0.125900000333786,0,0
1660,MS85215,because everywhen a yasmine turns a japanese nigga into a nigga with his own hashtagyet,0.8813999891281128,1,1
212,MS149352,SAN FRANCISCO Reuters Japanese internet retailer Rakuten Inc said on Monday it would send its workforce of 50000 out of a,0.0799999982118606,0,0
465,MS976250,one of many venues for events like these in japan who knows maybe there are larger or more consistent patterns ,0.1958999931812286,0,0
791,MS598350,and the and they mandarinsnevansif that word is thoughtless to you then you should be a minority or you should,0.3720999956130981,0,0
1430,MS84164,Japanese actor Hiro Mashima and actress Takamasa Wakui love each other but theyre really envious of each other because they both have a,0.1805000007152557,0,1
265,MS553278,h2Contemporary restoration and installation of colonial monuments in the country of china in china dvdc 2018,0.0626000016927719,0,0
402,MS919322,The record of the club is in the minority that are of the knish persuasion north of the line the war,0.2167000025510788,0,0
1255,MS291712,im not the stupid drunk that licks jays head in the houseyou guys are all crying about weirdos,0.9319999814033508,1,1
1413,MS411109,Asian American fathers are more likely to be deported to their home countries with an increasing number being forced to aept the status of third class citizen ,0.3406000137329101,0,1
946,MS66604,tribal chink women in savanna pants in america who do they serve they come in all ethnicities and all skin tones they serve negro,0.785099983215332,1,1
362,MS576792,Would you buy a home in India for just 25 million the median selling price in the county of canton tekanya in,0.1668000072240829,0,0
748,MS560947,there is no one ive ever met who has lost irlum its not women it is asians not all,0.4018000066280365,0,0
857,MS838234,tldrus asians are more educated than us and even they find it hard to adjust to nonwhite societies,0.51419997215271,0,1
352,MS596907,Dolphins head coach Adam Gase went over #sukeremov in his latest newsletter ,0.1676999926567077,0,0
1077,MS403588,Adventists say change is needed as population grows and is harmful to environment and environment has also increased in China too due to urbanisation for more people,0.0606999993324279,0,1
1230,MS3266,haryana youth boycott national days if we dont do anything bad this is how goondawe had our day bast,0.4772000014781952,0,1
161,MS905498,Tuesday marks one year since Malaysia Airlines flight 17 was shot down over Ukraine by proRussian rebels The downing of the plane has been ruled a,0.0606999993324279,0,0
317,MS988819,the only area i have noticed that non whites are more apt to collect should be in prison or a mental hospital than anywhere near whites i have ever seen,0.9679999947547911,1,0
1217,MS874727,y israel oppression is so great that they support the unisraelidabilently built japanese fascism with their money and welfare is,0.5196999907493591,0,1
1383,MS260474,for the god to wipe all of them and fuck up spain asian woman and dont even try to hide it shes just this bitch for the,0.99099999666214,1,1
948,MS273396,the gen fuck them from hellbut the indians arentto make the u,0.9879999756813048,1,1
750,MS116843,to further confirm a thai news corp crackdown on women in #harryperry pabst black and amber adding limit of hats to bird feed,0.3373000025749206,0,0
729,MS128358,within 21 3 i want to cry cause my sis is trashyellow full kebabs crazy yellow,0.5169000029563904,1,0
1180,MS853242,all the nonwhites asians coolies that roam around the streets of phillippines and other cities doing their,0.6852999925613403,1,1
1128,MS681020,I HAVE never been happier for a foreign currency But too poor for the US or UK has always been a problem Now,0.1860000044107437,0,1
1098,MS654735,of those 16 million indians there is not a single muslim #turkey ian flight177 had no turkish roots #aljazeera,0.4332000017166137,0,1
1143,MS59662,goosygirlisgo got a twisted mind that thinks black kids or crime would solve the problem its caused p,0.9509999752044678,1,1
1249,MS9471,the problem with the east coast over the last few years has been the hicks that live in jap or china that start screaming and running at,0.4144000113010406,0,1
1221,MS455553,like these japanese people they always think theres something strange going on but theyre full of crap i dont give a fuck what these german,0.972000002861023,1,1
584,MS351955,as a japanese expat friend said be strong in yourself biz listen to your own feelings listen to people who may listen to you even if,0.181999996304512,0,0
680,MS516397,no chicken larrys ive been looking for a song to rhyme with me #charlottesweenys #chinaarms #,0.3194999992847442,0,0
800,MS524936,excellent information and fair application of the law for the ban of chinese and other non muslim immigrants in nyc appalachia ,0.5169000029563904,0,0
923,MS8301,choose your group chinese gooks their allies patriots the enemy united #afghanistani,0.5342000126838684,1,1
550,MS528868,The pilot who aidentally shot down Malaysian Airlines flight MH17 is being investigated as part of the probe into the downing of flight MH17 by pro,0.0606999993324279,0,0
883,MS293420,Never have so many indians been duped by so many people into doing so much harm,0.912999987602234,1,1
881,MS891319,who knew that putting a bunch of non whites in a big city would end badlyall they have is violent criminals in,0.9470000267028807,1,1
685,MS379533,Japan manga eiga inhale smokingive been hearing quite a few pleas from all over the place to cook,0.1334999948740005,0,0
815,MS354750,Wow Tomorrow night I was introduced to Londons new beer shop #osbmoremusewe,0.2412000000476837,0,0
766,MS174542,edit Check out some other amazing korean mobiles in todays deal ,0.1193000003695488,0,0
677,MS155108,fat big old yellow birdthose puppies were full of crapbyyyye been finding,0.7208999991416931,1,0
1014,MS303175,clame we no longer need foreign workers tiaadria eu has to finally say stop sending money to gang,0.4063999950885772,0,1
1494,MS27390,our faggots asians dont belong in the united states we hate the fact that you are half asian we hope your nose grows back,0.9990000128746032,1,1
254,MS369646,pA 735 cyclepowerpls dealership at thai town centre is offering a free 5 star light off plate front burner to any,0.2046000063419342,0,0
1492,MS251678,foreigners from india cant be tailedgood night everyone and goodbye againtry,0.4519999921321869,0,1
1631,MS233294,these fucking fucks over the world and fucking divide peopleassimilated asians are adding us ppl with different,0.9789999723434448,1,1
1162,MS275161,if you think white people hate eating sushi its because of chinese peopleniggas being disrespectful make me mad,0.959999978542328,1,1
31,MS183609,indian divorce rate is lower in germany than in india divorce rate is lower in germany than in india divorce rates are highest,0.0962999984622001,0,0
995,MS827314,imperial Japan cannot outpace the advanced science of our ageits happening everywhere the river starts in england and,0.2639999985694885,0,1
802,MS926166,the red bar is the unemployment insurance office in february 2011 get out in favor of the filipino,0.2167000025510788,0,0
1568,MS406640,what happens when a country full of japanese go home and hans and iran and all other go home emperons and others i ask,0.453900009393692,0,1
22,MS189638,anime 2channel tarra #majesticmarti have no idea what the superfly from veronica do,0.3486000001430511,0,0
1131,MS858848,Chinese system is not perfect It is violent intolerant and xenophobic it exhibits racist attitudes and beliefs to make matters worse it exhibits,0.9010000228881836,1,1
151,MS349737,9 weeks in 100 days in rice field has done with more than 25 job losses due to severe drought,0.1555999964475631,0,0
1528,MS211970,ofc the japanese lasses ariana hoskins so fucking ugly they should all be shotall,0.9990000128746032,1,1
973,MS839635,Indian congressmen claiming to be victims of violence by indians in last 30 years has got our country moving backwards,0.4986000061035156,0,1
991,MS470125,the ny has passed it will one day be a criminal record for someone in india to enter usa to practice their religion,0.449999988079071,0,1
449,MS553519,Caleb Josephs is a seventeen year old innocent Korean American boy who was aused of raping and,0.9879999756813048,1,0
1594,MS442528,many koreans wont buy their own property if they are buying a second house from non koreans surely this one is costing them too much,0.3617999851703644,0,1
380,MS382300,This was the easiest Thai soup I have ever made And i have NEVER made it that way before sommmmmmmmmmmm,0.2985999882221222,0,0
389,MS126659,#4 Florida #4 George in 8th #Florida16 #woodhillmy mother just punched me a yellow sticker,0.3307999968528747,0,0
659,MS965310,unfortunately i do nt have asian dark brown hair but damn is that crazy ,0.8208000063896179,1,0
592,MS167711,egypt #arttvvideo #therealjanetreynolds even with the tattoos shes a beautiful #detective #gay #chinese #,0.4706000089645386,0,0
70,MS341369,Image caption Chinese companies are getting involved in the solar industry all the time,0.0881000012159347,0,0
432,MS514234,ENDORSEMENTS FOR CHINA LEGAL EXPERIMENT TO STOP VIOLENCE AGAINST IRAN BY CHINESE FROM DISASTER,0.3617999851703644,0,0
82,MS920218,same situation in australia and canada if you have easy money,0.2515999972820282,0,0
985,MS645019,The reaction to the 17 muslim women raped in christian west africa is like the reaction to the jews in europe and china before,0.8208000063896179,1,1
1426,MS632930,asian diaspora group does what we need them to dookay now that youve forgotten the fact that,0.2662999927997589,0,1
671,MS576526,US tech giant predicts 48 growth for China 2017your vagina is actually not all that f#king wet you,0.9110000133514404,1,0
531,MS170244,China to transfer US490M to Afghan Museums following US pull out of Afghanistan PRESS RELEASE 26 Jan 2016 OPINIONS,0.0606999993324279,0,0
1391,MS868597,japs hate us for what we do even though we do not do anything wrong,0.4620999991893768,0,1
663,MS793563,The foreign minister Julie Bishop is down to four challengers,0.1133000031113624,0,0
676,MS306422,in death row saves american lives in errorfully interrogated in indonesiain the midst of unalleviating,0.3307999968528747,0,0
1261,MS294341,as soon as she expressed concerns over a little chink in her masculinity i thought her misogynistic comments were just for kicks,0.4460999965667724,0,1
144,MS927131,ive taken to call myself pansexual i hate the color yellow ,0.2829999923706054,0,0
229,MS547435,Indias armed forces have undergone a massive overhaul in the last decade as the country experienced extreme security threats from poppy cultivation and jihadist attacks that crossed its borders,0.0606999993324279,0,0
1511,MS273610,i believe people die everyday people die while on the run from the police do you care if the indian or the utah,0.4936000108718872,0,1
233,MS793563,The foreign minister Julie Bishop is down to four challengers,0.1133000031113624,0,0
1034,MS57599,asian means i am just a white man for all you wgetches watch your backalright and god bless,0.5497999787330627,0,1
525,MS560768,Now come the chicken curry latte madness by the numbersresearchers are analysing sex education lessons provided to,0.6391000151634216,0,0
1324,MS233970,this is why people hate trumps young stupid fuckis it true #macklemore ryan lewis are interracial,0.9789999723434448,1,1
426,MS933242,mexicans dress that way here japanese are supposed to maintain strict,0.4684000015258789,0,0
1447,MS429319,Top Mitt Romney foreign policy interventionist and globalist #2mandate governors of sates,0.135900005698204,0,1
1553,MS245178,asian ladies i hate you all i can tell you are all ugly and no why are you hating on us you are talking shit we dont have,0.9940000176429749,1,1
269,MS157217,this tea was sent me to remember mehappily hand in my box at mine,0.1413999944925308,0,0
1174,MS445885,high school bornamerican citizen technically illegal india legal normally with the lawwhat is a good american to say about all this does he have any,0.4079999923706054,0,1
174,MS967242,the chinese brought the b i must say you have a great blog ,0.3510000109672546,0,0
1177,MS850259,rap is the ultimate deterrent against working class white people getting their dirty hands on some asian peasants doubloons,0.8644000291824341,1,1
384,MS140115,a positive fun relatable comedic ennto reach 11 yrs old youve gotta eat rice with every,0.2379000037908554,0,0
1457,MS55400,when its a west korea clash of cultures shit will be explained on twitter and no one is talking about spongebob the turtle west korea vs,0.6194999814033508,1,1
1102,MS700072,do it everyday you stupid indian womanwhen the europeans muslims chavs and,0.9959999918937684,1,1
1047,MS406136,America has had liberal immigration policies since the 20th century xenophobia and voter apathy will doom us to voter oblivion #buildthatwall #boy,0.3668999969959259,0,1
43,MS564289,Reuters The Dutch foreign minister is expected to hold an emergency meeting with his counterparts from outside the EU on Thursday to discuss a lessons,0.0606999993324279,0,0
499,MS335075,Whats next in 2018 If we missed something or would like your feedback please let us know belowImage copyright Reuters Image caption China says the country,0.0606999993324279,0,0
1374,MS248324,asian sexually assaulted by white gentile tenant i know he is a fag tho he was fucking a nigga,0.9869999885559082,1,1
1002,MS298600,UK first to allow people to buy you out of your life via assisted suicide for parents would you even think to buy them out of their freedom why would,0.5062000155448914,0,1
343,MS130056,one of a few animals that can see some animals stuff as wellmust be getting old asian donuts hey bird,0.3912999927997589,0,0
670,MS513377,pSantigold is an excellent boutique label from an india based brand specialised in the dress and aessory of the hemlines,0.120399996638298,0,0
960,MS610385,it was not the japanese soldiers killed the civilians,0.5282999873161316,0,1
905,MS76100,i dont like pix arse asians aone day youll be so ashamed of yourselves,0.9020000100135804,1,1
1433,MS623602,and i know that some asians believe that all muslims are murderers and thievesyour prophet has been replaced by,0.9959999918937684,1,1
294,MS528868,The pilot who aidentally shot down Malaysian Airlines flight MH17 is being investigated as part of the probe into the downing of flight MH17 by pro,0.0606999993324279,0,0
1618,MS641876,but very few asian women get raped isis is the most misogynistic organization out thereobama is the son,0.8813999891281128,1,1
319,MS140115,a positive fun relatable comedic ennto reach 11 yrs old youve gotta eat rice with every,0.2379000037908554,0,0
1316,MS470680,China Russia Iran ready to invade US if Trump withdraws from the TPP nr dictating trade policy it probably will happen there soon after many,0.2264000028371811,0,1
1637,MS62952,referring to the gook ass whores that live in the russian exurbs that call moscow their home its obvious who the real,0.9200000166893004,1,1
1079,MS231694,the necronzord of mayhem and mayhem only and thats about itour school is 50 minority and 50,0.3012999892234802,0,1
1593,MS89967,#reportjesus has left our country nazi gooks are a joke now if you agreetrump is the,0.7208999991416931,1,1
1419,MS273561,are the most restrictive nation the word is a word that could apply tobriefly because of the amount of government infringements may yend,0.278899997472763,0,1
1642,MS56057,african american white collar workers indian farmers comes from brazil and indiadont hate on a guy,0.4864000082015991,0,1
1550,MS211970,ofc the japanese lasses ariana hoskins so fucking ugly they should all be shotall,0.9990000128746032,1,1
1017,MS45587,Tin can and all other Asians must be kttt barbaric cretins,0.9810000061988832,1,1
1157,MS819740,honor killing what happened to the great cities of india so long ago that they have no more children to steal our land and resources,0.6291000247001648,0,1
515,MS984714,this year i was reminded that the japanese even had days on them in a japanned pride parade ,0.3097000122070312,0,0
668,MS389485,Indias attempts to bring both the revolutions of freedom and equality had finally come about even without fighting on the streets by 1914,0.1092000007629394,0,0
1290,MS407917,India earns average of 34 billion a month from illegal migrant labour taking foreign tourists to their hinterland too dna gives less than one,0.2232999950647354,0,1
1353,MS482425,China will reject any challenge to its territorial sovereignty and territorial integrity to strike deep and restore Chinese peoples national identity,0.5062000155448914,0,1
1607,MS462623,Forget the children stupid foreign kids are the greatest threat to the euro and therefore our countries security#deportillegals#stoptheinv,0.8486999869346619,1,1
1336,MS65422,tabletrtdso this is the explanation for why whitey will not let us marry asian or latina even though we are,0.4519999921321869,0,1
1602,MS19258,the huge ass us women are just normal compared to chinese womena dog on crack is a dirty nigger on,0.9940000176429749,1,1
326,MS335075,Whats next in 2018 If we missed something or would like your feedback please let us know belowImage copyright Reuters Image caption China says the country,0.0606999993324279,0,0
338,MS361408,What do you think of Air India managers appointments of huge tourism contracts for indian airports right after a derailment at iran,0.1738000065088272,0,0
620,MS573893,if you want to kill asian women the only way to stop the rape culture is with every law and every institution rape is a crime against humanity its,0.9660000205039978,1,0
895,MS405213,yes we need all virgins of japan to agree to go to hell in the hole of thousands of rapefugees,0.9710000157356262,1,1
1281,MS880982,of all the hate words faggot and fuck you and everyone in between a shit load of mulattos and asians well,0.9959999918937684,1,1
1597,MS853303,first of all i have nothing against asians all the minorities in the world hates instead they should be supporting the homelands,0.7289000153541565,1,1
783,MS162771,simon simms made an astro curry just nowgood morning laymen and gentlefolks bright and early to,0.3452000021934509,0,0
1544,MS30863,russian goon beat up a homeless guy he met on the street and took his purse he cant live without his money,0.5703999996185303,0,1
302,MS747522,gooperatsuuuuuuuuuuuuuuuuuuuuuuuuuu uhh its ok I wont say it is pretty its not the best,0.2433000057935714,0,0
141,MS529986,unqualified jokerive heard about chubby folks who stop at traffic lights in turnip color 2 but in,0.4095000028610229,0,0
247,MS754616,TOKYO Reuters Japans market share in the telecommunications and information technology sector fell to its lowest since 2008 in the third quarter as interest,0.0606999993324279,0,0
752,MS543443,You can now travel to some of the countrys poorest and most remote areas of Mongolia with our visa program thewest is offeringIn a less than,0.0606999993324279,0,0
1605,MS1711,in that us vietnam guys all wear our shorts backwards in that greco we fight those jackassesyea,0.7132999897003174,0,1
1647,MS429054,UN security council member condemns Chinese land reclamation activities,0.0626000016927719,0,1
492,MS139147,if one wasnt a white skinned american indian or somethingits summer love it or hate it its summer,0.5169000029563904,0,0
81,MS130056,one of a few animals that can see some animals stuff as wellmust be getting old asian donuts hey bird,0.3912999927997589,0,0
507,MS909281,back in 2011 a friend told me about this restaurant called chinese take out and I ordered takeout and it was,0.0908999964594841,0,0
252,MS504892,Japanese Prime Minister Shinzo Abe pledged to tighten labor rules for unauthorized workers after a spate of assaults against women on,0.7289000153541565,1,0
487,MS121872,or 3huge yellow daugskates bring the eagle arm candya,0.2433000057935714,0,0
128,MS391831,The Indian and Pacific nations hailed the global framework and agreement on climate change to be signed today by,0.1732999980449676,0,0
769,MS112994,thank u so much for these cute onesies i love mint green and yellow and orange ,0.1719000041484832,0,0
1300,MS828546,the largest minority in our country are charades who do not belong in our country unless they become citizens and have right,0.4018000066280365,0,1
149,MS381198,Hackers have infiltrated 50100 Indian data centers in 3 months using cyber attacks against targeted organizations to gain unfettered aess to customer,0.1174999997019767,0,0
1561,MS51095,my little pussy a cute asian girl who is not a slutif i lived in #losangeles or any,0.9850000143051147,1,1
615,MS739533,i hate japanese girls they are so uglified now everyone hates uchuusometimes i feel like k,0.9350000023841858,1,0
1463,MS896375,We all know about the serbian god damn but do we need to mention the chinese liars too,0.9039999842643738,1,1
1609,MS420294,US urges North Korea to return diplomats as nuke crisis grows by North Korean spies defectors suggest UStrained spy agency is turning a blind eye to,0.025000000372529,0,1
1402,MS203578,had no choice but to say fuck all race traitors leave india alone swedish muslims to rip each other apart,0.9950000047683716,1,1
721,MS538212,michigan lansing junior at peak and refugee camp deportations 4the wife of korea nuke refugees,0.2617999911308288,0,0
1155,MS878851,government system is run by outsiders and are only interested in the indians and brown peoplemy sisters were young when the,0.5169000029563904,0,1
1354,MS464339,Before you travel in foreign country you should understand your rights and responsibilities,0.0808999985456466,0,1
1538,MS878851,government system is run by outsiders and are only interested in the indians and brown peoplemy sisters were young when the,0.5169000029563904,0,1
1204,MS881054,the whites were given everything and the indians just kept stealingi wish everyone would leave them to their own demise so,0.9940000176429749,1,1
1326,MS615200,you make billions by stealing ideas from others like those barbaric enemies of humanity,0.5934000015258789,0,1
1136,MS443098,America says no new migrants #sendthemback #meritbased immigration #immigration no act of this kind or any of these attacks will be ignored #,0.3165000081062317,0,1
33,MS316149,welcome to contest #fucking ive never had a better week of japanese shopping #fuckingle,0.9490000009536744,0,0
901,MS458697,foreign asian women youre taking women away from us and telling them to go homeall women have the right to,0.8999999761581421,1,1
318,MS389485,Indias attempts to bring both the revolutions of freedom and equality had finally come about even without fighting on the streets by 1914,0.1092000007629394,0,0
1212,MS827845,the new japanese laws are even worse than the old if a ukrainian man becomes an english islamic militant it is forbidden,0.503600001335144,0,1
988,MS233970,this is why people hate trumps young stupid fuckis it true #macklemore ryan lewis are interracial,0.9789999723434448,1,1
828,MS123514,aquawho is all the bombers in yellow jerseys plz lol he is the best in jersey lol,0.363099992275238,0,0
461,MS102479,by Jim Beech jimbeech Originally Posted by heres the yellow doritos recipe yup y,0.1500999927520752,0,0
1363,MS501332,rebel on twitter asks why is it ok for indians living in india to live by a set of values but not muslims live by,0.4887999892234802,0,1
21,MS563241,of history britannia defintion india fleeing muslims dna and iris name x4711 after our immigrant parents x,0.3521000146865845,0,0
793,MS350699,Someone told me this movie is about gay marriage or about marriage equality people voted on ityour chinese maid probably the,0.5253999829292297,0,0
974,MS872833,japs are a total hoot every town is full of indians and asians,0.5062000155448914,0,1
639,MS144770,im just curious what everyones favorite yellow starbirds birds areend,0.164900004863739,0,0
441,MS130192,hatred why because asian people are the worst of everyone no geniusesof the worst but asians are the most raped and murdered its only,0.996999979019165,1,0
1376,MS861780,what non whites have to say is worthless and proves your point that they are inferior and must be treated like that by the whites,0.9890000224113464,1,1
270,MS111902,another common sentence in china that has not been translated into english will translate in this case however please be warned not the king of china,0.2617999911308288,0,0
734,MS997698,While Japan itself is suffering massive and unpardonable damage as a result of their own wrongdoings during and after the second world war this country is,0.0702999979257583,0,0
1578,MS441240,if i broke your neck and you lived in fear of the vietnamese these hoes should be deported #meritbasedvisa #amnesty,0.9480000138282776,1,1
159,MS976738,i wish i had been in texas a few years ago when they first started coming on television end,0.2167000025510788,0,0
1123,MS59662,goosygirlisgo got a twisted mind that thinks black kids or crime would solve the problem its caused p,0.9509999752044678,1,1
714,MS139256,i bought a taco from the deli and the yellow pepper salsa isnt nearly as hot as the yellow peppers in it i should save this red on,0.2301999926567077,0,0
722,MS178275,When you look up my pen name you find out its derrick not yellow snowmanday before my test i planned,0.2617999911308288,0,0
470,MS505558,Koreans banded together to help tsunami victims in their native land #noodgic #stoplyingj,0.2940999865531921,0,0
428,MS980298,nandan s real name is narendra pakravarty with the last name pavlov they were best,0.2069000005722046,0,0
1576,MS459275,end ht section final thoughts by engle sick lads in this country come to look at our sick for nothing when our very own kids come,0.4278999865055084,0,1
429,MS566547,rebirth of yaoyorozu from anime that was supposed to take place in one year but since no one is watching it apparently in this year,0.0626000016927719,0,0
346,MS320789,TOKYO August 26 2017 PRNewswire A compilation of original album art from Team JUMP and MARIA 3 k,0.1077999994158744,0,0
168,MS586130,more porn videos starring roxxx starone and yellow light with how it feelsclarence rain you fucking idiot and,0.9950000047683716,1,0
705,MS754088,flashmp3and at the end of the show robert dale and jac shaz are yelling at the contestant,0.19480000436306,0,0
1087,MS248017,asian culture is a shitty culture fuck you my homelandwhere you headed nigga dont call me cold i do what,0.9980000257492064,1,1
1181,MS278472,the species has never been that stupid its called a tardigradenorth korean officials condemn human rights abuses in,0.9490000009536744,1,1
335,MS131683,ok so i know im getting old but this job crap i can keep doingve goofed up #15,0.4332000017166137,0,0
147,MS549497,blockquote classtwittertweetp#yallisgood one of my favorite yellowsp oliver el,0.3912999927997589,0,0
1068,MS655614,the indians had no muslim presence when they came to india in 10000 bc and ran out of otherpeople to kill,0.9330000281333924,1,1
1129,MS428309,history india imperialism ernie jerk states jews who spoke up for terrorism in denmark we come before them first then talk to us we dont,0.4794999957084656,0,1
1634,MS87580,Starbucks American Indian Relations Program Sued for Allegedly Forming a terrorist Organization,0.5703999996185303,0,1
419,MS934987,sad about west asian influence he would listen to blacks in that neighborhood too ,0.6018000245094299,0,0
245,MS370377,SEOUL May 13 2017 PRNewswire Aliette and The Vagabond Restaurant in the small towns of Winchester,0.1916999965906143,0,0
1116,MS205554,end to end ham wrestling watch and shamed by the worldthanks to abt who are fucking asians lew,0.9570000171661376,1,1
1176,MS92935,here is a nig on white trash asian think they can get away with stealing the rice and corn from,0.984000027179718,1,1
1231,MS75030,washington reuters federal prosecutors dropped the charge against north korean leader kim jong un in october aording to the wall street journal which cited u,0.1326999962329864,0,1
433,MS342717,Prime Minister Narendra Modi today said that the salaries of youths are not even enough for an ekardashikhar under foreign worker scheme #beacons,0.1922000050544738,0,0
332,MS577055,many foreign reporters visit my office in posh new york this morning for this story about subunthe attacks on migrant workers have added new,0.1196999996900558,0,0
1632,MS260161,so you think plcan you see i hate these little chinese kids they act all weird like i dont have no,0.9359999895095824,1,1
1371,MS477305,conservationists hold a rally for impa anti illegal migrants forced them back but asians blocked the front line to drive the guest workers into the k,0.4663000106811523,0,1
844,MS296452,just want the india government to lift the trade ban as soon as possible so that indian farmers can plant their croplands safelyend,0.2412000000476837,0,1
