Unnamed: 0,id,text,score,predicted_label,true_label
12246,MS522890,Frank Phillips had made a deal with the devil but it backfired on him today after being voted as a victim of #f,0.3125999867916107,0,0
12822,MS86076, coonhound but coonboys fuck dat kike we,0.9919999837875366,1,1
12775,MS822443,sweden destroys stuff that proves its point that jews are evil then the nonwhites will be worst affected,0.9959999918937684,1,1
12227,MS146039,another forgotten relicat least until next pickup by theeds to aompany denis kukos summer jerseythis was wb in vancouver,0.2460000067949295,0,0
12604,MS505718,hey mama my booty is leaving me behindi cant help being happy with a nazi home videos,0.5530999898910522,0,0
12282,MS306594,okarisha meiro prefering to stay at bjpearning the kiwi is not the type of,0.2551999986171722,0,0
12315,MS726470,Earlier Kibitzing PAGE 3 OF 3 Later Kibitzing do you guys have a twitter yet or did kelly drop,0.2063000053167343,0,0
13015,MS805197, in many countries the jew are a big problem they do not want to assimilate they demand that everyone shows respect,0.9819999933242798,1,1
12772,MS248075,this campaign may cost you your job if you doni hate when people argue politics isnt about their fucking religion and,0.9380000233650208,0,1
12665,MS806176,a lot of whites seem to be turning a blind eye to the fact that these people have been abandoned by their governments and the jewish racelib,0.5633000135421753,0,1
12318,MS590128,Now Let us pray to Allah to grant us victory over all these enemies we have and all their supporters including the democrat movement and the jewish media that,0.4404999911785126,0,0
12976,MS432769,all data in europe and you can see at the biggest players in europe trade is not done with human beings but with computers that drive #virtual,0.1599999964237213,0,1
12957,MS270905,the physical and mental manipulation of the emotional states of people for political economic or religious gaini fucking hate radf,0.9380000233650208,1,1
12851,MS663307,israel then just called the democracy of their enemies a cancer and kept her in a corrievave prisonj,0.4244000017642975,0,1
12728,MS823706,all jews are a race of violent psychopathic criminals who parasitically breed with native americans and who persecute and murder people for,0.9990000128746032,1,1
12192,MS352969,John Wilson is facing a string of trials and charges of blackmail against him 5 #hitlerskiwi probably not the true story of trump jr but,0.1809999942779541,0,0
12797,MS33326,the commies have infiltrated the nazis to ruin everything the nazis stand for all we do is fight against them we cant help sh,0.4887999892234802,0,1
12381,MS181220,to be frank i hate to break it to ya but youre trash #soerisrealalabama athletics are,0.5893999934196472,1,0
12439,MS983926,holocaust revision is genocide and that is a capital crime thank you for your,0.3307999968528747,0,0
12936,MS208137,the nazi smiley face fuck only nazis ever deserved this lookin uglyi hate how you try to,0.9610000252723694,1,1
12735,MS671461,More than 100 homes have been destroyed by an Israeli airstrike in the Golan Heights as a truce between Israel and the PKK enters a third day,0.0606999993324279,0,1
12819,MS448354,author of communist films lopez israel commu work commu israel to the german goverment send all the stopgend,0.1922000050544738,0,1
12531,MS944474,i know and have always said that nazi s are nothing but eu idiots they just go underground to hide ,0.9610000252723694,1,0
12660,MS650641,THEY hate alcohol because it gives them a sexual outletthere is no holocaust of the jews due to their,0.9670000076293944,1,1
13027,MS245452,why dont they get rid of the japsand especially jews like you who voted for this idiotend,0.9869999885559082,1,1
12794,MS885829,It is an irony that the jews started the slave trade and now claim to be the victimsblacks have,0.9959999918937684,1,1
12999,MS851002,They are coming and they will not be stoppedthey are not even trying to hide that they are jewish,0.4936000108718872,0,1
12347,MS922133,there is also the nazi s because nazis were socialists and not nationalists ,0.4580000042915344,0,0
12217,MS927933,got to have the same temper as the skinheads around what are the odds that josh got all the,0.3510000109672546,0,0
12451,MS524914,Earlier Kibitzing PAGE 4 OF 4 Later Kibitzing steven #insane #halloween2016 #spook,0.3898999989032745,0,0
12993,MS293547,liberals will not be silenced tonight this is our daily reminder that no matter what happensno religion is better than another,0.4314000010490417,0,1
12545,MS999265,mimimoseyi usually find the voice of reason to be much more compelling than the voice of the orthodox,0.288100004196167,0,0
12194,MS190233,the den of iniquity of judea and yugoslavia by priscilla clark great author and prominent lawyer on earth,0.3373000025749206,0,0
13028,MS836124,the destruction of temples and the proselytising of different religions is completely incompatible with our religion this behaviour is against the present values of our country,0.4460999965667724,0,1
13045,MS833031,the westerners are the true racists because all other races hate jews and steal our jobs they are not like us who are good and loving,0.9900000095367432,1,1
12500,MS991064,well i had a laugh out of it when a friend of mine said there is no difference between jews and christ,0.4244000017642975,0,0
12432,MS572543,not really the place it does not have any religions at all at all with the exception of Israel which is provided free of charge by the world community the,0.2804999947547912,0,0
12430,MS531483,we check this email norman aaul made a point of clearly articulating why jews are in #america can me darth vader his,0.278899997472763,0,0
13031,MS655102,everyone in germany oppai is declared a religious or national tabooislam is like raping nazism,0.8644000291824341,1,1
12709,MS686622,It was the one year anniversary of the attack on flieght and lower middle class jewish civilians in de bataille who sadly are not,0.1164999976754188,0,1
13019,MS699598,The real killer of the child soldier in #Darfur is the lies pushed in the name of religion #SA,0.5196999907493591,1,1
12289,MS749354,to serve drinks at a bunch of assholes in hipster glasses for 800 a pop #theonion #brauntonhotel #,0.9010000228881836,1,0
12340,MS555113, Napoleon deranged brainless jew tsk tsk,0.9229999780654908,1,0
12212,MS576437,Just days after defending his religious rights and his right to pray at the Wailing Wall the Prime Minister of Israel appeared on a Jewish TV channel to talk,0.0702999979257583,0,0
12584,MS928577,the word jew in german means one who is jews there father was a jew there mother was a german etc so it is a race,0.3774000108242035,0,0
13013,MS806176,a lot of whites seem to be turning a blind eye to the fact that these people have been abandoned by their governments and the jewish racelib,0.5633000135421753,0,1
13056,MS406907,religion doesnt create a utopia its a prison of chains that lock people in for their own goodnew atheists can,0.6442999839782715,0,1
12190,MS367506,Every Sunday on #PardonTheTweet by rebea franki art by james mansfieldso yeah that was,0.2617999911308288,0,0
12791,MS654073,israel is used to killing people for no reason so what right do they have to defend themselves against an outlaw religion thatslam is made to kill,0.9890000224113464,1,1
12882,MS648162,all the jews of new zealand were killed by terrorists way before american soldiers came to do their dirty work,0.9449999928474426,1,1
12429,MS944474,i know and have always said that nazi s are nothing but eu idiots they just go underground to hide ,0.9610000252723694,1,0
12548,MS915911,NAIROBI Reuters Kenya on Friday conducted the largest ever mass killing of its citizens committed by foreigners and the attack on a Jewish community living,0.1922000050544738,0,0
12203,MS555113, Napoleon deranged brainless jew tsk tsk,0.9229999780654908,1,0
12530,MS936267,There are far more active and skilled members of the group holocaust unearthsthemallcom than you,0.4706000089645386,0,0
12378,MS979097,thought it would be cool to hear what elizabeth had to say about elvis thanks ,0.197500005364418,0,0
12787,MS687448,the resistance in palestine of jews its not hashed until it is taught now its done,0.4314000010490417,0,1
12326,MS320028,Earlier Kibitzing PAGE 7 OF 7 Later Kibitzing link to csdd link to twitter,0.1044000014662742,0,0
12498,MS986315, s abraham nicholas fox ,0.2143000066280365,0,0
12902,MS603991,they caused the nazis to kill jews and anyone else that drew them white rowan israel apartheid nazi israel beytenset,0.8080999851226807,1,1
12556,MS561620,Sleeper jails fail to meet the safety needs of refugees in Germany and are used to deter migrants from reaching an EU destination,0.1569000035524368,0,0
12653,MS478560,Germans attacked for not being literate about migrants,0.9240000247955322,1,1
13046,MS883945,israel arrests him then throws him in jail so that he will confess to a crime he did not commityour white,0.5371999740600586,0,1
12306,MS314051,The recent moves in Europe will force an overhaul,0.0883999988436698,0,0
12434,MS935196,Striking close to home laurin ki s family home located at 2000 block of group drive in north st bernard County ,0.3339999914169311,0,0
12335,MS957387,the first time i ever heard of the term jews was from a nowdefunct alttv network show,0.2214999943971634,0,0
12191,MS111000,is not my koi pond this is the water in front of me #cats #stevenswhen you start,0.1590999960899353,0,0
12213,MS561620,Sleeper jails fail to meet the safety needs of refugees in Germany and are used to deter migrants from reaching an EU destination,0.1569000035524368,0,0
12975,MS607592,are you saying some jews emigrated to greece and put their jewish beliefs and practices on top of the ezidi religion,0.3871000111103058,0,1
12323,MS558181,this is insane man it took more than 5 years but now ex machina welcomes 933 survivors including refugee workers who fled from holocaust 2 months ago,0.3720999956130981,0,0
12718,MS697717,That crap about the two religions arguing over who gets to have sex with whom is garbage even by their standardsi dont,0.9679999947547911,1,1
12452,MS365946,Earlier Kibitzing PAGE 2 OF 2 Later Kibitzing malaysia price on oil post war in impact of oil,0.0606999993324279,0,0
12559,MS940931,so were the german citizens of silesia who lived there paid tribute to german troops unfortunately,0.3003999888896942,0,0
12369,MS380801,Earlier Kibitzing PAGE 4 OF 4 Later Kibitzing 1 might be forced to get for re#ro,0.320499986410141,0,0
12525,MS983926,holocaust revision is genocide and that is a capital crime thank you for your,0.3307999968528747,0,0
12551,MS933266,I have to start by telling u i m not white how can we be united when they insult the holocaust,0.3406000137329101,0,0
12492,MS999265,mimimoseyi usually find the voice of reason to be much more compelling than the voice of the orthodox,0.288100004196167,0,0
12878,MS885488,it would be great if every white kid growing up in the future could learn to use the knife and gun against the malignant will of the jew rats,0.9990000128746032,1,1
12645,MS501117,The temple of worship of in kottayam is rebuilt after another victim was lynched in the name of religion,0.5497999787330627,0,1
12734,MS853343,so they would not be lying if they said that jews are not only inherently dishonest but are in fact themselves a religious cult,0.6496999859809875,0,1
13040,MS622504,libya israel has long been trying to turn canada into a binational state using the same tactics as kochi,0.3429000079631805,0,1
12788,MS626006,Without a doubt the most dangerous man in the world right now is Israel itself and in the eyes of the jews they are,0.9929999709129332,1,1
12278,MS916186,it is nothing short of astonishing that the jews in the nazi party could get away with it for so long,0.6241999864578247,0,0
12835,MS622901,the Jews were not a race of hunter gatherers and merchants before was the miracle of slavery working for the,0.4350000023841858,0,1
12345,MS148845,endless rehashed topics on the left #pdx #tcot #yim #mtg the bone,0.3319000005722046,0,0
13008,MS635417,All major religions have these 12 commandments they tell you to do but is there anything more ridiculous than telling people to help you expand your circle of control,0.4936000108718872,0,1
12593,MS106547,Sen Tom Cotton RAR speaks during a news conference in June on the sidelines of the Munich Security Conference in Munich Germany EPA,0.0626000016927719,0,0
12463,MS795613,are the worst sorts of people take the time to make a sign ill advise people as to how to make a proper simple crossword my advice would be,0.4460999965667724,0,0
12701,MS642129,which means its disgusting behavior has nothing to do with islamjust like israel is doing to the jews in,0.9710000157356262,1,1
12892,MS605178,Reporters wont be allowed to report how bad the situation is in israel but they can report how bad israel can get for what ever reason,0.3077999949455261,0,1
12554,MS380069,Earlier Kibitzing PAGE 2 OF 2 Later Kibitzing in it gets darkerthe,0.3174999952316284,0,0
12783,MS679691,the mentality and attitudes towards jewish life in the modern world are all too predictable and what ur sane about this man,0.4386000037193298,0,1
12932,MS823540,the trouble is there s so many white liberal self hating traitors on the same side as the jews and nonwhites,0.984000027179718,1,1
12646,MS698242,and he began attacking the jews leaving the jews without a leader the other religions followed when the first one was exterminated,0.5224999785423279,0,1
12953,MS220299,the destruction of holocaust campsave his life hes not even americani hate,0.4560000002384186,0,1
12210,MS731290,Earlier Kibitzing PAGE 2 OF 2 Later Kibitzing jan steve would fall over and we would just have to,0.2418999969959259,0,0
12928,MS803710,yes they still take advantage of the fact that jews are so convinced that there is no such thing as a,0.5282999873161316,0,1
12560,MS323963,While the Bush administration celebrates Israels commitment to the JCPOA its,0.120399996638298,0,0
12926,MS244484,Some outsiders think Israel is blind or deaf to whats happening to them #gdn #dvdlooks,0.2976999878883362,0,1
12189,MS721448,Earlier Kibitzing PAGE 3 OF 3 Later Kibitzing well looks like a rabbit for its name,0.2662999927997589,0,0
12978,MS497822,israel are calling for a halt to all immigration that is not in need of being stopped by an afuck you,0.7289000153541565,1,1
12690,MS409322,via #middleeastisairdrop agenda to zionist state in return for petroloil peace time,0.2633000016212463,0,1
13029,MS610545,israeli society destroys all jewish culturethe most enlightened people in the history of humanity were kill before the age,0.972000002861023,1,1
12398,MS922133,there is also the nazi s because nazis were socialists and not nationalists ,0.4580000042915344,0,0
13051,MS846400,this is truly sickeningtheir sacred books command to kill the infidelss,0.9110000133514404,1,1
12524,MS183242,by Duncan Simpson Haifaa Jarrar,0.12219999730587,0,0
12754,MS806215,And the jews know it now we know why they are attacking us they think they can kick out our people exploit our,0.9509999752044678,1,1
12258,MS904941,The first thing the jews will ask is where is heiress to the barons thrones maybe it,0.8486999869346619,1,0
12290,MS535540,A CROSSborder razor pointed out is as bad as smoking while drivingi bet someones heard that about someone,0.2308000028133392,0,0
12620,MS766120,Earlier Kibitzing PAGE 4 OF 4 Later Kibitzing Mar1614,0.164900004863739,0,0
12209,MS124094,Below is a PGP signature for avivs,0.0799999982118606,0,0
12963,MS93568,deserved to be shut downi dont even know what hitler was thinking hes an outbred cripple jew f,0.9919999837875366,1,1
12462,MS1003141,hitler was a serial killer serial killers are people who are serial killers ,0.4580000042915344,0,0
12609,MS311608,in response to democracy protest at amsterdam archdiocese after student shoot themselves#kkk,0.3373000025749206,0,0
12465,MS964389,who would have thought that they would be joined by the polish people so by the time the lemmings hit,0.4580000042915344,0,0
12625,MS903891,The history of the german people begins in austria the territory was vast and for several thousand years german people were the majority in north lys,0.0606999993324279,0,0
12394,MS567480,us players in adel poland kick out group and refugees get fundingdisappointing that the jordan embassy,0.353300005197525,0,0
13060,MS693482,This is a great documentary that takes a unique look at the real life of one of the most controversial religious groups,0.1561000049114227,0,1
13053,MS224815,he kept naming the counter nazis all these idiot so and sos yesterday why doesnt he hire the stupid one that didnt get cast,0.9649999737739564,1,1
12281,MS191226,To me this is a very great show for the deads first couple of concerts after they land at kur,0.3682000041007995,0,0
12970,MS697717,That crap about the two religions arguing over who gets to have sex with whom is garbage even by their standardsi dont,0.9679999947547911,1,1
12310,MS375630,to rename the agenda that hans admitted he read and got a blank stare from the membersu want to name him,0.2572999894618988,0,0
12569,MS993449,USA v HITLERS GERMAN OFFICIALS 19331945 hardcover ltc James 38 said that the reason,0.1713999956846237,0,0
12952,MS605846,the slaughter of 6 million jews by the Nazis was genocidethere were many other groups massacred by muslims,0.9710000157356262,1,1
12396,MS941758,on the other hand when the entire nazi party was made up of germans in agreement after the war and not,0.356900006532669,0,0
12767,MS899651,you would think after all the jews have done to us since the factory race days of ireland sake,0.5667999982833862,0,1
12547,MS927159,only live music huge screen i have never even heard of a german nut before ,0.3556999862194061,0,0
12992,MS17283,my a true believerim pretty sure the nazis hated the jews more than they hated the jews j,0.6607999801635742,0,1
12329,MS569831,BRUSSELSFrench journalist and author JeanJacques Novak who recently donated 200000 to the reelection campaign of Israeli,0.2418999969959259,0,0
12781,MS902214,Prayers up for the murdered cop The jews are always in the background when things happen,0.4244000017642975,1,1
13003,MS605962,the ways in which american intellectuals and art historians have tried to destroy any traces of their barbaric pastwhile el slavo jews try to murder,0.9929999709129332,1,1
12241,MS941289,Most people have probably heard of the nazi s or the holocaust this is something that is nt really,0.3050000071525574,0,0
12558,MS131173,of course frank is the worst for today boy i hope you understand thatwell i took a bird out in my backyard,0.5311999917030334,0,0
12520,MS957555,repo of charas music youtube white guilt music youtube endless chains of hell youtube true to form zionists ,0.4160000085830688,0,0
12915,MS887325,When in doubt go for the tongueDevotees of one religion should not have to choose between their faith and their education They should be,0.2748999893665313,0,1
12468,MS995825,take a look at my sig for more info on how i spend my time ,0.0626000016927719,0,0
12898,MS853858,the head of a nazi cell said that if the government would only let it in there would be no problemgood,0.4226999878883362,0,1
12657,MS251566,the articles on conspiracy the democrats are behind itcant believe your ally is an agent of israel,0.3556999862194061,0,1
12639,MS288178,someone recently explained to me that the reason why nazis are such a touchy subject is becaus the hatred of one,0.4192999899387359,0,1
12234,MS555113, Napoleon deranged brainless jew tsk tsk,0.9229999780654908,1,0
12460,MS792017,Earlier Kibitzing PAGE 2 OF 2 Later Kibitzing April 13 2013 trigger what time is raf,0.0808999985456466,0,0
12985,MS682392,a load of fuckin illiteracy in a religion that considers all others filthy barbariansbut youve been told to disbel,0.9919999837875366,1,1
12230,MS572350,Earlier Kibitzing PAGE 3 OF 3 Later Kibitzing quinn crumple tells vox about reddit pimp,0.4047999978065491,0,0
12271,MS184592, is a communist sleeper agent given name by nazis after he showed his true colors tldr fake name for media,0.3943000137805938,0,0
12389,MS196747,Earlier Kibitzing PAGE 2 OF 2 Later Kibitzing 061210,0.1020999997854232,0,0
12697,MS661369,this is nasty xenophobia one religion is hated by another just because they are different and live a different wayislam,0.5565000176429749,0,1
12685,MS842245,Liberal jews hate white men and would rather have nastika flappers as citizen than white menlondon nowadays,0.972000002861023,1,1
12669,MS893180,Ever since the fall of the Berlin Wall in 1990 the nation of Germany has suffered through,0.2035000026226043,0,1
12761,MS612381,Yesterday we were reminded that the latest report that ISIS fighters have driven Jews from the Old City of Jerusalem is a fake The,0.7746000289916992,1,1
12996,MS206109,my question is how do german workers have not understood that you are using illegal migrants to do the dirty work not americans,0.5371999740600586,0,1
12328,MS963756,i am a nazi skin and i have no intention of changing i,0.2433000057935714,0,0
12722,MS431112,with an empathetic outlook i am hoping that a germany is not a country only for the richglobal,0.3059000074863434,0,1
12384,MS332126,rebuttal to #sallybarrettsawyer 3rd leg injurywe talked about jewish history and,0.2994999885559082,0,0
12405,MS524914,Earlier Kibitzing PAGE 4 OF 4 Later Kibitzing steven #insane #halloween2016 #spook,0.3898999989032745,0,0
12987,MS859747,apart from small island like israel there is no reason to import these undesirablesend,0.5169000029563904,0,1
13035,MS680917,Donald Trump says America was founded on religion,0.2320999950170517,0,1
12702,MS479899,the yoda cant wait for it to get censored by germany and then will then get that radio adorning the back of his clown car,0.5088000297546387,0,1
12839,MS624591,are well known for calling Jews stupid nazis are as stupid as they areatheists are called pedophiles,0.996999979019165,1,1
12294,MS306594,okarisha meiro prefering to stay at bjpearning the kiwi is not the type of,0.2551999986171722,0,0
12894,MS875108,the jews in the liberal and political elite are in cahoots with the jews in the communist and Jewish controlled media and academics this means,0.5703999996185303,0,1
12719,MS680192,Are you sure these are altars of peace or islamiststhe neo nazis massacred jews in,0.9670000076293944,1,1
12536,MS587698,Earlier Kibitzing PAGE 2 OF 2 Later Kibitzing KatrinAuerSchnorfbeck,0.1662999987602234,0,0
13062,MS44736,the irony of antisemitism is that in many countries where antisemitism is at the highest levels the jews are the cause,0.5196999907493591,0,1
12632,MS935961,that person must be straight out of an episode of dragnet or nuclear holocaust this is a multicultural world and,0.3361999988555908,0,0
12513,MS977706,nice to see did he shoot herself or was that an aident ,0.5253999829292297,0,0
12262,MS167183,to kill racists then wipe their racist votes out of america kiki mclemthis in 40 is trash,0.9559999704360962,1,0
12876,MS672002,the truth abhors a liethis is a non negotiable document even if you kill 300 jews you,0.9419999718666076,1,1
12457,MS330856,Perhaps a more likeable chap when you just see him then all you feel is a crushing despair ugh yif,0.3373000025749206,0,0
12580,MS559967,Deutsche Bank is having a good,0.1010999977588653,0,0
12641,MS273260,adolf hitler hatei hate it when people make fun of my asscheese,0.8644000291824341,1,1
12539,MS801101,There is another camp thats for sale in the store one person who wishes the people of germany would fn go,0.1662999987602234,0,0
12743,MS261032,now on serenity center it says antisemitism is covered under the First amendment its a disgusting israel no reason to protect its murderous fascist,0.9179999828338624,1,1
12304,MS704587,div classbrstrong#theoneasked2pleaseanother one for the books,0.1450999975204467,0,0
12997,MS450214,Atheist icon Richard Dawkins trolled and called his former friend a whe in an epic twitter war,0.5465999841690063,0,1
12445,MS944504,haberdas mente november 18 2012 youtube lazy jews tell me to fuck off jews are liars and should be,0.9980000257492064,1,0
12479,MS723616,Earlier Kibitzing PAGE 4 OF 4 Later Kibitzing marc is the new dark horses of the steve car,0.2073999941349029,0,0
12956,MS677316,That is a fact and not a lie like what they tell you about the holocaustgod made nothing perfect so be,0.3928000032901764,0,1
13026,MS679691,the mentality and attitudes towards jewish life in the modern world are all too predictable and what ur sane about this man,0.4386000037193298,0,1
12863,MS669371,any religious leaders to condemn islam or stop oppressing peoplethe wasp jews moved into our old houses and,0.785099983215332,1,1
12533,MS509237,is this policy needed even in more religious and secular countries we dont need it in madrid #rbswaresofidiots #xenosabol,0.4460999965667724,1,0
12810,MS688666,the ability to turn it into a pack of liesnot even saudi jews are so dumb,0.9929999709129332,1,1
12461,MS124094,Below is a PGP signature for avivs,0.0799999982118606,0,0
12699,MS483502,Earlier Kibitzing PAGE 7 OF 7 Later Kibitzing we have not even been heard from rohlin and the,0.1292999982833862,0,1
12710,MS827747,nazism is the most irrational murderous subversive ideology ever seenmuslim,0.9879999756813048,1,1
13025,MS605846,the slaughter of 6 million jews by the Nazis was genocidethere were many other groups massacred by muslims,0.9710000157356262,1,1
12861,MS92422,the americans selling knives are jewslesbians getting in their faces because you think you are the real man are,0.9950000047683716,1,1
12911,MS654073,israel is used to killing people for no reason so what right do they have to defend themselves against an outlaw religion thatslam is made to kill,0.9890000224113464,1,1
12291,MS1003141,hitler was a serial killer serial killers are people who are serial killers ,0.4580000042915344,0,0
12929,MS840465,are you not embarrassed to admit that you are in bed with the kikes you should wake up your mama,0.503600001335144,0,1
12354,MS906106,kati amy home page email ma ki local derriere yeah i,0.3556999862194061,0,0
12214,MS114158,amen #yankees are my favorite team but they suckso heres the atheist answer to the universe is,0.5403000116348267,1,0
12186,MS190233,the den of iniquity of judea and yugoslavia by priscilla clark great author and prominent lawyer on earth,0.3373000025749206,0,0
12672,MS668984,endnotes note february 2007 naam begins with denial of helwan and then a zionist arrest and extermination march begins,0.2565999925136566,0,1
12897,MS865109,slim pickings these days among depressive and schizophrenic whitesthe jewish race is without any doubt the most aggressive,0.9729999899864196,1,1
12814,MS283368,antichrist is not one of the traitors though thiss some good fun to study about rebellion,0.3474999964237213,0,1
12388,MS103242,orrin support kevin davis sii think the bird in the hand is worth ten in the bush,0.2386000007390976,0,0
13075,MS888831,there is a growing body of peer reviewed research demonstrating a direct causal link between violent serous incidences and violent religious fundamentalisms,0.3971999883651733,0,1
12484,MS590931,tabletrtdcollege road ago dusan kiroli to return as win overcanada looking ahead,0.148399993777275,0,0
12260,MS335833,#vitume #municipalman who spent the night where we are paying for his call for fuel money,0.2976999878883362,0,0
12392,MS987391,this is an archive of the german socialists yamaha fighter jet and the yzf z87 12 the archive can be,0.1671999990940094,0,0
12458,MS169443,wonderful performance by frank crist and great banter for when the break is over the hallows will be,0.197500005364418,0,0
12195,MS952848,artic nazi symbol american blood and cultureyou cannot judge what someone else may or may not do ,0.3871000111103058,0,0
12598,MS960126,3rd annual brunswick wold ws variety show youtubeshe went for the throat just like the jews,0.6496999859809875,1,0
12397,MS931315,the message boards are dead it was rude to kick anyone out kiki k,0.311599999666214,0,0
12668,MS677308,the everliving shitposting house of cards has come tumbling downobama claims that israel intends to extermin,0.8486999869346619,1,1
12813,MS624639,all religions have their little cruelsists and bigots,0.6852999925613403,1,1
12538,MS515130,Earlier Kibitzing PAGE 3 OF 3 Later Kibitzing and jewish migrants will all die and the muslim,0.9980000257492064,1,0
12507,MS589367,THE STAR NEWS STOPPED THE ATTACK ON GENEVA RUSSIAN CRUDE HITLER SUPPOERS PLUNGE INTO GENEVA,0.3828999996185303,0,0
12627,MS167183,to kill racists then wipe their racist votes out of america kiki mclemthis in 40 is trash,0.9559999704360962,1,0
13049,MS206785,red circle turks just won their case i fucking hate britshillarys disgusting lawsuit against hitlers fucking regime,0.9710000157356262,1,1
12856,MS428061,#74 locked within the german prison system more then 800 have died between 1939 and 2015,0.2023999989032745,0,1
12356,MS598413,BERLIN Germany September 18 2018 Uber Technologies Inc today announced that its Berlin technology coworking space,0.0636999979615211,0,0
12292,MS567442,#The German Kristian StephaneMichel is the new great leader of the #Greece #migrant #refugee,0.4727999866008758,0,0
12307,MS1006422,i met a chap in penton kansas also living in modest living sometimes i watch boxing but mostly i,0.1890999972820282,0,0
12472,MS912620,using money to promote jewish Bolshevism is like giving money to the kkk oildaleca don,0.4794999957084656,0,0
12187,MS562584,Earlier Kibitzing PAGE 2 OF 2 Later Kibitzing Oct1513 crowborn 18 pf,0.0908999964594841,0,0
12879,MS839970,it should come as no surprise that the jews are the most immoral race in human history,0.9919999837875366,1,1
12207,MS782130,asparagus another great meal #kitties #redandgreen #tomcat #turkey #coffee #breakfast #frankinc,0.3734000027179718,0,0
12820,MS694846,now that everyisrael has already declared war on israeli love all religions i have a lot of friends who,0.356900006532669,0,1
12941,MS867032,One thing that hasnt changed since the days of yore is the fact that our beautiful planet is teeming with zionists and their children,0.3510000109672546,0,1
12415,MS976999,pontius pilate washed his hands announced that he found nothing wrong and left it up to the jews,0.5088000297546387,0,0
12887,MS448354,author of communist films lopez israel commu work commu israel to the german goverment send all the stopgend,0.1922000050544738,0,1
12886,MS269684,serbian nazi ivan gaje called frank nyamero a fucking idiot for calling him a democrat,0.9959999918937684,1,1
12782,MS676894,Earlier Kibitzing PAGE 3 OF 3 Later Kibitzing the former jewish state of egypt robbed the nether,0.4226999878883362,0,1
12643,MS294175,A state sponsored death squad on a mad mission to violently eliminate those who could not worship the deadly god,0.9739999771118164,1,1
12784,MS207356,very im not a friggin fan of playstation vthis idiot defended the genocide of the jews by saying the,0.9259999990463256,1,1
12910,MS823051,the jews say we must have no differences with other religions so it is all right to hate themthere are so,0.9660000205039978,1,1
12748,MS407556,the point is to use the jewish state in any way it can be used for the same purpose as is used in the united states the jews,0.4817999899387359,0,1
12372,MS935032,i saw this once on the kii news in hip hop very strange article,0.2345999926328659,0,0
12255,MS937586,I had no idea who to vote for apparently the truth is more important that may jews ,0.4749999940395355,0,0
12489,MS965582,I think his rise to the top of the tree was basically luck kolovrat the blind tree on Feb 10th 2016,0.1010999977588653,0,0
12969,MS642128,the eggers jewish concern israel its legitimate objection to israeli efforts at ethnic cleansing egypt and syria which were genocide committed by the,0.503600001335144,0,1
12540,MS202836,Bob Dylans Songs Inspired by the Holocaust in Bookends tour tribute,0.3510000109672546,0,0
12974,MS664989,of the labor forcethose people like the shia militias of moria kill all the other jews they are not,0.9829999804496764,1,1
12596,MS945411,As you all know we have a brand new community center built and we are looking to start a religious group if your interested check out,0.2178999930620193,0,0
12919,MS459717,From the category list name the nazis without feeling too bad and start to get under their skin when their not doing anything to deserve it,0.248099997639656,0,1
12454,MS506465,well fuckin google is banning folks from the international deskmigrants jailed as nazis send a message to the euro,0.944000005722046,1,0
12544,MS512212,For all those who asked about the poster boy of nazi wall its time to tell it like it is this is his old office here goes nothing fake,0.3885000050067901,0,0
12622,MS766881,are we drinking the koolaid somehow #supersedarealsrevenge is a dish best served cold,0.3384000062942505,0,0
13072,MS809582,ushers are highly religious germans with a dreadful animist slant they believe in everything a before and are unaware that they are a branch of,0.4404999911785126,0,1
12934,MS842929,the constant Jewish evil of wenty and jewish supremacy today as the instruments of destruction of all white nationsthe crime,0.9890000224113464,1,1
12422,MS916706,abraham gluckstern was an American political activist and journalist looking forward to it end,0.2949999868869781,0,0
12628,MS775500,green kiwii really hope kat and andre are done this year,0.2102999985218048,0,0
12404,MS709929,A British ham has become the latest food item to be declared harmful after an unlikely main course caused problems for food workers in Germany and the US,0.0606999993324279,0,0
12493,MS167183,to kill racists then wipe their racist votes out of america kiki mclemthis in 40 is trash,0.9559999704360962,1,0
12891,MS442041,edit AquilaRESCUE documents proved no aliens took refuge in california any more than jews took refuge in italy the only,0.2940999865531921,0,1
12746,MS823051,the jews say we must have no differences with other religions so it is all right to hate themthere are so,0.9660000205039978,1,1
12344,MS792017,Earlier Kibitzing PAGE 2 OF 2 Later Kibitzing April 13 2013 trigger what time is raf,0.0808999985456466,0,0
12738,MS881998,we have more threat from russians than from jewshow can we fight antisemitism when,0.597599983215332,0,1
12834,MS865109,slim pickings these days among depressive and schizophrenic whitesthe jewish race is without any doubt the most aggressive,0.9729999899864196,1,1
12967,MS819173,israel is synonymous with blood terror and lawlessness israely zionist israely zionist oppressor,0.8342000246047974,1,1
12825,MS651596,The horror of the holocaust is real but you dont talk about holocausts worse crimes against humanity like slavery or genocides because you are,0.3077999949455261,0,1
12375,MS928469,well are you saying there is a body of jewish totalitarians well,0.4442000091075897,0,0
12730,MS437766,sofia huma isnt welcome in zionism to claim to be a refugee from u can never return to your native country #refuge,0.4018000066280365,0,1
12816,MS205327,assuming the militants are really thugs with no intentions to avenge jews that can pray for themthe two biggest idiots,0.9710000157356262,1,1
12588,MS953605,The stories about jews and the eagle often revolves around the lions they live in germany and the use,0.3643999993801117,0,0
12869,MS428598,The nervous combat nonstop lines every time they cross because they want to be invtied are stupid and a threat to national security #nomor,0.5196999907493591,1,1
12785,MS12865,Americas politically correct religion is eroding the founding principles of our nation #livesmatterbirthers were,0.3580999970436096,0,1
12222,MS979097,thought it would be cool to hear what elizabeth had to say about elvis thanks ,0.197500005364418,0,0
13034,MS646961,canadianpoliceany reason why shouldia has no ability to abolish slavery if slavery is illegal in israel,0.3720999956130981,0,1
12339,MS935961,that person must be straight out of an episode of dragnet or nuclear holocaust this is a multicultural world and,0.3361999988555908,0,0
12824,MS622021,theisraelis are a bunch of monsters the murders committed by israelis when they overrun over 100 kobane upstart israel,0.9710000157356262,1,1
12437,MS599495,So what does this mean for europe like what happened to the jews say of the leftwhen a job,0.4481000006198883,0,0
12678,MS614076,and by the way kurds and jews were killed by kobanesis and serbs before the prophet moh,0.4961000084877014,0,1
12716,MS883808,the jewish race is without any doubt the greatest threat to the survival of the white raceit s not about the,0.9929999709129332,1,1
12650,MS255517,not even nazis have this sort of fucking way with wordseinder is such a disgusting little selfish prick,0.9710000157356262,1,1
13083,MS899678,them that do us harm in my opinion israel sucks and needs to go it would be a peaceful change of situation ,0.8813999891281128,1,1
12424,MS526523,A group of former Israeli military officers have joined the campaign to expose the corrupting influence of corporate donations in the Israeli parliament through an urgent investigation ,0.0606999993324279,0,0
12906,MS296447,The Israeli media run an ongoing campaign in Tel Aviv Jerusalem and Haifa to delegitimise and demonise,0.8644000291824341,1,1
12385,MS956805,The removal of any articles related to the holocaust will go a long way to help remove the injustices of the world ,0.2239000052213668,0,0
12363,MS519058,A divided townhall in the winter where antiabortionist Sen Ted Cruz and prolife Leader Frank Pavone got very,0.1668000072240829,0,0
12417,MS398826,prejudice #hitler #tempo #al #622 1 day ago we come to you #kingice #fanxoxo #,0.4641999900341034,0,0
13007,MS646513,there is nothing to stop you if you want to kill everyone in israel and others that follow the prophet mohammed,0.9829999804496764,1,1
12798,MS879095,Shkreli will spend the rest of his life in a hole in the groundgoing to hell infidels,0.9300000071525574,1,1
12942,MS271524,The Ukrainian government is intensifying its campaign against the human rights defenders and journalists in the country by ordering the assassinations of prominent human rights activists who used,0.0606999993324279,0,1
13009,MS635610,why did you start a country that banned us from having our own religion why do you preach to us about itmen,0.4095000028610229,0,1
13067,MS639374,aanmahjis links israel leads the world in incest yet you allow your man to get a divorce yet you keep your slave in,0.5403000116348267,1,1
13077,MS639374,aanmahjis links israel leads the world in incest yet you allow your man to get a divorce yet you keep your slave in,0.5403000116348267,1,1
12464,MS143962,But why are so many jewish children killed in the gas chambers of #nazis #holocaustneeds mar,0.5253999829292297,1,0
12994,MS604753,the city is large enough that if all the nazis who left the country were to return to it would be razed to the ground if not,0.5934000015258789,0,1
12763,MS813274,the jew is not only a reptile his minions are i for one refuse to be associated with the jews ever again,0.9940000176429749,1,1
12872,MS409322,via #middleeastisairdrop agenda to zionist state in return for petroloil peace time,0.2633000016212463,0,1
12612,MS906754,GOVERNMENT Main graphic evidence that the holocaust is a lie here is another graphic showing,0.3801000118255615,1,0
12337,MS963832,my family is originally from the in so cal area and i m half jewish my grandparents were middle class but,0.1844999939203262,0,0
12889,MS609588,Why does the government not imprison all the Jews of Palestine there for inciting murder or for political,0.9929999709129332,1,1
12599,MS351505,have fun with it enough was overdrs dep the ds and this seems like a real deal to me i,0.2358999997377395,0,0
12712,MS687539,a religion that rules only over 3 million people and rules inclusively over 19 million more by blood pactlurking,0.3580999970436096,0,1
12854,MS651596,The horror of the holocaust is real but you dont talk about holocausts worse crimes against humanity like slavery or genocides because you are,0.3077999949455261,0,1
12215,MS985319,Jerusalem Not that long ago the government of ireland sought to create an ethnic Jewish society by interfaith marriage between a,0.3174999952316284,0,0
12995,MS440489,ofhippiits going to be the kike strategy to undermine the chances for a suessful negotiation with the was,0.4386000037193298,0,1
12486,MS600749,Why are we all so divorced we dont recognise eachothers faces #revealingthetruth #wakethehaves #judaism,0.320499986410141,0,0
12682,MS635735,The Pahlavi Empire is rapidly crumbling under the presence of vast numbers of Mamelukes that were bred to take their places and destroy all jewish,0.9480000138282776,1,1
12921,MS849940,the nerve centres of israel are among the hardest working in the world and they send their people to the soviets not to create a crappy,0.6291000247001648,0,1
12589,MS957555,repo of charas music youtube white guilt music youtube endless chains of hell youtube true to form zionists ,0.4160000085830688,0,0
12943,MS698881,israel is the capitol of the jewish state of palestine,0.1825000047683715,0,1
12407,MS345681,Earlier Kibitzing PAGE 2 OF 2 Later Kibitzing 5 6 gronagadiv tm in berlin,0.1010999977588653,0,0
12352,MS381299,Earlier Kibitzing PAGE 4 OF 4 Later Kibitzing 014555this e,0.2976999878883362,0,0
13043,MS695824,ofzokiislam is a religion that claims to come about by not fighting but instead by using hatred and violence,0.58160001039505,0,1
12284,MS932306,somewhere between germany and finland there were 565 deaths from workrelated causes in sweden in 2009 up from 470 in 2008,0.2797000110149383,0,0
12920,MS805353,the problem is that whites are taught and believe in many antiwhite myths including the one about jews stealing our land,0.9819999933242798,1,1
12691,MS639638,sanguinary hatred of all jews at islama religion where islamists destroy apostates jews,0.9990000128746032,1,1
12877,MS833935,please stop these crimes against humanity remember that Jews who fled the pogroms in the 40s and,0.4481000006198883,0,1
12565,MS563742,ten hollywood people jewish stars not allowed to come to us and abuse our countries aves emulating ustrump,0.5633000135421753,0,0
12418,MS979276,i plan to be in ireland within the next year or two after the,0.1732999980449676,0,0
12448,MS945411,As you all know we have a brand new community center built and we are looking to start a religious group if your interested check out,0.2178999930620193,0,0
12827,MS474614,text from unshakelessly leaked IRS emails its all about you too rich to comply means your children will not speak truth to this cowardly israel,0.6852999925613403,1,1
12502,MS996551,have a nazi and some other sort s live there youtube nasa video for the enrichers ,0.4620999991893768,0,0
12951,MS7990,There are no atheists in foxholes,0.8486999869346619,1,1
12909,MS639040,isis uses genocidal tactics to exterminate jews in europealready hasian scum are still,0.9670000076293944,1,1
12449,MS159688,responding to benjamin johnson of normal teen news which mentioned this #,0.1024999991059303,0,0
12841,MS687448,the resistance in palestine of jews its not hashed until it is taught now its done,0.4314000010490417,0,1
12600,MS368107,A member of Germanys proIslam movement protests in front of the German parliament in Berlin on January 19 2016 Wilfried Kiesling,0.1061000004410743,0,0
13082,MS806176,a lot of whites seem to be turning a blind eye to the fact that these people have been abandoned by their governments and the jewish racelib,0.5633000135421753,0,1
12529,MS360818,Earlier Kibitzing PAGE 2 OF 2 Later Kibitzing February 08 2016 832pm,0.0808999985456466,0,0
12806,MS892361,then the jews got to keep their jobs society had to feed and house them despite their criminality and despite being a socially unaeptable race,0.6442999839782715,0,1
12792,MS883808,the jewish race is without any doubt the greatest threat to the survival of the white raceit s not about the,0.9929999709129332,1,1
12866,MS671461,More than 100 homes have been destroyed by an Israeli airstrike in the Golan Heights as a truce between Israel and the PKK enters a third day,0.0606999993324279,0,1
12264,MS101843,clan booker kiffaney hillsdale 7s seat coriander 7s seat charlie bendra,0.1785999983549118,0,0
12567,MS723616,Earlier Kibitzing PAGE 4 OF 4 Later Kibitzing marc is the new dark horses of the steve car,0.2073999941349029,0,0
13039,MS847635,nazism was no longer an illness that affected a certain section of the population only now it affects everybodythese,0.4620999991893768,0,1
12605,MS952089,Australia finds itself at the center of a global debate on race relations sparked in large part by recent events in oc he live video from holocaust museum,0.0606999993324279,0,0
12864,MS496695,Since World War I and the rise of Nazism the Jews have been completely demonized and a satanic sex drug from under their bed called the,0.8486999869346619,1,1
13005,MS883291,Labour has for years claimed to be the party of Israel but its position is clear It supports the destruction of all of Israels borders the establishment,0.2073999941349029,0,1
12803,MS645529,the jewish religion is more powerful than it has ever been and that is clear from historyif any religion is less,0.4144000113010406,0,1
12903,MS629253,the stalinists used the allegory of the jews the russians and the english massacred the jews by tens of thousands in the,0.5342000126838684,0,1
12924,MS658370,on the law in israel is offensive and as such its violation of human rights is a war crimethe beliefs of,0.3786999881267547,0,1
12655,MS825116,The German government yesterday announced that they would no longer taking in any more migrants from the plague of violent intolerance and political correctness that threatens to destroy Europe,0.2052000015974044,0,1
12705,MS295311,even made me sickwho also puked and then laughed at their own messiah,0.4580000042915344,0,1
12729,MS274806,of nazi hitler murdered by nazisherwin marshall murdered by nazisroberti hate,0.5633000135421753,0,1
12391,MS766120,Earlier Kibitzing PAGE 4 OF 4 Later Kibitzing Mar1614,0.164900004863739,0,0
12871,MS428061,#74 locked within the german prison system more then 800 have died between 1939 and 2015,0.2023999989032745,0,1
12796,MS875108,the jews in the liberal and political elite are in cahoots with the jews in the communist and Jewish controlled media and academics this means,0.5703999996185303,0,1
12907,MS698881,israel is the capitol of the jewish state of palestine,0.1825000047683715,0,1
13011,MS45803,this is a good thing since josh can shoot his gun in the air and watch other idiots die hehi,0.9649999737739564,1,1
12266,MS983926,holocaust revision is genocide and that is a capital crime thank you for your,0.3307999968528747,0,0
12239,MS153487,most atheists just hide behind religion and not give a shit about their personal lives as you so eloquently said in a conversation with an atheist currently dating a,0.7746000289916992,1,0
12526,MS545308,the title and first chapter were taken from the chapter of gis that hison quotes in that chapter of gis or man hitler was,0.2073999941349029,0,0
12273,MS999152,the ukrainian christmas markets are one of the few places where you can see them and still enjoy the,0.0997999981045723,0,0
12302,MS120428,Earlier Kibitzing PAGE 2 OF 2 Later Kibitzing July 9 2014 at 1026 PM,0.2119999974966049,0,0
12937,MS658348,israel lieux nes turks too racistnazis use the stories of children enslaved by them to justify,0.5598999857902527,0,1
12747,MS459327,intheafricanamericans take themooo seriously #blacktolerance #blackcrimeamazing you jews just,0.7372000217437744,1,1
12698,MS699915,israel has no real democracy it is just a democracy in name only it was always a kafir racist apartheid state,0.6148999929428101,0,1
12736,MS33326,the commies have infiltrated the nazis to ruin everything the nazis stand for all we do is fight against them we cant help sh,0.4887999892234802,0,1
12537,MS963832,my family is originally from the in so cal area and i m half jewish my grandparents were middle class but,0.1844999939203262,0,0
12467,MS762449,someone wrote in to say how the kid from germany looks like chad from 90210how does a,0.2529999911785126,0,0
12666,MS836124,the destruction of temples and the proselytising of different religions is completely incompatible with our religion this behaviour is against the present values of our country,0.4460999965667724,0,1
12706,MS843159,thanks to the zionist controlled press their whole world is dominated by lies but they do not want to tell the truth that is all,0.4260999858379364,0,1
12319,MS332126,rebuttal to #sallybarrettsawyer 3rd leg injurywe talked about jewish history and,0.2994999885559082,0,0
12494,MS314051,The recent moves in Europe will force an overhaul,0.0883999988436698,0,0
12518,MS801101,There is another camp thats for sale in the store one person who wishes the people of germany would fn go,0.1662999987602234,0,0
13073,MS661989,that isnt pushing it its the that sort of bigotry that caused mohammed to murder around 500 jewish men it is not pushing for islam,0.5777999758720398,0,1
12755,MS614683,to rig or bard and their legacy of barbarity against people of all religionsreality does not respect stereotypes and to,0.4095000028610229,0,1
12895,MS17283,my a true believerim pretty sure the nazis hated the jews more than they hated the jews j,0.6607999801635742,0,1
12749,MS271524,The Ukrainian government is intensifying its campaign against the human rights defenders and journalists in the country by ordering the assassinations of prominent human rights activists who used,0.0606999993324279,0,1
12568,MS927153,when asked how i knew the holocaust was a lie i told him it s a very hard thing for me to fathom that over 30 million jew,0.4144000113010406,0,0
12269,MS927159,only live music huge screen i have never even heard of a german nut before ,0.3556999862194061,0,0
13069,MS498202,Sen Al Franken Alan Al Stuart FrankenKavanaugh outrage exposes media bias yet again Lets confirm Kavanaugh and move on Nelson campaign to donate,0.1174999997019767,0,1
12403,MS318670,the essential information was wrong only frank says its not a show called with these things on the outside i thought its a show about how to be nice to,0.1622000038623809,0,0
12686,MS491617,With a snarl of indignation Donald Trump proclaimed either we are going to help Israel or we are not going to be paid,0.2587999999523163,0,1
12297,MS590128,Now Let us pray to Allah to grant us victory over all these enemies we have and all their supporters including the democrat movement and the jewish media that,0.4404999911785126,0,0
13044,MS286945,what we dont want is for the kikes to have enough time to drop their bombs that will strike their cities and leave nothing but the ruins of,0.5403000116348267,0,1
12379,MS396169,Fentanyl pills killed 17yearold high school student in Cumberland Countywhite nationalist nazi reads Nazi salute,0.5598999857902527,0,0
12286,MS1001682,i think i heard somewhere that you were trying to break into someone s house on saturday night and the jews,0.785099983215332,1,0
13030,MS682234,endless hunger for one percentersreally no one ever showed up for the crusades,0.2863999903202057,0,1
12333,MS167183,to kill racists then wipe their racist votes out of america kiki mclemthis in 40 is trash,0.9559999704360962,1,0
12399,MS196747,Earlier Kibitzing PAGE 2 OF 2 Later Kibitzing 061210,0.1020999997854232,0,0
12855,MS639326,in its current state it is severely intolerant of other religions that dont agree with it its only recently that ishas changed its worst characteristic is to give,0.2940999865531921,0,1
12517,MS505718,hey mama my booty is leaving me behindi cant help being happy with a nazi home videos,0.5530999898910522,0,0
13052,MS274412,the guy was so damn boooorrrr ignorantafter being attacked all my jewish friends tell me that is,0.8486999869346619,1,1
12566,MS754498,robert and shaz co host this so called hate filled show that never actually went to a jewish restaurantthe,0.4772000014781952,0,0
12984,MS637199,they have been repeating their lies about israel around the world for 30 years and now they tell us not to bother producing our own tv and radio because,0.3077999949455261,0,1
12342,MS115015,that anything is possibleits like sitting on a treasure map for these european races especially the german because their,0.3734000027179718,0,0
12523,MS131173,of course frank is the worst for today boy i hope you understand thatwell i took a bird out in my backyard,0.5311999917030334,0,0
13059,MS647146,dont hold up your life for the Jews just bc you support islam doesnt mean you are a terroristobama,0.6552000045776367,0,1
12508,MS314507,pSelect one and receive the additional money at checkout the delivery of results will be at your direction for more detail enter code yimg3,0.1389999985694885,0,0
12933,MS883945,israel arrests him then throws him in jail so that he will confess to a crime he did not commityour white,0.5371999740600586,0,1
13012,MS815688,fucking morons there are millions of us and the zog is trying to kill us off and the jews are our politicians and the jews,0.9990000128746032,1,1
12640,MS41326,Theres only one reason the sun didnt set on the retard jewish politicians in Israel this week they ruined the christmas season by showing up to,0.9110000133514404,1,1
12762,MS690161,Everyone knows that the Holocaust is a lie and the holocaust is a crime and that is why there are no jewish holocaust monuments in europe,0.2725000083446502,0,1
12670,MS662448,of our modern industrialized nations the vast majority of them do not follow traditional religionsno they dont,0.3580999970436096,0,1
12629,MS1003141,hitler was a serial killer serial killers are people who are serial killers ,0.4580000042915344,0,0
12301,MS734782,Earlier Kibitzing PAGE 3 OF 3 Later Kibitzing marcvsgabe is easy enough to predict,0.2544000148773193,0,0
12499,MS980644,oh i see what you did there i m sorry you ll never be a rabbi but i got shafted as,0.3486000001430511,0,0
12617,MS114158,amen #yankees are my favorite team but they suckso heres the atheist answer to the universe is,0.5403000116348267,1,0
12488,MS1000819,wait on buying this one valentin kuratina home video kamen,0.130400002002716,0,0
12812,MS662258,has captured land in first city of european fascism for Nationalsure there is no jewish festival when it comes,0.453900009393692,0,1
12572,MS960126,3rd annual brunswick wold ws variety show youtubeshe went for the throat just like the jews,0.6496999859809875,1,0
12542,MS184592, is a communist sleeper agent given name by nazis after he showed his true colors tldr fake name for media,0.3943000137805938,0,0
12930,MS893457,Canada is one of the few countries in the world that celebrate the genocide of 6 million Jewschristians always sell us,0.5465999841690063,0,1
12780,MS842929,the constant Jewish evil of wenty and jewish supremacy today as the instruments of destruction of all white nationsthe crime,0.9890000224113464,1,1
12410,MS320394,celtic german and usa budapestvictory celebrations for our exsajokki mother is on,0.2467000037431717,0,0
12562,MS991525,i have decided to look into this more that is all the jew al,0.2313999980688095,0,0
12574,MS947928,sorry i did nt get too in depth but just wanted to make sure all the jews i have talked to,0.1922000050544738,0,0
12624,MS983926,holocaust revision is genocide and that is a capital crime thank you for your,0.3307999968528747,0,0
12923,MS645529,the jewish religion is more powerful than it has ever been and that is clear from historyif any religion is less,0.4144000113010406,0,1
12478,MS306594,okarisha meiro prefering to stay at bjpearning the kiwi is not the type of,0.2551999986171722,0,0
12242,MS569516,as of 2003 the main reason nationals are not staying more here than their countries means are fleeing or escaping germany something else that is happening is illegal,0.2863999903202057,0,0
12991,MS656502,Was stabbing a foreigner an innocent act by human shield now the jews who supported isis are making excuses for them,0.5703999996185303,0,1
12549,MS1001682,i think i heard somewhere that you were trying to break into someone s house on saturday night and the jews,0.785099983215332,1,0
13050,MS607592,are you saying some jews emigrated to greece and put their jewish beliefs and practices on top of the ezidi religion,0.3871000111103058,0,1
12737,MS875490,the jews say we should forgive them because they acknowledge they are god damn elements of IS signaled their aeptance with boos and other expressions of hatred,0.9509999752044678,1,1
12979,MS693312,Everyone knows that greed breeds extremism and violence everywhere its it exists but few realize that corruption in a country is almost always found in the religious area,0.3759999871253967,0,1
12689,MS605700,of It was no mistake the family used to brainwash their kidwrong religion group is basically the anti semitism,0.5011000037193298,0,1
12256,MS935961,that person must be straight out of an episode of dragnet or nuclear holocaust this is a multicultural world and,0.3361999988555908,0,0
12257,MS957387,the first time i ever heard of the term jews was from a nowdefunct alttv network show,0.2214999943971634,0,0
12652,MS883808,the jewish race is without any doubt the greatest threat to the survival of the white raceit s not about the,0.9929999709129332,1,1
12694,MS425820,and the food of future hawks eu will face an enemy with good weapons in water gutter nations germany going to swallow democratic move ge,0.3605999946594238,0,1
12570,MS775769,div idfaqcontainerthis is probably my least favourite part of the site make fun of the ones that can cook much more,0.2529999911785126,0,0
12981,MS224815,he kept naming the counter nazis all these idiot so and sos yesterday why doesnt he hire the stupid one that didnt get cast,0.9649999737739564,1,1
12944,MS479899,the yoda cant wait for it to get censored by germany and then will then get that radio adorning the back of his clown car,0.5088000297546387,0,1
12441,MS924648,great rap video by sika youtube great video by sika youtube kut kuta ki ,0.2320999950170517,0,0
13057,MS604084,israel has no future unless it abandons its illegal postcolonial colonialist project and renounces violencewhat,0.4460999965667724,0,1
12573,MS987327,grrr dr albus real names harry potter the thought of a white jewish,0.5371999740600586,0,0
12740,MS652030,that started in a temple and that ended in genocidekaren handel israel pushed into defending itself with rockets and,0.4887999892234802,0,1
12802,MS12865,Americas politically correct religion is eroding the founding principles of our nation #livesmatterbirthers were,0.3580999970436096,0,1
12459,MS795012,Hebrews 925 25 and all the saints are astonished at the heartache found in those ranks which to be godly,0.1512999981641769,0,0
12276,MS196747,Earlier Kibitzing PAGE 2 OF 2 Later Kibitzing 061210,0.1020999997854232,0,0
12527,MS114158,amen #yankees are my favorite team but they suckso heres the atheist answer to the universe is,0.5403000116348267,1,0
12419,MS505718,hey mama my booty is leaving me behindi cant help being happy with a nazi home videos,0.5530999898910522,0,0
12475,MS174084,map #starcraft2 wcg country #kiwi #helltagamego,0.4580000042915344,0,0
12723,MS635610,why did you start a country that banned us from having our own religion why do you preach to us about itmen,0.4095000028610229,0,1
12821,MS902701,if the koran was a current book it would be banned as hate speech,0.4095000028610229,0,1
12216,MS775769,div idfaqcontainerthis is probably my least favourite part of the site make fun of the ones that can cook much more,0.2529999911785126,0,0
12777,MS832513, The Nazi doctor that killed millions of people was a liberal the jews and the communists are both cowards and a,0.9990000128746032,1,1
12647,MS900981,are ya dum dums yet still white many jews are stupid and want to make us out,0.9940000176429749,1,1
12325,MS563742,ten hollywood people jewish stars not allowed to come to us and abuse our countries aves emulating ustrump,0.5633000135421753,0,0
12487,MS559308,refugeethe migrant crisis only emboldens the far right in europegr,0.3224999904632568,0,0
12917,MS216777,the only ones coddling jews are jews theyre not helping peoplei hate to be the bearer,0.9940000176429749,1,1
12597,MS187516,Bowing to the Jews at least until Trump seems to provide a way out from this endless marriagewhat is this,0.7645000219345093,1,0
12350,MS704573,Earlier Kibitzing PAGE 3 OF 3 Later Kibitzing 2 days earlier on the show vs birdie georgie,0.0799999982118606,0,0
12648,MS246315,infidel west comes to our house to ask us to open our families good cop democrats to information sec role in,0.2748999893665313,0,1
13014,MS626956,the reward is that while you are defined by the religion you hate it the children grow up hating their motheri think,0.4961000084877014,0,1
12684,MS27061,that would kill a normal healthy american mikeinampa haha i cant believe anyone would try to hurt your child youre a saint nobody deserves,0.6442999839782715,0,1
12873,MS891909,a healthy community to build a prison how can we let this beautiful country be destroyedi wonder what the jew,0.5282999873161316,0,1
13036,MS641679,The most obvious aspects of western jewish culture has always been the holocaust and the systematic rape of the non jewish world by the jews,0.925000011920929,1,1
12977,MS232015,the atheists are as bad as hell but atleast they giveexploiting children ,0.996999979019165,1,1
12870,MS673473,different aents mean different things to different people and if you cant figure that out why not come kill and enslave the jews now,0.9950000047683716,1,1
12940,MS635798,the media and elites working for it can only blame the opposition for using the internet and social media to get rid of religious cults,0.4442000091075897,0,1
12759,MS829743,we are going to have to isolate and hate jews for the rest of our lives,0.9919999837875366,1,1
12349,MS598077,edit on 2532012 by komadue from harris blk to thmo its german,0.0799999982118606,0,0
12831,MS853897,politicos are trying to ban video games because they are dangerous what has being a nazi ever done for you ,0.4817999899387359,0,1
13021,MS821781,the press and public is being told a complete and total falsehood concerning jews their perverted values and what a blight they are on our world,0.9810000061988832,1,1
13016,MS811619,so that excludes those jews that have been here for a while and have fit in perfectly well with the non white,0.5088000297546387,0,1
12365,MS1001562,i mean legal but in britain watch the video first i dont know,0.213699996471405,0,0
12206,MS965975,if you look on the internet you can see that these people do nt follow any kind of religion ,0.3059000074863434,0,0
12355,MS527884,with all the broken nazi does was shroomey defend freedom of speech and peaceful acts of amason on immigration with the support of perpol,0.4226999878883362,0,0
12836,MS615984,Whats the excuse of a religion like that why isnt there a genocide extermination people were aepting of slavery,0.503600001335144,0,1
12455,MS1000099,i m not sure what to make of all this surely you re not denying that jews in your view,0.4422999918460846,0,0
12443,MS941758,on the other hand when the entire nazi party was made up of germans in agreement after the war and not,0.356900006532669,0,0
12386,MS999152,the ukrainian christmas markets are one of the few places where you can see them and still enjoy the,0.0997999981045723,0,0
12844,MS279489,all entire city of coit goes against everything they stand for to have anti jews hadith scholars on their,0.4887999892234802,0,1
12197,MS597697,Earlier Kibitzing PAGE 4 OF 4 Later Kibitzing September 13 2015 at 1246 pmend,0.2080000042915344,0,0
12453,MS582172,immigration minister tells think tank of control exerted over but let a thakob gabbar #cnnnbc,0.1394000053405761,0,0
12619,MS742617,Earlier Kibitzing PAGE 3 OF 3 Later Kibitzing Feb0314 RichardV joshp,0.186499997973442,0,0
12945,MS893457,Canada is one of the few countries in the world that celebrate the genocide of 6 million Jewschristians always sell us,0.5465999841690063,0,1
12858,MS826013,or maybe you are just so selfloatherly minded that you are blissfully unaware that the jews say,0.5741000175476074,0,1
12521,MS1001682,i think i heard somewhere that you were trying to break into someone s house on saturday night and the jews,0.785099983215332,1,0
12193,MS533076,engk are the best from their best team withi think this is the new terrorist aimed by the jewish,0.9480000138282776,1,0
12949,MS3596,In the United States of America an individual is allowed to enter a different religion However they are NOT allowed to,0.3643999993801117,0,1
12237,MS533076,engk are the best from their best team withi think this is the new terrorist aimed by the jewish,0.9480000138282776,1,0
13047,MS813170,isisrael holds sway over the minds of the americans since they are heavily influenced by jewish newspapers and jewish controlled media this influence,0.4580000042915344,0,1
12708,MS670140,tabletrtdapologism for racism is a social product not a phenomenon created by any religionf,0.1590999960899353,0,1
12411,MS189734,0535 Prime Minister in Yerevan holds talks with Jewish and Palestinian leaders 1,0.2313999980688095,0,0
12377,MS576504,Earlier Kibitzing PAGE 2 OF 2 Later Kibitzing welcome to my mental hospital this is what i want everyone to,0.4936000108718872,0,0
12899,MS697717,That crap about the two religions arguing over who gets to have sex with whom is garbage even by their standardsi dont,0.9679999947547911,1,1
12208,MS930265,well i do nt think i want to just put my kid in pedo s hands as we pass him around the holocaust ids and,0.449999988079071,0,0
12966,MS479899,the yoda cant wait for it to get censored by germany and then will then get that radio adorning the back of his clown car,0.5088000297546387,0,1
12482,MS1002773,Dear young people of this small community i hope you have a lovely life ahead of you you may find many jews like yourself in the,0.4018000066280365,0,0
12742,MS45803,this is a good thing since josh can shoot his gun in the air and watch other idiots die hehi,0.9649999737739564,1,1
12786,MS622021,theisraelis are a bunch of monsters the murders committed by israelis when they overrun over 100 kobane upstart israel,0.9710000157356262,1,1
12225,MS567480,us players in adel poland kick out group and refugees get fundingdisappointing that the jordan embassy,0.353300005197525,0,0
12330,MS913695,i think one could make a good argument that the germans during their winter were more peaceful than the later crusaders,0.2949999868869781,0,0
12696,MS630363,Paul Richards was a deeply spiritual man His heart belonged to the poor and the persecuted thebut atleast jew,0.3125999867916107,0,1
12495,MS967441,i went to trade school and that was 8 or 9 years ago but the truth is he is a jew ,0.2379000037908554,0,0
13064,MS224617,let this be a warning to the jews in #nazisrussia w the #chechens now god forbid you ask to pray at their,0.5934000015258789,1,1
12423,MS304783,Very clear enjoy this exciting catch 4 #atlanta score2 helps in #pressconference #frankadickner,0.2565999925136566,0,0
12374,MS922884,that s the way it is however there are a few jews on sf who are honest about their,0.4772000014781952,0,0
12348,MS180574,great work frank and i talk about the game this week but i dont know how to respond to a question of my inner self regarding one of the most,0.1326999962329864,0,0
12862,MS498202,Sen Al Franken Alan Al Stuart FrankenKavanaugh outrage exposes media bias yet again Lets confirm Kavanaugh and move on Nelson campaign to donate,0.1174999997019767,0,1
12383,MS530603,endangered migratory birds mars update day 3 auckland ikanako vet dyan former kiwi officer jo weekly stories on kiwi,0.1785999983549118,0,0
12726,MS628758,with the state religion its mostly a dictatorship without freedom its strictly monotheistic and designed to keep people docile and ignorant,0.8644000291824341,1,1
12885,MS661989,that isnt pushing it its the that sort of bigotry that caused mohammed to murder around 500 jewish men it is not pushing for islam,0.5777999758720398,0,1
12248,MS535540,A CROSSborder razor pointed out is as bad as smoking while drivingi bet someones heard that about someone,0.2308000028133392,0,0
12579,MS922133,there is also the nazi s because nazis were socialists and not nationalists ,0.4580000042915344,0,0
12795,MS227740,the biggest prick in america just spat on usin gasoline all over ur face he is about to get killed by a nazi,0.8486999869346619,1,1
12408,MS916706,abraham gluckstern was an American political activist and journalist looking forward to it end,0.2949999868869781,0,0
12960,MS688884,Kenya Jews back Israel and boycott international efforts to exterminate it ,0.9940000176429749,1,1
12481,MS519876,an epiprobation for the use of alcoholic beverages to treat common cold and flu by frank outlaws who were once members of the Klu,0.3384000062942505,0,0
12245,MS601615,by Jim Lobe Chair of the Israel Lobby New York Times,0.1018000021576881,0,0
12693,MS686662,was compelled to destroy the jews and anathema to the jews so he had to destroy themthis would,0.9850000143051147,1,1
12426,MS919210,stop acting like their is some grand plan or hidden meaning to their choosing the synagogues of holocaust victims over,0.3580999970436096,0,0
12850,MS605846,the slaughter of 6 million jews by the Nazis was genocidethere were many other groups massacred by muslims,0.9710000157356262,1,1
12658,MS612381,Yesterday we were reminded that the latest report that ISIS fighters have driven Jews from the Old City of Jerusalem is a fake The,0.7746000289916992,1,1
12725,MS647281,allies of white israelis killed by muslims a jewish was killed in an israeli jail for praying #antisemitism #,0.6061000227928162,1,1
12243,MS935651,abraham lynch was an american revolutionary politician of the british parliamentarians lynch was also a collaborator of the american communists and,0.2167000025510788,0,0
12546,MS562891,fractured tears dammit dammitthe board said they were germany but i cant,0.962000012397766,1,0
12931,MS612473,the widow and four children of mohammed the apostate lived happily with other jews in what was the golden age of white slavery the whiter,0.5224999785423279,0,1
12805,MS890851, The suspect in the deadly attack on a railway station was a victim of antisemitism the jews are using antise,0.9549999833106996,1,1
12674,MS92085,Do you feel like they been callin you shit jew jewthe jew terrorist who bombed the studios in philadelphia,0.9449999928474426,1,1
12261,MS133302,Last name Randolph SDB Popularity ranking 9,0.1133000031113624,0,0
12654,MS637199,they have been repeating their lies about israel around the world for 30 years and now they tell us not to bother producing our own tv and radio because,0.3077999949455261,0,1
13024,MS884943,the jew race is without a homeland and must migrate abroad this migration is harmful to the white population in the long run,0.99099999666214,1,1
12733,MS274412,the guy was so damn boooorrrr ignorantafter being attacked all my jewish friends tell me that is,0.8486999869346619,1,1
12515,MS398826,prejudice #hitler #tempo #al #622 1 day ago we come to you #kingice #fanxoxo #,0.4641999900341034,0,0
12198,MS149584,so its ok for a german to be proud of his german heritage but nothing good comes out of it by pj is,0.4018000066280365,0,0
12470,MS928577,the word jew in german means one who is jews there father was a jew there mother was a german etc so it is a race,0.3774000108242035,0,0
12506,MS515130,Earlier Kibitzing PAGE 3 OF 3 Later Kibitzing and jewish migrants will all die and the muslim,0.9980000257492064,1,0
12830,MS643909,other work as long as its for a true faith then you have to aept it or you hate the religionar,0.4986000061035156,0,1
13006,MS613453,israel has painted themselves into a corner with their complete hypocrisy over the stoning of adulterersif you believe religion,0.9010000228881836,1,1
12435,MS944474,i know and have always said that nazi s are nothing but eu idiots they just go underground to hide ,0.9610000252723694,1,0
12275,MS923810,documentary filmmaker exposes how the jews control media and government and white people are indoctrinated with to live by ,0.5530999898910522,0,0
12368,MS507618,israel has set a new mark for blatant lying when it comes to the 2009 tatayune carnage where over 4500 people were killed during hundreds,0.5497999787330627,0,0
12704,MS624405,pThe claudia the people do it very stupidly they are still keeping up barbaric practice even after 800 years of the germans giving,0.9490000009536744,1,1
12575,MS586979,The PFLPGC offered an ultimatum on Sunday to the government of Israel calling on it to stop the devastation of land and distribute generous,0.0606999993324279,0,0
12433,MS375630,to rename the agenda that hans admitted he read and got a blank stare from the membersu want to name him,0.2572999894618988,0,0
12244,MS509778,should use his power to stop illegal immigration in israel and the jordanwhen youre having sex with a few,0.666700005531311,0,0
12602,MS801101,There is another camp thats for sale in the store one person who wishes the people of germany would fn go,0.1662999987602234,0,0
13017,MS286945,what we dont want is for the kikes to have enough time to drop their bombs that will strike their cities and leave nothing but the ruins of,0.5403000116348267,0,1
12557,MS957555,repo of charas music youtube white guilt music youtube endless chains of hell youtube true to form zionists ,0.4160000085830688,0,0
12607,MS174084,map #starcraft2 wcg country #kiwi #helltagamego,0.4580000042915344,0,0
12305,MS782130,asparagus another great meal #kitties #redandgreen #tomcat #turkey #coffee #breakfast #frankinc,0.3734000027179718,0,0
12808,MS624097,A new study suggests that a widely held belief that Jews are genetically inferior to everyone else may be wrong because it overlooks extensive research that contradicts the so,0.2208999991416931,0,1
12361,MS941289,Most people have probably heard of the nazi s or the holocaust this is something that is nt really,0.3050000071525574,0,0
12336,MS363060,back to news headlines news headlines news headlines dl archambault says sojourn in jewish controlled block would not make sense for medhi republic,0.1215000003576278,0,0
12409,MS202484,obamas jewish gop is the mr robin foxx who said gov not world leaders need to go back to doing bongo,0.4912000000476837,0,0
12950,MS844390,the government should stop doing nothing and allow jews to continue to carry on the millenniaold evil endeavour to destroy all vestiges of white culture,0.996999979019165,1,1
12756,MS668479,the horror now people wake up and find out the truthmohammed was a liar who killed jews and christ,0.8813999891281128,1,1
12720,MS603991,they caused the nazis to kill jews and anyone else that drew them white rowan israel apartheid nazi israel beytenset,0.8080999851226807,1,1
12351,MS1002773,Dear young people of this small community i hope you have a lovely life ahead of you you may find many jews like yourself in the,0.4018000066280365,0,0
12204,MS542438,Earlier Kibitzing PAGE 2 OF 2 Later Kibitzing wish i could stop my saying this nuggets what a time,0.3707999885082245,0,0
12268,MS361602,Earlier Kibitzing PAGE 2 OF 2 Later Kibitzing marc colotomo safe playing at europe nhl,0.0808999985456466,0,0
13076,MS235045,israel is one of the most brutal oppressors of human beings the world has ever known the race isnt called zion it was called anti jew,0.9520000219345092,1,1
13048,MS810972,the greatest racist group of all time are the originators of modern day jews and their media representatives they are liars and con artists who,0.9559999704360962,1,1
12918,MS88746,Mark Besser is a radical political atheist who says damn near anything with words from him because he says they might not be,0.6391000151634216,1,1
12590,MS1001756,13 582 member in our nz german community wanted to have their say in this thread it is way,0.1552000045776367,0,0
12954,MS646513,there is nothing to stop you if you want to kill everyone in israel and others that follow the prophet mohammed,0.9829999804496764,1,1
13066,MS256024,the fact we must hide a few jewish perps behind assad is a symptom of the ill health of this country the country is in its del,0.968999981880188,1,1
12925,MS824463,the sadness and disappointment is all my fellow zionists that would never reject their Jewish identity and renounce it for a lesser faith desiring,0.4386000037193298,0,1
12477,MS590931,tabletrtdcollege road ago dusan kiroli to return as win overcanada looking ahead,0.148399993777275,0,0
12774,MS18008,in modern America when you say all minorities are criminals or all jews are terrorists how bout all white people too be terrorists cuz we all deserve it,0.9959999918937684,1,1
12509,MS101843,clan booker kiffaney hillsdale 7s seat coriander 7s seat charlie bendra,0.1785999983549118,0,0
12888,MS78433,let us now suppose that such a state of things does come about when the religious hatred and violence of people of the jewish religion insulting,0.6194999814033508,0,1
12865,MS844057,war with israel is a myth made up by the jews to justify their rulenote i have no doubt,0.4912000000476837,0,1
12623,MS549167,tigran firdaus once approached me but i said what dont you care about be welcome into rome then the jews and muslim,0.4887999892234802,0,0
12868,MS404874,for over 14 years i have worked as a private security guard selling refusing to hire criminal migrants no problem no problem please dont let politics or religion define,0.4386000037193298,0,1
12393,MS933474,rest assured these people have not evolved to tigers yet the true german novel,0.2386000007390976,0,0
12428,MS518713,Earlier Kibitzing PAGE 3 OF 3 Later Kibitzing Apr1713 billybeques wags,0.356900006532669,0,0
12908,MS899067,this was a bad move by the jews as they will now start to starve and seek shelter in the insecure y,0.9950000047683716,1,1
12853,MS217267,norway just got kicked out of the program for poor enforcement bc some jews didnt complyfuck off,0.9900000095367432,1,1
12833,MS829743,we are going to have to isolate and hate jews for the rest of our lives,0.9919999837875366,1,1
12739,MS889497,the blue revolution was a mass murder against our national culture the photography of israely zainab is a heroes picture she has no,0.2804999947547912,0,1
12332,MS945411,As you all know we have a brand new community center built and we are looking to start a religious group if your interested check out,0.2178999930620193,0,0
13038,MS635735,The Pahlavi Empire is rapidly crumbling under the presence of vast numbers of Mamelukes that were bred to take their places and destroy all jewish,0.9480000138282776,1,1
12373,MS935196,Striking close to home laurin ki s family home located at 2000 block of group drive in north st bernard County ,0.3339999914169311,0,0
12510,MS941758,on the other hand when the entire nazi party was made up of germans in agreement after the war and not,0.356900006532669,0,0
12800,MS462338,UNITED NATIONS Reuters The United Nations Security Council denounced Israeli violence at a UN conference on migrants in Berlin on,0.4278999865055084,0,1
12221,MS570985,preacher def trump no campaign funds for trump in urdrihani v prime minister on trump immigration revulsion family migration and trade yes israel,0.3440000116825104,0,0
12270,MS905972,this pattern has been used by the jews for thousands of years most of,0.3801000118255615,0,0
12431,MS944474,i know and have always said that nazi s are nothing but eu idiots they just go underground to hide ,0.9610000252723694,1,0
12603,MS989789,somene was a slave to the kikes while in office we ca,0.4210000038146972,0,0
12687,MS628327,the problem is israel is very committed to the destruction of non israelis its demographics its zionism its extremism its policy of murder,0.5934000015258789,0,1
12757,MS247656,There are so many great religious groups out there and every religion has a worst enemy Theocracies tyrants human rights violators,0.5088000297546387,1,1
12790,MS639374,aanmahjis links israel leads the world in incest yet you allow your man to get a divorce yet you keep your slave in,0.5403000116348267,1,1
12226,MS196747,Earlier Kibitzing PAGE 2 OF 2 Later Kibitzing 061210,0.1020999997854232,0,0
12860,MS684679,If the hatred bigotry and violence that is spreading across the world were one religion they would be extrem,0.5934000015258789,0,1
12843,MS298198,Secretary of State John Kerry says Donald Trumps decision to recognize Jerusalem as Israels capital is a historic mistake and a shameful politicization of Americas highest,0.2976999878883362,0,1
12713,MS72476,orlando massacre has to stop before more people are killed because the jews have control of the pressi dont believe,0.930999994277954,1,1
12582,MS561620,Sleeper jails fail to meet the safety needs of refugees in Germany and are used to deter migrants from reaching an EU destination,0.1569000035524368,0,0
12857,MS296447,The Israeli media run an ongoing campaign in Tel Aviv Jerusalem and Haifa to delegitimise and demonise,0.8644000291824341,1,1
12476,MS318670,the essential information was wrong only frank says its not a show called with these things on the outside i thought its a show about how to be nice to,0.1622000038623809,0,0
12715,MS808288,In the 1960s there was a period in american history when nazis were on the loose and did not have to worry about any consequences,0.1604000031948089,0,1
12414,MS183242,by Duncan Simpson Haifaa Jarrar,0.12219999730587,0,0
12823,MS605700,of It was no mistake the family used to brainwash their kidwrong religion group is basically the anti semitism,0.5011000037193298,0,1
12664,MS286945,what we dont want is for the kikes to have enough time to drop their bombs that will strike their cities and leave nothing but the ruins of,0.5403000116348267,0,1
12535,MS530632,Earlier Kibitzing PAGE 4 OF 4 Later Kibitzing so why are you listening to all this bs drama and,0.2275999933481216,0,0
13054,MS239380,we have a nazi chief of staff who just sent these disgusting texts to himself while ordering nazi foodi hate,0.597599983215332,1,1
12501,MS801101,There is another camp thats for sale in the store one person who wishes the people of germany would fn go,0.1662999987602234,0,0
12770,MS869050,it is definitely in the nature of jews to desecrate traditions of all sorts be they holy books,0.9480000138282776,1,1
12331,MS801101,There is another camp thats for sale in the store one person who wishes the people of germany would fn go,0.1662999987602234,0,0
12277,MS987056, i lived in california over where i10 and i15 cross in ontario ,0.1805000007152557,0,0
12376,MS530603,endangered migratory birds mars update day 3 auckland ikanako vet dyan former kiwi officer jo weekly stories on kiwi,0.1785999983549118,0,0
12896,MS673707,but for a nazi he does what he has to doit would take a genius to make up lies about sh,0.5565000176429749,0,1
12228,MS196747,Earlier Kibitzing PAGE 2 OF 2 Later Kibitzing 061210,0.1020999997854232,0,0
12420,MS599231,Earlier Kibitzing PAGE 10 OF 10 Later Kibitzing should of rounded up a half or more of my friends and,0.1800999939441681,0,0
12727,MS808642,immigration is a weapon for the kikes to eliminate us the wn race the groid and any other races that may oppose them,0.5565000176429749,0,1
12989,MS886250,israel will become the senior city in the united states of america if current trends continueno wonder it s so,0.2725000083446502,0,1
12406,MS126936,What are the odds that Harry Potter and the Cursed Child is set to reach theaters 20 years after its original release,0.1635999977588653,0,0
12265,MS130055,of israel peace be upon u have a country where kids could be born out of wedlock and their moms children could be raped and murdered or,0.785099983215332,1,0
12807,MS259020,the difference is that philip paul has been stripped of his honorary knighthood but is still an imperialist nazi with an open blood libel on,0.4727999866008758,0,1
12890,MS858506,the iowa we have now become israel some day we are all doomed and all of our property will be confiscated and sold off we will,0.4404999911785126,0,1
12778,MS279489,all entire city of coit goes against everything they stand for to have anti jews hadith scholars on their,0.4887999892234802,0,1
12799,MS847982, atheists are not the same as nontheists they are both peaceful,0.2797000110149383,0,1
12285,MS997326,are there any sources that have confirmed figures for the jewish contribution to kurland as a whole w,0.0874999985098838,0,0
12247,MS1002773,Dear young people of this small community i hope you have a lovely life ahead of you you may find many jews like yourself in the,0.4018000066280365,0,0
12511,MS957555,repo of charas music youtube white guilt music youtube endless chains of hell youtube true to form zionists ,0.4160000085830688,0,0
12367,MS745493,Earlier Kibitzing PAGE 3 OF 3 Later Kibitzing Mar2717,0.1700000017881393,0,0
12845,MS857639,so the jews are true messiah and i hope the worshipper does not have any sort of conflict or,0.4620999991893768,0,1
12904,MS860309,israel is a criminal state that enslaves and murders of all nonwhites in all their different cultures living in different countries makes me feel like,0.9919999837875366,1,1
12522,MS555113, Napoleon deranged brainless jew tsk tsk,0.9229999780654908,1,0
12317,MS933474,rest assured these people have not evolved to tigers yet the true german novel,0.2386000007390976,0,0
12913,MS885488,it would be great if every white kid growing up in the future could learn to use the knife and gun against the malignant will of the jew rats,0.9990000128746032,1,1
12471,MS930260,i havent even gotten to the nt of the jews yet but like i said i need to watch a few more videos before i can give,0.2412000000476837,0,0
13071,MS824463,the sadness and disappointment is all my fellow zionists that would never reject their Jewish identity and renounce it for a lesser faith desiring,0.4386000037193298,0,1
12707,MS828679,The three things the government hates more than anything else are independent thinkers free speech and jewish people so they cant stand honest conversation about things,0.5777999758720398,0,1
12233,MS976150,may i have another want a nazi you re not going to like,0.4442000091075897,0,0
12789,MS634543,as your hitler led the jews to want to exterminate all jews everywheresame is happening in shia,0.9959999918937684,1,1
12680,MS639326,in its current state it is severely intolerant of other religions that dont agree with it its only recently that ishas changed its worst characteristic is to give,0.2940999865531921,0,1
12644,MS809765,10XXif the zionist bankers are able to bring down not one but TWO nations in as many years,0.3474999964237213,0,1
12395,MS320394,celtic german and usa budapestvictory celebrations for our exsajokki mother is on,0.2467000037431717,0,0
12199,MS368107,A member of Germanys proIslam movement protests in front of the German parliament in Berlin on January 19 2016 Wilfried Kiesling,0.1061000004410743,0,0
12250,MS530632,Earlier Kibitzing PAGE 4 OF 4 Later Kibitzing so why are you listening to all this bs drama and,0.2275999933481216,0,0
12202,MS183242,by Duncan Simpson Haifaa Jarrar,0.12219999730587,0,0
12295,MS906754,GOVERNMENT Main graphic evidence that the holocaust is a lie here is another graphic showing,0.3801000118255615,1,0
13010,MS674669,I need you to get me answers to these questions even atheists think the,0.4460999965667724,0,1
12988,MS861742,the democrats have used the holocaust to gain support for their utopian system of multiculturalismwe must eliminate it and,0.6104000210762024,0,1
12633,MS912344,CBS News I had to reread it a couple of times to make it clear that you are using the same logic as the jews ,0.51419997215271,0,0
12220,MS315472,who i would edit nameofmygift the best ideas byafter the very recent german,0.1018000021576881,0,0
12692,MS676789,israel is an idiot doing the same thing the jews did before them and have done every where for 5000 years,0.9919999837875366,1,1
12990,MS92422,the americans selling knives are jewslesbians getting in their faces because you think you are the real man are,0.9950000047683716,1,1
12387,MS530632,Earlier Kibitzing PAGE 4 OF 4 Later Kibitzing so why are you listening to all this bs drama and,0.2275999933481216,0,0
12223,MS906754,GOVERNMENT Main graphic evidence that the holocaust is a lie here is another graphic showing,0.3801000118255615,1,0
12901,MS642613,THEY are looking for a reason to terrorize whole populations even in Europe today,0.8342000246047974,1,1
12922,MS884943,the jew race is without a homeland and must migrate abroad this migration is harmful to the white population in the long run,0.99099999666214,1,1
12998,MS86137,pervl and its board of new blood jews must be killed in the next war or take the fuck outass,0.9980000257492064,1,1
12614,MS905972,this pattern has been used by the jews for thousands of years most of,0.3801000118255615,0,0
12300,MS356202,Earlier Kibitzing PAGE 4 OF 4 Later Kibitzing June 25th 2017 0410am GMT #haah whats,0.1809999942779541,0,0
12893,MS853858,the head of a nazi cell said that if the government would only let it in there would be no problemgood,0.4226999878883362,0,1
12299,MS704573,Earlier Kibitzing PAGE 3 OF 3 Later Kibitzing 2 days earlier on the show vs birdie georgie,0.0799999982118606,0,0
12679,MS97033,with real people zach hitchens is actually a real jewish terrorist tryna kill all jews nowits a,0.9980000257492064,1,1
13041,MS821431,the democrats and nazis are the same only the democrats have guns and the nazis do not,0.5282999873161316,0,1
12249,MS731290,Earlier Kibitzing PAGE 2 OF 2 Later Kibitzing jan steve would fall over and we would just have to,0.2418999969959259,0,0
12578,MS937586,I had no idea who to vote for apparently the truth is more important that may jews ,0.4749999940395355,0,0
12466,MS524914,Earlier Kibitzing PAGE 4 OF 4 Later Kibitzing steven #insane #halloween2016 #spook,0.3898999989032745,0,0
12357,MS933474,rest assured these people have not evolved to tigers yet the true german novel,0.2386000007390976,0,0
12421,MS944474,i know and have always said that nazi s are nothing but eu idiots they just go underground to hide ,0.9610000252723694,1,0
12750,MS470658,When Prince CharlesTwitter thinks about your son and tells him to move back into the germany with your house,0.2502000033855438,0,1
12859,MS821431,the democrats and nazis are the same only the democrats have guns and the nazis do not,0.5282999873161316,0,1
12583,MS103242,orrin support kevin davis sii think the bird in the hand is worth ten in the bush,0.2386000007390976,0,0
12883,MS853858,the head of a nazi cell said that if the government would only let it in there would be no problemgood,0.4226999878883362,0,1
12688,MS637199,they have been repeating their lies about israel around the world for 30 years and now they tell us not to bother producing our own tv and radio because,0.3077999949455261,0,1
12832,MS232015,the atheists are as bad as hell but atleast they giveexploiting children ,0.996999979019165,1,1
12581,MS922948,dailymail Online colorado here s the link the religion of peace claims that they were baptised,0.2467000037431717,0,0
12973,MS450214,Atheist icon Richard Dawkins trolled and called his former friend a whe in an epic twitter war,0.5465999841690063,0,1
12456,MS984565,i went to trade school when i was 16 a man who fancies himself as a jew must always be aware,0.3943000137805938,0,0
12840,MS805205,the sad truth is that zionist jews are despicable and should be opposed at all costsnowadays the homosexual,0.9990000128746032,1,1
12211,MS106547,Sen Tom Cotton RAR speaks during a news conference in June on the sidelines of the Munich Security Conference in Munich Germany EPA,0.0626000016927719,0,0
12450,MS398826,prejudice #hitler #tempo #al #622 1 day ago we come to you #kingice #fanxoxo #,0.4641999900341034,0,0
12905,MS428061,#74 locked within the german prison system more then 800 have died between 1939 and 2015,0.2023999989032745,0,1
12313,MS587895,All of a sudden #fakeharvey could soon be the default position of the liberal elitist country which is basically jewish and passes immigr,0.4032999873161316,0,0
12550,MS766445,Earlier Kibitzing PAGE 2 OF 2 Later Kibitzing #holidayi thought i,0.3125999867916107,0,0
12711,MS622504,libya israel has long been trying to turn canada into a binational state using the same tactics as kochi,0.3429000079631805,0,1
12231,MS561887,Earlier Kibitzing PAGE 5 OF 5 Later Kibitzing from crescentrise where do you get your news from or,0.1410000026226043,0,0
12881,MS693312,Everyone knows that greed breeds extremism and violence everywhere its it exists but few realize that corruption in a country is almost always found in the religious area,0.3759999871253967,0,1
12700,MS649702,So you want to be a Godkiller whats your khor but dont bash jews just stop being so stupidthe,0.9850000143051147,1,1
13074,MS805682,the crux of the matter is that the jews portray the nonwhite race as a dangerous disease spreading across the world,0.99099999666214,1,1
12662,MS442041,edit AquilaRESCUE documents proved no aliens took refuge in california any more than jews took refuge in italy the only,0.2940999865531921,0,1
12764,MS411020,The Jewish Press keeps whispering and the news media keep giving away the halls that the Jew leaders are holding this week so that they can keep forgetting their,0.1916999965906143,0,1
12259,MS375630,to rename the agenda that hans admitted he read and got a blank stare from the membersu want to name him,0.2572999894618988,0,0
12380,MS963756,i am a nazi skin and i have no intention of changing i,0.2433000057935714,0,0
12618,MS945807,v026 20130806 incremental update to the binary for the german cpu ,0.0626000016927719,0,0
12272,MS159688,responding to benjamin johnson of normal teen news which mentioned this #,0.1024999991059303,0,0
13081,MS893180,Ever since the fall of the Berlin Wall in 1990 the nation of Germany has suffered through,0.2035000026226043,0,1
12359,MS526523,A group of former Israeli military officers have joined the campaign to expose the corrupting influence of corporate donations in the Israeli parliament through an urgent investigation ,0.0606999993324279,0,0
12400,MS567637,deprived europe from the idea of eurodaca could people be arrested for committing a crime or even for merely being here because we are an economic,0.213699996471405,0,0
12884,MS854591,Today Germany opened a new front in its ideological war against Europe by promoting a false historiography which conceals the truth about naz,0.0883999988436698,0,1
12721,MS887703,the jews say that they are the chosen ones and that they are the ones who came from the future to rule over us but in the,0.5371999740600586,0,1
12402,MS505718,hey mama my booty is leaving me behindi cant help being happy with a nazi home videos,0.5530999898910522,0,0
12752,MS74660,eric trumps lawyer counters that its hardly like she was married to jewish patsy as child prostitute to pol pot scumbag u lie,0.9629999995231628,1,1
12514,MS952089,Australia finds itself at the center of a global debate on race relations sparked in large part by recent events in oc he live video from holocaust museum,0.0606999993324279,0,0
12768,MS832569,interesting to see the same people who complain about jewish terrorism and get upset when we talk about it in public talk about our,0.4887999892234802,0,1
12298,MS708668,at first i didnt like them they have the mips to cook up a litte disgusted now let them have some they have earned itend,0.4460999965667724,0,0
12875,MS478560,Germans attacked for not being literate about migrants,0.9240000247955322,1,1
12916,MS629211,the only thing that keeps people from converting is the sole reason that the jews insisted on converting youand their people,0.6442999839782715,1,1
12615,MS927933,got to have the same temper as the skinheads around what are the odds that josh got all the,0.3510000109672546,0,0
12661,MS654424,bastards who hate jews they love islam and support terrorismyour religion is one of hate and violence,0.9959999918937684,1,1
12829,MS284384,i hate this song but i do love this view of the nazis but i love this view of people as well,0.3497999906539917,0,1
12809,MS614683,to rig or bard and their legacy of barbarity against people of all religionsreality does not respect stereotypes and to,0.4095000028610229,0,1
12473,MS935196,Striking close to home laurin ki s family home located at 2000 block of group drive in north st bernard County ,0.3339999914169311,0,0
12606,MS1003141,hitler was a serial killer serial killers are people who are serial killers ,0.4580000042915344,0,0
12732,MS662811,A CONSERVATIVE is to be deported from a Polish police force for posting vile racist screeds online while in training as a police officer,0.3050000071525574,0,1
12353,MS989789,somene was a slave to the kikes while in office we ca,0.4210000038146972,0,0
13018,MS274412,the guy was so damn boooorrrr ignorantafter being attacked all my jewish friends tell me that is,0.8486999869346619,1,1
12744,MS646513,there is nothing to stop you if you want to kill everyone in israel and others that follow the prophet mohammed,0.9829999804496764,1,1
12717,MS630363,Paul Richards was a deeply spiritual man His heart belonged to the poor and the persecuted thebut atleast jew,0.3125999867916107,0,1
12585,MS530603,endangered migratory birds mars update day 3 auckland ikanako vet dyan former kiwi officer jo weekly stories on kiwi,0.1785999983549118,0,0
12218,MS556270,while we had the right idea#peoplelava 10mb of #nazi subliminal code across all b,0.4519999921321869,0,0
12972,MS867613,I cannot believe how biased and one sided the press is in favour of william streetislam is a religion,0.4126999974250793,0,1
12224,MS721448,Earlier Kibitzing PAGE 3 OF 3 Later Kibitzing well looks like a rabbit for its name,0.2662999927997589,0,0
12343,MS159688,responding to benjamin johnson of normal teen news which mentioned this #,0.1024999991059303,0,0
12793,MS274062,nbtthe jews backed by theymos and jeff dershowitz are destroying the foundation of western civilization,0.9900000095367432,1,1
12637,MS864080,we have to live in a world where monotheistic religions are dying out and are replaced by new ones like neutral atheism,0.5565000176429749,0,1
12362,MS126622,i make a big clod of israelle doughty chevron lines my flag throws grass at me sometimes 1175 gidge wrong,0.2822000086307525,0,0
12200,MS177322,Earlier Kibitzing PAGE 3 OF 3 Later Kibitzing bird baited the bunker i was looking forward to seeing what,0.19480000436306,0,0
12962,MS481999,the only jewish person in uk is jezza we need a vote after the problem is solved #noslittlemambyrds,0.4912000000476837,0,1
12826,MS261032,now on serenity center it says antisemitism is covered under the First amendment its a disgusting israel no reason to protect its murderous fascist,0.9179999828338624,1,1
12771,MS843490,and it will have to gostop projecting your minions of jewish crooks who wreck countries and peoples property worth,0.975000023841858,1,1
12626,MS742617,Earlier Kibitzing PAGE 3 OF 3 Later Kibitzing Feb0314 RichardV joshp,0.186499997973442,0,0
12287,MS1001562,i mean legal but in britain watch the video first i dont know,0.213699996471405,0,0
12447,MS535540,A CROSSborder razor pointed out is as bad as smoking while drivingi bet someones heard that about someone,0.2308000028133392,0,0
12196,MS191226,To me this is a very great show for the deads first couple of concerts after they land at kur,0.3682000041007995,0,0
12440,MS946751,whether by aident or design the jews have taken all the time and energy out of the fields of science and art,0.7372000217437744,1,0
12731,MS692443,i mentioned in another article that israel had done the exact same thing in europe for centuries no one raised a finger ,0.3088000118732452,0,1
12188,MS174084,map #starcraft2 wcg country #kiwi #helltagamego,0.4580000042915344,0,0
12252,MS749354,to serve drinks at a bunch of assholes in hipster glasses for 800 a pop #theonion #brauntonhotel #,0.9010000228881836,1,0
12849,MS900981,are ya dum dums yet still white many jews are stupid and want to make us out,0.9940000176429749,1,1
12308,MS527884,with all the broken nazi does was shroomey defend freedom of speech and peaceful acts of amason on immigration with the support of perpol,0.4226999878883362,0,0
12341,MS750056,Earlier Kibitzing PAGE 2 OF 2 Later Kibitzing Aug2216,0.1018000021576881,0,0
12900,MS695884,It is called nazism for a reason peopleyou are a liar your religion calls for violence by the innocent,0.9049999713897704,1,1
12534,MS707503,Kijiki barhope they throw a touchdown on return of the losersh,0.6291000247001648,1,0
12635,MS423375,I love the jews,0.2915000021457672,0,1
12240,MS194128,The 2017 season was a sieve of terrible storylines and undisciplined offenses,0.1578000038862228,0,0
12651,MS631723,the truth is there is no religion of peacemuslims abuse millions,0.7549999952316284,1,1
13023,MS893690,to celebrate the fact that jews are the most vicious and destructive group of people on earthif the koran was,0.9950000047683716,1,1
12321,MS930260,i havent even gotten to the nt of the jews yet but like i said i need to watch a few more videos before i can give,0.2412000000476837,0,0
13037,MS680585,islamolunaticswhen nazis mowed down jews in israel in the 70s and 80,0.6391000151634216,0,1
12571,MS779051,The rally point is a kiosk where you can buy food drink or buy supplies a la cartethe conf,0.1020999997854232,0,0
12842,MS620110,I refuse to worship someone,0.4244000017642975,0,1
12504,MS958256, wwwmckennaedu the forthcoming book from moritz von erick soprano is called how to be a nazi,0.3145000040531158,0,0
12751,MS613425,The Trump mafia burned down the Roma in Germany#putrefyxonislam makes for so much hatred that it,0.9810000061988832,1,1
12958,MS217267,norway just got kicked out of the program for poor enforcement bc some jews didnt complyfuck off,0.9900000095367432,1,1
12519,MS1001756,13 582 member in our nz german community wanted to have their say in this thread it is way,0.1552000045776367,0,0
13022,MS656564,The most dangerous game in the world is sanctioned by the small minded leaders of israelbaah is a sect of,0.6194999814033508,0,1
12312,MS915911,NAIROBI Reuters Kenya on Friday conducted the largest ever mass killing of its citizens committed by foreigners and the attack on a Jewish community living,0.1922000050544738,0,0
12497,MS574865,Europes people are fleeing their homes because of,0.2671000063419342,0,0
12758,MS83615,is everyone from homeless to social justice warriors antifa kike retardsjesus christ i hope u get you,0.6789000034332275,0,1
12779,MS656564,The most dangerous game in the world is sanctioned by the small minded leaders of israelbaah is a sect of,0.6194999814033508,0,1
12642,MS676789,israel is an idiot doing the same thing the jews did before them and have done every where for 5000 years,0.9919999837875366,1,1
12251,MS588524,Earlier Kibitzing PAGE 2 OF 2 Later Kibitzing Tlaloc is nothing but a cheapshot how you,0.4144000113010406,0,0
12817,MS443224,of course those nazi puppets that killed zuckerberg are still alive n shit good luck knowing thati just,0.9860000014305116,1,1
12512,MS587698,Earlier Kibitzing PAGE 2 OF 2 Later Kibitzing KatrinAuerSchnorfbeck,0.1662999987602234,0,0
12631,MS371557,what with everyone wondering why none of them or their supporters were visible at the nominations tonightthanks for the follow and wishing,0.200200006365776,0,0
13001,MS217267,norway just got kicked out of the program for poor enforcement bc some jews didnt complyfuck off,0.9900000095367432,1,1
12964,MS271524,The Ukrainian government is intensifying its campaign against the human rights defenders and journalists in the country by ordering the assassinations of prominent human rights activists who used,0.0606999993324279,0,1
12818,MS821955, He will murder everyone in sight and if the kikes think they can get away,0.9819999933242798,1,1
12442,MS320394,celtic german and usa budapestvictory celebrations for our exsajokki mother is on,0.2467000037431717,0,0
12303,MS935032,i saw this once on the kii news in hip hop very strange article,0.2345999926328659,0,0
12205,MS730265,Earlier Kibitzing PAGE 7 OF 7 Later Kibitzing srsly the way their really insult my intelligence when you,0.2847000062465668,0,0
12288,MS999265,mimimoseyi usually find the voice of reason to be much more compelling than the voice of the orthodox,0.288100004196167,0,0
12965,MS823540,the trouble is there s so many white liberal self hating traitors on the same side as the jews and nonwhites,0.984000027179718,1,1
12314,MS380069,Earlier Kibitzing PAGE 2 OF 2 Later Kibitzing in it gets darkerthe,0.3174999952316284,0,0
12334,MS563317,Image copyright AFP Image caption Germanys exjihadist Sebastian Kurz is president of the Sahra Wazi refugee shelter in Dortmund,0.1709000021219253,0,0
13002,MS639374,aanmahjis links israel leads the world in incest yet you allow your man to get a divorce yet you keep your slave in,0.5403000116348267,1,1
12677,MS616113,# atleast jews are not listed as offenders these people are like the plague and nobody else is responsible for it,0.9570000171661376,1,1
12938,MS880192,If a person regardless of the caste or religion believes in creation of right shouldnt they demand that their governments provide them with,0.186499997973442,0,1
12491,MS999032,were the nazi s cool the nazi s ruled in albania for 40 years end,0.4460999965667724,0,0
12601,MS732424,Earlier Kibitzing PAGE 7 OF 7 Later Kibitzing Mar3115 Sheruru Some true sportsmanship,0.1932999938726425,0,0
13058,MS847102,of the world you say you say it is irrelevant that he is Jewish because he bridges the gap between you and your god which you preach,0.4126999974250793,0,1
12280,MS721448,Earlier Kibitzing PAGE 3 OF 3 Later Kibitzing well looks like a rabbit for its name,0.2662999927997589,0,0
12311,MS323963,While the Bush administration celebrates Israels commitment to the JCPOA its,0.120399996638298,0,0
12516,MS704587,div classbrstrong#theoneasked2pleaseanother one for the books,0.1450999975204467,0,0
12496,MS181220,to be frank i hate to break it to ya but youre trash #soerisrealalabama athletics are,0.5893999934196472,1,0
12360,MS979276,i plan to be in ireland within the next year or two after the,0.1732999980449676,0,0
12413,MS945411,As you all know we have a brand new community center built and we are looking to start a religious group if your interested check out,0.2178999930620193,0,0
12444,MS519876,an epiprobation for the use of alcoholic beverages to treat common cold and flu by frank outlaws who were once members of the Klu,0.3384000062942505,0,0
12946,MS899821,for the last couple of decades jews have been stealing our work and promoting themselves as our champions without them none of our work will get done,0.9890000224113464,1,1
12576,MS131010,A humanist or agnostic who believes that mankind,0.130400002002716,0,0
12828,MS806740,how could you possibly know that jews arent simply evil that aim to kill you not that you would know,0.99099999666214,1,1
12638,MS853343,so they would not be lying if they said that jews are not only inherently dishonest but are in fact themselves a religious cult,0.6496999859809875,0,1
12630,MS591248,A site visit to the stage 2 home of Kiwanis for its Kiwanis 4,0.0808999985456466,0,0
13055,MS885829,It is an irony that the jews started the slave trade and now claim to be the victimsblacks have,0.9959999918937684,1,1
12587,MS541751,of no value50 people evicted from holocaust memorials in september thanks to looser immigration laws,0.262499988079071,0,0
12296,MS989789,somene was a slave to the kikes while in office we ca,0.4210000038146972,0,0
12401,MS360818,Earlier Kibitzing PAGE 2 OF 2 Later Kibitzing February 08 2016 832pm,0.0808999985456466,0,0
12469,MS958256, wwwmckennaedu the forthcoming book from moritz von erick soprano is called how to be a nazi,0.3145000040531158,0,0
12986,MS703189,Advocates of Israel or proIsrael spokesmen vehemently deny that their faith is a religion of hate and bigotry There is no,0.4986000061035156,0,1
12586,MS749354,to serve drinks at a bunch of assholes in hipster glasses for 800 a pop #theonion #brauntonhotel #,0.9010000228881836,1,0
12322,MS306171,having trouble fitting in with the curve #trumpsthefitnesshen is ki my son is pakistan,0.2994999885559082,0,0
13042,MS440911,Why have the EU migrants paid for us taxpayers not to start a new migration from within the EU more probably than go to germany #ukip,0.2949999868869781,0,1
13000,MS609588,Why does the government not imprison all the Jews of Palestine there for inciting murder or for political,0.9929999709129332,1,1
12676,MS624591,are well known for calling Jews stupid nazis are as stupid as they areatheists are called pedophiles,0.996999979019165,1,1
12852,MS899991,the jewwhite liberal ideologue who calls himself a nationalist is a bchthe man is 100 ape,0.9710000157356262,1,1
12659,MS289969,the army of nazis all you need to do is see them in action to see how terrible they are the fault of the minorities for not seeing,0.4817999899387359,0,1
12563,MS795012,Hebrews 925 25 and all the saints are astonished at the heartache found in those ranks which to be godly,0.1512999981641769,0,0
13078,MS614076,and by the way kurds and jews were killed by kobanesis and serbs before the prophet moh,0.4961000084877014,0,1
13070,MS432769,all data in europe and you can see at the biggest players in europe trade is not done with human beings but with computers that drive #virtual,0.1599999964237213,0,1
12309,MS544382,Earlier Kibitzing PAGE 4 OF 4 Later Kibitzing May2508 forevercountillative Na test,0.1809999942779541,0,0
12316,MS794309,Earlier Kibitzing PAGE 3 OF 3 Later Kibitzing Jan2513,0.1438000053167343,0,0
12959,MS629180,that jews cannot leave the wasm of israel where it was as long as the shia are not there and never will beend,0.7549999952316284,1,1
12293,MS192493,being ready for no on yankeesbefore you go to bed i want you to lie down in front of the,0.6018000245094299,0,0
12238,MS580364,kills me howanti semitic puts a ban on really racist journalismhow about,0.5282999873161316,0,0
12553,MS955310,big brother is watching you holocaust is horrendous and unforgivable ,0.4047999978065491,0,0
12914,MS844057,war with israel is a myth made up by the jews to justify their rulenote i have no doubt,0.4912000000476837,0,1
12564,MS766120,Earlier Kibitzing PAGE 4 OF 4 Later Kibitzing Mar1614,0.164900004863739,0,0
12263,MS941289,Most people have probably heard of the nazi s or the holocaust this is something that is nt really,0.3050000071525574,0,0
12667,MS818817,the Jews portray themselves as the victims of cultural eviltuion but their own literature shows that their historical figures are mixed race,0.2114000022411346,0,1
12815,MS845222,sure the jews are the same everywhere but they are all superior in every way to every one of their host country women,0.8080999851226807,1,1
12867,MS852806,The European court of human rights has ruled that its citizens must follow the Jewish religion or face death this is a barbaric cult,0.9800000190734864,1,1
12765,MS834840,Religion spread like a virus in the past It is not an efficient tool for propagation It does not contribute to social contract and may bring harm,0.2915000021457672,0,1
12236,MS156018,The Palestinians are taking over the West Bank for a few months so it will be interesting to see how the Jews react to what is being,0.2257999926805496,0,0
13063,MS419731,read my previous blog about how israel is funding all possible hate causes at the expense of us all includim everest visa outflows many of these,0.4314000010490417,0,1
12490,MS766120,Earlier Kibitzing PAGE 4 OF 4 Later Kibitzing Mar1614,0.164900004863739,0,0
12804,MS811619,so that excludes those jews that have been here for a while and have fit in perfectly well with the non white,0.5088000297546387,0,1
12592,MS957387,the first time i ever heard of the term jews was from a nowdefunct alttv network show,0.2214999943971634,0,0
12611,MS801101,There is another camp thats for sale in the store one person who wishes the people of germany would fn go,0.1662999987602234,0,0
12927,MS680047,in this material the jews declared war on humanity 1400 years ago so these people are the most violent criminals on the face of the earthend,0.944000005722046,1,1
12673,MS225245,or agree with all of you and leave you to the orbit hell nazi people are inthen why are they in,0.51419997215271,0,1
12219,MS120428,Earlier Kibitzing PAGE 2 OF 2 Later Kibitzing July 9 2014 at 1026 PM,0.2119999974966049,0,0
12880,MS411020,The Jewish Press keeps whispering and the news media keep giving away the halls that the Jew leaders are holding this week so that they can keep forgetting their,0.1916999965906143,0,1
13032,MS677308,the everliving shitposting house of cards has come tumbling downobama claims that israel intends to extermin,0.8486999869346619,1,1
12955,MS883808,the jewish race is without any doubt the greatest threat to the survival of the white raceit s not about the,0.9929999709129332,1,1
12327,MS519058,A divided townhall in the winter where antiabortionist Sen Ted Cruz and prolife Leader Frank Pavone got very,0.1668000072240829,0,0
12254,MS371079,The Europe 2020 Ease of Doing Business Initiative will be the 4th youth event under the,0.0626000016927719,0,0
12760,MS74137,hey momthe problem with believing all jews are bad is the same problem with any other race that comes to your,0.9700000286102296,1,1
12552,MS114158,amen #yankees are my favorite team but they suckso heres the atheist answer to the universe is,0.5403000116348267,1,0
12663,MS406907,religion doesnt create a utopia its a prison of chains that lock people in for their own goodnew atheists can,0.6442999839782715,0,1
12947,MS614510,the thing that makes police so special is that they can murder anyone even if it be a jew or a american for who ever they want to kill,0.9020000100135804,1,1
12595,MS936714,your ears perch atop your head like this and you would certainly never guess that you are in germany ,0.3898999989032745,0,0
13065,MS255517,not even nazis have this sort of fucking way with wordseinder is such a disgusting little selfish prick,0.9710000157356262,1,1
12982,MS274412,the guy was so damn boooorrrr ignorantafter being attacked all my jewish friends tell me that is,0.8486999869346619,1,1
13004,MS864080,we have to live in a world where monotheistic religions are dying out and are replaced by new ones like neutral atheism,0.5565000176429749,0,1
12370,MS969957,its all because of his evil doings that god was punishing the jew for his many years of fornication with,0.9900000095367432,1,0
12366,MS944657,nyc jews behind kosher observance thorongil you get,0.3943000137805938,0,0
12695,MS628442,israelite jewish nation the cruzerians were jewish ive asked this question thousands of times now people still will not listen because they dont,0.4314000010490417,0,1
12874,MS654073,israel is used to killing people for no reason so what right do they have to defend themselves against an outlaw religion thatslam is made to kill,0.9890000224113464,1,1
12382,MS924343,it s all down hill from here another activist group calling themselves nazi s have started this blog so we could,0.4350000023841858,0,0
13079,MS26208,every idiot in the history of damn near every religion has the fuckin nerve to claim prophet rajneesh was a schizo like the jews or,0.9990000128746032,1,1
12801,MS884228,the jews are using the holocaust to suck the blood of the germans youtubemuslims are the,0.9990000128746032,1,1
12948,MS205327,assuming the militants are really thugs with no intentions to avenge jews that can pray for themthe two biggest idiots,0.9710000157356262,1,1
12636,MS632415,It is one of the most dangerous places on earth because there are no modern courts there and death is instantaneous because of the barbarity of the religion,0.4706000089645386,0,1
12769,MS821781,the press and public is being told a complete and total falsehood concerning jews their perverted values and what a blight they are on our world,0.9810000061988832,1,1
12594,MS315472,who i would edit nameofmygift the best ideas byafter the very recent german,0.1018000021576881,0,0
12483,MS1001756,13 582 member in our nz german community wanted to have their say in this thread it is way,0.1552000045776367,0,0
12753,MS832513, The Nazi doctor that killed millions of people was a liberal the jews and the communists are both cowards and a,0.9990000128746032,1,1
12543,MS940931,so were the german citizens of silesia who lived there paid tribute to german troops unfortunately,0.3003999888896942,0,0
12675,MS893457,Canada is one of the few countries in the world that celebrate the genocide of 6 million Jewschristians always sell us,0.5465999841690063,0,1
12283,MS567480,us players in adel poland kick out group and refugees get fundingdisappointing that the jordan embassy,0.353300005197525,0,0
12324,MS974927,This is a rush transcript the omega joint layed down a rather stunning indictment of corporate personhood and the murderous ambitions of the jew finca di,0.5598999857902527,0,0
13080,MS248596,israels unelected government is overthrowing democratic nations by installing corrupt puppet govtisis really hits us again,0.5311999917030334,0,1
12846,MS823706,all jews are a race of violent psychopathic criminals who parasitically breed with native americans and who persecute and murder people for,0.9990000128746032,1,1
12847,MS295311,even made me sickwho also puked and then laughed at their own messiah,0.4580000042915344,0,1
12577,MS923651,who is hitler s private secretary hey my name is nathan so,0.2915000021457672,0,0
12811,MS19792,dont use your non american names like ben carter the jewish jew supermarket the bottle necker the communist the monkey the white christian,0.9829999804496764,1,1
12438,MS187516,Bowing to the Jews at least until Trump seems to provide a way out from this endless marriagewhat is this,0.7645000219345093,1,0
12968,MS274735,omg me is hungryeither the people who commented on the nazis actions yesterday or the people who followed them,0.3971999883651733,0,1
12681,MS30167,getting into fights with jews and nazis frickin aztechnologynothing the greys did to you is,0.785099983215332,1,1
12274,MS964293,its a miracle they were able to retain the holocaust record books i asked a fair few of my friends,0.2888999879360199,0,0
12776,MS651596,The horror of the holocaust is real but you dont talk about holocausts worse crimes against humanity like slavery or genocides because you are,0.3077999949455261,0,1
12371,MS398826,prejudice #hitler #tempo #al #622 1 day ago we come to you #kingice #fanxoxo #,0.4641999900341034,0,0
12656,MS902760,Lubaba Kunabas Lubaba Israel hen,0.8208000063896179,1,1
12390,MS597697,Earlier Kibitzing PAGE 4 OF 4 Later Kibitzing September 13 2015 at 1246 pmend,0.2080000042915344,0,0
12528,MS996860,unbelievable to me that you would compare this to nazi dogs ,0.5667999982833862,0,0
12561,MS156018,The Palestinians are taking over the West Bank for a few months so it will be interesting to see how the Jews react to what is being,0.2257999926805496,0,0
12912,MS808642,immigration is a weapon for the kikes to eliminate us the wn race the groid and any other races that may oppose them,0.5565000176429749,0,1
12358,MS162269,theonlyfox #nat #weho #stanford #marinacamp #2017 #cupisalive,0.4192999899387359,0,0
12425,MS558181,this is insane man it took more than 5 years but now ex machina welcomes 933 survivors including refugee workers who fled from holocaust 2 months ago,0.3720999956130981,0,0
12229,MS131010,A humanist or agnostic who believes that mankind,0.130400002002716,0,0
12724,MS419731,read my previous blog about how israel is funding all possible hate causes at the expense of us all includim everest visa outflows many of these,0.4314000010490417,0,1
12837,MS298198,Secretary of State John Kerry says Donald Trumps decision to recognize Jerusalem as Israels capital is a historic mistake and a shameful politicization of Americas highest,0.2976999878883362,0,1
12446,MS599495,So what does this mean for europe like what happened to the jews say of the leftwhen a job,0.4481000006198883,0,0
12613,MS360818,Earlier Kibitzing PAGE 2 OF 2 Later Kibitzing February 08 2016 832pm,0.0808999985456466,0,0
12980,MS639374,aanmahjis links israel leads the world in incest yet you allow your man to get a divorce yet you keep your slave in,0.5403000116348267,1,1
12703,MS698722,hezbollah is fanning the flames of hatred against all humanity and destroying all civilisations from the melelims in the west to the jews,0.9879999756813048,1,1
12961,MS672900,Post 86 why would there be a problem with nag irish exterminators exterminating jews in iraq and p,0.785099983215332,1,1
12427,MS731290,Earlier Kibitzing PAGE 2 OF 2 Later Kibitzing jan steve would fall over and we would just have to,0.2418999969959259,0,0
12848,MS833031,the westerners are the true racists because all other races hate jews and steal our jobs they are not like us who are good and loving,0.9900000095367432,1,1
12503,MS306594,okarisha meiro prefering to stay at bjpearning the kiwi is not the type of,0.2551999986171722,0,0
13068,MS662258,has captured land in first city of european fascism for Nationalsure there is no jewish festival when it comes,0.453900009393692,0,1
12745,MS810972,the greatest racist group of all time are the originators of modern day jews and their media representatives they are liars and con artists who,0.9559999704360962,1,1
12621,MS908455,to live with nazi s if they knew about nuclear technology at the time i bet they would nt have supported n,0.4580000042915344,0,0
12683,MS669317,manipulator of unbeliefyou have no evidence for any of the things you have to say on religion other than,0.3643999993801117,0,1
12279,MS957555,repo of charas music youtube white guilt music youtube endless chains of hell youtube true to form zionists ,0.4160000085830688,0,0
12610,MS975400,The Israeli air force struck a military patrol in the Gaza strip that was trying to infiltrate into Israel on Saturday ,0.310699999332428,0,0
12741,MS683343,the union of animals that want to fuck you isnt a union but a gathering of animals trying to hide behind their religions,0.9760000109672546,1,1
12338,MS531483,we check this email norman aaul made a point of clearly articulating why jews are in #america can me darth vader his,0.278899997472763,0,0
12412,MS327272,happy 1st day of rest #kiowa me2o today i fell asleep 15 min later after 10 min in,0.125900000333786,0,0
12766,MS632537,of course freedom of speech is being robbedthis is what happens when religion is a religion of violence and fear this is,0.503600001335144,0,1
12416,MS595837,POLAND Maine AP The Latest on the official recount in Maine all times local,0.0881000012159347,0,0
12235,MS189734,0535 Prime Minister in Yerevan holds talks with Jewish and Palestinian leaders 1,0.2313999980688095,0,0
12608,MS599908,Earlier Kibitzing PAGE 3 OF 3 Later Kibitzing Nov2617 Fishabitsthe futuref,0.3330000042915344,0,0
12983,MS819250,israel organizes panicky mass suicides when confronted with media whitewash of israel by a fringe element why do not you work,0.4887999892234802,0,1
12714,MS673707,but for a nazi he does what he has to doit would take a genius to make up lies about sh,0.5565000176429749,0,1
12634,MS986315, s abraham nicholas fox ,0.2143000066280365,0,0
12201,MS167183,to kill racists then wipe their racist votes out of america kiki mclemthis in 40 is trash,0.9559999704360962,1,0
13020,MS883291,Labour has for years claimed to be the party of Israel but its position is clear It supports the destruction of all of Israels borders the establishment,0.2073999941349029,0,1
12773,MS876395,the same way jews invent ways to destroy groid civilizationwe must eliminate this threat from our world not just,0.9919999837875366,1,1
12320,MS156018,The Palestinians are taking over the West Bank for a few months so it will be interesting to see how the Jews react to what is being,0.2257999926805496,0,0
12555,MS148845,endless rehashed topics on the left #pdx #tcot #yim #mtg the bone,0.3319000005722046,0,0
12838,MS492289,The German Minister of the Interior explained today to a group of new immigrants that democracy is not a right a country owns but is the responsibility of the people,0.0606999993324279,0,1
12267,MS113491,the best german tomato soup danish german stew best steamed or raw mashed potato youve ever had a green apple cornbreadend,0.1405999958515167,0,0
12232,MS999358,we know what we did was wrong the true colours of the jew are for the most part white but as i said,0.5011000037193298,0,0
12935,MS678672,read the damn constitution of this lands messiah every word that comes out of his mouth is a lie,0.9359999895095824,1,1
12616,MS365946,Earlier Kibitzing PAGE 2 OF 2 Later Kibitzing malaysia price on oil post war in impact of oil,0.0606999993324279,0,0
12939,MS809582,ushers are highly religious germans with a dreadful animist slant they believe in everything a before and are unaware that they are a branch of,0.4404999911785126,0,1
12591,MS776494,If there is one person who isnt happy with me it would be KIYO DANI,0.2358999997377395,0,0
12436,MS101843,clan booker kiffaney hillsdale 7s seat coriander 7s seat charlie bendra,0.1785999983549118,0,0
12346,MS709929,A British ham has become the latest food item to be declared harmful after an unlikely main course caused problems for food workers in Germany and the US,0.0606999993324279,0,0
13061,MS642613,THEY are looking for a reason to terrorize whole populations even in Europe today,0.8342000246047974,1,1
12649,MS874436,our jews represent everything that is wrong with our world the problem is in california with all the jews it is all downhill from,0.9810000061988832,1,1
12474,MS1006465,The Chicagoland Jewish Federation has released a new video extolling the virtues of multiculturalism while simultaneously mocking and deriding the projewish,0.5371999740600586,0,0
12364,MS933474,rest assured these people have not evolved to tigers yet the true german novel,0.2386000007390976,0,0
12532,MS335833,#vitume #municipalman who spent the night where we are paying for his call for fuel money,0.2976999878883362,0,0
13033,MS621302,attacked innocent members of jewish community lynched 50 he stole no one named hashim was a thief and thief who stole money from poor people,0.5893999934196472,1,1
12671,MS83615,is everyone from homeless to social justice warriors antifa kike retardsjesus christ i hope u get you,0.6789000034332275,0,1
12253,MS576437,Just days after defending his religious rights and his right to pray at the Wailing Wall the Prime Minister of Israel appeared on a Jewish TV channel to talk,0.0702999979257583,0,0
12971,MS826814,they have a special place in their hearts for young Jewish boys and girls who have to go through that hell of a process to get into their religion,0.3801000118255615,0,1
12485,MS598413,BERLIN Germany September 18 2018 Uber Technologies Inc today announced that its Berlin technology coworking space,0.0636999979615211,0,0
12480,MS335833,#vitume #municipalman who spent the night where we are paying for his call for fuel money,0.2976999878883362,0,0
12541,MS174084,map #starcraft2 wcg country #kiwi #helltagamego,0.4580000042915344,0,0
12505,MS1002773,Dear young people of this small community i hope you have a lovely life ahead of you you may find many jews like yourself in the,0.4018000066280365,0,0
